CRITICAL - 2026-04-29 00:14:42 --> CodeIgniter\HTTP\Exceptions\BadRequestException: The URI you submitted has disallowed characters: "इपेपर"
[Method: GET, Route: category/%E0%A4%87%E0%A4%AA%E0%A5%87%E0%A4%AA%E0%A4%B0/feed/]
in SYSTEMPATH/Router/Router.php on line 768.
 1 SYSTEMPATH/Router/Router.php(219): CodeIgniter\Router\Router->checkDisallowedChars()
 2 SYSTEMPATH/CodeIgniter.php(829): CodeIgniter\Router\Router->handle()
 3 SYSTEMPATH/CodeIgniter.php(441): CodeIgniter\CodeIgniter->tryToRouteIt()
 4 SYSTEMPATH/CodeIgniter.php(340): CodeIgniter\CodeIgniter->handleRequest()
 5 SYSTEMPATH/Boot.php(417): CodeIgniter\CodeIgniter->run()
 6 SYSTEMPATH/Boot.php(68): CodeIgniter\Boot::runCodeIgniter()
 7 FCPATH/index.php(31): CodeIgniter\Boot::bootWeb()
CRITICAL - 2026-04-29 00:14:44 --> CodeIgniter\HTTP\Exceptions\BadRequestException: The URI you submitted has disallowed characters: "पत्रपत्रिका"
[Method: GET, Route: category/%E0%A4%AA%E0%A4%A4%E0%A5%8D%E0%A4%B0%E0%A4%AA%E0%A4%A4%E0%A5%8D%E0%A4%B0%E0%A4%BF%E0%A4%95%E0%A4%BE/feed/]
in SYSTEMPATH/Router/Router.php on line 768.
 1 SYSTEMPATH/Router/Router.php(219): CodeIgniter\Router\Router->checkDisallowedChars()
 2 SYSTEMPATH/CodeIgniter.php(829): CodeIgniter\Router\Router->handle()
 3 SYSTEMPATH/CodeIgniter.php(441): CodeIgniter\CodeIgniter->tryToRouteIt()
 4 SYSTEMPATH/CodeIgniter.php(340): CodeIgniter\CodeIgniter->handleRequest()
 5 SYSTEMPATH/Boot.php(417): CodeIgniter\CodeIgniter->run()
 6 SYSTEMPATH/Boot.php(68): CodeIgniter\Boot::runCodeIgniter()
 7 FCPATH/index.php(31): CodeIgniter\Boot::bootWeb()
CRITICAL - 2026-04-29 00:14:47 --> CodeIgniter\HTTP\Exceptions\BadRequestException: The URI you submitted has disallowed characters: "प्रदेश-१"
[Method: GET, Route: category/%E0%A4%AA%E0%A5%8D%E0%A4%B0%E0%A4%A6%E0%A5%87%E0%A4%B6-%E0%A5%A7/feed/]
in SYSTEMPATH/Router/Router.php on line 768.
 1 SYSTEMPATH/Router/Router.php(219): CodeIgniter\Router\Router->checkDisallowedChars()
 2 SYSTEMPATH/CodeIgniter.php(829): CodeIgniter\Router\Router->handle()
 3 SYSTEMPATH/CodeIgniter.php(441): CodeIgniter\CodeIgniter->tryToRouteIt()
 4 SYSTEMPATH/CodeIgniter.php(340): CodeIgniter\CodeIgniter->handleRequest()
 5 SYSTEMPATH/Boot.php(417): CodeIgniter\CodeIgniter->run()
 6 SYSTEMPATH/Boot.php(68): CodeIgniter\Boot::runCodeIgniter()
 7 FCPATH/index.php(31): CodeIgniter\Boot::bootWeb()
CRITICAL - 2026-04-29 00:14:49 --> CodeIgniter\HTTP\Exceptions\BadRequestException: The URI you submitted has disallowed characters: "प्रदेश-२"
[Method: GET, Route: category/%E0%A4%AA%E0%A5%8D%E0%A4%B0%E0%A4%A6%E0%A5%87%E0%A4%B6-%E0%A5%A8/feed/]
in SYSTEMPATH/Router/Router.php on line 768.
 1 SYSTEMPATH/Router/Router.php(219): CodeIgniter\Router\Router->checkDisallowedChars()
 2 SYSTEMPATH/CodeIgniter.php(829): CodeIgniter\Router\Router->handle()
 3 SYSTEMPATH/CodeIgniter.php(441): CodeIgniter\CodeIgniter->tryToRouteIt()
 4 SYSTEMPATH/CodeIgniter.php(340): CodeIgniter\CodeIgniter->handleRequest()
 5 SYSTEMPATH/Boot.php(417): CodeIgniter\CodeIgniter->run()
 6 SYSTEMPATH/Boot.php(68): CodeIgniter\Boot::runCodeIgniter()
 7 FCPATH/index.php(31): CodeIgniter\Boot::bootWeb()
CRITICAL - 2026-04-29 00:14:51 --> CodeIgniter\HTTP\Exceptions\BadRequestException: The URI you submitted has disallowed characters: "प्रदेश-३"
[Method: GET, Route: category/%E0%A4%AA%E0%A5%8D%E0%A4%B0%E0%A4%A6%E0%A5%87%E0%A4%B6-%E0%A5%A9/feed/]
in SYSTEMPATH/Router/Router.php on line 768.
 1 SYSTEMPATH/Router/Router.php(219): CodeIgniter\Router\Router->checkDisallowedChars()
 2 SYSTEMPATH/CodeIgniter.php(829): CodeIgniter\Router\Router->handle()
 3 SYSTEMPATH/CodeIgniter.php(441): CodeIgniter\CodeIgniter->tryToRouteIt()
 4 SYSTEMPATH/CodeIgniter.php(340): CodeIgniter\CodeIgniter->handleRequest()
 5 SYSTEMPATH/Boot.php(417): CodeIgniter\CodeIgniter->run()
 6 SYSTEMPATH/Boot.php(68): CodeIgniter\Boot::runCodeIgniter()
 7 FCPATH/index.php(31): CodeIgniter\Boot::bootWeb()
CRITICAL - 2026-04-29 00:14:53 --> CodeIgniter\HTTP\Exceptions\BadRequestException: The URI you submitted has disallowed characters: "प्रदेश-४"
[Method: GET, Route: category/%E0%A4%AA%E0%A5%8D%E0%A4%B0%E0%A4%A6%E0%A5%87%E0%A4%B6-%E0%A5%AA/feed/]
in SYSTEMPATH/Router/Router.php on line 768.
 1 SYSTEMPATH/Router/Router.php(219): CodeIgniter\Router\Router->checkDisallowedChars()
 2 SYSTEMPATH/CodeIgniter.php(829): CodeIgniter\Router\Router->handle()
 3 SYSTEMPATH/CodeIgniter.php(441): CodeIgniter\CodeIgniter->tryToRouteIt()
 4 SYSTEMPATH/CodeIgniter.php(340): CodeIgniter\CodeIgniter->handleRequest()
 5 SYSTEMPATH/Boot.php(417): CodeIgniter\CodeIgniter->run()
 6 SYSTEMPATH/Boot.php(68): CodeIgniter\Boot::runCodeIgniter()
 7 FCPATH/index.php(31): CodeIgniter\Boot::bootWeb()
CRITICAL - 2026-04-29 00:14:55 --> CodeIgniter\HTTP\Exceptions\BadRequestException: The URI you submitted has disallowed characters: "प्रदेश-५"
[Method: GET, Route: category/%E0%A4%AA%E0%A5%8D%E0%A4%B0%E0%A4%A6%E0%A5%87%E0%A4%B6-%E0%A5%AB/feed/]
in SYSTEMPATH/Router/Router.php on line 768.
 1 SYSTEMPATH/Router/Router.php(219): CodeIgniter\Router\Router->checkDisallowedChars()
 2 SYSTEMPATH/CodeIgniter.php(829): CodeIgniter\Router\Router->handle()
 3 SYSTEMPATH/CodeIgniter.php(441): CodeIgniter\CodeIgniter->tryToRouteIt()
 4 SYSTEMPATH/CodeIgniter.php(340): CodeIgniter\CodeIgniter->handleRequest()
 5 SYSTEMPATH/Boot.php(417): CodeIgniter\CodeIgniter->run()
 6 SYSTEMPATH/Boot.php(68): CodeIgniter\Boot::runCodeIgniter()
 7 FCPATH/index.php(31): CodeIgniter\Boot::bootWeb()
CRITICAL - 2026-04-29 00:14:57 --> CodeIgniter\HTTP\Exceptions\BadRequestException: The URI you submitted has disallowed characters: "प्रदेश-६"
[Method: GET, Route: category/%E0%A4%AA%E0%A5%8D%E0%A4%B0%E0%A4%A6%E0%A5%87%E0%A4%B6-%E0%A5%AC/feed/]
in SYSTEMPATH/Router/Router.php on line 768.
 1 SYSTEMPATH/Router/Router.php(219): CodeIgniter\Router\Router->checkDisallowedChars()
 2 SYSTEMPATH/CodeIgniter.php(829): CodeIgniter\Router\Router->handle()
 3 SYSTEMPATH/CodeIgniter.php(441): CodeIgniter\CodeIgniter->tryToRouteIt()
 4 SYSTEMPATH/CodeIgniter.php(340): CodeIgniter\CodeIgniter->handleRequest()
 5 SYSTEMPATH/Boot.php(417): CodeIgniter\CodeIgniter->run()
 6 SYSTEMPATH/Boot.php(68): CodeIgniter\Boot::runCodeIgniter()
 7 FCPATH/index.php(31): CodeIgniter\Boot::bootWeb()
CRITICAL - 2026-04-29 00:14:59 --> CodeIgniter\HTTP\Exceptions\BadRequestException: The URI you submitted has disallowed characters: "प्रदेश-७"
[Method: GET, Route: category/%E0%A4%AA%E0%A5%8D%E0%A4%B0%E0%A4%A6%E0%A5%87%E0%A4%B6-%E0%A5%AD/feed/]
in SYSTEMPATH/Router/Router.php on line 768.
 1 SYSTEMPATH/Router/Router.php(219): CodeIgniter\Router\Router->checkDisallowedChars()
 2 SYSTEMPATH/CodeIgniter.php(829): CodeIgniter\Router\Router->handle()
 3 SYSTEMPATH/CodeIgniter.php(441): CodeIgniter\CodeIgniter->tryToRouteIt()
 4 SYSTEMPATH/CodeIgniter.php(340): CodeIgniter\CodeIgniter->handleRequest()
 5 SYSTEMPATH/Boot.php(417): CodeIgniter\CodeIgniter->run()
 6 SYSTEMPATH/Boot.php(68): CodeIgniter\Boot::runCodeIgniter()
 7 FCPATH/index.php(31): CodeIgniter\Boot::bootWeb()
CRITICAL - 2026-04-29 00:15:02 --> CodeIgniter\HTTP\Exceptions\BadRequestException: The URI you submitted has disallowed characters: "प्रमुख-समाचार"
[Method: GET, Route: category/%E0%A4%AA%E0%A5%8D%E0%A4%B0%E0%A4%AE%E0%A5%81%E0%A4%96-%E0%A4%B8%E0%A4%AE%E0%A4%BE%E0%A4%9A%E0%A4%BE%E0%A4%B0/feed/]
in SYSTEMPATH/Router/Router.php on line 768.
 1 SYSTEMPATH/Router/Router.php(219): CodeIgniter\Router\Router->checkDisallowedChars()
 2 SYSTEMPATH/CodeIgniter.php(829): CodeIgniter\Router\Router->handle()
 3 SYSTEMPATH/CodeIgniter.php(441): CodeIgniter\CodeIgniter->tryToRouteIt()
 4 SYSTEMPATH/CodeIgniter.php(340): CodeIgniter\CodeIgniter->handleRequest()
 5 SYSTEMPATH/Boot.php(417): CodeIgniter\CodeIgniter->run()
 6 SYSTEMPATH/Boot.php(68): CodeIgniter\Boot::runCodeIgniter()
 7 FCPATH/index.php(31): CodeIgniter\Boot::bootWeb()
CRITICAL - 2026-04-29 00:15:07 --> CodeIgniter\HTTP\Exceptions\BadRequestException: The URI you submitted has disallowed characters: "मनोरञ्जन"
[Method: GET, Route: category/%E0%A4%AE%E0%A4%A8%E0%A5%8B%E0%A4%B0%E0%A4%9E%E0%A5%8D%E0%A4%9C%E0%A4%A8/feed/]
in SYSTEMPATH/Router/Router.php on line 768.
 1 SYSTEMPATH/Router/Router.php(219): CodeIgniter\Router\Router->checkDisallowedChars()
 2 SYSTEMPATH/CodeIgniter.php(829): CodeIgniter\Router\Router->handle()
 3 SYSTEMPATH/CodeIgniter.php(441): CodeIgniter\CodeIgniter->tryToRouteIt()
 4 SYSTEMPATH/CodeIgniter.php(340): CodeIgniter\CodeIgniter->handleRequest()
 5 SYSTEMPATH/Boot.php(417): CodeIgniter\CodeIgniter->run()
 6 SYSTEMPATH/Boot.php(68): CodeIgniter\Boot::runCodeIgniter()
 7 FCPATH/index.php(31): CodeIgniter\Boot::bootWeb()
CRITICAL - 2026-04-29 00:15:09 --> CodeIgniter\HTTP\Exceptions\BadRequestException: The URI you submitted has disallowed characters: "मनोरञ्जन"
[Method: GET, Route: category/%E0%A4%AE%E0%A4%A8%E0%A5%8B%E0%A4%B0%E0%A4%9E%E0%A5%8D%E0%A4%9C%E0%A4%A8/feed/]
in SYSTEMPATH/Router/Router.php on line 768.
 1 SYSTEMPATH/Router/Router.php(219): CodeIgniter\Router\Router->checkDisallowedChars()
 2 SYSTEMPATH/CodeIgniter.php(829): CodeIgniter\Router\Router->handle()
 3 SYSTEMPATH/CodeIgniter.php(441): CodeIgniter\CodeIgniter->tryToRouteIt()
 4 SYSTEMPATH/CodeIgniter.php(340): CodeIgniter\CodeIgniter->handleRequest()
 5 SYSTEMPATH/Boot.php(417): CodeIgniter\CodeIgniter->run()
 6 SYSTEMPATH/Boot.php(68): CodeIgniter\Boot::runCodeIgniter()
 7 FCPATH/index.php(31): CodeIgniter\Boot::bootWeb()
CRITICAL - 2026-04-29 00:15:15 --> CodeIgniter\HTTP\Exceptions\BadRequestException: The URI you submitted has disallowed characters: "राजनीति"
[Method: GET, Route: category/%E0%A4%B0%E0%A4%BE%E0%A4%9C%E0%A4%A8%E0%A5%80%E0%A4%A4%E0%A4%BF/feed/]
in SYSTEMPATH/Router/Router.php on line 768.
 1 SYSTEMPATH/Router/Router.php(219): CodeIgniter\Router\Router->checkDisallowedChars()
 2 SYSTEMPATH/CodeIgniter.php(829): CodeIgniter\Router\Router->handle()
 3 SYSTEMPATH/CodeIgniter.php(441): CodeIgniter\CodeIgniter->tryToRouteIt()
 4 SYSTEMPATH/CodeIgniter.php(340): CodeIgniter\CodeIgniter->handleRequest()
 5 SYSTEMPATH/Boot.php(417): CodeIgniter\CodeIgniter->run()
 6 SYSTEMPATH/Boot.php(68): CodeIgniter\Boot::runCodeIgniter()
 7 FCPATH/index.php(31): CodeIgniter\Boot::bootWeb()
CRITICAL - 2026-04-29 00:15:18 --> CodeIgniter\HTTP\Exceptions\BadRequestException: The URI you submitted has disallowed characters: "राजनीति"
[Method: GET, Route: category/%E0%A4%B0%E0%A4%BE%E0%A4%9C%E0%A4%A8%E0%A5%80%E0%A4%A4%E0%A4%BF/feed/]
in SYSTEMPATH/Router/Router.php on line 768.
 1 SYSTEMPATH/Router/Router.php(219): CodeIgniter\Router\Router->checkDisallowedChars()
 2 SYSTEMPATH/CodeIgniter.php(829): CodeIgniter\Router\Router->handle()
 3 SYSTEMPATH/CodeIgniter.php(441): CodeIgniter\CodeIgniter->tryToRouteIt()
 4 SYSTEMPATH/CodeIgniter.php(340): CodeIgniter\CodeIgniter->handleRequest()
 5 SYSTEMPATH/Boot.php(417): CodeIgniter\CodeIgniter->run()
 6 SYSTEMPATH/Boot.php(68): CodeIgniter\Boot::runCodeIgniter()
 7 FCPATH/index.php(31): CodeIgniter\Boot::bootWeb()
CRITICAL - 2026-04-29 00:15:20 --> CodeIgniter\HTTP\Exceptions\BadRequestException: The URI you submitted has disallowed characters: "इपेपर"
[Method: GET, Route: category/%E0%A4%87%E0%A4%AA%E0%A5%87%E0%A4%AA%E0%A4%B0/]
in SYSTEMPATH/Router/Router.php on line 768.
 1 SYSTEMPATH/Router/Router.php(219): CodeIgniter\Router\Router->checkDisallowedChars()
 2 SYSTEMPATH/CodeIgniter.php(829): CodeIgniter\Router\Router->handle()
 3 SYSTEMPATH/CodeIgniter.php(441): CodeIgniter\CodeIgniter->tryToRouteIt()
 4 SYSTEMPATH/CodeIgniter.php(340): CodeIgniter\CodeIgniter->handleRequest()
 5 SYSTEMPATH/Boot.php(417): CodeIgniter\CodeIgniter->run()
 6 SYSTEMPATH/Boot.php(68): CodeIgniter\Boot::runCodeIgniter()
 7 FCPATH/index.php(31): CodeIgniter\Boot::bootWeb()
CRITICAL - 2026-04-29 00:15:25 --> CodeIgniter\HTTP\Exceptions\BadRequestException: The URI you submitted has disallowed characters: "इपेपर"
[Method: GET, Route: category/%E0%A4%87%E0%A4%AA%E0%A5%87%E0%A4%AA%E0%A4%B0/page/2/]
in SYSTEMPATH/Router/Router.php on line 768.
 1 SYSTEMPATH/Router/Router.php(219): CodeIgniter\Router\Router->checkDisallowedChars()
 2 SYSTEMPATH/CodeIgniter.php(829): CodeIgniter\Router\Router->handle()
 3 SYSTEMPATH/CodeIgniter.php(441): CodeIgniter\CodeIgniter->tryToRouteIt()
 4 SYSTEMPATH/CodeIgniter.php(340): CodeIgniter\CodeIgniter->handleRequest()
 5 SYSTEMPATH/Boot.php(417): CodeIgniter\CodeIgniter->run()
 6 SYSTEMPATH/Boot.php(68): CodeIgniter\Boot::runCodeIgniter()
 7 FCPATH/index.php(31): CodeIgniter\Boot::bootWeb()
CRITICAL - 2026-04-29 00:15:27 --> CodeIgniter\HTTP\Exceptions\BadRequestException: The URI you submitted has disallowed characters: "इपेपर"
[Method: GET, Route: category/%E0%A4%87%E0%A4%AA%E0%A5%87%E0%A4%AA%E0%A4%B0/page/2/]
in SYSTEMPATH/Router/Router.php on line 768.
 1 SYSTEMPATH/Router/Router.php(219): CodeIgniter\Router\Router->checkDisallowedChars()
 2 SYSTEMPATH/CodeIgniter.php(829): CodeIgniter\Router\Router->handle()
 3 SYSTEMPATH/CodeIgniter.php(441): CodeIgniter\CodeIgniter->tryToRouteIt()
 4 SYSTEMPATH/CodeIgniter.php(340): CodeIgniter\CodeIgniter->handleRequest()
 5 SYSTEMPATH/Boot.php(417): CodeIgniter\CodeIgniter->run()
 6 SYSTEMPATH/Boot.php(68): CodeIgniter\Boot::runCodeIgniter()
 7 FCPATH/index.php(31): CodeIgniter\Boot::bootWeb()
CRITICAL - 2026-04-29 00:15:33 --> CodeIgniter\HTTP\Exceptions\BadRequestException: The URI you submitted has disallowed characters: "इपेपर"
[Method: GET, Route: category/%E0%A4%87%E0%A4%AA%E0%A5%87%E0%A4%AA%E0%A4%B0/page/3/]
in SYSTEMPATH/Router/Router.php on line 768.
 1 SYSTEMPATH/Router/Router.php(219): CodeIgniter\Router\Router->checkDisallowedChars()
 2 SYSTEMPATH/CodeIgniter.php(829): CodeIgniter\Router\Router->handle()
 3 SYSTEMPATH/CodeIgniter.php(441): CodeIgniter\CodeIgniter->tryToRouteIt()
 4 SYSTEMPATH/CodeIgniter.php(340): CodeIgniter\CodeIgniter->handleRequest()
 5 SYSTEMPATH/Boot.php(417): CodeIgniter\CodeIgniter->run()
 6 SYSTEMPATH/Boot.php(68): CodeIgniter\Boot::runCodeIgniter()
 7 FCPATH/index.php(31): CodeIgniter\Boot::bootWeb()
CRITICAL - 2026-04-29 00:15:34 --> CodeIgniter\HTTP\Exceptions\BadRequestException: The URI you submitted has disallowed characters: "इपेपर"
[Method: GET, Route: category/%E0%A4%87%E0%A4%AA%E0%A5%87%E0%A4%AA%E0%A4%B0/page/3/]
in SYSTEMPATH/Router/Router.php on line 768.
 1 SYSTEMPATH/Router/Router.php(219): CodeIgniter\Router\Router->checkDisallowedChars()
 2 SYSTEMPATH/CodeIgniter.php(829): CodeIgniter\Router\Router->handle()
 3 SYSTEMPATH/CodeIgniter.php(441): CodeIgniter\CodeIgniter->tryToRouteIt()
 4 SYSTEMPATH/CodeIgniter.php(340): CodeIgniter\CodeIgniter->handleRequest()
 5 SYSTEMPATH/Boot.php(417): CodeIgniter\CodeIgniter->run()
 6 SYSTEMPATH/Boot.php(68): CodeIgniter\Boot::runCodeIgniter()
 7 FCPATH/index.php(31): CodeIgniter\Boot::bootWeb()
CRITICAL - 2026-04-29 00:15:40 --> CodeIgniter\HTTP\Exceptions\BadRequestException: The URI you submitted has disallowed characters: "इपेपर"
[Method: GET, Route: category/%E0%A4%87%E0%A4%AA%E0%A5%87%E0%A4%AA%E0%A4%B0/page/4/]
in SYSTEMPATH/Router/Router.php on line 768.
 1 SYSTEMPATH/Router/Router.php(219): CodeIgniter\Router\Router->checkDisallowedChars()
 2 SYSTEMPATH/CodeIgniter.php(829): CodeIgniter\Router\Router->handle()
 3 SYSTEMPATH/CodeIgniter.php(441): CodeIgniter\CodeIgniter->tryToRouteIt()
 4 SYSTEMPATH/CodeIgniter.php(340): CodeIgniter\CodeIgniter->handleRequest()
 5 SYSTEMPATH/Boot.php(417): CodeIgniter\CodeIgniter->run()
 6 SYSTEMPATH/Boot.php(68): CodeIgniter\Boot::runCodeIgniter()
 7 FCPATH/index.php(31): CodeIgniter\Boot::bootWeb()
CRITICAL - 2026-04-29 00:15:43 --> CodeIgniter\HTTP\Exceptions\BadRequestException: The URI you submitted has disallowed characters: "इपेपर"
[Method: GET, Route: category/%E0%A4%87%E0%A4%AA%E0%A5%87%E0%A4%AA%E0%A4%B0/page/4/]
in SYSTEMPATH/Router/Router.php on line 768.
 1 SYSTEMPATH/Router/Router.php(219): CodeIgniter\Router\Router->checkDisallowedChars()
 2 SYSTEMPATH/CodeIgniter.php(829): CodeIgniter\Router\Router->handle()
 3 SYSTEMPATH/CodeIgniter.php(441): CodeIgniter\CodeIgniter->tryToRouteIt()
 4 SYSTEMPATH/CodeIgniter.php(340): CodeIgniter\CodeIgniter->handleRequest()
 5 SYSTEMPATH/Boot.php(417): CodeIgniter\CodeIgniter->run()
 6 SYSTEMPATH/Boot.php(68): CodeIgniter\Boot::runCodeIgniter()
 7 FCPATH/index.php(31): CodeIgniter\Boot::bootWeb()
CRITICAL - 2026-04-29 00:15:47 --> CodeIgniter\HTTP\Exceptions\BadRequestException: The URI you submitted has disallowed characters: "इपेपर"
[Method: GET, Route: category/%E0%A4%87%E0%A4%AA%E0%A5%87%E0%A4%AA%E0%A4%B0/page/5/]
in SYSTEMPATH/Router/Router.php on line 768.
 1 SYSTEMPATH/Router/Router.php(219): CodeIgniter\Router\Router->checkDisallowedChars()
 2 SYSTEMPATH/CodeIgniter.php(829): CodeIgniter\Router\Router->handle()
 3 SYSTEMPATH/CodeIgniter.php(441): CodeIgniter\CodeIgniter->tryToRouteIt()
 4 SYSTEMPATH/CodeIgniter.php(340): CodeIgniter\CodeIgniter->handleRequest()
 5 SYSTEMPATH/Boot.php(417): CodeIgniter\CodeIgniter->run()
 6 SYSTEMPATH/Boot.php(68): CodeIgniter\Boot::runCodeIgniter()
 7 FCPATH/index.php(31): CodeIgniter\Boot::bootWeb()
CRITICAL - 2026-04-29 00:15:49 --> CodeIgniter\HTTP\Exceptions\BadRequestException: The URI you submitted has disallowed characters: "इपेपर"
[Method: GET, Route: category/%E0%A4%87%E0%A4%AA%E0%A5%87%E0%A4%AA%E0%A4%B0/page/5/]
in SYSTEMPATH/Router/Router.php on line 768.
 1 SYSTEMPATH/Router/Router.php(219): CodeIgniter\Router\Router->checkDisallowedChars()
 2 SYSTEMPATH/CodeIgniter.php(829): CodeIgniter\Router\Router->handle()
 3 SYSTEMPATH/CodeIgniter.php(441): CodeIgniter\CodeIgniter->tryToRouteIt()
 4 SYSTEMPATH/CodeIgniter.php(340): CodeIgniter\CodeIgniter->handleRequest()
 5 SYSTEMPATH/Boot.php(417): CodeIgniter\CodeIgniter->run()
 6 SYSTEMPATH/Boot.php(68): CodeIgniter\Boot::runCodeIgniter()
 7 FCPATH/index.php(31): CodeIgniter\Boot::bootWeb()
CRITICAL - 2026-04-29 00:15:54 --> CodeIgniter\HTTP\Exceptions\BadRequestException: The URI you submitted has disallowed characters: "इपेपर"
[Method: GET, Route: category/%E0%A4%87%E0%A4%AA%E0%A5%87%E0%A4%AA%E0%A4%B0/page/6/]
in SYSTEMPATH/Router/Router.php on line 768.
 1 SYSTEMPATH/Router/Router.php(219): CodeIgniter\Router\Router->checkDisallowedChars()
 2 SYSTEMPATH/CodeIgniter.php(829): CodeIgniter\Router\Router->handle()
 3 SYSTEMPATH/CodeIgniter.php(441): CodeIgniter\CodeIgniter->tryToRouteIt()
 4 SYSTEMPATH/CodeIgniter.php(340): CodeIgniter\CodeIgniter->handleRequest()
 5 SYSTEMPATH/Boot.php(417): CodeIgniter\CodeIgniter->run()
 6 SYSTEMPATH/Boot.php(68): CodeIgniter\Boot::runCodeIgniter()
 7 FCPATH/index.php(31): CodeIgniter\Boot::bootWeb()
CRITICAL - 2026-04-29 00:15:56 --> CodeIgniter\HTTP\Exceptions\BadRequestException: The URI you submitted has disallowed characters: "इपेपर"
[Method: GET, Route: category/%E0%A4%87%E0%A4%AA%E0%A5%87%E0%A4%AA%E0%A4%B0/page/6/]
in SYSTEMPATH/Router/Router.php on line 768.
 1 SYSTEMPATH/Router/Router.php(219): CodeIgniter\Router\Router->checkDisallowedChars()
 2 SYSTEMPATH/CodeIgniter.php(829): CodeIgniter\Router\Router->handle()
 3 SYSTEMPATH/CodeIgniter.php(441): CodeIgniter\CodeIgniter->tryToRouteIt()
 4 SYSTEMPATH/CodeIgniter.php(340): CodeIgniter\CodeIgniter->handleRequest()
 5 SYSTEMPATH/Boot.php(417): CodeIgniter\CodeIgniter->run()
 6 SYSTEMPATH/Boot.php(68): CodeIgniter\Boot::runCodeIgniter()
 7 FCPATH/index.php(31): CodeIgniter\Boot::bootWeb()
CRITICAL - 2026-04-29 00:16:01 --> CodeIgniter\HTTP\Exceptions\BadRequestException: The URI you submitted has disallowed characters: "इपेपर"
[Method: GET, Route: category/%E0%A4%87%E0%A4%AA%E0%A5%87%E0%A4%AA%E0%A4%B0/page/7/]
in SYSTEMPATH/Router/Router.php on line 768.
 1 SYSTEMPATH/Router/Router.php(219): CodeIgniter\Router\Router->checkDisallowedChars()
 2 SYSTEMPATH/CodeIgniter.php(829): CodeIgniter\Router\Router->handle()
 3 SYSTEMPATH/CodeIgniter.php(441): CodeIgniter\CodeIgniter->tryToRouteIt()
 4 SYSTEMPATH/CodeIgniter.php(340): CodeIgniter\CodeIgniter->handleRequest()
 5 SYSTEMPATH/Boot.php(417): CodeIgniter\CodeIgniter->run()
 6 SYSTEMPATH/Boot.php(68): CodeIgniter\Boot::runCodeIgniter()
 7 FCPATH/index.php(31): CodeIgniter\Boot::bootWeb()
CRITICAL - 2026-04-29 00:16:03 --> CodeIgniter\HTTP\Exceptions\BadRequestException: The URI you submitted has disallowed characters: "इपेपर"
[Method: GET, Route: category/%E0%A4%87%E0%A4%AA%E0%A5%87%E0%A4%AA%E0%A4%B0/page/7/]
in SYSTEMPATH/Router/Router.php on line 768.
 1 SYSTEMPATH/Router/Router.php(219): CodeIgniter\Router\Router->checkDisallowedChars()
 2 SYSTEMPATH/CodeIgniter.php(829): CodeIgniter\Router\Router->handle()
 3 SYSTEMPATH/CodeIgniter.php(441): CodeIgniter\CodeIgniter->tryToRouteIt()
 4 SYSTEMPATH/CodeIgniter.php(340): CodeIgniter\CodeIgniter->handleRequest()
 5 SYSTEMPATH/Boot.php(417): CodeIgniter\CodeIgniter->run()
 6 SYSTEMPATH/Boot.php(68): CodeIgniter\Boot::runCodeIgniter()
 7 FCPATH/index.php(31): CodeIgniter\Boot::bootWeb()
CRITICAL - 2026-04-29 00:16:08 --> CodeIgniter\HTTP\Exceptions\BadRequestException: The URI you submitted has disallowed characters: "पत्रपत्रिका"
[Method: GET, Route: category/%E0%A4%AA%E0%A4%A4%E0%A5%8D%E0%A4%B0%E0%A4%AA%E0%A4%A4%E0%A5%8D%E0%A4%B0%E0%A4%BF%E0%A4%95%E0%A4%BE/]
in SYSTEMPATH/Router/Router.php on line 768.
 1 SYSTEMPATH/Router/Router.php(219): CodeIgniter\Router\Router->checkDisallowedChars()
 2 SYSTEMPATH/CodeIgniter.php(829): CodeIgniter\Router\Router->handle()
 3 SYSTEMPATH/CodeIgniter.php(441): CodeIgniter\CodeIgniter->tryToRouteIt()
 4 SYSTEMPATH/CodeIgniter.php(340): CodeIgniter\CodeIgniter->handleRequest()
 5 SYSTEMPATH/Boot.php(417): CodeIgniter\CodeIgniter->run()
 6 SYSTEMPATH/Boot.php(68): CodeIgniter\Boot::runCodeIgniter()
 7 FCPATH/index.php(31): CodeIgniter\Boot::bootWeb()
CRITICAL - 2026-04-29 00:16:10 --> CodeIgniter\HTTP\Exceptions\BadRequestException: The URI you submitted has disallowed characters: "पत्रपत्रिका"
[Method: GET, Route: category/%E0%A4%AA%E0%A4%A4%E0%A5%8D%E0%A4%B0%E0%A4%AA%E0%A4%A4%E0%A5%8D%E0%A4%B0%E0%A4%BF%E0%A4%95%E0%A4%BE/]
in SYSTEMPATH/Router/Router.php on line 768.
 1 SYSTEMPATH/Router/Router.php(219): CodeIgniter\Router\Router->checkDisallowedChars()
 2 SYSTEMPATH/CodeIgniter.php(829): CodeIgniter\Router\Router->handle()
 3 SYSTEMPATH/CodeIgniter.php(441): CodeIgniter\CodeIgniter->tryToRouteIt()
 4 SYSTEMPATH/CodeIgniter.php(340): CodeIgniter\CodeIgniter->handleRequest()
 5 SYSTEMPATH/Boot.php(417): CodeIgniter\CodeIgniter->run()
 6 SYSTEMPATH/Boot.php(68): CodeIgniter\Boot::runCodeIgniter()
 7 FCPATH/index.php(31): CodeIgniter\Boot::bootWeb()
CRITICAL - 2026-04-29 00:16:13 --> CodeIgniter\HTTP\Exceptions\BadRequestException: The URI you submitted has disallowed characters: "पत्रपत्रिका"
[Method: GET, Route: category/%E0%A4%AA%E0%A4%A4%E0%A5%8D%E0%A4%B0%E0%A4%AA%E0%A4%A4%E0%A5%8D%E0%A4%B0%E0%A4%BF%E0%A4%95%E0%A4%BE/page/10/]
in SYSTEMPATH/Router/Router.php on line 768.
 1 SYSTEMPATH/Router/Router.php(219): CodeIgniter\Router\Router->checkDisallowedChars()
 2 SYSTEMPATH/CodeIgniter.php(829): CodeIgniter\Router\Router->handle()
 3 SYSTEMPATH/CodeIgniter.php(441): CodeIgniter\CodeIgniter->tryToRouteIt()
 4 SYSTEMPATH/CodeIgniter.php(340): CodeIgniter\CodeIgniter->handleRequest()
 5 SYSTEMPATH/Boot.php(417): CodeIgniter\CodeIgniter->run()
 6 SYSTEMPATH/Boot.php(68): CodeIgniter\Boot::runCodeIgniter()
 7 FCPATH/index.php(31): CodeIgniter\Boot::bootWeb()
CRITICAL - 2026-04-29 00:16:16 --> CodeIgniter\HTTP\Exceptions\BadRequestException: The URI you submitted has disallowed characters: "पत्रपत्रिका"
[Method: GET, Route: category/%E0%A4%AA%E0%A4%A4%E0%A5%8D%E0%A4%B0%E0%A4%AA%E0%A4%A4%E0%A5%8D%E0%A4%B0%E0%A4%BF%E0%A4%95%E0%A4%BE/page/10/]
in SYSTEMPATH/Router/Router.php on line 768.
 1 SYSTEMPATH/Router/Router.php(219): CodeIgniter\Router\Router->checkDisallowedChars()
 2 SYSTEMPATH/CodeIgniter.php(829): CodeIgniter\Router\Router->handle()
 3 SYSTEMPATH/CodeIgniter.php(441): CodeIgniter\CodeIgniter->tryToRouteIt()
 4 SYSTEMPATH/CodeIgniter.php(340): CodeIgniter\CodeIgniter->handleRequest()
 5 SYSTEMPATH/Boot.php(417): CodeIgniter\CodeIgniter->run()
 6 SYSTEMPATH/Boot.php(68): CodeIgniter\Boot::runCodeIgniter()
 7 FCPATH/index.php(31): CodeIgniter\Boot::bootWeb()
CRITICAL - 2026-04-29 00:16:20 --> CodeIgniter\HTTP\Exceptions\BadRequestException: The URI you submitted has disallowed characters: "पत्रपत्रिका"
[Method: GET, Route: category/%E0%A4%AA%E0%A4%A4%E0%A5%8D%E0%A4%B0%E0%A4%AA%E0%A4%A4%E0%A5%8D%E0%A4%B0%E0%A4%BF%E0%A4%95%E0%A4%BE/page/2/]
in SYSTEMPATH/Router/Router.php on line 768.
 1 SYSTEMPATH/Router/Router.php(219): CodeIgniter\Router\Router->checkDisallowedChars()
 2 SYSTEMPATH/CodeIgniter.php(829): CodeIgniter\Router\Router->handle()
 3 SYSTEMPATH/CodeIgniter.php(441): CodeIgniter\CodeIgniter->tryToRouteIt()
 4 SYSTEMPATH/CodeIgniter.php(340): CodeIgniter\CodeIgniter->handleRequest()
 5 SYSTEMPATH/Boot.php(417): CodeIgniter\CodeIgniter->run()
 6 SYSTEMPATH/Boot.php(68): CodeIgniter\Boot::runCodeIgniter()
 7 FCPATH/index.php(31): CodeIgniter\Boot::bootWeb()
CRITICAL - 2026-04-29 00:16:22 --> CodeIgniter\HTTP\Exceptions\BadRequestException: The URI you submitted has disallowed characters: "पत्रपत्रिका"
[Method: GET, Route: category/%E0%A4%AA%E0%A4%A4%E0%A5%8D%E0%A4%B0%E0%A4%AA%E0%A4%A4%E0%A5%8D%E0%A4%B0%E0%A4%BF%E0%A4%95%E0%A4%BE/page/2/]
in SYSTEMPATH/Router/Router.php on line 768.
 1 SYSTEMPATH/Router/Router.php(219): CodeIgniter\Router\Router->checkDisallowedChars()
 2 SYSTEMPATH/CodeIgniter.php(829): CodeIgniter\Router\Router->handle()
 3 SYSTEMPATH/CodeIgniter.php(441): CodeIgniter\CodeIgniter->tryToRouteIt()
 4 SYSTEMPATH/CodeIgniter.php(340): CodeIgniter\CodeIgniter->handleRequest()
 5 SYSTEMPATH/Boot.php(417): CodeIgniter\CodeIgniter->run()
 6 SYSTEMPATH/Boot.php(68): CodeIgniter\Boot::runCodeIgniter()
 7 FCPATH/index.php(31): CodeIgniter\Boot::bootWeb()
CRITICAL - 2026-04-29 00:16:24 --> CodeIgniter\HTTP\Exceptions\BadRequestException: The URI you submitted has disallowed characters: "पत्रपत्रिका"
[Method: GET, Route: category/%E0%A4%AA%E0%A4%A4%E0%A5%8D%E0%A4%B0%E0%A4%AA%E0%A4%A4%E0%A5%8D%E0%A4%B0%E0%A4%BF%E0%A4%95%E0%A4%BE/page/3/]
in SYSTEMPATH/Router/Router.php on line 768.
 1 SYSTEMPATH/Router/Router.php(219): CodeIgniter\Router\Router->checkDisallowedChars()
 2 SYSTEMPATH/CodeIgniter.php(829): CodeIgniter\Router\Router->handle()
 3 SYSTEMPATH/CodeIgniter.php(441): CodeIgniter\CodeIgniter->tryToRouteIt()
 4 SYSTEMPATH/CodeIgniter.php(340): CodeIgniter\CodeIgniter->handleRequest()
 5 SYSTEMPATH/Boot.php(417): CodeIgniter\CodeIgniter->run()
 6 SYSTEMPATH/Boot.php(68): CodeIgniter\Boot::runCodeIgniter()
 7 FCPATH/index.php(31): CodeIgniter\Boot::bootWeb()
CRITICAL - 2026-04-29 00:16:28 --> CodeIgniter\HTTP\Exceptions\BadRequestException: The URI you submitted has disallowed characters: "पत्रपत्रिका"
[Method: GET, Route: category/%E0%A4%AA%E0%A4%A4%E0%A5%8D%E0%A4%B0%E0%A4%AA%E0%A4%A4%E0%A5%8D%E0%A4%B0%E0%A4%BF%E0%A4%95%E0%A4%BE/page/4/]
in SYSTEMPATH/Router/Router.php on line 768.
 1 SYSTEMPATH/Router/Router.php(219): CodeIgniter\Router\Router->checkDisallowedChars()
 2 SYSTEMPATH/CodeIgniter.php(829): CodeIgniter\Router\Router->handle()
 3 SYSTEMPATH/CodeIgniter.php(441): CodeIgniter\CodeIgniter->tryToRouteIt()
 4 SYSTEMPATH/CodeIgniter.php(340): CodeIgniter\CodeIgniter->handleRequest()
 5 SYSTEMPATH/Boot.php(417): CodeIgniter\CodeIgniter->run()
 6 SYSTEMPATH/Boot.php(68): CodeIgniter\Boot::runCodeIgniter()
 7 FCPATH/index.php(31): CodeIgniter\Boot::bootWeb()
CRITICAL - 2026-04-29 00:16:30 --> CodeIgniter\HTTP\Exceptions\BadRequestException: The URI you submitted has disallowed characters: "पत्रपत्रिका"
[Method: GET, Route: category/%E0%A4%AA%E0%A4%A4%E0%A5%8D%E0%A4%B0%E0%A4%AA%E0%A4%A4%E0%A5%8D%E0%A4%B0%E0%A4%BF%E0%A4%95%E0%A4%BE/page/4/]
in SYSTEMPATH/Router/Router.php on line 768.
 1 SYSTEMPATH/Router/Router.php(219): CodeIgniter\Router\Router->checkDisallowedChars()
 2 SYSTEMPATH/CodeIgniter.php(829): CodeIgniter\Router\Router->handle()
 3 SYSTEMPATH/CodeIgniter.php(441): CodeIgniter\CodeIgniter->tryToRouteIt()
 4 SYSTEMPATH/CodeIgniter.php(340): CodeIgniter\CodeIgniter->handleRequest()
 5 SYSTEMPATH/Boot.php(417): CodeIgniter\CodeIgniter->run()
 6 SYSTEMPATH/Boot.php(68): CodeIgniter\Boot::runCodeIgniter()
 7 FCPATH/index.php(31): CodeIgniter\Boot::bootWeb()
CRITICAL - 2026-04-29 00:16:32 --> CodeIgniter\HTTP\Exceptions\BadRequestException: The URI you submitted has disallowed characters: "पत्रपत्रिका"
[Method: GET, Route: category/%E0%A4%AA%E0%A4%A4%E0%A5%8D%E0%A4%B0%E0%A4%AA%E0%A4%A4%E0%A5%8D%E0%A4%B0%E0%A4%BF%E0%A4%95%E0%A4%BE/page/5/]
in SYSTEMPATH/Router/Router.php on line 768.
 1 SYSTEMPATH/Router/Router.php(219): CodeIgniter\Router\Router->checkDisallowedChars()
 2 SYSTEMPATH/CodeIgniter.php(829): CodeIgniter\Router\Router->handle()
 3 SYSTEMPATH/CodeIgniter.php(441): CodeIgniter\CodeIgniter->tryToRouteIt()
 4 SYSTEMPATH/CodeIgniter.php(340): CodeIgniter\CodeIgniter->handleRequest()
 5 SYSTEMPATH/Boot.php(417): CodeIgniter\CodeIgniter->run()
 6 SYSTEMPATH/Boot.php(68): CodeIgniter\Boot::runCodeIgniter()
 7 FCPATH/index.php(31): CodeIgniter\Boot::bootWeb()
CRITICAL - 2026-04-29 00:16:34 --> CodeIgniter\HTTP\Exceptions\BadRequestException: The URI you submitted has disallowed characters: "पत्रपत्रिका"
[Method: GET, Route: category/%E0%A4%AA%E0%A4%A4%E0%A5%8D%E0%A4%B0%E0%A4%AA%E0%A4%A4%E0%A5%8D%E0%A4%B0%E0%A4%BF%E0%A4%95%E0%A4%BE/page/6/]
in SYSTEMPATH/Router/Router.php on line 768.
 1 SYSTEMPATH/Router/Router.php(219): CodeIgniter\Router\Router->checkDisallowedChars()
 2 SYSTEMPATH/CodeIgniter.php(829): CodeIgniter\Router\Router->handle()
 3 SYSTEMPATH/CodeIgniter.php(441): CodeIgniter\CodeIgniter->tryToRouteIt()
 4 SYSTEMPATH/CodeIgniter.php(340): CodeIgniter\CodeIgniter->handleRequest()
 5 SYSTEMPATH/Boot.php(417): CodeIgniter\CodeIgniter->run()
 6 SYSTEMPATH/Boot.php(68): CodeIgniter\Boot::runCodeIgniter()
 7 FCPATH/index.php(31): CodeIgniter\Boot::bootWeb()
CRITICAL - 2026-04-29 00:16:36 --> CodeIgniter\HTTP\Exceptions\BadRequestException: The URI you submitted has disallowed characters: "पत्रपत्रिका"
[Method: GET, Route: category/%E0%A4%AA%E0%A4%A4%E0%A5%8D%E0%A4%B0%E0%A4%AA%E0%A4%A4%E0%A5%8D%E0%A4%B0%E0%A4%BF%E0%A4%95%E0%A4%BE/page/7/]
in SYSTEMPATH/Router/Router.php on line 768.
 1 SYSTEMPATH/Router/Router.php(219): CodeIgniter\Router\Router->checkDisallowedChars()
 2 SYSTEMPATH/CodeIgniter.php(829): CodeIgniter\Router\Router->handle()
 3 SYSTEMPATH/CodeIgniter.php(441): CodeIgniter\CodeIgniter->tryToRouteIt()
 4 SYSTEMPATH/CodeIgniter.php(340): CodeIgniter\CodeIgniter->handleRequest()
 5 SYSTEMPATH/Boot.php(417): CodeIgniter\CodeIgniter->run()
 6 SYSTEMPATH/Boot.php(68): CodeIgniter\Boot::runCodeIgniter()
 7 FCPATH/index.php(31): CodeIgniter\Boot::bootWeb()
CRITICAL - 2026-04-29 00:16:39 --> CodeIgniter\HTTP\Exceptions\BadRequestException: The URI you submitted has disallowed characters: "पत्रपत्रिका"
[Method: GET, Route: category/%E0%A4%AA%E0%A4%A4%E0%A5%8D%E0%A4%B0%E0%A4%AA%E0%A4%A4%E0%A5%8D%E0%A4%B0%E0%A4%BF%E0%A4%95%E0%A4%BE/page/8/]
in SYSTEMPATH/Router/Router.php on line 768.
 1 SYSTEMPATH/Router/Router.php(219): CodeIgniter\Router\Router->checkDisallowedChars()
 2 SYSTEMPATH/CodeIgniter.php(829): CodeIgniter\Router\Router->handle()
 3 SYSTEMPATH/CodeIgniter.php(441): CodeIgniter\CodeIgniter->tryToRouteIt()
 4 SYSTEMPATH/CodeIgniter.php(340): CodeIgniter\CodeIgniter->handleRequest()
 5 SYSTEMPATH/Boot.php(417): CodeIgniter\CodeIgniter->run()
 6 SYSTEMPATH/Boot.php(68): CodeIgniter\Boot::runCodeIgniter()
 7 FCPATH/index.php(31): CodeIgniter\Boot::bootWeb()
CRITICAL - 2026-04-29 00:16:41 --> CodeIgniter\HTTP\Exceptions\BadRequestException: The URI you submitted has disallowed characters: "पत्रपत्रिका"
[Method: GET, Route: category/%E0%A4%AA%E0%A4%A4%E0%A5%8D%E0%A4%B0%E0%A4%AA%E0%A4%A4%E0%A5%8D%E0%A4%B0%E0%A4%BF%E0%A4%95%E0%A4%BE/page/9/]
in SYSTEMPATH/Router/Router.php on line 768.
 1 SYSTEMPATH/Router/Router.php(219): CodeIgniter\Router\Router->checkDisallowedChars()
 2 SYSTEMPATH/CodeIgniter.php(829): CodeIgniter\Router\Router->handle()
 3 SYSTEMPATH/CodeIgniter.php(441): CodeIgniter\CodeIgniter->tryToRouteIt()
 4 SYSTEMPATH/CodeIgniter.php(340): CodeIgniter\CodeIgniter->handleRequest()
 5 SYSTEMPATH/Boot.php(417): CodeIgniter\CodeIgniter->run()
 6 SYSTEMPATH/Boot.php(68): CodeIgniter\Boot::runCodeIgniter()
 7 FCPATH/index.php(31): CodeIgniter\Boot::bootWeb()
CRITICAL - 2026-04-29 00:16:43 --> CodeIgniter\HTTP\Exceptions\BadRequestException: The URI you submitted has disallowed characters: "प्रदेश-१"
[Method: GET, Route: category/%E0%A4%AA%E0%A5%8D%E0%A4%B0%E0%A4%A6%E0%A5%87%E0%A4%B6-%E0%A5%A7/]
in SYSTEMPATH/Router/Router.php on line 768.
 1 SYSTEMPATH/Router/Router.php(219): CodeIgniter\Router\Router->checkDisallowedChars()
 2 SYSTEMPATH/CodeIgniter.php(829): CodeIgniter\Router\Router->handle()
 3 SYSTEMPATH/CodeIgniter.php(441): CodeIgniter\CodeIgniter->tryToRouteIt()
 4 SYSTEMPATH/CodeIgniter.php(340): CodeIgniter\CodeIgniter->handleRequest()
 5 SYSTEMPATH/Boot.php(417): CodeIgniter\CodeIgniter->run()
 6 SYSTEMPATH/Boot.php(68): CodeIgniter\Boot::runCodeIgniter()
 7 FCPATH/index.php(31): CodeIgniter\Boot::bootWeb()
CRITICAL - 2026-04-29 00:16:45 --> CodeIgniter\HTTP\Exceptions\BadRequestException: The URI you submitted has disallowed characters: "प्रदेश-१"
[Method: GET, Route: category/%E0%A4%AA%E0%A5%8D%E0%A4%B0%E0%A4%A6%E0%A5%87%E0%A4%B6-%E0%A5%A7/page/2/]
in SYSTEMPATH/Router/Router.php on line 768.
 1 SYSTEMPATH/Router/Router.php(219): CodeIgniter\Router\Router->checkDisallowedChars()
 2 SYSTEMPATH/CodeIgniter.php(829): CodeIgniter\Router\Router->handle()
 3 SYSTEMPATH/CodeIgniter.php(441): CodeIgniter\CodeIgniter->tryToRouteIt()
 4 SYSTEMPATH/CodeIgniter.php(340): CodeIgniter\CodeIgniter->handleRequest()
 5 SYSTEMPATH/Boot.php(417): CodeIgniter\CodeIgniter->run()
 6 SYSTEMPATH/Boot.php(68): CodeIgniter\Boot::runCodeIgniter()
 7 FCPATH/index.php(31): CodeIgniter\Boot::bootWeb()
CRITICAL - 2026-04-29 00:16:48 --> CodeIgniter\HTTP\Exceptions\BadRequestException: The URI you submitted has disallowed characters: "प्रदेश-१"
[Method: GET, Route: category/%E0%A4%AA%E0%A5%8D%E0%A4%B0%E0%A4%A6%E0%A5%87%E0%A4%B6-%E0%A5%A7/page/3/]
in SYSTEMPATH/Router/Router.php on line 768.
 1 SYSTEMPATH/Router/Router.php(219): CodeIgniter\Router\Router->checkDisallowedChars()
 2 SYSTEMPATH/CodeIgniter.php(829): CodeIgniter\Router\Router->handle()
 3 SYSTEMPATH/CodeIgniter.php(441): CodeIgniter\CodeIgniter->tryToRouteIt()
 4 SYSTEMPATH/CodeIgniter.php(340): CodeIgniter\CodeIgniter->handleRequest()
 5 SYSTEMPATH/Boot.php(417): CodeIgniter\CodeIgniter->run()
 6 SYSTEMPATH/Boot.php(68): CodeIgniter\Boot::runCodeIgniter()
 7 FCPATH/index.php(31): CodeIgniter\Boot::bootWeb()
CRITICAL - 2026-04-29 00:16:50 --> CodeIgniter\HTTP\Exceptions\BadRequestException: The URI you submitted has disallowed characters: "प्रदेश-१"
[Method: GET, Route: category/%E0%A4%AA%E0%A5%8D%E0%A4%B0%E0%A4%A6%E0%A5%87%E0%A4%B6-%E0%A5%A7/page/4/]
in SYSTEMPATH/Router/Router.php on line 768.
 1 SYSTEMPATH/Router/Router.php(219): CodeIgniter\Router\Router->checkDisallowedChars()
 2 SYSTEMPATH/CodeIgniter.php(829): CodeIgniter\Router\Router->handle()
 3 SYSTEMPATH/CodeIgniter.php(441): CodeIgniter\CodeIgniter->tryToRouteIt()
 4 SYSTEMPATH/CodeIgniter.php(340): CodeIgniter\CodeIgniter->handleRequest()
 5 SYSTEMPATH/Boot.php(417): CodeIgniter\CodeIgniter->run()
 6 SYSTEMPATH/Boot.php(68): CodeIgniter\Boot::runCodeIgniter()
 7 FCPATH/index.php(31): CodeIgniter\Boot::bootWeb()
CRITICAL - 2026-04-29 00:16:52 --> CodeIgniter\HTTP\Exceptions\BadRequestException: The URI you submitted has disallowed characters: "प्रदेश-१"
[Method: GET, Route: category/%E0%A4%AA%E0%A5%8D%E0%A4%B0%E0%A4%A6%E0%A5%87%E0%A4%B6-%E0%A5%A7/page/5/]
in SYSTEMPATH/Router/Router.php on line 768.
 1 SYSTEMPATH/Router/Router.php(219): CodeIgniter\Router\Router->checkDisallowedChars()
 2 SYSTEMPATH/CodeIgniter.php(829): CodeIgniter\Router\Router->handle()
 3 SYSTEMPATH/CodeIgniter.php(441): CodeIgniter\CodeIgniter->tryToRouteIt()
 4 SYSTEMPATH/CodeIgniter.php(340): CodeIgniter\CodeIgniter->handleRequest()
 5 SYSTEMPATH/Boot.php(417): CodeIgniter\CodeIgniter->run()
 6 SYSTEMPATH/Boot.php(68): CodeIgniter\Boot::runCodeIgniter()
 7 FCPATH/index.php(31): CodeIgniter\Boot::bootWeb()
CRITICAL - 2026-04-29 00:16:54 --> CodeIgniter\HTTP\Exceptions\BadRequestException: The URI you submitted has disallowed characters: "प्रदेश-१"
[Method: GET, Route: category/%E0%A4%AA%E0%A5%8D%E0%A4%B0%E0%A4%A6%E0%A5%87%E0%A4%B6-%E0%A5%A7/page/6/]
in SYSTEMPATH/Router/Router.php on line 768.
 1 SYSTEMPATH/Router/Router.php(219): CodeIgniter\Router\Router->checkDisallowedChars()
 2 SYSTEMPATH/CodeIgniter.php(829): CodeIgniter\Router\Router->handle()
 3 SYSTEMPATH/CodeIgniter.php(441): CodeIgniter\CodeIgniter->tryToRouteIt()
 4 SYSTEMPATH/CodeIgniter.php(340): CodeIgniter\CodeIgniter->handleRequest()
 5 SYSTEMPATH/Boot.php(417): CodeIgniter\CodeIgniter->run()
 6 SYSTEMPATH/Boot.php(68): CodeIgniter\Boot::runCodeIgniter()
 7 FCPATH/index.php(31): CodeIgniter\Boot::bootWeb()
CRITICAL - 2026-04-29 00:16:56 --> CodeIgniter\HTTP\Exceptions\BadRequestException: The URI you submitted has disallowed characters: "प्रदेश-१"
[Method: GET, Route: category/%E0%A4%AA%E0%A5%8D%E0%A4%B0%E0%A4%A6%E0%A5%87%E0%A4%B6-%E0%A5%A7/page/7/]
in SYSTEMPATH/Router/Router.php on line 768.
 1 SYSTEMPATH/Router/Router.php(219): CodeIgniter\Router\Router->checkDisallowedChars()
 2 SYSTEMPATH/CodeIgniter.php(829): CodeIgniter\Router\Router->handle()
 3 SYSTEMPATH/CodeIgniter.php(441): CodeIgniter\CodeIgniter->tryToRouteIt()
 4 SYSTEMPATH/CodeIgniter.php(340): CodeIgniter\CodeIgniter->handleRequest()
 5 SYSTEMPATH/Boot.php(417): CodeIgniter\CodeIgniter->run()
 6 SYSTEMPATH/Boot.php(68): CodeIgniter\Boot::runCodeIgniter()
 7 FCPATH/index.php(31): CodeIgniter\Boot::bootWeb()
CRITICAL - 2026-04-29 00:16:59 --> CodeIgniter\HTTP\Exceptions\BadRequestException: The URI you submitted has disallowed characters: "प्रदेश-१"
[Method: GET, Route: category/%E0%A4%AA%E0%A5%8D%E0%A4%B0%E0%A4%A6%E0%A5%87%E0%A4%B6-%E0%A5%A7/page/8/]
in SYSTEMPATH/Router/Router.php on line 768.
 1 SYSTEMPATH/Router/Router.php(219): CodeIgniter\Router\Router->checkDisallowedChars()
 2 SYSTEMPATH/CodeIgniter.php(829): CodeIgniter\Router\Router->handle()
 3 SYSTEMPATH/CodeIgniter.php(441): CodeIgniter\CodeIgniter->tryToRouteIt()
 4 SYSTEMPATH/CodeIgniter.php(340): CodeIgniter\CodeIgniter->handleRequest()
 5 SYSTEMPATH/Boot.php(417): CodeIgniter\CodeIgniter->run()
 6 SYSTEMPATH/Boot.php(68): CodeIgniter\Boot::runCodeIgniter()
 7 FCPATH/index.php(31): CodeIgniter\Boot::bootWeb()
CRITICAL - 2026-04-29 00:17:03 --> CodeIgniter\HTTP\Exceptions\BadRequestException: The URI you submitted has disallowed characters: "प्रदेश-१"
[Method: GET, Route: category/%E0%A4%AA%E0%A5%8D%E0%A4%B0%E0%A4%A6%E0%A5%87%E0%A4%B6-%E0%A5%A7/page/9/]
in SYSTEMPATH/Router/Router.php on line 768.
 1 SYSTEMPATH/Router/Router.php(219): CodeIgniter\Router\Router->checkDisallowedChars()
 2 SYSTEMPATH/CodeIgniter.php(829): CodeIgniter\Router\Router->handle()
 3 SYSTEMPATH/CodeIgniter.php(441): CodeIgniter\CodeIgniter->tryToRouteIt()
 4 SYSTEMPATH/CodeIgniter.php(340): CodeIgniter\CodeIgniter->handleRequest()
 5 SYSTEMPATH/Boot.php(417): CodeIgniter\CodeIgniter->run()
 6 SYSTEMPATH/Boot.php(68): CodeIgniter\Boot::runCodeIgniter()
 7 FCPATH/index.php(31): CodeIgniter\Boot::bootWeb()
CRITICAL - 2026-04-29 00:17:05 --> CodeIgniter\HTTP\Exceptions\BadRequestException: The URI you submitted has disallowed characters: "प्रदेश-१"
[Method: GET, Route: category/%E0%A4%AA%E0%A5%8D%E0%A4%B0%E0%A4%A6%E0%A5%87%E0%A4%B6-%E0%A5%A7/page/9/]
in SYSTEMPATH/Router/Router.php on line 768.
 1 SYSTEMPATH/Router/Router.php(219): CodeIgniter\Router\Router->checkDisallowedChars()
 2 SYSTEMPATH/CodeIgniter.php(829): CodeIgniter\Router\Router->handle()
 3 SYSTEMPATH/CodeIgniter.php(441): CodeIgniter\CodeIgniter->tryToRouteIt()
 4 SYSTEMPATH/CodeIgniter.php(340): CodeIgniter\CodeIgniter->handleRequest()
 5 SYSTEMPATH/Boot.php(417): CodeIgniter\CodeIgniter->run()
 6 SYSTEMPATH/Boot.php(68): CodeIgniter\Boot::runCodeIgniter()
 7 FCPATH/index.php(31): CodeIgniter\Boot::bootWeb()
CRITICAL - 2026-04-29 00:17:09 --> CodeIgniter\HTTP\Exceptions\BadRequestException: The URI you submitted has disallowed characters: "प्रदेश-२"
[Method: GET, Route: category/%E0%A4%AA%E0%A5%8D%E0%A4%B0%E0%A4%A6%E0%A5%87%E0%A4%B6-%E0%A5%A8/]
in SYSTEMPATH/Router/Router.php on line 768.
 1 SYSTEMPATH/Router/Router.php(219): CodeIgniter\Router\Router->checkDisallowedChars()
 2 SYSTEMPATH/CodeIgniter.php(829): CodeIgniter\Router\Router->handle()
 3 SYSTEMPATH/CodeIgniter.php(441): CodeIgniter\CodeIgniter->tryToRouteIt()
 4 SYSTEMPATH/CodeIgniter.php(340): CodeIgniter\CodeIgniter->handleRequest()
 5 SYSTEMPATH/Boot.php(417): CodeIgniter\CodeIgniter->run()
 6 SYSTEMPATH/Boot.php(68): CodeIgniter\Boot::runCodeIgniter()
 7 FCPATH/index.php(31): CodeIgniter\Boot::bootWeb()
CRITICAL - 2026-04-29 00:17:11 --> CodeIgniter\HTTP\Exceptions\BadRequestException: The URI you submitted has disallowed characters: "प्रदेश-२"
[Method: GET, Route: category/%E0%A4%AA%E0%A5%8D%E0%A4%B0%E0%A4%A6%E0%A5%87%E0%A4%B6-%E0%A5%A8/]
in SYSTEMPATH/Router/Router.php on line 768.
 1 SYSTEMPATH/Router/Router.php(219): CodeIgniter\Router\Router->checkDisallowedChars()
 2 SYSTEMPATH/CodeIgniter.php(829): CodeIgniter\Router\Router->handle()
 3 SYSTEMPATH/CodeIgniter.php(441): CodeIgniter\CodeIgniter->tryToRouteIt()
 4 SYSTEMPATH/CodeIgniter.php(340): CodeIgniter\CodeIgniter->handleRequest()
 5 SYSTEMPATH/Boot.php(417): CodeIgniter\CodeIgniter->run()
 6 SYSTEMPATH/Boot.php(68): CodeIgniter\Boot::runCodeIgniter()
 7 FCPATH/index.php(31): CodeIgniter\Boot::bootWeb()
CRITICAL - 2026-04-29 00:17:13 --> CodeIgniter\HTTP\Exceptions\BadRequestException: The URI you submitted has disallowed characters: "प्रदेश-२"
[Method: GET, Route: category/%E0%A4%AA%E0%A5%8D%E0%A4%B0%E0%A4%A6%E0%A5%87%E0%A4%B6-%E0%A5%A8/page/10/]
in SYSTEMPATH/Router/Router.php on line 768.
 1 SYSTEMPATH/Router/Router.php(219): CodeIgniter\Router\Router->checkDisallowedChars()
 2 SYSTEMPATH/CodeIgniter.php(829): CodeIgniter\Router\Router->handle()
 3 SYSTEMPATH/CodeIgniter.php(441): CodeIgniter\CodeIgniter->tryToRouteIt()
 4 SYSTEMPATH/CodeIgniter.php(340): CodeIgniter\CodeIgniter->handleRequest()
 5 SYSTEMPATH/Boot.php(417): CodeIgniter\CodeIgniter->run()
 6 SYSTEMPATH/Boot.php(68): CodeIgniter\Boot::runCodeIgniter()
 7 FCPATH/index.php(31): CodeIgniter\Boot::bootWeb()
CRITICAL - 2026-04-29 00:17:16 --> CodeIgniter\HTTP\Exceptions\BadRequestException: The URI you submitted has disallowed characters: "प्रदेश-२"
[Method: GET, Route: category/%E0%A4%AA%E0%A5%8D%E0%A4%B0%E0%A4%A6%E0%A5%87%E0%A4%B6-%E0%A5%A8/page/11/]
in SYSTEMPATH/Router/Router.php on line 768.
 1 SYSTEMPATH/Router/Router.php(219): CodeIgniter\Router\Router->checkDisallowedChars()
 2 SYSTEMPATH/CodeIgniter.php(829): CodeIgniter\Router\Router->handle()
 3 SYSTEMPATH/CodeIgniter.php(441): CodeIgniter\CodeIgniter->tryToRouteIt()
 4 SYSTEMPATH/CodeIgniter.php(340): CodeIgniter\CodeIgniter->handleRequest()
 5 SYSTEMPATH/Boot.php(417): CodeIgniter\CodeIgniter->run()
 6 SYSTEMPATH/Boot.php(68): CodeIgniter\Boot::runCodeIgniter()
 7 FCPATH/index.php(31): CodeIgniter\Boot::bootWeb()
CRITICAL - 2026-04-29 00:17:18 --> CodeIgniter\HTTP\Exceptions\BadRequestException: The URI you submitted has disallowed characters: "प्रदेश-२"
[Method: GET, Route: category/%E0%A4%AA%E0%A5%8D%E0%A4%B0%E0%A4%A6%E0%A5%87%E0%A4%B6-%E0%A5%A8/page/12/]
in SYSTEMPATH/Router/Router.php on line 768.
 1 SYSTEMPATH/Router/Router.php(219): CodeIgniter\Router\Router->checkDisallowedChars()
 2 SYSTEMPATH/CodeIgniter.php(829): CodeIgniter\Router\Router->handle()
 3 SYSTEMPATH/CodeIgniter.php(441): CodeIgniter\CodeIgniter->tryToRouteIt()
 4 SYSTEMPATH/CodeIgniter.php(340): CodeIgniter\CodeIgniter->handleRequest()
 5 SYSTEMPATH/Boot.php(417): CodeIgniter\CodeIgniter->run()
 6 SYSTEMPATH/Boot.php(68): CodeIgniter\Boot::runCodeIgniter()
 7 FCPATH/index.php(31): CodeIgniter\Boot::bootWeb()
CRITICAL - 2026-04-29 00:17:20 --> CodeIgniter\HTTP\Exceptions\BadRequestException: The URI you submitted has disallowed characters: "प्रदेश-२"
[Method: GET, Route: category/%E0%A4%AA%E0%A5%8D%E0%A4%B0%E0%A4%A6%E0%A5%87%E0%A4%B6-%E0%A5%A8/page/2/]
in SYSTEMPATH/Router/Router.php on line 768.
 1 SYSTEMPATH/Router/Router.php(219): CodeIgniter\Router\Router->checkDisallowedChars()
 2 SYSTEMPATH/CodeIgniter.php(829): CodeIgniter\Router\Router->handle()
 3 SYSTEMPATH/CodeIgniter.php(441): CodeIgniter\CodeIgniter->tryToRouteIt()
 4 SYSTEMPATH/CodeIgniter.php(340): CodeIgniter\CodeIgniter->handleRequest()
 5 SYSTEMPATH/Boot.php(417): CodeIgniter\CodeIgniter->run()
 6 SYSTEMPATH/Boot.php(68): CodeIgniter\Boot::runCodeIgniter()
 7 FCPATH/index.php(31): CodeIgniter\Boot::bootWeb()
CRITICAL - 2026-04-29 00:17:22 --> CodeIgniter\HTTP\Exceptions\BadRequestException: The URI you submitted has disallowed characters: "प्रदेश-२"
[Method: GET, Route: category/%E0%A4%AA%E0%A5%8D%E0%A4%B0%E0%A4%A6%E0%A5%87%E0%A4%B6-%E0%A5%A8/page/3/]
in SYSTEMPATH/Router/Router.php on line 768.
 1 SYSTEMPATH/Router/Router.php(219): CodeIgniter\Router\Router->checkDisallowedChars()
 2 SYSTEMPATH/CodeIgniter.php(829): CodeIgniter\Router\Router->handle()
 3 SYSTEMPATH/CodeIgniter.php(441): CodeIgniter\CodeIgniter->tryToRouteIt()
 4 SYSTEMPATH/CodeIgniter.php(340): CodeIgniter\CodeIgniter->handleRequest()
 5 SYSTEMPATH/Boot.php(417): CodeIgniter\CodeIgniter->run()
 6 SYSTEMPATH/Boot.php(68): CodeIgniter\Boot::runCodeIgniter()
 7 FCPATH/index.php(31): CodeIgniter\Boot::bootWeb()
CRITICAL - 2026-04-29 00:17:24 --> CodeIgniter\HTTP\Exceptions\BadRequestException: The URI you submitted has disallowed characters: "प्रदेश-२"
[Method: GET, Route: category/%E0%A4%AA%E0%A5%8D%E0%A4%B0%E0%A4%A6%E0%A5%87%E0%A4%B6-%E0%A5%A8/page/4/]
in SYSTEMPATH/Router/Router.php on line 768.
 1 SYSTEMPATH/Router/Router.php(219): CodeIgniter\Router\Router->checkDisallowedChars()
 2 SYSTEMPATH/CodeIgniter.php(829): CodeIgniter\Router\Router->handle()
 3 SYSTEMPATH/CodeIgniter.php(441): CodeIgniter\CodeIgniter->tryToRouteIt()
 4 SYSTEMPATH/CodeIgniter.php(340): CodeIgniter\CodeIgniter->handleRequest()
 5 SYSTEMPATH/Boot.php(417): CodeIgniter\CodeIgniter->run()
 6 SYSTEMPATH/Boot.php(68): CodeIgniter\Boot::runCodeIgniter()
 7 FCPATH/index.php(31): CodeIgniter\Boot::bootWeb()
CRITICAL - 2026-04-29 00:17:26 --> CodeIgniter\HTTP\Exceptions\BadRequestException: The URI you submitted has disallowed characters: "प्रदेश-२"
[Method: GET, Route: category/%E0%A4%AA%E0%A5%8D%E0%A4%B0%E0%A4%A6%E0%A5%87%E0%A4%B6-%E0%A5%A8/page/5/]
in SYSTEMPATH/Router/Router.php on line 768.
 1 SYSTEMPATH/Router/Router.php(219): CodeIgniter\Router\Router->checkDisallowedChars()
 2 SYSTEMPATH/CodeIgniter.php(829): CodeIgniter\Router\Router->handle()
 3 SYSTEMPATH/CodeIgniter.php(441): CodeIgniter\CodeIgniter->tryToRouteIt()
 4 SYSTEMPATH/CodeIgniter.php(340): CodeIgniter\CodeIgniter->handleRequest()
 5 SYSTEMPATH/Boot.php(417): CodeIgniter\CodeIgniter->run()
 6 SYSTEMPATH/Boot.php(68): CodeIgniter\Boot::runCodeIgniter()
 7 FCPATH/index.php(31): CodeIgniter\Boot::bootWeb()
CRITICAL - 2026-04-29 00:17:30 --> CodeIgniter\HTTP\Exceptions\BadRequestException: The URI you submitted has disallowed characters: "प्रदेश-२"
[Method: GET, Route: category/%E0%A4%AA%E0%A5%8D%E0%A4%B0%E0%A4%A6%E0%A5%87%E0%A4%B6-%E0%A5%A8/page/6/]
in SYSTEMPATH/Router/Router.php on line 768.
 1 SYSTEMPATH/Router/Router.php(219): CodeIgniter\Router\Router->checkDisallowedChars()
 2 SYSTEMPATH/CodeIgniter.php(829): CodeIgniter\Router\Router->handle()
 3 SYSTEMPATH/CodeIgniter.php(441): CodeIgniter\CodeIgniter->tryToRouteIt()
 4 SYSTEMPATH/CodeIgniter.php(340): CodeIgniter\CodeIgniter->handleRequest()
 5 SYSTEMPATH/Boot.php(417): CodeIgniter\CodeIgniter->run()
 6 SYSTEMPATH/Boot.php(68): CodeIgniter\Boot::runCodeIgniter()
 7 FCPATH/index.php(31): CodeIgniter\Boot::bootWeb()
CRITICAL - 2026-04-29 00:17:32 --> CodeIgniter\HTTP\Exceptions\BadRequestException: The URI you submitted has disallowed characters: "प्रदेश-२"
[Method: GET, Route: category/%E0%A4%AA%E0%A5%8D%E0%A4%B0%E0%A4%A6%E0%A5%87%E0%A4%B6-%E0%A5%A8/page/7/]
in SYSTEMPATH/Router/Router.php on line 768.
 1 SYSTEMPATH/Router/Router.php(219): CodeIgniter\Router\Router->checkDisallowedChars()
 2 SYSTEMPATH/CodeIgniter.php(829): CodeIgniter\Router\Router->handle()
 3 SYSTEMPATH/CodeIgniter.php(441): CodeIgniter\CodeIgniter->tryToRouteIt()
 4 SYSTEMPATH/CodeIgniter.php(340): CodeIgniter\CodeIgniter->handleRequest()
 5 SYSTEMPATH/Boot.php(417): CodeIgniter\CodeIgniter->run()
 6 SYSTEMPATH/Boot.php(68): CodeIgniter\Boot::runCodeIgniter()
 7 FCPATH/index.php(31): CodeIgniter\Boot::bootWeb()
CRITICAL - 2026-04-29 00:17:37 --> CodeIgniter\HTTP\Exceptions\BadRequestException: The URI you submitted has disallowed characters: "प्रदेश-२"
[Method: GET, Route: category/%E0%A4%AA%E0%A5%8D%E0%A4%B0%E0%A4%A6%E0%A5%87%E0%A4%B6-%E0%A5%A8/page/8/]
in SYSTEMPATH/Router/Router.php on line 768.
 1 SYSTEMPATH/Router/Router.php(219): CodeIgniter\Router\Router->checkDisallowedChars()
 2 SYSTEMPATH/CodeIgniter.php(829): CodeIgniter\Router\Router->handle()
 3 SYSTEMPATH/CodeIgniter.php(441): CodeIgniter\CodeIgniter->tryToRouteIt()
 4 SYSTEMPATH/CodeIgniter.php(340): CodeIgniter\CodeIgniter->handleRequest()
 5 SYSTEMPATH/Boot.php(417): CodeIgniter\CodeIgniter->run()
 6 SYSTEMPATH/Boot.php(68): CodeIgniter\Boot::runCodeIgniter()
 7 FCPATH/index.php(31): CodeIgniter\Boot::bootWeb()
CRITICAL - 2026-04-29 00:17:39 --> CodeIgniter\HTTP\Exceptions\BadRequestException: The URI you submitted has disallowed characters: "प्रदेश-२"
[Method: GET, Route: category/%E0%A4%AA%E0%A5%8D%E0%A4%B0%E0%A4%A6%E0%A5%87%E0%A4%B6-%E0%A5%A8/page/8/]
in SYSTEMPATH/Router/Router.php on line 768.
 1 SYSTEMPATH/Router/Router.php(219): CodeIgniter\Router\Router->checkDisallowedChars()
 2 SYSTEMPATH/CodeIgniter.php(829): CodeIgniter\Router\Router->handle()
 3 SYSTEMPATH/CodeIgniter.php(441): CodeIgniter\CodeIgniter->tryToRouteIt()
 4 SYSTEMPATH/CodeIgniter.php(340): CodeIgniter\CodeIgniter->handleRequest()
 5 SYSTEMPATH/Boot.php(417): CodeIgniter\CodeIgniter->run()
 6 SYSTEMPATH/Boot.php(68): CodeIgniter\Boot::runCodeIgniter()
 7 FCPATH/index.php(31): CodeIgniter\Boot::bootWeb()
CRITICAL - 2026-04-29 00:17:43 --> CodeIgniter\HTTP\Exceptions\BadRequestException: The URI you submitted has disallowed characters: "प्रदेश-२"
[Method: GET, Route: category/%E0%A4%AA%E0%A5%8D%E0%A4%B0%E0%A4%A6%E0%A5%87%E0%A4%B6-%E0%A5%A8/page/9/]
in SYSTEMPATH/Router/Router.php on line 768.
 1 SYSTEMPATH/Router/Router.php(219): CodeIgniter\Router\Router->checkDisallowedChars()
 2 SYSTEMPATH/CodeIgniter.php(829): CodeIgniter\Router\Router->handle()
 3 SYSTEMPATH/CodeIgniter.php(441): CodeIgniter\CodeIgniter->tryToRouteIt()
 4 SYSTEMPATH/CodeIgniter.php(340): CodeIgniter\CodeIgniter->handleRequest()
 5 SYSTEMPATH/Boot.php(417): CodeIgniter\CodeIgniter->run()
 6 SYSTEMPATH/Boot.php(68): CodeIgniter\Boot::runCodeIgniter()
 7 FCPATH/index.php(31): CodeIgniter\Boot::bootWeb()
CRITICAL - 2026-04-29 00:17:46 --> CodeIgniter\HTTP\Exceptions\BadRequestException: The URI you submitted has disallowed characters: "प्रदेश-२"
[Method: GET, Route: category/%E0%A4%AA%E0%A5%8D%E0%A4%B0%E0%A4%A6%E0%A5%87%E0%A4%B6-%E0%A5%A8/page/9/]
in SYSTEMPATH/Router/Router.php on line 768.
 1 SYSTEMPATH/Router/Router.php(219): CodeIgniter\Router\Router->checkDisallowedChars()
 2 SYSTEMPATH/CodeIgniter.php(829): CodeIgniter\Router\Router->handle()
 3 SYSTEMPATH/CodeIgniter.php(441): CodeIgniter\CodeIgniter->tryToRouteIt()
 4 SYSTEMPATH/CodeIgniter.php(340): CodeIgniter\CodeIgniter->handleRequest()
 5 SYSTEMPATH/Boot.php(417): CodeIgniter\CodeIgniter->run()
 6 SYSTEMPATH/Boot.php(68): CodeIgniter\Boot::runCodeIgniter()
 7 FCPATH/index.php(31): CodeIgniter\Boot::bootWeb()
CRITICAL - 2026-04-29 00:17:50 --> CodeIgniter\HTTP\Exceptions\BadRequestException: The URI you submitted has disallowed characters: "प्रदेश-३"
[Method: GET, Route: category/%E0%A4%AA%E0%A5%8D%E0%A4%B0%E0%A4%A6%E0%A5%87%E0%A4%B6-%E0%A5%A9/]
in SYSTEMPATH/Router/Router.php on line 768.
 1 SYSTEMPATH/Router/Router.php(219): CodeIgniter\Router\Router->checkDisallowedChars()
 2 SYSTEMPATH/CodeIgniter.php(829): CodeIgniter\Router\Router->handle()
 3 SYSTEMPATH/CodeIgniter.php(441): CodeIgniter\CodeIgniter->tryToRouteIt()
 4 SYSTEMPATH/CodeIgniter.php(340): CodeIgniter\CodeIgniter->handleRequest()
 5 SYSTEMPATH/Boot.php(417): CodeIgniter\CodeIgniter->run()
 6 SYSTEMPATH/Boot.php(68): CodeIgniter\Boot::runCodeIgniter()
 7 FCPATH/index.php(31): CodeIgniter\Boot::bootWeb()
CRITICAL - 2026-04-29 00:17:52 --> CodeIgniter\HTTP\Exceptions\BadRequestException: The URI you submitted has disallowed characters: "प्रदेश-३"
[Method: GET, Route: category/%E0%A4%AA%E0%A5%8D%E0%A4%B0%E0%A4%A6%E0%A5%87%E0%A4%B6-%E0%A5%A9/]
in SYSTEMPATH/Router/Router.php on line 768.
 1 SYSTEMPATH/Router/Router.php(219): CodeIgniter\Router\Router->checkDisallowedChars()
 2 SYSTEMPATH/CodeIgniter.php(829): CodeIgniter\Router\Router->handle()
 3 SYSTEMPATH/CodeIgniter.php(441): CodeIgniter\CodeIgniter->tryToRouteIt()
 4 SYSTEMPATH/CodeIgniter.php(340): CodeIgniter\CodeIgniter->handleRequest()
 5 SYSTEMPATH/Boot.php(417): CodeIgniter\CodeIgniter->run()
 6 SYSTEMPATH/Boot.php(68): CodeIgniter\Boot::runCodeIgniter()
 7 FCPATH/index.php(31): CodeIgniter\Boot::bootWeb()
CRITICAL - 2026-04-29 00:17:56 --> CodeIgniter\HTTP\Exceptions\BadRequestException: The URI you submitted has disallowed characters: "प्रदेश-३"
[Method: GET, Route: category/%E0%A4%AA%E0%A5%8D%E0%A4%B0%E0%A4%A6%E0%A5%87%E0%A4%B6-%E0%A5%A9/page/2/]
in SYSTEMPATH/Router/Router.php on line 768.
 1 SYSTEMPATH/Router/Router.php(219): CodeIgniter\Router\Router->checkDisallowedChars()
 2 SYSTEMPATH/CodeIgniter.php(829): CodeIgniter\Router\Router->handle()
 3 SYSTEMPATH/CodeIgniter.php(441): CodeIgniter\CodeIgniter->tryToRouteIt()
 4 SYSTEMPATH/CodeIgniter.php(340): CodeIgniter\CodeIgniter->handleRequest()
 5 SYSTEMPATH/Boot.php(417): CodeIgniter\CodeIgniter->run()
 6 SYSTEMPATH/Boot.php(68): CodeIgniter\Boot::runCodeIgniter()
 7 FCPATH/index.php(31): CodeIgniter\Boot::bootWeb()
CRITICAL - 2026-04-29 00:17:59 --> CodeIgniter\HTTP\Exceptions\BadRequestException: The URI you submitted has disallowed characters: "प्रदेश-३"
[Method: GET, Route: category/%E0%A4%AA%E0%A5%8D%E0%A4%B0%E0%A4%A6%E0%A5%87%E0%A4%B6-%E0%A5%A9/page/2/]
in SYSTEMPATH/Router/Router.php on line 768.
 1 SYSTEMPATH/Router/Router.php(219): CodeIgniter\Router\Router->checkDisallowedChars()
 2 SYSTEMPATH/CodeIgniter.php(829): CodeIgniter\Router\Router->handle()
 3 SYSTEMPATH/CodeIgniter.php(441): CodeIgniter\CodeIgniter->tryToRouteIt()
 4 SYSTEMPATH/CodeIgniter.php(340): CodeIgniter\CodeIgniter->handleRequest()
 5 SYSTEMPATH/Boot.php(417): CodeIgniter\CodeIgniter->run()
 6 SYSTEMPATH/Boot.php(68): CodeIgniter\Boot::runCodeIgniter()
 7 FCPATH/index.php(31): CodeIgniter\Boot::bootWeb()
CRITICAL - 2026-04-29 00:18:01 --> CodeIgniter\HTTP\Exceptions\BadRequestException: The URI you submitted has disallowed characters: "प्रदेश-३"
[Method: GET, Route: category/%E0%A4%AA%E0%A5%8D%E0%A4%B0%E0%A4%A6%E0%A5%87%E0%A4%B6-%E0%A5%A9/page/3/]
in SYSTEMPATH/Router/Router.php on line 768.
 1 SYSTEMPATH/Router/Router.php(219): CodeIgniter\Router\Router->checkDisallowedChars()
 2 SYSTEMPATH/CodeIgniter.php(829): CodeIgniter\Router\Router->handle()
 3 SYSTEMPATH/CodeIgniter.php(441): CodeIgniter\CodeIgniter->tryToRouteIt()
 4 SYSTEMPATH/CodeIgniter.php(340): CodeIgniter\CodeIgniter->handleRequest()
 5 SYSTEMPATH/Boot.php(417): CodeIgniter\CodeIgniter->run()
 6 SYSTEMPATH/Boot.php(68): CodeIgniter\Boot::runCodeIgniter()
 7 FCPATH/index.php(31): CodeIgniter\Boot::bootWeb()
CRITICAL - 2026-04-29 00:18:04 --> CodeIgniter\HTTP\Exceptions\BadRequestException: The URI you submitted has disallowed characters: "प्रदेश-३"
[Method: GET, Route: category/%E0%A4%AA%E0%A5%8D%E0%A4%B0%E0%A4%A6%E0%A5%87%E0%A4%B6-%E0%A5%A9/page/4/]
in SYSTEMPATH/Router/Router.php on line 768.
 1 SYSTEMPATH/Router/Router.php(219): CodeIgniter\Router\Router->checkDisallowedChars()
 2 SYSTEMPATH/CodeIgniter.php(829): CodeIgniter\Router\Router->handle()
 3 SYSTEMPATH/CodeIgniter.php(441): CodeIgniter\CodeIgniter->tryToRouteIt()
 4 SYSTEMPATH/CodeIgniter.php(340): CodeIgniter\CodeIgniter->handleRequest()
 5 SYSTEMPATH/Boot.php(417): CodeIgniter\CodeIgniter->run()
 6 SYSTEMPATH/Boot.php(68): CodeIgniter\Boot::runCodeIgniter()
 7 FCPATH/index.php(31): CodeIgniter\Boot::bootWeb()
CRITICAL - 2026-04-29 00:18:06 --> CodeIgniter\HTTP\Exceptions\BadRequestException: The URI you submitted has disallowed characters: "प्रदेश-३"
[Method: GET, Route: category/%E0%A4%AA%E0%A5%8D%E0%A4%B0%E0%A4%A6%E0%A5%87%E0%A4%B6-%E0%A5%A9/page/5/]
in SYSTEMPATH/Router/Router.php on line 768.
 1 SYSTEMPATH/Router/Router.php(219): CodeIgniter\Router\Router->checkDisallowedChars()
 2 SYSTEMPATH/CodeIgniter.php(829): CodeIgniter\Router\Router->handle()
 3 SYSTEMPATH/CodeIgniter.php(441): CodeIgniter\CodeIgniter->tryToRouteIt()
 4 SYSTEMPATH/CodeIgniter.php(340): CodeIgniter\CodeIgniter->handleRequest()
 5 SYSTEMPATH/Boot.php(417): CodeIgniter\CodeIgniter->run()
 6 SYSTEMPATH/Boot.php(68): CodeIgniter\Boot::runCodeIgniter()
 7 FCPATH/index.php(31): CodeIgniter\Boot::bootWeb()
CRITICAL - 2026-04-29 00:18:08 --> CodeIgniter\HTTP\Exceptions\BadRequestException: The URI you submitted has disallowed characters: "प्रदेश-३"
[Method: GET, Route: category/%E0%A4%AA%E0%A5%8D%E0%A4%B0%E0%A4%A6%E0%A5%87%E0%A4%B6-%E0%A5%A9/page/6/]
in SYSTEMPATH/Router/Router.php on line 768.
 1 SYSTEMPATH/Router/Router.php(219): CodeIgniter\Router\Router->checkDisallowedChars()
 2 SYSTEMPATH/CodeIgniter.php(829): CodeIgniter\Router\Router->handle()
 3 SYSTEMPATH/CodeIgniter.php(441): CodeIgniter\CodeIgniter->tryToRouteIt()
 4 SYSTEMPATH/CodeIgniter.php(340): CodeIgniter\CodeIgniter->handleRequest()
 5 SYSTEMPATH/Boot.php(417): CodeIgniter\CodeIgniter->run()
 6 SYSTEMPATH/Boot.php(68): CodeIgniter\Boot::runCodeIgniter()
 7 FCPATH/index.php(31): CodeIgniter\Boot::bootWeb()
CRITICAL - 2026-04-29 00:18:11 --> CodeIgniter\HTTP\Exceptions\BadRequestException: The URI you submitted has disallowed characters: "प्रदेश-३"
[Method: GET, Route: category/%E0%A4%AA%E0%A5%8D%E0%A4%B0%E0%A4%A6%E0%A5%87%E0%A4%B6-%E0%A5%A9/page/7/]
in SYSTEMPATH/Router/Router.php on line 768.
 1 SYSTEMPATH/Router/Router.php(219): CodeIgniter\Router\Router->checkDisallowedChars()
 2 SYSTEMPATH/CodeIgniter.php(829): CodeIgniter\Router\Router->handle()
 3 SYSTEMPATH/CodeIgniter.php(441): CodeIgniter\CodeIgniter->tryToRouteIt()
 4 SYSTEMPATH/CodeIgniter.php(340): CodeIgniter\CodeIgniter->handleRequest()
 5 SYSTEMPATH/Boot.php(417): CodeIgniter\CodeIgniter->run()
 6 SYSTEMPATH/Boot.php(68): CodeIgniter\Boot::runCodeIgniter()
 7 FCPATH/index.php(31): CodeIgniter\Boot::bootWeb()
CRITICAL - 2026-04-29 00:18:13 --> CodeIgniter\HTTP\Exceptions\BadRequestException: The URI you submitted has disallowed characters: "प्रदेश-३"
[Method: GET, Route: category/%E0%A4%AA%E0%A5%8D%E0%A4%B0%E0%A4%A6%E0%A5%87%E0%A4%B6-%E0%A5%A9/page/8/]
in SYSTEMPATH/Router/Router.php on line 768.
 1 SYSTEMPATH/Router/Router.php(219): CodeIgniter\Router\Router->checkDisallowedChars()
 2 SYSTEMPATH/CodeIgniter.php(829): CodeIgniter\Router\Router->handle()
 3 SYSTEMPATH/CodeIgniter.php(441): CodeIgniter\CodeIgniter->tryToRouteIt()
 4 SYSTEMPATH/CodeIgniter.php(340): CodeIgniter\CodeIgniter->handleRequest()
 5 SYSTEMPATH/Boot.php(417): CodeIgniter\CodeIgniter->run()
 6 SYSTEMPATH/Boot.php(68): CodeIgniter\Boot::runCodeIgniter()
 7 FCPATH/index.php(31): CodeIgniter\Boot::bootWeb()
CRITICAL - 2026-04-29 00:18:15 --> CodeIgniter\HTTP\Exceptions\BadRequestException: The URI you submitted has disallowed characters: "प्रदेश-३"
[Method: GET, Route: category/%E0%A4%AA%E0%A5%8D%E0%A4%B0%E0%A4%A6%E0%A5%87%E0%A4%B6-%E0%A5%A9/page/9/]
in SYSTEMPATH/Router/Router.php on line 768.
 1 SYSTEMPATH/Router/Router.php(219): CodeIgniter\Router\Router->checkDisallowedChars()
 2 SYSTEMPATH/CodeIgniter.php(829): CodeIgniter\Router\Router->handle()
 3 SYSTEMPATH/CodeIgniter.php(441): CodeIgniter\CodeIgniter->tryToRouteIt()
 4 SYSTEMPATH/CodeIgniter.php(340): CodeIgniter\CodeIgniter->handleRequest()
 5 SYSTEMPATH/Boot.php(417): CodeIgniter\CodeIgniter->run()
 6 SYSTEMPATH/Boot.php(68): CodeIgniter\Boot::runCodeIgniter()
 7 FCPATH/index.php(31): CodeIgniter\Boot::bootWeb()
CRITICAL - 2026-04-29 00:18:17 --> CodeIgniter\HTTP\Exceptions\BadRequestException: The URI you submitted has disallowed characters: "प्रदेश-४"
[Method: GET, Route: category/%E0%A4%AA%E0%A5%8D%E0%A4%B0%E0%A4%A6%E0%A5%87%E0%A4%B6-%E0%A5%AA/]
in SYSTEMPATH/Router/Router.php on line 768.
 1 SYSTEMPATH/Router/Router.php(219): CodeIgniter\Router\Router->checkDisallowedChars()
 2 SYSTEMPATH/CodeIgniter.php(829): CodeIgniter\Router\Router->handle()
 3 SYSTEMPATH/CodeIgniter.php(441): CodeIgniter\CodeIgniter->tryToRouteIt()
 4 SYSTEMPATH/CodeIgniter.php(340): CodeIgniter\CodeIgniter->handleRequest()
 5 SYSTEMPATH/Boot.php(417): CodeIgniter\CodeIgniter->run()
 6 SYSTEMPATH/Boot.php(68): CodeIgniter\Boot::runCodeIgniter()
 7 FCPATH/index.php(31): CodeIgniter\Boot::bootWeb()
CRITICAL - 2026-04-29 00:18:21 --> CodeIgniter\HTTP\Exceptions\BadRequestException: The URI you submitted has disallowed characters: "प्रदेश-४"
[Method: GET, Route: category/%E0%A4%AA%E0%A5%8D%E0%A4%B0%E0%A4%A6%E0%A5%87%E0%A4%B6-%E0%A5%AA/page/2/]
in SYSTEMPATH/Router/Router.php on line 768.
 1 SYSTEMPATH/Router/Router.php(219): CodeIgniter\Router\Router->checkDisallowedChars()
 2 SYSTEMPATH/CodeIgniter.php(829): CodeIgniter\Router\Router->handle()
 3 SYSTEMPATH/CodeIgniter.php(441): CodeIgniter\CodeIgniter->tryToRouteIt()
 4 SYSTEMPATH/CodeIgniter.php(340): CodeIgniter\CodeIgniter->handleRequest()
 5 SYSTEMPATH/Boot.php(417): CodeIgniter\CodeIgniter->run()
 6 SYSTEMPATH/Boot.php(68): CodeIgniter\Boot::runCodeIgniter()
 7 FCPATH/index.php(31): CodeIgniter\Boot::bootWeb()
CRITICAL - 2026-04-29 00:18:24 --> CodeIgniter\HTTP\Exceptions\BadRequestException: The URI you submitted has disallowed characters: "प्रदेश-४"
[Method: GET, Route: category/%E0%A4%AA%E0%A5%8D%E0%A4%B0%E0%A4%A6%E0%A5%87%E0%A4%B6-%E0%A5%AA/page/2/]
in SYSTEMPATH/Router/Router.php on line 768.
 1 SYSTEMPATH/Router/Router.php(219): CodeIgniter\Router\Router->checkDisallowedChars()
 2 SYSTEMPATH/CodeIgniter.php(829): CodeIgniter\Router\Router->handle()
 3 SYSTEMPATH/CodeIgniter.php(441): CodeIgniter\CodeIgniter->tryToRouteIt()
 4 SYSTEMPATH/CodeIgniter.php(340): CodeIgniter\CodeIgniter->handleRequest()
 5 SYSTEMPATH/Boot.php(417): CodeIgniter\CodeIgniter->run()
 6 SYSTEMPATH/Boot.php(68): CodeIgniter\Boot::runCodeIgniter()
 7 FCPATH/index.php(31): CodeIgniter\Boot::bootWeb()
CRITICAL - 2026-04-29 00:18:26 --> CodeIgniter\HTTP\Exceptions\BadRequestException: The URI you submitted has disallowed characters: "प्रदेश-४"
[Method: GET, Route: category/%E0%A4%AA%E0%A5%8D%E0%A4%B0%E0%A4%A6%E0%A5%87%E0%A4%B6-%E0%A5%AA/page/3/]
in SYSTEMPATH/Router/Router.php on line 768.
 1 SYSTEMPATH/Router/Router.php(219): CodeIgniter\Router\Router->checkDisallowedChars()
 2 SYSTEMPATH/CodeIgniter.php(829): CodeIgniter\Router\Router->handle()
 3 SYSTEMPATH/CodeIgniter.php(441): CodeIgniter\CodeIgniter->tryToRouteIt()
 4 SYSTEMPATH/CodeIgniter.php(340): CodeIgniter\CodeIgniter->handleRequest()
 5 SYSTEMPATH/Boot.php(417): CodeIgniter\CodeIgniter->run()
 6 SYSTEMPATH/Boot.php(68): CodeIgniter\Boot::runCodeIgniter()
 7 FCPATH/index.php(31): CodeIgniter\Boot::bootWeb()
CRITICAL - 2026-04-29 00:18:28 --> CodeIgniter\HTTP\Exceptions\BadRequestException: The URI you submitted has disallowed characters: "प्रदेश-४"
[Method: GET, Route: category/%E0%A4%AA%E0%A5%8D%E0%A4%B0%E0%A4%A6%E0%A5%87%E0%A4%B6-%E0%A5%AA/page/4/]
in SYSTEMPATH/Router/Router.php on line 768.
 1 SYSTEMPATH/Router/Router.php(219): CodeIgniter\Router\Router->checkDisallowedChars()
 2 SYSTEMPATH/CodeIgniter.php(829): CodeIgniter\Router\Router->handle()
 3 SYSTEMPATH/CodeIgniter.php(441): CodeIgniter\CodeIgniter->tryToRouteIt()
 4 SYSTEMPATH/CodeIgniter.php(340): CodeIgniter\CodeIgniter->handleRequest()
 5 SYSTEMPATH/Boot.php(417): CodeIgniter\CodeIgniter->run()
 6 SYSTEMPATH/Boot.php(68): CodeIgniter\Boot::runCodeIgniter()
 7 FCPATH/index.php(31): CodeIgniter\Boot::bootWeb()
CRITICAL - 2026-04-29 00:18:30 --> CodeIgniter\HTTP\Exceptions\BadRequestException: The URI you submitted has disallowed characters: "प्रदेश-४"
[Method: GET, Route: category/%E0%A4%AA%E0%A5%8D%E0%A4%B0%E0%A4%A6%E0%A5%87%E0%A4%B6-%E0%A5%AA/page/5/]
in SYSTEMPATH/Router/Router.php on line 768.
 1 SYSTEMPATH/Router/Router.php(219): CodeIgniter\Router\Router->checkDisallowedChars()
 2 SYSTEMPATH/CodeIgniter.php(829): CodeIgniter\Router\Router->handle()
 3 SYSTEMPATH/CodeIgniter.php(441): CodeIgniter\CodeIgniter->tryToRouteIt()
 4 SYSTEMPATH/CodeIgniter.php(340): CodeIgniter\CodeIgniter->handleRequest()
 5 SYSTEMPATH/Boot.php(417): CodeIgniter\CodeIgniter->run()
 6 SYSTEMPATH/Boot.php(68): CodeIgniter\Boot::runCodeIgniter()
 7 FCPATH/index.php(31): CodeIgniter\Boot::bootWeb()
CRITICAL - 2026-04-29 00:18:35 --> CodeIgniter\HTTP\Exceptions\BadRequestException: The URI you submitted has disallowed characters: "प्रदेश-४"
[Method: GET, Route: category/%E0%A4%AA%E0%A5%8D%E0%A4%B0%E0%A4%A6%E0%A5%87%E0%A4%B6-%E0%A5%AA/page/6/]
in SYSTEMPATH/Router/Router.php on line 768.
 1 SYSTEMPATH/Router/Router.php(219): CodeIgniter\Router\Router->checkDisallowedChars()
 2 SYSTEMPATH/CodeIgniter.php(829): CodeIgniter\Router\Router->handle()
 3 SYSTEMPATH/CodeIgniter.php(441): CodeIgniter\CodeIgniter->tryToRouteIt()
 4 SYSTEMPATH/CodeIgniter.php(340): CodeIgniter\CodeIgniter->handleRequest()
 5 SYSTEMPATH/Boot.php(417): CodeIgniter\CodeIgniter->run()
 6 SYSTEMPATH/Boot.php(68): CodeIgniter\Boot::runCodeIgniter()
 7 FCPATH/index.php(31): CodeIgniter\Boot::bootWeb()
CRITICAL - 2026-04-29 00:18:37 --> CodeIgniter\HTTP\Exceptions\BadRequestException: The URI you submitted has disallowed characters: "प्रदेश-४"
[Method: GET, Route: category/%E0%A4%AA%E0%A5%8D%E0%A4%B0%E0%A4%A6%E0%A5%87%E0%A4%B6-%E0%A5%AA/page/6/]
in SYSTEMPATH/Router/Router.php on line 768.
 1 SYSTEMPATH/Router/Router.php(219): CodeIgniter\Router\Router->checkDisallowedChars()
 2 SYSTEMPATH/CodeIgniter.php(829): CodeIgniter\Router\Router->handle()
 3 SYSTEMPATH/CodeIgniter.php(441): CodeIgniter\CodeIgniter->tryToRouteIt()
 4 SYSTEMPATH/CodeIgniter.php(340): CodeIgniter\CodeIgniter->handleRequest()
 5 SYSTEMPATH/Boot.php(417): CodeIgniter\CodeIgniter->run()
 6 SYSTEMPATH/Boot.php(68): CodeIgniter\Boot::runCodeIgniter()
 7 FCPATH/index.php(31): CodeIgniter\Boot::bootWeb()
CRITICAL - 2026-04-29 00:18:39 --> CodeIgniter\HTTP\Exceptions\BadRequestException: The URI you submitted has disallowed characters: "प्रदेश-४"
[Method: GET, Route: category/%E0%A4%AA%E0%A5%8D%E0%A4%B0%E0%A4%A6%E0%A5%87%E0%A4%B6-%E0%A5%AA/page/7/]
in SYSTEMPATH/Router/Router.php on line 768.
 1 SYSTEMPATH/Router/Router.php(219): CodeIgniter\Router\Router->checkDisallowedChars()
 2 SYSTEMPATH/CodeIgniter.php(829): CodeIgniter\Router\Router->handle()
 3 SYSTEMPATH/CodeIgniter.php(441): CodeIgniter\CodeIgniter->tryToRouteIt()
 4 SYSTEMPATH/CodeIgniter.php(340): CodeIgniter\CodeIgniter->handleRequest()
 5 SYSTEMPATH/Boot.php(417): CodeIgniter\CodeIgniter->run()
 6 SYSTEMPATH/Boot.php(68): CodeIgniter\Boot::runCodeIgniter()
 7 FCPATH/index.php(31): CodeIgniter\Boot::bootWeb()
CRITICAL - 2026-04-29 00:18:44 --> CodeIgniter\HTTP\Exceptions\BadRequestException: The URI you submitted has disallowed characters: "प्रदेश-४"
[Method: GET, Route: category/%E0%A4%AA%E0%A5%8D%E0%A4%B0%E0%A4%A6%E0%A5%87%E0%A4%B6-%E0%A5%AA/page/8/]
in SYSTEMPATH/Router/Router.php on line 768.
 1 SYSTEMPATH/Router/Router.php(219): CodeIgniter\Router\Router->checkDisallowedChars()
 2 SYSTEMPATH/CodeIgniter.php(829): CodeIgniter\Router\Router->handle()
 3 SYSTEMPATH/CodeIgniter.php(441): CodeIgniter\CodeIgniter->tryToRouteIt()
 4 SYSTEMPATH/CodeIgniter.php(340): CodeIgniter\CodeIgniter->handleRequest()
 5 SYSTEMPATH/Boot.php(417): CodeIgniter\CodeIgniter->run()
 6 SYSTEMPATH/Boot.php(68): CodeIgniter\Boot::runCodeIgniter()
 7 FCPATH/index.php(31): CodeIgniter\Boot::bootWeb()
CRITICAL - 2026-04-29 00:18:46 --> CodeIgniter\HTTP\Exceptions\BadRequestException: The URI you submitted has disallowed characters: "प्रदेश-४"
[Method: GET, Route: category/%E0%A4%AA%E0%A5%8D%E0%A4%B0%E0%A4%A6%E0%A5%87%E0%A4%B6-%E0%A5%AA/page/8/]
in SYSTEMPATH/Router/Router.php on line 768.
 1 SYSTEMPATH/Router/Router.php(219): CodeIgniter\Router\Router->checkDisallowedChars()
 2 SYSTEMPATH/CodeIgniter.php(829): CodeIgniter\Router\Router->handle()
 3 SYSTEMPATH/CodeIgniter.php(441): CodeIgniter\CodeIgniter->tryToRouteIt()
 4 SYSTEMPATH/CodeIgniter.php(340): CodeIgniter\CodeIgniter->handleRequest()
 5 SYSTEMPATH/Boot.php(417): CodeIgniter\CodeIgniter->run()
 6 SYSTEMPATH/Boot.php(68): CodeIgniter\Boot::runCodeIgniter()
 7 FCPATH/index.php(31): CodeIgniter\Boot::bootWeb()
CRITICAL - 2026-04-29 00:18:49 --> CodeIgniter\HTTP\Exceptions\BadRequestException: The URI you submitted has disallowed characters: "प्रदेश-४"
[Method: GET, Route: category/%E0%A4%AA%E0%A5%8D%E0%A4%B0%E0%A4%A6%E0%A5%87%E0%A4%B6-%E0%A5%AA/page/9/]
in SYSTEMPATH/Router/Router.php on line 768.
 1 SYSTEMPATH/Router/Router.php(219): CodeIgniter\Router\Router->checkDisallowedChars()
 2 SYSTEMPATH/CodeIgniter.php(829): CodeIgniter\Router\Router->handle()
 3 SYSTEMPATH/CodeIgniter.php(441): CodeIgniter\CodeIgniter->tryToRouteIt()
 4 SYSTEMPATH/CodeIgniter.php(340): CodeIgniter\CodeIgniter->handleRequest()
 5 SYSTEMPATH/Boot.php(417): CodeIgniter\CodeIgniter->run()
 6 SYSTEMPATH/Boot.php(68): CodeIgniter\Boot::runCodeIgniter()
 7 FCPATH/index.php(31): CodeIgniter\Boot::bootWeb()
CRITICAL - 2026-04-29 00:18:53 --> CodeIgniter\HTTP\Exceptions\BadRequestException: The URI you submitted has disallowed characters: "प्रदेश-५"
[Method: GET, Route: category/%E0%A4%AA%E0%A5%8D%E0%A4%B0%E0%A4%A6%E0%A5%87%E0%A4%B6-%E0%A5%AB/]
in SYSTEMPATH/Router/Router.php on line 768.
 1 SYSTEMPATH/Router/Router.php(219): CodeIgniter\Router\Router->checkDisallowedChars()
 2 SYSTEMPATH/CodeIgniter.php(829): CodeIgniter\Router\Router->handle()
 3 SYSTEMPATH/CodeIgniter.php(441): CodeIgniter\CodeIgniter->tryToRouteIt()
 4 SYSTEMPATH/CodeIgniter.php(340): CodeIgniter\CodeIgniter->handleRequest()
 5 SYSTEMPATH/Boot.php(417): CodeIgniter\CodeIgniter->run()
 6 SYSTEMPATH/Boot.php(68): CodeIgniter\Boot::runCodeIgniter()
 7 FCPATH/index.php(31): CodeIgniter\Boot::bootWeb()
CRITICAL - 2026-04-29 00:18:55 --> CodeIgniter\HTTP\Exceptions\BadRequestException: The URI you submitted has disallowed characters: "प्रदेश-५"
[Method: GET, Route: category/%E0%A4%AA%E0%A5%8D%E0%A4%B0%E0%A4%A6%E0%A5%87%E0%A4%B6-%E0%A5%AB/]
in SYSTEMPATH/Router/Router.php on line 768.
 1 SYSTEMPATH/Router/Router.php(219): CodeIgniter\Router\Router->checkDisallowedChars()
 2 SYSTEMPATH/CodeIgniter.php(829): CodeIgniter\Router\Router->handle()
 3 SYSTEMPATH/CodeIgniter.php(441): CodeIgniter\CodeIgniter->tryToRouteIt()
 4 SYSTEMPATH/CodeIgniter.php(340): CodeIgniter\CodeIgniter->handleRequest()
 5 SYSTEMPATH/Boot.php(417): CodeIgniter\CodeIgniter->run()
 6 SYSTEMPATH/Boot.php(68): CodeIgniter\Boot::runCodeIgniter()
 7 FCPATH/index.php(31): CodeIgniter\Boot::bootWeb()
CRITICAL - 2026-04-29 00:18:59 --> CodeIgniter\HTTP\Exceptions\BadRequestException: The URI you submitted has disallowed characters: "प्रदेश-५"
[Method: GET, Route: category/%E0%A4%AA%E0%A5%8D%E0%A4%B0%E0%A4%A6%E0%A5%87%E0%A4%B6-%E0%A5%AB/page/2/]
in SYSTEMPATH/Router/Router.php on line 768.
 1 SYSTEMPATH/Router/Router.php(219): CodeIgniter\Router\Router->checkDisallowedChars()
 2 SYSTEMPATH/CodeIgniter.php(829): CodeIgniter\Router\Router->handle()
 3 SYSTEMPATH/CodeIgniter.php(441): CodeIgniter\CodeIgniter->tryToRouteIt()
 4 SYSTEMPATH/CodeIgniter.php(340): CodeIgniter\CodeIgniter->handleRequest()
 5 SYSTEMPATH/Boot.php(417): CodeIgniter\CodeIgniter->run()
 6 SYSTEMPATH/Boot.php(68): CodeIgniter\Boot::runCodeIgniter()
 7 FCPATH/index.php(31): CodeIgniter\Boot::bootWeb()
CRITICAL - 2026-04-29 00:19:01 --> CodeIgniter\HTTP\Exceptions\BadRequestException: The URI you submitted has disallowed characters: "प्रदेश-५"
[Method: GET, Route: category/%E0%A4%AA%E0%A5%8D%E0%A4%B0%E0%A4%A6%E0%A5%87%E0%A4%B6-%E0%A5%AB/page/2/]
in SYSTEMPATH/Router/Router.php on line 768.
 1 SYSTEMPATH/Router/Router.php(219): CodeIgniter\Router\Router->checkDisallowedChars()
 2 SYSTEMPATH/CodeIgniter.php(829): CodeIgniter\Router\Router->handle()
 3 SYSTEMPATH/CodeIgniter.php(441): CodeIgniter\CodeIgniter->tryToRouteIt()
 4 SYSTEMPATH/CodeIgniter.php(340): CodeIgniter\CodeIgniter->handleRequest()
 5 SYSTEMPATH/Boot.php(417): CodeIgniter\CodeIgniter->run()
 6 SYSTEMPATH/Boot.php(68): CodeIgniter\Boot::runCodeIgniter()
 7 FCPATH/index.php(31): CodeIgniter\Boot::bootWeb()
CRITICAL - 2026-04-29 00:19:03 --> CodeIgniter\HTTP\Exceptions\BadRequestException: The URI you submitted has disallowed characters: "प्रदेश-५"
[Method: GET, Route: category/%E0%A4%AA%E0%A5%8D%E0%A4%B0%E0%A4%A6%E0%A5%87%E0%A4%B6-%E0%A5%AB/page/3/]
in SYSTEMPATH/Router/Router.php on line 768.
 1 SYSTEMPATH/Router/Router.php(219): CodeIgniter\Router\Router->checkDisallowedChars()
 2 SYSTEMPATH/CodeIgniter.php(829): CodeIgniter\Router\Router->handle()
 3 SYSTEMPATH/CodeIgniter.php(441): CodeIgniter\CodeIgniter->tryToRouteIt()
 4 SYSTEMPATH/CodeIgniter.php(340): CodeIgniter\CodeIgniter->handleRequest()
 5 SYSTEMPATH/Boot.php(417): CodeIgniter\CodeIgniter->run()
 6 SYSTEMPATH/Boot.php(68): CodeIgniter\Boot::runCodeIgniter()
 7 FCPATH/index.php(31): CodeIgniter\Boot::bootWeb()
CRITICAL - 2026-04-29 00:19:06 --> CodeIgniter\HTTP\Exceptions\BadRequestException: The URI you submitted has disallowed characters: "प्रदेश-५"
[Method: GET, Route: category/%E0%A4%AA%E0%A5%8D%E0%A4%B0%E0%A4%A6%E0%A5%87%E0%A4%B6-%E0%A5%AB/page/4/]
in SYSTEMPATH/Router/Router.php on line 768.
 1 SYSTEMPATH/Router/Router.php(219): CodeIgniter\Router\Router->checkDisallowedChars()
 2 SYSTEMPATH/CodeIgniter.php(829): CodeIgniter\Router\Router->handle()
 3 SYSTEMPATH/CodeIgniter.php(441): CodeIgniter\CodeIgniter->tryToRouteIt()
 4 SYSTEMPATH/CodeIgniter.php(340): CodeIgniter\CodeIgniter->handleRequest()
 5 SYSTEMPATH/Boot.php(417): CodeIgniter\CodeIgniter->run()
 6 SYSTEMPATH/Boot.php(68): CodeIgniter\Boot::runCodeIgniter()
 7 FCPATH/index.php(31): CodeIgniter\Boot::bootWeb()
CRITICAL - 2026-04-29 00:19:08 --> CodeIgniter\HTTP\Exceptions\BadRequestException: The URI you submitted has disallowed characters: "प्रदेश-५"
[Method: GET, Route: category/%E0%A4%AA%E0%A5%8D%E0%A4%B0%E0%A4%A6%E0%A5%87%E0%A4%B6-%E0%A5%AB/page/5/]
in SYSTEMPATH/Router/Router.php on line 768.
 1 SYSTEMPATH/Router/Router.php(219): CodeIgniter\Router\Router->checkDisallowedChars()
 2 SYSTEMPATH/CodeIgniter.php(829): CodeIgniter\Router\Router->handle()
 3 SYSTEMPATH/CodeIgniter.php(441): CodeIgniter\CodeIgniter->tryToRouteIt()
 4 SYSTEMPATH/CodeIgniter.php(340): CodeIgniter\CodeIgniter->handleRequest()
 5 SYSTEMPATH/Boot.php(417): CodeIgniter\CodeIgniter->run()
 6 SYSTEMPATH/Boot.php(68): CodeIgniter\Boot::runCodeIgniter()
 7 FCPATH/index.php(31): CodeIgniter\Boot::bootWeb()
CRITICAL - 2026-04-29 00:19:13 --> CodeIgniter\HTTP\Exceptions\BadRequestException: The URI you submitted has disallowed characters: "प्रदेश-५"
[Method: GET, Route: category/%E0%A4%AA%E0%A5%8D%E0%A4%B0%E0%A4%A6%E0%A5%87%E0%A4%B6-%E0%A5%AB/page/6/]
in SYSTEMPATH/Router/Router.php on line 768.
 1 SYSTEMPATH/Router/Router.php(219): CodeIgniter\Router\Router->checkDisallowedChars()
 2 SYSTEMPATH/CodeIgniter.php(829): CodeIgniter\Router\Router->handle()
 3 SYSTEMPATH/CodeIgniter.php(441): CodeIgniter\CodeIgniter->tryToRouteIt()
 4 SYSTEMPATH/CodeIgniter.php(340): CodeIgniter\CodeIgniter->handleRequest()
 5 SYSTEMPATH/Boot.php(417): CodeIgniter\CodeIgniter->run()
 6 SYSTEMPATH/Boot.php(68): CodeIgniter\Boot::runCodeIgniter()
 7 FCPATH/index.php(31): CodeIgniter\Boot::bootWeb()
CRITICAL - 2026-04-29 00:19:15 --> CodeIgniter\HTTP\Exceptions\BadRequestException: The URI you submitted has disallowed characters: "प्रदेश-५"
[Method: GET, Route: category/%E0%A4%AA%E0%A5%8D%E0%A4%B0%E0%A4%A6%E0%A5%87%E0%A4%B6-%E0%A5%AB/page/6/]
in SYSTEMPATH/Router/Router.php on line 768.
 1 SYSTEMPATH/Router/Router.php(219): CodeIgniter\Router\Router->checkDisallowedChars()
 2 SYSTEMPATH/CodeIgniter.php(829): CodeIgniter\Router\Router->handle()
 3 SYSTEMPATH/CodeIgniter.php(441): CodeIgniter\CodeIgniter->tryToRouteIt()
 4 SYSTEMPATH/CodeIgniter.php(340): CodeIgniter\CodeIgniter->handleRequest()
 5 SYSTEMPATH/Boot.php(417): CodeIgniter\CodeIgniter->run()
 6 SYSTEMPATH/Boot.php(68): CodeIgniter\Boot::runCodeIgniter()
 7 FCPATH/index.php(31): CodeIgniter\Boot::bootWeb()
CRITICAL - 2026-04-29 00:19:19 --> CodeIgniter\HTTP\Exceptions\BadRequestException: The URI you submitted has disallowed characters: "प्रदेश-५"
[Method: GET, Route: category/%E0%A4%AA%E0%A5%8D%E0%A4%B0%E0%A4%A6%E0%A5%87%E0%A4%B6-%E0%A5%AB/page/7/]
in SYSTEMPATH/Router/Router.php on line 768.
 1 SYSTEMPATH/Router/Router.php(219): CodeIgniter\Router\Router->checkDisallowedChars()
 2 SYSTEMPATH/CodeIgniter.php(829): CodeIgniter\Router\Router->handle()
 3 SYSTEMPATH/CodeIgniter.php(441): CodeIgniter\CodeIgniter->tryToRouteIt()
 4 SYSTEMPATH/CodeIgniter.php(340): CodeIgniter\CodeIgniter->handleRequest()
 5 SYSTEMPATH/Boot.php(417): CodeIgniter\CodeIgniter->run()
 6 SYSTEMPATH/Boot.php(68): CodeIgniter\Boot::runCodeIgniter()
 7 FCPATH/index.php(31): CodeIgniter\Boot::bootWeb()
CRITICAL - 2026-04-29 00:19:21 --> CodeIgniter\HTTP\Exceptions\BadRequestException: The URI you submitted has disallowed characters: "प्रदेश-५"
[Method: GET, Route: category/%E0%A4%AA%E0%A5%8D%E0%A4%B0%E0%A4%A6%E0%A5%87%E0%A4%B6-%E0%A5%AB/page/7/]
in SYSTEMPATH/Router/Router.php on line 768.
 1 SYSTEMPATH/Router/Router.php(219): CodeIgniter\Router\Router->checkDisallowedChars()
 2 SYSTEMPATH/CodeIgniter.php(829): CodeIgniter\Router\Router->handle()
 3 SYSTEMPATH/CodeIgniter.php(441): CodeIgniter\CodeIgniter->tryToRouteIt()
 4 SYSTEMPATH/CodeIgniter.php(340): CodeIgniter\CodeIgniter->handleRequest()
 5 SYSTEMPATH/Boot.php(417): CodeIgniter\CodeIgniter->run()
 6 SYSTEMPATH/Boot.php(68): CodeIgniter\Boot::runCodeIgniter()
 7 FCPATH/index.php(31): CodeIgniter\Boot::bootWeb()
CRITICAL - 2026-04-29 00:19:26 --> CodeIgniter\HTTP\Exceptions\BadRequestException: The URI you submitted has disallowed characters: "प्रदेश-५"
[Method: GET, Route: category/%E0%A4%AA%E0%A5%8D%E0%A4%B0%E0%A4%A6%E0%A5%87%E0%A4%B6-%E0%A5%AB/page/8/]
in SYSTEMPATH/Router/Router.php on line 768.
 1 SYSTEMPATH/Router/Router.php(219): CodeIgniter\Router\Router->checkDisallowedChars()
 2 SYSTEMPATH/CodeIgniter.php(829): CodeIgniter\Router\Router->handle()
 3 SYSTEMPATH/CodeIgniter.php(441): CodeIgniter\CodeIgniter->tryToRouteIt()
 4 SYSTEMPATH/CodeIgniter.php(340): CodeIgniter\CodeIgniter->handleRequest()
 5 SYSTEMPATH/Boot.php(417): CodeIgniter\CodeIgniter->run()
 6 SYSTEMPATH/Boot.php(68): CodeIgniter\Boot::runCodeIgniter()
 7 FCPATH/index.php(31): CodeIgniter\Boot::bootWeb()
CRITICAL - 2026-04-29 00:19:28 --> CodeIgniter\HTTP\Exceptions\BadRequestException: The URI you submitted has disallowed characters: "प्रदेश-५"
[Method: GET, Route: category/%E0%A4%AA%E0%A5%8D%E0%A4%B0%E0%A4%A6%E0%A5%87%E0%A4%B6-%E0%A5%AB/page/8/]
in SYSTEMPATH/Router/Router.php on line 768.
 1 SYSTEMPATH/Router/Router.php(219): CodeIgniter\Router\Router->checkDisallowedChars()
 2 SYSTEMPATH/CodeIgniter.php(829): CodeIgniter\Router\Router->handle()
 3 SYSTEMPATH/CodeIgniter.php(441): CodeIgniter\CodeIgniter->tryToRouteIt()
 4 SYSTEMPATH/CodeIgniter.php(340): CodeIgniter\CodeIgniter->handleRequest()
 5 SYSTEMPATH/Boot.php(417): CodeIgniter\CodeIgniter->run()
 6 SYSTEMPATH/Boot.php(68): CodeIgniter\Boot::runCodeIgniter()
 7 FCPATH/index.php(31): CodeIgniter\Boot::bootWeb()
CRITICAL - 2026-04-29 00:19:32 --> CodeIgniter\HTTP\Exceptions\BadRequestException: The URI you submitted has disallowed characters: "प्रदेश-५"
[Method: GET, Route: category/%E0%A4%AA%E0%A5%8D%E0%A4%B0%E0%A4%A6%E0%A5%87%E0%A4%B6-%E0%A5%AB/page/9/]
in SYSTEMPATH/Router/Router.php on line 768.
 1 SYSTEMPATH/Router/Router.php(219): CodeIgniter\Router\Router->checkDisallowedChars()
 2 SYSTEMPATH/CodeIgniter.php(829): CodeIgniter\Router\Router->handle()
 3 SYSTEMPATH/CodeIgniter.php(441): CodeIgniter\CodeIgniter->tryToRouteIt()
 4 SYSTEMPATH/CodeIgniter.php(340): CodeIgniter\CodeIgniter->handleRequest()
 5 SYSTEMPATH/Boot.php(417): CodeIgniter\CodeIgniter->run()
 6 SYSTEMPATH/Boot.php(68): CodeIgniter\Boot::runCodeIgniter()
 7 FCPATH/index.php(31): CodeIgniter\Boot::bootWeb()
CRITICAL - 2026-04-29 00:19:34 --> CodeIgniter\HTTP\Exceptions\BadRequestException: The URI you submitted has disallowed characters: "प्रदेश-५"
[Method: GET, Route: category/%E0%A4%AA%E0%A5%8D%E0%A4%B0%E0%A4%A6%E0%A5%87%E0%A4%B6-%E0%A5%AB/page/9/]
in SYSTEMPATH/Router/Router.php on line 768.
 1 SYSTEMPATH/Router/Router.php(219): CodeIgniter\Router\Router->checkDisallowedChars()
 2 SYSTEMPATH/CodeIgniter.php(829): CodeIgniter\Router\Router->handle()
 3 SYSTEMPATH/CodeIgniter.php(441): CodeIgniter\CodeIgniter->tryToRouteIt()
 4 SYSTEMPATH/CodeIgniter.php(340): CodeIgniter\CodeIgniter->handleRequest()
 5 SYSTEMPATH/Boot.php(417): CodeIgniter\CodeIgniter->run()
 6 SYSTEMPATH/Boot.php(68): CodeIgniter\Boot::runCodeIgniter()
 7 FCPATH/index.php(31): CodeIgniter\Boot::bootWeb()
CRITICAL - 2026-04-29 00:19:39 --> CodeIgniter\HTTP\Exceptions\BadRequestException: The URI you submitted has disallowed characters: "प्रदेश-६"
[Method: GET, Route: category/%E0%A4%AA%E0%A5%8D%E0%A4%B0%E0%A4%A6%E0%A5%87%E0%A4%B6-%E0%A5%AC/]
in SYSTEMPATH/Router/Router.php on line 768.
 1 SYSTEMPATH/Router/Router.php(219): CodeIgniter\Router\Router->checkDisallowedChars()
 2 SYSTEMPATH/CodeIgniter.php(829): CodeIgniter\Router\Router->handle()
 3 SYSTEMPATH/CodeIgniter.php(441): CodeIgniter\CodeIgniter->tryToRouteIt()
 4 SYSTEMPATH/CodeIgniter.php(340): CodeIgniter\CodeIgniter->handleRequest()
 5 SYSTEMPATH/Boot.php(417): CodeIgniter\CodeIgniter->run()
 6 SYSTEMPATH/Boot.php(68): CodeIgniter\Boot::runCodeIgniter()
 7 FCPATH/index.php(31): CodeIgniter\Boot::bootWeb()
CRITICAL - 2026-04-29 00:19:41 --> CodeIgniter\HTTP\Exceptions\BadRequestException: The URI you submitted has disallowed characters: "प्रदेश-६"
[Method: GET, Route: category/%E0%A4%AA%E0%A5%8D%E0%A4%B0%E0%A4%A6%E0%A5%87%E0%A4%B6-%E0%A5%AC/]
in SYSTEMPATH/Router/Router.php on line 768.
 1 SYSTEMPATH/Router/Router.php(219): CodeIgniter\Router\Router->checkDisallowedChars()
 2 SYSTEMPATH/CodeIgniter.php(829): CodeIgniter\Router\Router->handle()
 3 SYSTEMPATH/CodeIgniter.php(441): CodeIgniter\CodeIgniter->tryToRouteIt()
 4 SYSTEMPATH/CodeIgniter.php(340): CodeIgniter\CodeIgniter->handleRequest()
 5 SYSTEMPATH/Boot.php(417): CodeIgniter\CodeIgniter->run()
 6 SYSTEMPATH/Boot.php(68): CodeIgniter\Boot::runCodeIgniter()
 7 FCPATH/index.php(31): CodeIgniter\Boot::bootWeb()
CRITICAL - 2026-04-29 00:19:45 --> CodeIgniter\HTTP\Exceptions\BadRequestException: The URI you submitted has disallowed characters: "प्रदेश-६"
[Method: GET, Route: category/%E0%A4%AA%E0%A5%8D%E0%A4%B0%E0%A4%A6%E0%A5%87%E0%A4%B6-%E0%A5%AC/page/2/]
in SYSTEMPATH/Router/Router.php on line 768.
 1 SYSTEMPATH/Router/Router.php(219): CodeIgniter\Router\Router->checkDisallowedChars()
 2 SYSTEMPATH/CodeIgniter.php(829): CodeIgniter\Router\Router->handle()
 3 SYSTEMPATH/CodeIgniter.php(441): CodeIgniter\CodeIgniter->tryToRouteIt()
 4 SYSTEMPATH/CodeIgniter.php(340): CodeIgniter\CodeIgniter->handleRequest()
 5 SYSTEMPATH/Boot.php(417): CodeIgniter\CodeIgniter->run()
 6 SYSTEMPATH/Boot.php(68): CodeIgniter\Boot::runCodeIgniter()
 7 FCPATH/index.php(31): CodeIgniter\Boot::bootWeb()
CRITICAL - 2026-04-29 00:19:47 --> CodeIgniter\HTTP\Exceptions\BadRequestException: The URI you submitted has disallowed characters: "प्रदेश-६"
[Method: GET, Route: category/%E0%A4%AA%E0%A5%8D%E0%A4%B0%E0%A4%A6%E0%A5%87%E0%A4%B6-%E0%A5%AC/page/2/]
in SYSTEMPATH/Router/Router.php on line 768.
 1 SYSTEMPATH/Router/Router.php(219): CodeIgniter\Router\Router->checkDisallowedChars()
 2 SYSTEMPATH/CodeIgniter.php(829): CodeIgniter\Router\Router->handle()
 3 SYSTEMPATH/CodeIgniter.php(441): CodeIgniter\CodeIgniter->tryToRouteIt()
 4 SYSTEMPATH/CodeIgniter.php(340): CodeIgniter\CodeIgniter->handleRequest()
 5 SYSTEMPATH/Boot.php(417): CodeIgniter\CodeIgniter->run()
 6 SYSTEMPATH/Boot.php(68): CodeIgniter\Boot::runCodeIgniter()
 7 FCPATH/index.php(31): CodeIgniter\Boot::bootWeb()
CRITICAL - 2026-04-29 00:19:50 --> CodeIgniter\HTTP\Exceptions\BadRequestException: The URI you submitted has disallowed characters: "प्रदेश-६"
[Method: GET, Route: category/%E0%A4%AA%E0%A5%8D%E0%A4%B0%E0%A4%A6%E0%A5%87%E0%A4%B6-%E0%A5%AC/page/3/]
in SYSTEMPATH/Router/Router.php on line 768.
 1 SYSTEMPATH/Router/Router.php(219): CodeIgniter\Router\Router->checkDisallowedChars()
 2 SYSTEMPATH/CodeIgniter.php(829): CodeIgniter\Router\Router->handle()
 3 SYSTEMPATH/CodeIgniter.php(441): CodeIgniter\CodeIgniter->tryToRouteIt()
 4 SYSTEMPATH/CodeIgniter.php(340): CodeIgniter\CodeIgniter->handleRequest()
 5 SYSTEMPATH/Boot.php(417): CodeIgniter\CodeIgniter->run()
 6 SYSTEMPATH/Boot.php(68): CodeIgniter\Boot::runCodeIgniter()
 7 FCPATH/index.php(31): CodeIgniter\Boot::bootWeb()
CRITICAL - 2026-04-29 00:19:54 --> CodeIgniter\HTTP\Exceptions\BadRequestException: The URI you submitted has disallowed characters: "प्रदेश-६"
[Method: GET, Route: category/%E0%A4%AA%E0%A5%8D%E0%A4%B0%E0%A4%A6%E0%A5%87%E0%A4%B6-%E0%A5%AC/page/4/]
in SYSTEMPATH/Router/Router.php on line 768.
 1 SYSTEMPATH/Router/Router.php(219): CodeIgniter\Router\Router->checkDisallowedChars()
 2 SYSTEMPATH/CodeIgniter.php(829): CodeIgniter\Router\Router->handle()
 3 SYSTEMPATH/CodeIgniter.php(441): CodeIgniter\CodeIgniter->tryToRouteIt()
 4 SYSTEMPATH/CodeIgniter.php(340): CodeIgniter\CodeIgniter->handleRequest()
 5 SYSTEMPATH/Boot.php(417): CodeIgniter\CodeIgniter->run()
 6 SYSTEMPATH/Boot.php(68): CodeIgniter\Boot::runCodeIgniter()
 7 FCPATH/index.php(31): CodeIgniter\Boot::bootWeb()
CRITICAL - 2026-04-29 00:19:56 --> CodeIgniter\HTTP\Exceptions\BadRequestException: The URI you submitted has disallowed characters: "प्रदेश-६"
[Method: GET, Route: category/%E0%A4%AA%E0%A5%8D%E0%A4%B0%E0%A4%A6%E0%A5%87%E0%A4%B6-%E0%A5%AC/page/4/]
in SYSTEMPATH/Router/Router.php on line 768.
 1 SYSTEMPATH/Router/Router.php(219): CodeIgniter\Router\Router->checkDisallowedChars()
 2 SYSTEMPATH/CodeIgniter.php(829): CodeIgniter\Router\Router->handle()
 3 SYSTEMPATH/CodeIgniter.php(441): CodeIgniter\CodeIgniter->tryToRouteIt()
 4 SYSTEMPATH/CodeIgniter.php(340): CodeIgniter\CodeIgniter->handleRequest()
 5 SYSTEMPATH/Boot.php(417): CodeIgniter\CodeIgniter->run()
 6 SYSTEMPATH/Boot.php(68): CodeIgniter\Boot::runCodeIgniter()
 7 FCPATH/index.php(31): CodeIgniter\Boot::bootWeb()
CRITICAL - 2026-04-29 00:19:58 --> CodeIgniter\HTTP\Exceptions\BadRequestException: The URI you submitted has disallowed characters: "प्रदेश-६"
[Method: GET, Route: category/%E0%A4%AA%E0%A5%8D%E0%A4%B0%E0%A4%A6%E0%A5%87%E0%A4%B6-%E0%A5%AC/page/5/]
in SYSTEMPATH/Router/Router.php on line 768.
 1 SYSTEMPATH/Router/Router.php(219): CodeIgniter\Router\Router->checkDisallowedChars()
 2 SYSTEMPATH/CodeIgniter.php(829): CodeIgniter\Router\Router->handle()
 3 SYSTEMPATH/CodeIgniter.php(441): CodeIgniter\CodeIgniter->tryToRouteIt()
 4 SYSTEMPATH/CodeIgniter.php(340): CodeIgniter\CodeIgniter->handleRequest()
 5 SYSTEMPATH/Boot.php(417): CodeIgniter\CodeIgniter->run()
 6 SYSTEMPATH/Boot.php(68): CodeIgniter\Boot::runCodeIgniter()
 7 FCPATH/index.php(31): CodeIgniter\Boot::bootWeb()
CRITICAL - 2026-04-29 00:20:02 --> CodeIgniter\HTTP\Exceptions\BadRequestException: The URI you submitted has disallowed characters: "प्रदेश-६"
[Method: GET, Route: category/%E0%A4%AA%E0%A5%8D%E0%A4%B0%E0%A4%A6%E0%A5%87%E0%A4%B6-%E0%A5%AC/page/6/]
in SYSTEMPATH/Router/Router.php on line 768.
 1 SYSTEMPATH/Router/Router.php(219): CodeIgniter\Router\Router->checkDisallowedChars()
 2 SYSTEMPATH/CodeIgniter.php(829): CodeIgniter\Router\Router->handle()
 3 SYSTEMPATH/CodeIgniter.php(441): CodeIgniter\CodeIgniter->tryToRouteIt()
 4 SYSTEMPATH/CodeIgniter.php(340): CodeIgniter\CodeIgniter->handleRequest()
 5 SYSTEMPATH/Boot.php(417): CodeIgniter\CodeIgniter->run()
 6 SYSTEMPATH/Boot.php(68): CodeIgniter\Boot::runCodeIgniter()
 7 FCPATH/index.php(31): CodeIgniter\Boot::bootWeb()
CRITICAL - 2026-04-29 00:20:05 --> CodeIgniter\HTTP\Exceptions\BadRequestException: The URI you submitted has disallowed characters: "प्रदेश-६"
[Method: GET, Route: category/%E0%A4%AA%E0%A5%8D%E0%A4%B0%E0%A4%A6%E0%A5%87%E0%A4%B6-%E0%A5%AC/page/6/]
in SYSTEMPATH/Router/Router.php on line 768.
 1 SYSTEMPATH/Router/Router.php(219): CodeIgniter\Router\Router->checkDisallowedChars()
 2 SYSTEMPATH/CodeIgniter.php(829): CodeIgniter\Router\Router->handle()
 3 SYSTEMPATH/CodeIgniter.php(441): CodeIgniter\CodeIgniter->tryToRouteIt()
 4 SYSTEMPATH/CodeIgniter.php(340): CodeIgniter\CodeIgniter->handleRequest()
 5 SYSTEMPATH/Boot.php(417): CodeIgniter\CodeIgniter->run()
 6 SYSTEMPATH/Boot.php(68): CodeIgniter\Boot::runCodeIgniter()
 7 FCPATH/index.php(31): CodeIgniter\Boot::bootWeb()
CRITICAL - 2026-04-29 00:20:07 --> CodeIgniter\HTTP\Exceptions\BadRequestException: The URI you submitted has disallowed characters: "प्रदेश-६"
[Method: GET, Route: category/%E0%A4%AA%E0%A5%8D%E0%A4%B0%E0%A4%A6%E0%A5%87%E0%A4%B6-%E0%A5%AC/page/7/]
in SYSTEMPATH/Router/Router.php on line 768.
 1 SYSTEMPATH/Router/Router.php(219): CodeIgniter\Router\Router->checkDisallowedChars()
 2 SYSTEMPATH/CodeIgniter.php(829): CodeIgniter\Router\Router->handle()
 3 SYSTEMPATH/CodeIgniter.php(441): CodeIgniter\CodeIgniter->tryToRouteIt()
 4 SYSTEMPATH/CodeIgniter.php(340): CodeIgniter\CodeIgniter->handleRequest()
 5 SYSTEMPATH/Boot.php(417): CodeIgniter\CodeIgniter->run()
 6 SYSTEMPATH/Boot.php(68): CodeIgniter\Boot::runCodeIgniter()
 7 FCPATH/index.php(31): CodeIgniter\Boot::bootWeb()
CRITICAL - 2026-04-29 00:20:09 --> CodeIgniter\HTTP\Exceptions\BadRequestException: The URI you submitted has disallowed characters: "प्रदेश-६"
[Method: GET, Route: category/%E0%A4%AA%E0%A5%8D%E0%A4%B0%E0%A4%A6%E0%A5%87%E0%A4%B6-%E0%A5%AC/page/8/]
in SYSTEMPATH/Router/Router.php on line 768.
 1 SYSTEMPATH/Router/Router.php(219): CodeIgniter\Router\Router->checkDisallowedChars()
 2 SYSTEMPATH/CodeIgniter.php(829): CodeIgniter\Router\Router->handle()
 3 SYSTEMPATH/CodeIgniter.php(441): CodeIgniter\CodeIgniter->tryToRouteIt()
 4 SYSTEMPATH/CodeIgniter.php(340): CodeIgniter\CodeIgniter->handleRequest()
 5 SYSTEMPATH/Boot.php(417): CodeIgniter\CodeIgniter->run()
 6 SYSTEMPATH/Boot.php(68): CodeIgniter\Boot::runCodeIgniter()
 7 FCPATH/index.php(31): CodeIgniter\Boot::bootWeb()
CRITICAL - 2026-04-29 00:20:11 --> CodeIgniter\HTTP\Exceptions\BadRequestException: The URI you submitted has disallowed characters: "प्रदेश-६"
[Method: GET, Route: category/%E0%A4%AA%E0%A5%8D%E0%A4%B0%E0%A4%A6%E0%A5%87%E0%A4%B6-%E0%A5%AC/page/9/]
in SYSTEMPATH/Router/Router.php on line 768.
 1 SYSTEMPATH/Router/Router.php(219): CodeIgniter\Router\Router->checkDisallowedChars()
 2 SYSTEMPATH/CodeIgniter.php(829): CodeIgniter\Router\Router->handle()
 3 SYSTEMPATH/CodeIgniter.php(441): CodeIgniter\CodeIgniter->tryToRouteIt()
 4 SYSTEMPATH/CodeIgniter.php(340): CodeIgniter\CodeIgniter->handleRequest()
 5 SYSTEMPATH/Boot.php(417): CodeIgniter\CodeIgniter->run()
 6 SYSTEMPATH/Boot.php(68): CodeIgniter\Boot::runCodeIgniter()
 7 FCPATH/index.php(31): CodeIgniter\Boot::bootWeb()
CRITICAL - 2026-04-29 00:20:13 --> CodeIgniter\HTTP\Exceptions\BadRequestException: The URI you submitted has disallowed characters: "प्रदेश-७"
[Method: GET, Route: category/%E0%A4%AA%E0%A5%8D%E0%A4%B0%E0%A4%A6%E0%A5%87%E0%A4%B6-%E0%A5%AD/]
in SYSTEMPATH/Router/Router.php on line 768.
 1 SYSTEMPATH/Router/Router.php(219): CodeIgniter\Router\Router->checkDisallowedChars()
 2 SYSTEMPATH/CodeIgniter.php(829): CodeIgniter\Router\Router->handle()
 3 SYSTEMPATH/CodeIgniter.php(441): CodeIgniter\CodeIgniter->tryToRouteIt()
 4 SYSTEMPATH/CodeIgniter.php(340): CodeIgniter\CodeIgniter->handleRequest()
 5 SYSTEMPATH/Boot.php(417): CodeIgniter\CodeIgniter->run()
 6 SYSTEMPATH/Boot.php(68): CodeIgniter\Boot::runCodeIgniter()
 7 FCPATH/index.php(31): CodeIgniter\Boot::bootWeb()
CRITICAL - 2026-04-29 00:20:16 --> CodeIgniter\HTTP\Exceptions\BadRequestException: The URI you submitted has disallowed characters: "प्रदेश-७"
[Method: GET, Route: category/%E0%A4%AA%E0%A5%8D%E0%A4%B0%E0%A4%A6%E0%A5%87%E0%A4%B6-%E0%A5%AD/page/2/]
in SYSTEMPATH/Router/Router.php on line 768.
 1 SYSTEMPATH/Router/Router.php(219): CodeIgniter\Router\Router->checkDisallowedChars()
 2 SYSTEMPATH/CodeIgniter.php(829): CodeIgniter\Router\Router->handle()
 3 SYSTEMPATH/CodeIgniter.php(441): CodeIgniter\CodeIgniter->tryToRouteIt()
 4 SYSTEMPATH/CodeIgniter.php(340): CodeIgniter\CodeIgniter->handleRequest()
 5 SYSTEMPATH/Boot.php(417): CodeIgniter\CodeIgniter->run()
 6 SYSTEMPATH/Boot.php(68): CodeIgniter\Boot::runCodeIgniter()
 7 FCPATH/index.php(31): CodeIgniter\Boot::bootWeb()
CRITICAL - 2026-04-29 00:20:18 --> CodeIgniter\HTTP\Exceptions\BadRequestException: The URI you submitted has disallowed characters: "प्रदेश-७"
[Method: GET, Route: category/%E0%A4%AA%E0%A5%8D%E0%A4%B0%E0%A4%A6%E0%A5%87%E0%A4%B6-%E0%A5%AD/page/3/]
in SYSTEMPATH/Router/Router.php on line 768.
 1 SYSTEMPATH/Router/Router.php(219): CodeIgniter\Router\Router->checkDisallowedChars()
 2 SYSTEMPATH/CodeIgniter.php(829): CodeIgniter\Router\Router->handle()
 3 SYSTEMPATH/CodeIgniter.php(441): CodeIgniter\CodeIgniter->tryToRouteIt()
 4 SYSTEMPATH/CodeIgniter.php(340): CodeIgniter\CodeIgniter->handleRequest()
 5 SYSTEMPATH/Boot.php(417): CodeIgniter\CodeIgniter->run()
 6 SYSTEMPATH/Boot.php(68): CodeIgniter\Boot::runCodeIgniter()
 7 FCPATH/index.php(31): CodeIgniter\Boot::bootWeb()
CRITICAL - 2026-04-29 00:20:20 --> CodeIgniter\HTTP\Exceptions\BadRequestException: The URI you submitted has disallowed characters: "प्रदेश-७"
[Method: GET, Route: category/%E0%A4%AA%E0%A5%8D%E0%A4%B0%E0%A4%A6%E0%A5%87%E0%A4%B6-%E0%A5%AD/page/4/]
in SYSTEMPATH/Router/Router.php on line 768.
 1 SYSTEMPATH/Router/Router.php(219): CodeIgniter\Router\Router->checkDisallowedChars()
 2 SYSTEMPATH/CodeIgniter.php(829): CodeIgniter\Router\Router->handle()
 3 SYSTEMPATH/CodeIgniter.php(441): CodeIgniter\CodeIgniter->tryToRouteIt()
 4 SYSTEMPATH/CodeIgniter.php(340): CodeIgniter\CodeIgniter->handleRequest()
 5 SYSTEMPATH/Boot.php(417): CodeIgniter\CodeIgniter->run()
 6 SYSTEMPATH/Boot.php(68): CodeIgniter\Boot::runCodeIgniter()
 7 FCPATH/index.php(31): CodeIgniter\Boot::bootWeb()
CRITICAL - 2026-04-29 00:20:22 --> CodeIgniter\HTTP\Exceptions\BadRequestException: The URI you submitted has disallowed characters: "प्रदेश-७"
[Method: GET, Route: category/%E0%A4%AA%E0%A5%8D%E0%A4%B0%E0%A4%A6%E0%A5%87%E0%A4%B6-%E0%A5%AD/page/5/]
in SYSTEMPATH/Router/Router.php on line 768.
 1 SYSTEMPATH/Router/Router.php(219): CodeIgniter\Router\Router->checkDisallowedChars()
 2 SYSTEMPATH/CodeIgniter.php(829): CodeIgniter\Router\Router->handle()
 3 SYSTEMPATH/CodeIgniter.php(441): CodeIgniter\CodeIgniter->tryToRouteIt()
 4 SYSTEMPATH/CodeIgniter.php(340): CodeIgniter\CodeIgniter->handleRequest()
 5 SYSTEMPATH/Boot.php(417): CodeIgniter\CodeIgniter->run()
 6 SYSTEMPATH/Boot.php(68): CodeIgniter\Boot::runCodeIgniter()
 7 FCPATH/index.php(31): CodeIgniter\Boot::bootWeb()
CRITICAL - 2026-04-29 00:20:24 --> CodeIgniter\HTTP\Exceptions\BadRequestException: The URI you submitted has disallowed characters: "प्रदेश-७"
[Method: GET, Route: category/%E0%A4%AA%E0%A5%8D%E0%A4%B0%E0%A4%A6%E0%A5%87%E0%A4%B6-%E0%A5%AD/page/6/]
in SYSTEMPATH/Router/Router.php on line 768.
 1 SYSTEMPATH/Router/Router.php(219): CodeIgniter\Router\Router->checkDisallowedChars()
 2 SYSTEMPATH/CodeIgniter.php(829): CodeIgniter\Router\Router->handle()
 3 SYSTEMPATH/CodeIgniter.php(441): CodeIgniter\CodeIgniter->tryToRouteIt()
 4 SYSTEMPATH/CodeIgniter.php(340): CodeIgniter\CodeIgniter->handleRequest()
 5 SYSTEMPATH/Boot.php(417): CodeIgniter\CodeIgniter->run()
 6 SYSTEMPATH/Boot.php(68): CodeIgniter\Boot::runCodeIgniter()
 7 FCPATH/index.php(31): CodeIgniter\Boot::bootWeb()
CRITICAL - 2026-04-29 00:20:26 --> CodeIgniter\HTTP\Exceptions\BadRequestException: The URI you submitted has disallowed characters: "प्रदेश-७"
[Method: GET, Route: category/%E0%A4%AA%E0%A5%8D%E0%A4%B0%E0%A4%A6%E0%A5%87%E0%A4%B6-%E0%A5%AD/page/7/]
in SYSTEMPATH/Router/Router.php on line 768.
 1 SYSTEMPATH/Router/Router.php(219): CodeIgniter\Router\Router->checkDisallowedChars()
 2 SYSTEMPATH/CodeIgniter.php(829): CodeIgniter\Router\Router->handle()
 3 SYSTEMPATH/CodeIgniter.php(441): CodeIgniter\CodeIgniter->tryToRouteIt()
 4 SYSTEMPATH/CodeIgniter.php(340): CodeIgniter\CodeIgniter->handleRequest()
 5 SYSTEMPATH/Boot.php(417): CodeIgniter\CodeIgniter->run()
 6 SYSTEMPATH/Boot.php(68): CodeIgniter\Boot::runCodeIgniter()
 7 FCPATH/index.php(31): CodeIgniter\Boot::bootWeb()
CRITICAL - 2026-04-29 00:20:28 --> CodeIgniter\HTTP\Exceptions\BadRequestException: The URI you submitted has disallowed characters: "प्रदेश-७"
[Method: GET, Route: category/%E0%A4%AA%E0%A5%8D%E0%A4%B0%E0%A4%A6%E0%A5%87%E0%A4%B6-%E0%A5%AD/page/8/]
in SYSTEMPATH/Router/Router.php on line 768.
 1 SYSTEMPATH/Router/Router.php(219): CodeIgniter\Router\Router->checkDisallowedChars()
 2 SYSTEMPATH/CodeIgniter.php(829): CodeIgniter\Router\Router->handle()
 3 SYSTEMPATH/CodeIgniter.php(441): CodeIgniter\CodeIgniter->tryToRouteIt()
 4 SYSTEMPATH/CodeIgniter.php(340): CodeIgniter\CodeIgniter->handleRequest()
 5 SYSTEMPATH/Boot.php(417): CodeIgniter\CodeIgniter->run()
 6 SYSTEMPATH/Boot.php(68): CodeIgniter\Boot::runCodeIgniter()
 7 FCPATH/index.php(31): CodeIgniter\Boot::bootWeb()
CRITICAL - 2026-04-29 00:20:30 --> CodeIgniter\HTTP\Exceptions\BadRequestException: The URI you submitted has disallowed characters: "प्रदेश-७"
[Method: GET, Route: category/%E0%A4%AA%E0%A5%8D%E0%A4%B0%E0%A4%A6%E0%A5%87%E0%A4%B6-%E0%A5%AD/page/9/]
in SYSTEMPATH/Router/Router.php on line 768.
 1 SYSTEMPATH/Router/Router.php(219): CodeIgniter\Router\Router->checkDisallowedChars()
 2 SYSTEMPATH/CodeIgniter.php(829): CodeIgniter\Router\Router->handle()
 3 SYSTEMPATH/CodeIgniter.php(441): CodeIgniter\CodeIgniter->tryToRouteIt()
 4 SYSTEMPATH/CodeIgniter.php(340): CodeIgniter\CodeIgniter->handleRequest()
 5 SYSTEMPATH/Boot.php(417): CodeIgniter\CodeIgniter->run()
 6 SYSTEMPATH/Boot.php(68): CodeIgniter\Boot::runCodeIgniter()
 7 FCPATH/index.php(31): CodeIgniter\Boot::bootWeb()
CRITICAL - 2026-04-29 00:20:32 --> CodeIgniter\HTTP\Exceptions\BadRequestException: The URI you submitted has disallowed characters: "प्रमुख-समाचार"
[Method: GET, Route: category/%E0%A4%AA%E0%A5%8D%E0%A4%B0%E0%A4%AE%E0%A5%81%E0%A4%96-%E0%A4%B8%E0%A4%AE%E0%A4%BE%E0%A4%9A%E0%A4%BE%E0%A4%B0/]
in SYSTEMPATH/Router/Router.php on line 768.
 1 SYSTEMPATH/Router/Router.php(219): CodeIgniter\Router\Router->checkDisallowedChars()
 2 SYSTEMPATH/CodeIgniter.php(829): CodeIgniter\Router\Router->handle()
 3 SYSTEMPATH/CodeIgniter.php(441): CodeIgniter\CodeIgniter->tryToRouteIt()
 4 SYSTEMPATH/CodeIgniter.php(340): CodeIgniter\CodeIgniter->handleRequest()
 5 SYSTEMPATH/Boot.php(417): CodeIgniter\CodeIgniter->run()
 6 SYSTEMPATH/Boot.php(68): CodeIgniter\Boot::runCodeIgniter()
 7 FCPATH/index.php(31): CodeIgniter\Boot::bootWeb()
CRITICAL - 2026-04-29 00:20:34 --> CodeIgniter\HTTP\Exceptions\BadRequestException: The URI you submitted has disallowed characters: "प्रमुख-समाचार"
[Method: GET, Route: category/%E0%A4%AA%E0%A5%8D%E0%A4%B0%E0%A4%AE%E0%A5%81%E0%A4%96-%E0%A4%B8%E0%A4%AE%E0%A4%BE%E0%A4%9A%E0%A4%BE%E0%A4%B0/page/10/]
in SYSTEMPATH/Router/Router.php on line 768.
 1 SYSTEMPATH/Router/Router.php(219): CodeIgniter\Router\Router->checkDisallowedChars()
 2 SYSTEMPATH/CodeIgniter.php(829): CodeIgniter\Router\Router->handle()
 3 SYSTEMPATH/CodeIgniter.php(441): CodeIgniter\CodeIgniter->tryToRouteIt()
 4 SYSTEMPATH/CodeIgniter.php(340): CodeIgniter\CodeIgniter->handleRequest()
 5 SYSTEMPATH/Boot.php(417): CodeIgniter\CodeIgniter->run()
 6 SYSTEMPATH/Boot.php(68): CodeIgniter\Boot::runCodeIgniter()
 7 FCPATH/index.php(31): CodeIgniter\Boot::bootWeb()
CRITICAL - 2026-04-29 00:20:36 --> CodeIgniter\HTTP\Exceptions\BadRequestException: The URI you submitted has disallowed characters: "प्रमुख-समाचार"
[Method: GET, Route: category/%E0%A4%AA%E0%A5%8D%E0%A4%B0%E0%A4%AE%E0%A5%81%E0%A4%96-%E0%A4%B8%E0%A4%AE%E0%A4%BE%E0%A4%9A%E0%A4%BE%E0%A4%B0/page/11/]
in SYSTEMPATH/Router/Router.php on line 768.
 1 SYSTEMPATH/Router/Router.php(219): CodeIgniter\Router\Router->checkDisallowedChars()
 2 SYSTEMPATH/CodeIgniter.php(829): CodeIgniter\Router\Router->handle()
 3 SYSTEMPATH/CodeIgniter.php(441): CodeIgniter\CodeIgniter->tryToRouteIt()
 4 SYSTEMPATH/CodeIgniter.php(340): CodeIgniter\CodeIgniter->handleRequest()
 5 SYSTEMPATH/Boot.php(417): CodeIgniter\CodeIgniter->run()
 6 SYSTEMPATH/Boot.php(68): CodeIgniter\Boot::runCodeIgniter()
 7 FCPATH/index.php(31): CodeIgniter\Boot::bootWeb()
CRITICAL - 2026-04-29 00:20:38 --> CodeIgniter\HTTP\Exceptions\BadRequestException: The URI you submitted has disallowed characters: "प्रमुख-समाचार"
[Method: GET, Route: category/%E0%A4%AA%E0%A5%8D%E0%A4%B0%E0%A4%AE%E0%A5%81%E0%A4%96-%E0%A4%B8%E0%A4%AE%E0%A4%BE%E0%A4%9A%E0%A4%BE%E0%A4%B0/page/12/]
in SYSTEMPATH/Router/Router.php on line 768.
 1 SYSTEMPATH/Router/Router.php(219): CodeIgniter\Router\Router->checkDisallowedChars()
 2 SYSTEMPATH/CodeIgniter.php(829): CodeIgniter\Router\Router->handle()
 3 SYSTEMPATH/CodeIgniter.php(441): CodeIgniter\CodeIgniter->tryToRouteIt()
 4 SYSTEMPATH/CodeIgniter.php(340): CodeIgniter\CodeIgniter->handleRequest()
 5 SYSTEMPATH/Boot.php(417): CodeIgniter\CodeIgniter->run()
 6 SYSTEMPATH/Boot.php(68): CodeIgniter\Boot::runCodeIgniter()
 7 FCPATH/index.php(31): CodeIgniter\Boot::bootWeb()
CRITICAL - 2026-04-29 00:20:40 --> CodeIgniter\HTTP\Exceptions\BadRequestException: The URI you submitted has disallowed characters: "प्रमुख-समाचार"
[Method: GET, Route: category/%E0%A4%AA%E0%A5%8D%E0%A4%B0%E0%A4%AE%E0%A5%81%E0%A4%96-%E0%A4%B8%E0%A4%AE%E0%A4%BE%E0%A4%9A%E0%A4%BE%E0%A4%B0/page/13/]
in SYSTEMPATH/Router/Router.php on line 768.
 1 SYSTEMPATH/Router/Router.php(219): CodeIgniter\Router\Router->checkDisallowedChars()
 2 SYSTEMPATH/CodeIgniter.php(829): CodeIgniter\Router\Router->handle()
 3 SYSTEMPATH/CodeIgniter.php(441): CodeIgniter\CodeIgniter->tryToRouteIt()
 4 SYSTEMPATH/CodeIgniter.php(340): CodeIgniter\CodeIgniter->handleRequest()
 5 SYSTEMPATH/Boot.php(417): CodeIgniter\CodeIgniter->run()
 6 SYSTEMPATH/Boot.php(68): CodeIgniter\Boot::runCodeIgniter()
 7 FCPATH/index.php(31): CodeIgniter\Boot::bootWeb()
CRITICAL - 2026-04-29 00:20:43 --> CodeIgniter\HTTP\Exceptions\BadRequestException: The URI you submitted has disallowed characters: "प्रमुख-समाचार"
[Method: GET, Route: category/%E0%A4%AA%E0%A5%8D%E0%A4%B0%E0%A4%AE%E0%A5%81%E0%A4%96-%E0%A4%B8%E0%A4%AE%E0%A4%BE%E0%A4%9A%E0%A4%BE%E0%A4%B0/page/2/]
in SYSTEMPATH/Router/Router.php on line 768.
 1 SYSTEMPATH/Router/Router.php(219): CodeIgniter\Router\Router->checkDisallowedChars()
 2 SYSTEMPATH/CodeIgniter.php(829): CodeIgniter\Router\Router->handle()
 3 SYSTEMPATH/CodeIgniter.php(441): CodeIgniter\CodeIgniter->tryToRouteIt()
 4 SYSTEMPATH/CodeIgniter.php(340): CodeIgniter\CodeIgniter->handleRequest()
 5 SYSTEMPATH/Boot.php(417): CodeIgniter\CodeIgniter->run()
 6 SYSTEMPATH/Boot.php(68): CodeIgniter\Boot::runCodeIgniter()
 7 FCPATH/index.php(31): CodeIgniter\Boot::bootWeb()
CRITICAL - 2026-04-29 00:20:45 --> CodeIgniter\HTTP\Exceptions\BadRequestException: The URI you submitted has disallowed characters: "प्रमुख-समाचार"
[Method: GET, Route: category/%E0%A4%AA%E0%A5%8D%E0%A4%B0%E0%A4%AE%E0%A5%81%E0%A4%96-%E0%A4%B8%E0%A4%AE%E0%A4%BE%E0%A4%9A%E0%A4%BE%E0%A4%B0/page/3/]
in SYSTEMPATH/Router/Router.php on line 768.
 1 SYSTEMPATH/Router/Router.php(219): CodeIgniter\Router\Router->checkDisallowedChars()
 2 SYSTEMPATH/CodeIgniter.php(829): CodeIgniter\Router\Router->handle()
 3 SYSTEMPATH/CodeIgniter.php(441): CodeIgniter\CodeIgniter->tryToRouteIt()
 4 SYSTEMPATH/CodeIgniter.php(340): CodeIgniter\CodeIgniter->handleRequest()
 5 SYSTEMPATH/Boot.php(417): CodeIgniter\CodeIgniter->run()
 6 SYSTEMPATH/Boot.php(68): CodeIgniter\Boot::runCodeIgniter()
 7 FCPATH/index.php(31): CodeIgniter\Boot::bootWeb()
CRITICAL - 2026-04-29 00:20:47 --> CodeIgniter\HTTP\Exceptions\BadRequestException: The URI you submitted has disallowed characters: "प्रमुख-समाचार"
[Method: GET, Route: category/%E0%A4%AA%E0%A5%8D%E0%A4%B0%E0%A4%AE%E0%A5%81%E0%A4%96-%E0%A4%B8%E0%A4%AE%E0%A4%BE%E0%A4%9A%E0%A4%BE%E0%A4%B0/page/4/]
in SYSTEMPATH/Router/Router.php on line 768.
 1 SYSTEMPATH/Router/Router.php(219): CodeIgniter\Router\Router->checkDisallowedChars()
 2 SYSTEMPATH/CodeIgniter.php(829): CodeIgniter\Router\Router->handle()
 3 SYSTEMPATH/CodeIgniter.php(441): CodeIgniter\CodeIgniter->tryToRouteIt()
 4 SYSTEMPATH/CodeIgniter.php(340): CodeIgniter\CodeIgniter->handleRequest()
 5 SYSTEMPATH/Boot.php(417): CodeIgniter\CodeIgniter->run()
 6 SYSTEMPATH/Boot.php(68): CodeIgniter\Boot::runCodeIgniter()
 7 FCPATH/index.php(31): CodeIgniter\Boot::bootWeb()
CRITICAL - 2026-04-29 00:20:50 --> CodeIgniter\HTTP\Exceptions\BadRequestException: The URI you submitted has disallowed characters: "प्रमुख-समाचार"
[Method: GET, Route: category/%E0%A4%AA%E0%A5%8D%E0%A4%B0%E0%A4%AE%E0%A5%81%E0%A4%96-%E0%A4%B8%E0%A4%AE%E0%A4%BE%E0%A4%9A%E0%A4%BE%E0%A4%B0/page/5/]
in SYSTEMPATH/Router/Router.php on line 768.
 1 SYSTEMPATH/Router/Router.php(219): CodeIgniter\Router\Router->checkDisallowedChars()
 2 SYSTEMPATH/CodeIgniter.php(829): CodeIgniter\Router\Router->handle()
 3 SYSTEMPATH/CodeIgniter.php(441): CodeIgniter\CodeIgniter->tryToRouteIt()
 4 SYSTEMPATH/CodeIgniter.php(340): CodeIgniter\CodeIgniter->handleRequest()
 5 SYSTEMPATH/Boot.php(417): CodeIgniter\CodeIgniter->run()
 6 SYSTEMPATH/Boot.php(68): CodeIgniter\Boot::runCodeIgniter()
 7 FCPATH/index.php(31): CodeIgniter\Boot::bootWeb()
CRITICAL - 2026-04-29 00:20:55 --> CodeIgniter\HTTP\Exceptions\BadRequestException: The URI you submitted has disallowed characters: "प्रमुख-समाचार"
[Method: GET, Route: category/%E0%A4%AA%E0%A5%8D%E0%A4%B0%E0%A4%AE%E0%A5%81%E0%A4%96-%E0%A4%B8%E0%A4%AE%E0%A4%BE%E0%A4%9A%E0%A4%BE%E0%A4%B0/page/6/]
in SYSTEMPATH/Router/Router.php on line 768.
 1 SYSTEMPATH/Router/Router.php(219): CodeIgniter\Router\Router->checkDisallowedChars()
 2 SYSTEMPATH/CodeIgniter.php(829): CodeIgniter\Router\Router->handle()
 3 SYSTEMPATH/CodeIgniter.php(441): CodeIgniter\CodeIgniter->tryToRouteIt()
 4 SYSTEMPATH/CodeIgniter.php(340): CodeIgniter\CodeIgniter->handleRequest()
 5 SYSTEMPATH/Boot.php(417): CodeIgniter\CodeIgniter->run()
 6 SYSTEMPATH/Boot.php(68): CodeIgniter\Boot::runCodeIgniter()
 7 FCPATH/index.php(31): CodeIgniter\Boot::bootWeb()
CRITICAL - 2026-04-29 00:20:59 --> CodeIgniter\HTTP\Exceptions\BadRequestException: The URI you submitted has disallowed characters: "प्रमुख-समाचार"
[Method: GET, Route: category/%E0%A4%AA%E0%A5%8D%E0%A4%B0%E0%A4%AE%E0%A5%81%E0%A4%96-%E0%A4%B8%E0%A4%AE%E0%A4%BE%E0%A4%9A%E0%A4%BE%E0%A4%B0/page/9/]
in SYSTEMPATH/Router/Router.php on line 768.
 1 SYSTEMPATH/Router/Router.php(219): CodeIgniter\Router\Router->checkDisallowedChars()
 2 SYSTEMPATH/CodeIgniter.php(829): CodeIgniter\Router\Router->handle()
 3 SYSTEMPATH/CodeIgniter.php(441): CodeIgniter\CodeIgniter->tryToRouteIt()
 4 SYSTEMPATH/CodeIgniter.php(340): CodeIgniter\CodeIgniter->handleRequest()
 5 SYSTEMPATH/Boot.php(417): CodeIgniter\CodeIgniter->run()
 6 SYSTEMPATH/Boot.php(68): CodeIgniter\Boot::runCodeIgniter()
 7 FCPATH/index.php(31): CodeIgniter\Boot::bootWeb()
CRITICAL - 2026-04-29 00:21:03 --> CodeIgniter\HTTP\Exceptions\BadRequestException: The URI you submitted has disallowed characters: "मनोरञ्जन"
[Method: GET, Route: category/%E0%A4%AE%E0%A4%A8%E0%A5%8B%E0%A4%B0%E0%A4%9E%E0%A5%8D%E0%A4%9C%E0%A4%A8/]
in SYSTEMPATH/Router/Router.php on line 768.
 1 SYSTEMPATH/Router/Router.php(219): CodeIgniter\Router\Router->checkDisallowedChars()
 2 SYSTEMPATH/CodeIgniter.php(829): CodeIgniter\Router\Router->handle()
 3 SYSTEMPATH/CodeIgniter.php(441): CodeIgniter\CodeIgniter->tryToRouteIt()
 4 SYSTEMPATH/CodeIgniter.php(340): CodeIgniter\CodeIgniter->handleRequest()
 5 SYSTEMPATH/Boot.php(417): CodeIgniter\CodeIgniter->run()
 6 SYSTEMPATH/Boot.php(68): CodeIgniter\Boot::runCodeIgniter()
 7 FCPATH/index.php(31): CodeIgniter\Boot::bootWeb()
CRITICAL - 2026-04-29 00:21:08 --> CodeIgniter\HTTP\Exceptions\BadRequestException: The URI you submitted has disallowed characters: "मनोरञ्जन"
[Method: GET, Route: category/%E0%A4%AE%E0%A4%A8%E0%A5%8B%E0%A4%B0%E0%A4%9E%E0%A5%8D%E0%A4%9C%E0%A4%A8/page/2/]
in SYSTEMPATH/Router/Router.php on line 768.
 1 SYSTEMPATH/Router/Router.php(219): CodeIgniter\Router\Router->checkDisallowedChars()
 2 SYSTEMPATH/CodeIgniter.php(829): CodeIgniter\Router\Router->handle()
 3 SYSTEMPATH/CodeIgniter.php(441): CodeIgniter\CodeIgniter->tryToRouteIt()
 4 SYSTEMPATH/CodeIgniter.php(340): CodeIgniter\CodeIgniter->handleRequest()
 5 SYSTEMPATH/Boot.php(417): CodeIgniter\CodeIgniter->run()
 6 SYSTEMPATH/Boot.php(68): CodeIgniter\Boot::runCodeIgniter()
 7 FCPATH/index.php(31): CodeIgniter\Boot::bootWeb()
CRITICAL - 2026-04-29 00:21:11 --> CodeIgniter\HTTP\Exceptions\BadRequestException: The URI you submitted has disallowed characters: "मनोरञ्जन"
[Method: GET, Route: category/%E0%A4%AE%E0%A4%A8%E0%A5%8B%E0%A4%B0%E0%A4%9E%E0%A5%8D%E0%A4%9C%E0%A4%A8/page/3/]
in SYSTEMPATH/Router/Router.php on line 768.
 1 SYSTEMPATH/Router/Router.php(219): CodeIgniter\Router\Router->checkDisallowedChars()
 2 SYSTEMPATH/CodeIgniter.php(829): CodeIgniter\Router\Router->handle()
 3 SYSTEMPATH/CodeIgniter.php(441): CodeIgniter\CodeIgniter->tryToRouteIt()
 4 SYSTEMPATH/CodeIgniter.php(340): CodeIgniter\CodeIgniter->handleRequest()
 5 SYSTEMPATH/Boot.php(417): CodeIgniter\CodeIgniter->run()
 6 SYSTEMPATH/Boot.php(68): CodeIgniter\Boot::runCodeIgniter()
 7 FCPATH/index.php(31): CodeIgniter\Boot::bootWeb()
CRITICAL - 2026-04-29 00:21:13 --> CodeIgniter\HTTP\Exceptions\BadRequestException: The URI you submitted has disallowed characters: "मनोरञ्जन"
[Method: GET, Route: category/%E0%A4%AE%E0%A4%A8%E0%A5%8B%E0%A4%B0%E0%A4%9E%E0%A5%8D%E0%A4%9C%E0%A4%A8/page/4/]
in SYSTEMPATH/Router/Router.php on line 768.
 1 SYSTEMPATH/Router/Router.php(219): CodeIgniter\Router\Router->checkDisallowedChars()
 2 SYSTEMPATH/CodeIgniter.php(829): CodeIgniter\Router\Router->handle()
 3 SYSTEMPATH/CodeIgniter.php(441): CodeIgniter\CodeIgniter->tryToRouteIt()
 4 SYSTEMPATH/CodeIgniter.php(340): CodeIgniter\CodeIgniter->handleRequest()
 5 SYSTEMPATH/Boot.php(417): CodeIgniter\CodeIgniter->run()
 6 SYSTEMPATH/Boot.php(68): CodeIgniter\Boot::runCodeIgniter()
 7 FCPATH/index.php(31): CodeIgniter\Boot::bootWeb()
CRITICAL - 2026-04-29 00:21:20 --> CodeIgniter\HTTP\Exceptions\BadRequestException: The URI you submitted has disallowed characters: "मनोरञ्जन"
[Method: GET, Route: category/%E0%A4%AE%E0%A4%A8%E0%A5%8B%E0%A4%B0%E0%A4%9E%E0%A5%8D%E0%A4%9C%E0%A4%A8/page/5/]
in SYSTEMPATH/Router/Router.php on line 768.
 1 SYSTEMPATH/Router/Router.php(219): CodeIgniter\Router\Router->checkDisallowedChars()
 2 SYSTEMPATH/CodeIgniter.php(829): CodeIgniter\Router\Router->handle()
 3 SYSTEMPATH/CodeIgniter.php(441): CodeIgniter\CodeIgniter->tryToRouteIt()
 4 SYSTEMPATH/CodeIgniter.php(340): CodeIgniter\CodeIgniter->handleRequest()
 5 SYSTEMPATH/Boot.php(417): CodeIgniter\CodeIgniter->run()
 6 SYSTEMPATH/Boot.php(68): CodeIgniter\Boot::runCodeIgniter()
 7 FCPATH/index.php(31): CodeIgniter\Boot::bootWeb()
CRITICAL - 2026-04-29 00:21:24 --> CodeIgniter\HTTP\Exceptions\BadRequestException: The URI you submitted has disallowed characters: "मनोरञ्जन"
[Method: GET, Route: category/%E0%A4%AE%E0%A4%A8%E0%A5%8B%E0%A4%B0%E0%A4%9E%E0%A5%8D%E0%A4%9C%E0%A4%A8/page/5/]
in SYSTEMPATH/Router/Router.php on line 768.
 1 SYSTEMPATH/Router/Router.php(219): CodeIgniter\Router\Router->checkDisallowedChars()
 2 SYSTEMPATH/CodeIgniter.php(829): CodeIgniter\Router\Router->handle()
 3 SYSTEMPATH/CodeIgniter.php(441): CodeIgniter\CodeIgniter->tryToRouteIt()
 4 SYSTEMPATH/CodeIgniter.php(340): CodeIgniter\CodeIgniter->handleRequest()
 5 SYSTEMPATH/Boot.php(417): CodeIgniter\CodeIgniter->run()
 6 SYSTEMPATH/Boot.php(68): CodeIgniter\Boot::runCodeIgniter()
 7 FCPATH/index.php(31): CodeIgniter\Boot::bootWeb()
CRITICAL - 2026-04-29 00:21:32 --> CodeIgniter\HTTP\Exceptions\BadRequestException: The URI you submitted has disallowed characters: "मनोरञ्जन"
[Method: GET, Route: category/%E0%A4%AE%E0%A4%A8%E0%A5%8B%E0%A4%B0%E0%A4%9E%E0%A5%8D%E0%A4%9C%E0%A4%A8/page/6/]
in SYSTEMPATH/Router/Router.php on line 768.
 1 SYSTEMPATH/Router/Router.php(219): CodeIgniter\Router\Router->checkDisallowedChars()
 2 SYSTEMPATH/CodeIgniter.php(829): CodeIgniter\Router\Router->handle()
 3 SYSTEMPATH/CodeIgniter.php(441): CodeIgniter\CodeIgniter->tryToRouteIt()
 4 SYSTEMPATH/CodeIgniter.php(340): CodeIgniter\CodeIgniter->handleRequest()
 5 SYSTEMPATH/Boot.php(417): CodeIgniter\CodeIgniter->run()
 6 SYSTEMPATH/Boot.php(68): CodeIgniter\Boot::runCodeIgniter()
 7 FCPATH/index.php(31): CodeIgniter\Boot::bootWeb()
CRITICAL - 2026-04-29 00:21:36 --> CodeIgniter\HTTP\Exceptions\BadRequestException: The URI you submitted has disallowed characters: "मनोरञ्जन"
[Method: GET, Route: category/%E0%A4%AE%E0%A4%A8%E0%A5%8B%E0%A4%B0%E0%A4%9E%E0%A5%8D%E0%A4%9C%E0%A4%A8/page/6/]
in SYSTEMPATH/Router/Router.php on line 768.
 1 SYSTEMPATH/Router/Router.php(219): CodeIgniter\Router\Router->checkDisallowedChars()
 2 SYSTEMPATH/CodeIgniter.php(829): CodeIgniter\Router\Router->handle()
 3 SYSTEMPATH/CodeIgniter.php(441): CodeIgniter\CodeIgniter->tryToRouteIt()
 4 SYSTEMPATH/CodeIgniter.php(340): CodeIgniter\CodeIgniter->handleRequest()
 5 SYSTEMPATH/Boot.php(417): CodeIgniter\CodeIgniter->run()
 6 SYSTEMPATH/Boot.php(68): CodeIgniter\Boot::runCodeIgniter()
 7 FCPATH/index.php(31): CodeIgniter\Boot::bootWeb()
CRITICAL - 2026-04-29 00:21:42 --> CodeIgniter\HTTP\Exceptions\BadRequestException: The URI you submitted has disallowed characters: "मनोरञ्जन"
[Method: GET, Route: category/%E0%A4%AE%E0%A4%A8%E0%A5%8B%E0%A4%B0%E0%A4%9E%E0%A5%8D%E0%A4%9C%E0%A4%A8/page/7/]
in SYSTEMPATH/Router/Router.php on line 768.
 1 SYSTEMPATH/Router/Router.php(219): CodeIgniter\Router\Router->checkDisallowedChars()
 2 SYSTEMPATH/CodeIgniter.php(829): CodeIgniter\Router\Router->handle()
 3 SYSTEMPATH/CodeIgniter.php(441): CodeIgniter\CodeIgniter->tryToRouteIt()
 4 SYSTEMPATH/CodeIgniter.php(340): CodeIgniter\CodeIgniter->handleRequest()
 5 SYSTEMPATH/Boot.php(417): CodeIgniter\CodeIgniter->run()
 6 SYSTEMPATH/Boot.php(68): CodeIgniter\Boot::runCodeIgniter()
 7 FCPATH/index.php(31): CodeIgniter\Boot::bootWeb()
CRITICAL - 2026-04-29 00:21:44 --> CodeIgniter\HTTP\Exceptions\BadRequestException: The URI you submitted has disallowed characters: "मनोरञ्जन"
[Method: GET, Route: category/%E0%A4%AE%E0%A4%A8%E0%A5%8B%E0%A4%B0%E0%A4%9E%E0%A5%8D%E0%A4%9C%E0%A4%A8/page/7/]
in SYSTEMPATH/Router/Router.php on line 768.
 1 SYSTEMPATH/Router/Router.php(219): CodeIgniter\Router\Router->checkDisallowedChars()
 2 SYSTEMPATH/CodeIgniter.php(829): CodeIgniter\Router\Router->handle()
 3 SYSTEMPATH/CodeIgniter.php(441): CodeIgniter\CodeIgniter->tryToRouteIt()
 4 SYSTEMPATH/CodeIgniter.php(340): CodeIgniter\CodeIgniter->handleRequest()
 5 SYSTEMPATH/Boot.php(417): CodeIgniter\CodeIgniter->run()
 6 SYSTEMPATH/Boot.php(68): CodeIgniter\Boot::runCodeIgniter()
 7 FCPATH/index.php(31): CodeIgniter\Boot::bootWeb()
CRITICAL - 2026-04-29 00:21:53 --> CodeIgniter\HTTP\Exceptions\BadRequestException: The URI you submitted has disallowed characters: "मनोरञ्जन"
[Method: GET, Route: category/%E0%A4%AE%E0%A4%A8%E0%A5%8B%E0%A4%B0%E0%A4%9E%E0%A5%8D%E0%A4%9C%E0%A4%A8/page/8/]
in SYSTEMPATH/Router/Router.php on line 768.
 1 SYSTEMPATH/Router/Router.php(219): CodeIgniter\Router\Router->checkDisallowedChars()
 2 SYSTEMPATH/CodeIgniter.php(829): CodeIgniter\Router\Router->handle()
 3 SYSTEMPATH/CodeIgniter.php(441): CodeIgniter\CodeIgniter->tryToRouteIt()
 4 SYSTEMPATH/CodeIgniter.php(340): CodeIgniter\CodeIgniter->handleRequest()
 5 SYSTEMPATH/Boot.php(417): CodeIgniter\CodeIgniter->run()
 6 SYSTEMPATH/Boot.php(68): CodeIgniter\Boot::runCodeIgniter()
 7 FCPATH/index.php(31): CodeIgniter\Boot::bootWeb()
CRITICAL - 2026-04-29 00:21:56 --> CodeIgniter\HTTP\Exceptions\BadRequestException: The URI you submitted has disallowed characters: "मनोरञ्जन"
[Method: GET, Route: category/%E0%A4%AE%E0%A4%A8%E0%A5%8B%E0%A4%B0%E0%A4%9E%E0%A5%8D%E0%A4%9C%E0%A4%A8/page/8/]
in SYSTEMPATH/Router/Router.php on line 768.
 1 SYSTEMPATH/Router/Router.php(219): CodeIgniter\Router\Router->checkDisallowedChars()
 2 SYSTEMPATH/CodeIgniter.php(829): CodeIgniter\Router\Router->handle()
 3 SYSTEMPATH/CodeIgniter.php(441): CodeIgniter\CodeIgniter->tryToRouteIt()
 4 SYSTEMPATH/CodeIgniter.php(340): CodeIgniter\CodeIgniter->handleRequest()
 5 SYSTEMPATH/Boot.php(417): CodeIgniter\CodeIgniter->run()
 6 SYSTEMPATH/Boot.php(68): CodeIgniter\Boot::runCodeIgniter()
 7 FCPATH/index.php(31): CodeIgniter\Boot::bootWeb()
CRITICAL - 2026-04-29 00:22:03 --> CodeIgniter\HTTP\Exceptions\BadRequestException: The URI you submitted has disallowed characters: "मनोरञ्जन"
[Method: GET, Route: category/%E0%A4%AE%E0%A4%A8%E0%A5%8B%E0%A4%B0%E0%A4%9E%E0%A5%8D%E0%A4%9C%E0%A4%A8/page/9/]
in SYSTEMPATH/Router/Router.php on line 768.
 1 SYSTEMPATH/Router/Router.php(219): CodeIgniter\Router\Router->checkDisallowedChars()
 2 SYSTEMPATH/CodeIgniter.php(829): CodeIgniter\Router\Router->handle()
 3 SYSTEMPATH/CodeIgniter.php(441): CodeIgniter\CodeIgniter->tryToRouteIt()
 4 SYSTEMPATH/CodeIgniter.php(340): CodeIgniter\CodeIgniter->handleRequest()
 5 SYSTEMPATH/Boot.php(417): CodeIgniter\CodeIgniter->run()
 6 SYSTEMPATH/Boot.php(68): CodeIgniter\Boot::runCodeIgniter()
 7 FCPATH/index.php(31): CodeIgniter\Boot::bootWeb()
CRITICAL - 2026-04-29 00:22:10 --> CodeIgniter\HTTP\Exceptions\BadRequestException: The URI you submitted has disallowed characters: "मनोरञ्जन"
[Method: GET, Route: category/%E0%A4%AE%E0%A4%A8%E0%A5%8B%E0%A4%B0%E0%A4%9E%E0%A5%8D%E0%A4%9C%E0%A4%A8/page/9/]
in SYSTEMPATH/Router/Router.php on line 768.
 1 SYSTEMPATH/Router/Router.php(219): CodeIgniter\Router\Router->checkDisallowedChars()
 2 SYSTEMPATH/CodeIgniter.php(829): CodeIgniter\Router\Router->handle()
 3 SYSTEMPATH/CodeIgniter.php(441): CodeIgniter\CodeIgniter->tryToRouteIt()
 4 SYSTEMPATH/CodeIgniter.php(340): CodeIgniter\CodeIgniter->handleRequest()
 5 SYSTEMPATH/Boot.php(417): CodeIgniter\CodeIgniter->run()
 6 SYSTEMPATH/Boot.php(68): CodeIgniter\Boot::runCodeIgniter()
 7 FCPATH/index.php(31): CodeIgniter\Boot::bootWeb()
CRITICAL - 2026-04-29 00:22:15 --> CodeIgniter\HTTP\Exceptions\BadRequestException: The URI you submitted has disallowed characters: "राजनीति"
[Method: GET, Route: category/%E0%A4%B0%E0%A4%BE%E0%A4%9C%E0%A4%A8%E0%A5%80%E0%A4%A4%E0%A4%BF/]
in SYSTEMPATH/Router/Router.php on line 768.
 1 SYSTEMPATH/Router/Router.php(219): CodeIgniter\Router\Router->checkDisallowedChars()
 2 SYSTEMPATH/CodeIgniter.php(829): CodeIgniter\Router\Router->handle()
 3 SYSTEMPATH/CodeIgniter.php(441): CodeIgniter\CodeIgniter->tryToRouteIt()
 4 SYSTEMPATH/CodeIgniter.php(340): CodeIgniter\CodeIgniter->handleRequest()
 5 SYSTEMPATH/Boot.php(417): CodeIgniter\CodeIgniter->run()
 6 SYSTEMPATH/Boot.php(68): CodeIgniter\Boot::runCodeIgniter()
 7 FCPATH/index.php(31): CodeIgniter\Boot::bootWeb()
CRITICAL - 2026-04-29 00:22:22 --> CodeIgniter\HTTP\Exceptions\BadRequestException: The URI you submitted has disallowed characters: "राजनीति"
[Method: GET, Route: category/%E0%A4%B0%E0%A4%BE%E0%A4%9C%E0%A4%A8%E0%A5%80%E0%A4%A4%E0%A4%BF/page/10/]
in SYSTEMPATH/Router/Router.php on line 768.
 1 SYSTEMPATH/Router/Router.php(219): CodeIgniter\Router\Router->checkDisallowedChars()
 2 SYSTEMPATH/CodeIgniter.php(829): CodeIgniter\Router\Router->handle()
 3 SYSTEMPATH/CodeIgniter.php(441): CodeIgniter\CodeIgniter->tryToRouteIt()
 4 SYSTEMPATH/CodeIgniter.php(340): CodeIgniter\CodeIgniter->handleRequest()
 5 SYSTEMPATH/Boot.php(417): CodeIgniter\CodeIgniter->run()
 6 SYSTEMPATH/Boot.php(68): CodeIgniter\Boot::runCodeIgniter()
 7 FCPATH/index.php(31): CodeIgniter\Boot::bootWeb()
CRITICAL - 2026-04-29 00:22:26 --> CodeIgniter\HTTP\Exceptions\BadRequestException: The URI you submitted has disallowed characters: "राजनीति"
[Method: GET, Route: category/%E0%A4%B0%E0%A4%BE%E0%A4%9C%E0%A4%A8%E0%A5%80%E0%A4%A4%E0%A4%BF/page/10/]
in SYSTEMPATH/Router/Router.php on line 768.
 1 SYSTEMPATH/Router/Router.php(219): CodeIgniter\Router\Router->checkDisallowedChars()
 2 SYSTEMPATH/CodeIgniter.php(829): CodeIgniter\Router\Router->handle()
 3 SYSTEMPATH/CodeIgniter.php(441): CodeIgniter\CodeIgniter->tryToRouteIt()
 4 SYSTEMPATH/CodeIgniter.php(340): CodeIgniter\CodeIgniter->handleRequest()
 5 SYSTEMPATH/Boot.php(417): CodeIgniter\CodeIgniter->run()
 6 SYSTEMPATH/Boot.php(68): CodeIgniter\Boot::runCodeIgniter()
 7 FCPATH/index.php(31): CodeIgniter\Boot::bootWeb()
CRITICAL - 2026-04-29 00:22:31 --> CodeIgniter\HTTP\Exceptions\BadRequestException: The URI you submitted has disallowed characters: "राजनीति"
[Method: GET, Route: category/%E0%A4%B0%E0%A4%BE%E0%A4%9C%E0%A4%A8%E0%A5%80%E0%A4%A4%E0%A4%BF/page/2/]
in SYSTEMPATH/Router/Router.php on line 768.
 1 SYSTEMPATH/Router/Router.php(219): CodeIgniter\Router\Router->checkDisallowedChars()
 2 SYSTEMPATH/CodeIgniter.php(829): CodeIgniter\Router\Router->handle()
 3 SYSTEMPATH/CodeIgniter.php(441): CodeIgniter\CodeIgniter->tryToRouteIt()
 4 SYSTEMPATH/CodeIgniter.php(340): CodeIgniter\CodeIgniter->handleRequest()
 5 SYSTEMPATH/Boot.php(417): CodeIgniter\CodeIgniter->run()
 6 SYSTEMPATH/Boot.php(68): CodeIgniter\Boot::runCodeIgniter()
 7 FCPATH/index.php(31): CodeIgniter\Boot::bootWeb()
CRITICAL - 2026-04-29 00:22:35 --> CodeIgniter\HTTP\Exceptions\BadRequestException: The URI you submitted has disallowed characters: "राजनीति"
[Method: GET, Route: category/%E0%A4%B0%E0%A4%BE%E0%A4%9C%E0%A4%A8%E0%A5%80%E0%A4%A4%E0%A4%BF/page/2/]
in SYSTEMPATH/Router/Router.php on line 768.
 1 SYSTEMPATH/Router/Router.php(219): CodeIgniter\Router\Router->checkDisallowedChars()
 2 SYSTEMPATH/CodeIgniter.php(829): CodeIgniter\Router\Router->handle()
 3 SYSTEMPATH/CodeIgniter.php(441): CodeIgniter\CodeIgniter->tryToRouteIt()
 4 SYSTEMPATH/CodeIgniter.php(340): CodeIgniter\CodeIgniter->handleRequest()
 5 SYSTEMPATH/Boot.php(417): CodeIgniter\CodeIgniter->run()
 6 SYSTEMPATH/Boot.php(68): CodeIgniter\Boot::runCodeIgniter()
 7 FCPATH/index.php(31): CodeIgniter\Boot::bootWeb()
CRITICAL - 2026-04-29 00:22:41 --> CodeIgniter\HTTP\Exceptions\BadRequestException: The URI you submitted has disallowed characters: "राजनीति"
[Method: GET, Route: category/%E0%A4%B0%E0%A4%BE%E0%A4%9C%E0%A4%A8%E0%A5%80%E0%A4%A4%E0%A4%BF/page/3/]
in SYSTEMPATH/Router/Router.php on line 768.
 1 SYSTEMPATH/Router/Router.php(219): CodeIgniter\Router\Router->checkDisallowedChars()
 2 SYSTEMPATH/CodeIgniter.php(829): CodeIgniter\Router\Router->handle()
 3 SYSTEMPATH/CodeIgniter.php(441): CodeIgniter\CodeIgniter->tryToRouteIt()
 4 SYSTEMPATH/CodeIgniter.php(340): CodeIgniter\CodeIgniter->handleRequest()
 5 SYSTEMPATH/Boot.php(417): CodeIgniter\CodeIgniter->run()
 6 SYSTEMPATH/Boot.php(68): CodeIgniter\Boot::runCodeIgniter()
 7 FCPATH/index.php(31): CodeIgniter\Boot::bootWeb()
CRITICAL - 2026-04-29 00:22:45 --> CodeIgniter\HTTP\Exceptions\BadRequestException: The URI you submitted has disallowed characters: "राजनीति"
[Method: GET, Route: category/%E0%A4%B0%E0%A4%BE%E0%A4%9C%E0%A4%A8%E0%A5%80%E0%A4%A4%E0%A4%BF/page/3/]
in SYSTEMPATH/Router/Router.php on line 768.
 1 SYSTEMPATH/Router/Router.php(219): CodeIgniter\Router\Router->checkDisallowedChars()
 2 SYSTEMPATH/CodeIgniter.php(829): CodeIgniter\Router\Router->handle()
 3 SYSTEMPATH/CodeIgniter.php(441): CodeIgniter\CodeIgniter->tryToRouteIt()
 4 SYSTEMPATH/CodeIgniter.php(340): CodeIgniter\CodeIgniter->handleRequest()
 5 SYSTEMPATH/Boot.php(417): CodeIgniter\CodeIgniter->run()
 6 SYSTEMPATH/Boot.php(68): CodeIgniter\Boot::runCodeIgniter()
 7 FCPATH/index.php(31): CodeIgniter\Boot::bootWeb()
CRITICAL - 2026-04-29 00:22:51 --> CodeIgniter\HTTP\Exceptions\BadRequestException: The URI you submitted has disallowed characters: "राजनीति"
[Method: GET, Route: category/%E0%A4%B0%E0%A4%BE%E0%A4%9C%E0%A4%A8%E0%A5%80%E0%A4%A4%E0%A4%BF/page/4/]
in SYSTEMPATH/Router/Router.php on line 768.
 1 SYSTEMPATH/Router/Router.php(219): CodeIgniter\Router\Router->checkDisallowedChars()
 2 SYSTEMPATH/CodeIgniter.php(829): CodeIgniter\Router\Router->handle()
 3 SYSTEMPATH/CodeIgniter.php(441): CodeIgniter\CodeIgniter->tryToRouteIt()
 4 SYSTEMPATH/CodeIgniter.php(340): CodeIgniter\CodeIgniter->handleRequest()
 5 SYSTEMPATH/Boot.php(417): CodeIgniter\CodeIgniter->run()
 6 SYSTEMPATH/Boot.php(68): CodeIgniter\Boot::runCodeIgniter()
 7 FCPATH/index.php(31): CodeIgniter\Boot::bootWeb()
CRITICAL - 2026-04-29 00:22:56 --> CodeIgniter\HTTP\Exceptions\BadRequestException: The URI you submitted has disallowed characters: "राजनीति"
[Method: GET, Route: category/%E0%A4%B0%E0%A4%BE%E0%A4%9C%E0%A4%A8%E0%A5%80%E0%A4%A4%E0%A4%BF/page/4/]
in SYSTEMPATH/Router/Router.php on line 768.
 1 SYSTEMPATH/Router/Router.php(219): CodeIgniter\Router\Router->checkDisallowedChars()
 2 SYSTEMPATH/CodeIgniter.php(829): CodeIgniter\Router\Router->handle()
 3 SYSTEMPATH/CodeIgniter.php(441): CodeIgniter\CodeIgniter->tryToRouteIt()
 4 SYSTEMPATH/CodeIgniter.php(340): CodeIgniter\CodeIgniter->handleRequest()
 5 SYSTEMPATH/Boot.php(417): CodeIgniter\CodeIgniter->run()
 6 SYSTEMPATH/Boot.php(68): CodeIgniter\Boot::runCodeIgniter()
 7 FCPATH/index.php(31): CodeIgniter\Boot::bootWeb()
CRITICAL - 2026-04-29 00:23:02 --> CodeIgniter\HTTP\Exceptions\BadRequestException: The URI you submitted has disallowed characters: "राजनीति"
[Method: GET, Route: category/%E0%A4%B0%E0%A4%BE%E0%A4%9C%E0%A4%A8%E0%A5%80%E0%A4%A4%E0%A4%BF/page/5/]
in SYSTEMPATH/Router/Router.php on line 768.
 1 SYSTEMPATH/Router/Router.php(219): CodeIgniter\Router\Router->checkDisallowedChars()
 2 SYSTEMPATH/CodeIgniter.php(829): CodeIgniter\Router\Router->handle()
 3 SYSTEMPATH/CodeIgniter.php(441): CodeIgniter\CodeIgniter->tryToRouteIt()
 4 SYSTEMPATH/CodeIgniter.php(340): CodeIgniter\CodeIgniter->handleRequest()
 5 SYSTEMPATH/Boot.php(417): CodeIgniter\CodeIgniter->run()
 6 SYSTEMPATH/Boot.php(68): CodeIgniter\Boot::runCodeIgniter()
 7 FCPATH/index.php(31): CodeIgniter\Boot::bootWeb()
CRITICAL - 2026-04-29 00:23:05 --> CodeIgniter\HTTP\Exceptions\BadRequestException: The URI you submitted has disallowed characters: "राजनीति"
[Method: GET, Route: category/%E0%A4%B0%E0%A4%BE%E0%A4%9C%E0%A4%A8%E0%A5%80%E0%A4%A4%E0%A4%BF/page/5/]
in SYSTEMPATH/Router/Router.php on line 768.
 1 SYSTEMPATH/Router/Router.php(219): CodeIgniter\Router\Router->checkDisallowedChars()
 2 SYSTEMPATH/CodeIgniter.php(829): CodeIgniter\Router\Router->handle()
 3 SYSTEMPATH/CodeIgniter.php(441): CodeIgniter\CodeIgniter->tryToRouteIt()
 4 SYSTEMPATH/CodeIgniter.php(340): CodeIgniter\CodeIgniter->handleRequest()
 5 SYSTEMPATH/Boot.php(417): CodeIgniter\CodeIgniter->run()
 6 SYSTEMPATH/Boot.php(68): CodeIgniter\Boot::runCodeIgniter()
 7 FCPATH/index.php(31): CodeIgniter\Boot::bootWeb()
CRITICAL - 2026-04-29 00:23:12 --> CodeIgniter\HTTP\Exceptions\BadRequestException: The URI you submitted has disallowed characters: "राजनीति"
[Method: GET, Route: category/%E0%A4%B0%E0%A4%BE%E0%A4%9C%E0%A4%A8%E0%A5%80%E0%A4%A4%E0%A4%BF/page/6/]
in SYSTEMPATH/Router/Router.php on line 768.
 1 SYSTEMPATH/Router/Router.php(219): CodeIgniter\Router\Router->checkDisallowedChars()
 2 SYSTEMPATH/CodeIgniter.php(829): CodeIgniter\Router\Router->handle()
 3 SYSTEMPATH/CodeIgniter.php(441): CodeIgniter\CodeIgniter->tryToRouteIt()
 4 SYSTEMPATH/CodeIgniter.php(340): CodeIgniter\CodeIgniter->handleRequest()
 5 SYSTEMPATH/Boot.php(417): CodeIgniter\CodeIgniter->run()
 6 SYSTEMPATH/Boot.php(68): CodeIgniter\Boot::runCodeIgniter()
 7 FCPATH/index.php(31): CodeIgniter\Boot::bootWeb()
CRITICAL - 2026-04-29 00:23:15 --> CodeIgniter\HTTP\Exceptions\BadRequestException: The URI you submitted has disallowed characters: "राजनीति"
[Method: GET, Route: category/%E0%A4%B0%E0%A4%BE%E0%A4%9C%E0%A4%A8%E0%A5%80%E0%A4%A4%E0%A4%BF/page/6/]
in SYSTEMPATH/Router/Router.php on line 768.
 1 SYSTEMPATH/Router/Router.php(219): CodeIgniter\Router\Router->checkDisallowedChars()
 2 SYSTEMPATH/CodeIgniter.php(829): CodeIgniter\Router\Router->handle()
 3 SYSTEMPATH/CodeIgniter.php(441): CodeIgniter\CodeIgniter->tryToRouteIt()
 4 SYSTEMPATH/CodeIgniter.php(340): CodeIgniter\CodeIgniter->handleRequest()
 5 SYSTEMPATH/Boot.php(417): CodeIgniter\CodeIgniter->run()
 6 SYSTEMPATH/Boot.php(68): CodeIgniter\Boot::runCodeIgniter()
 7 FCPATH/index.php(31): CodeIgniter\Boot::bootWeb()
CRITICAL - 2026-04-29 00:23:22 --> CodeIgniter\HTTP\Exceptions\BadRequestException: The URI you submitted has disallowed characters: "राजनीति"
[Method: GET, Route: category/%E0%A4%B0%E0%A4%BE%E0%A4%9C%E0%A4%A8%E0%A5%80%E0%A4%A4%E0%A4%BF/page/7/]
in SYSTEMPATH/Router/Router.php on line 768.
 1 SYSTEMPATH/Router/Router.php(219): CodeIgniter\Router\Router->checkDisallowedChars()
 2 SYSTEMPATH/CodeIgniter.php(829): CodeIgniter\Router\Router->handle()
 3 SYSTEMPATH/CodeIgniter.php(441): CodeIgniter\CodeIgniter->tryToRouteIt()
 4 SYSTEMPATH/CodeIgniter.php(340): CodeIgniter\CodeIgniter->handleRequest()
 5 SYSTEMPATH/Boot.php(417): CodeIgniter\CodeIgniter->run()
 6 SYSTEMPATH/Boot.php(68): CodeIgniter\Boot::runCodeIgniter()
 7 FCPATH/index.php(31): CodeIgniter\Boot::bootWeb()
CRITICAL - 2026-04-29 00:23:24 --> CodeIgniter\HTTP\Exceptions\BadRequestException: The URI you submitted has disallowed characters: "राजनीति"
[Method: GET, Route: category/%E0%A4%B0%E0%A4%BE%E0%A4%9C%E0%A4%A8%E0%A5%80%E0%A4%A4%E0%A4%BF/page/7/]
in SYSTEMPATH/Router/Router.php on line 768.
 1 SYSTEMPATH/Router/Router.php(219): CodeIgniter\Router\Router->checkDisallowedChars()
 2 SYSTEMPATH/CodeIgniter.php(829): CodeIgniter\Router\Router->handle()
 3 SYSTEMPATH/CodeIgniter.php(441): CodeIgniter\CodeIgniter->tryToRouteIt()
 4 SYSTEMPATH/CodeIgniter.php(340): CodeIgniter\CodeIgniter->handleRequest()
 5 SYSTEMPATH/Boot.php(417): CodeIgniter\CodeIgniter->run()
 6 SYSTEMPATH/Boot.php(68): CodeIgniter\Boot::runCodeIgniter()
 7 FCPATH/index.php(31): CodeIgniter\Boot::bootWeb()
CRITICAL - 2026-04-29 00:23:29 --> CodeIgniter\HTTP\Exceptions\BadRequestException: The URI you submitted has disallowed characters: "राजनीति"
[Method: GET, Route: category/%E0%A4%B0%E0%A4%BE%E0%A4%9C%E0%A4%A8%E0%A5%80%E0%A4%A4%E0%A4%BF/page/8/]
in SYSTEMPATH/Router/Router.php on line 768.
 1 SYSTEMPATH/Router/Router.php(219): CodeIgniter\Router\Router->checkDisallowedChars()
 2 SYSTEMPATH/CodeIgniter.php(829): CodeIgniter\Router\Router->handle()
 3 SYSTEMPATH/CodeIgniter.php(441): CodeIgniter\CodeIgniter->tryToRouteIt()
 4 SYSTEMPATH/CodeIgniter.php(340): CodeIgniter\CodeIgniter->handleRequest()
 5 SYSTEMPATH/Boot.php(417): CodeIgniter\CodeIgniter->run()
 6 SYSTEMPATH/Boot.php(68): CodeIgniter\Boot::runCodeIgniter()
 7 FCPATH/index.php(31): CodeIgniter\Boot::bootWeb()
CRITICAL - 2026-04-29 00:23:32 --> CodeIgniter\HTTP\Exceptions\BadRequestException: The URI you submitted has disallowed characters: "राजनीति"
[Method: GET, Route: category/%E0%A4%B0%E0%A4%BE%E0%A4%9C%E0%A4%A8%E0%A5%80%E0%A4%A4%E0%A4%BF/page/8/]
in SYSTEMPATH/Router/Router.php on line 768.
 1 SYSTEMPATH/Router/Router.php(219): CodeIgniter\Router\Router->checkDisallowedChars()
 2 SYSTEMPATH/CodeIgniter.php(829): CodeIgniter\Router\Router->handle()
 3 SYSTEMPATH/CodeIgniter.php(441): CodeIgniter\CodeIgniter->tryToRouteIt()
 4 SYSTEMPATH/CodeIgniter.php(340): CodeIgniter\CodeIgniter->handleRequest()
 5 SYSTEMPATH/Boot.php(417): CodeIgniter\CodeIgniter->run()
 6 SYSTEMPATH/Boot.php(68): CodeIgniter\Boot::runCodeIgniter()
 7 FCPATH/index.php(31): CodeIgniter\Boot::bootWeb()
CRITICAL - 2026-04-29 00:23:39 --> CodeIgniter\HTTP\Exceptions\BadRequestException: The URI you submitted has disallowed characters: "राजनीति"
[Method: GET, Route: category/%E0%A4%B0%E0%A4%BE%E0%A4%9C%E0%A4%A8%E0%A5%80%E0%A4%A4%E0%A4%BF/page/9/]
in SYSTEMPATH/Router/Router.php on line 768.
 1 SYSTEMPATH/Router/Router.php(219): CodeIgniter\Router\Router->checkDisallowedChars()
 2 SYSTEMPATH/CodeIgniter.php(829): CodeIgniter\Router\Router->handle()
 3 SYSTEMPATH/CodeIgniter.php(441): CodeIgniter\CodeIgniter->tryToRouteIt()
 4 SYSTEMPATH/CodeIgniter.php(340): CodeIgniter\CodeIgniter->handleRequest()
 5 SYSTEMPATH/Boot.php(417): CodeIgniter\CodeIgniter->run()
 6 SYSTEMPATH/Boot.php(68): CodeIgniter\Boot::runCodeIgniter()
 7 FCPATH/index.php(31): CodeIgniter\Boot::bootWeb()
CRITICAL - 2026-04-29 00:23:42 --> CodeIgniter\HTTP\Exceptions\BadRequestException: The URI you submitted has disallowed characters: "राजनीति"
[Method: GET, Route: category/%E0%A4%B0%E0%A4%BE%E0%A4%9C%E0%A4%A8%E0%A5%80%E0%A4%A4%E0%A4%BF/page/9/]
in SYSTEMPATH/Router/Router.php on line 768.
 1 SYSTEMPATH/Router/Router.php(219): CodeIgniter\Router\Router->checkDisallowedChars()
 2 SYSTEMPATH/CodeIgniter.php(829): CodeIgniter\Router\Router->handle()
 3 SYSTEMPATH/CodeIgniter.php(441): CodeIgniter\CodeIgniter->tryToRouteIt()
 4 SYSTEMPATH/CodeIgniter.php(340): CodeIgniter\CodeIgniter->handleRequest()
 5 SYSTEMPATH/Boot.php(417): CodeIgniter\CodeIgniter->run()
 6 SYSTEMPATH/Boot.php(68): CodeIgniter\Boot::runCodeIgniter()
 7 FCPATH/index.php(31): CodeIgniter\Boot::bootWeb()
CRITICAL - 2026-04-29 00:40:48 --> CodeIgniter\HTTP\Exceptions\BadRequestException: The URI you submitted has disallowed characters: "मनोरञ्जन"
[Method: GET, Route: category/%E0%A4%AE%E0%A4%A8%E0%A5%8B%E0%A4%B0%E0%A4%9E%E0%A5%8D%E0%A4%9C%E0%A4%A8/]
in SYSTEMPATH/Router/Router.php on line 768.
 1 SYSTEMPATH/Router/Router.php(219): CodeIgniter\Router\Router->checkDisallowedChars()
 2 SYSTEMPATH/CodeIgniter.php(829): CodeIgniter\Router\Router->handle()
 3 SYSTEMPATH/CodeIgniter.php(441): CodeIgniter\CodeIgniter->tryToRouteIt()
 4 SYSTEMPATH/CodeIgniter.php(340): CodeIgniter\CodeIgniter->handleRequest()
 5 SYSTEMPATH/Boot.php(417): CodeIgniter\CodeIgniter->run()
 6 SYSTEMPATH/Boot.php(68): CodeIgniter\Boot::runCodeIgniter()
 7 FCPATH/index.php(31): CodeIgniter\Boot::bootWeb()
CRITICAL - 2026-04-29 00:44:49 --> CodeIgniter\HTTP\Exceptions\BadRequestException: The URI you submitted has disallowed characters: "अपराध"
[Method: GET, Route: category/%E0%A4%85%E0%A4%AA%E0%A4%B0%E0%A4%BE%E0%A4%A7/page/2/]
in SYSTEMPATH/Router/Router.php on line 768.
 1 SYSTEMPATH/Router/Router.php(219): CodeIgniter\Router\Router->checkDisallowedChars()
 2 SYSTEMPATH/CodeIgniter.php(829): CodeIgniter\Router\Router->handle()
 3 SYSTEMPATH/CodeIgniter.php(441): CodeIgniter\CodeIgniter->tryToRouteIt()
 4 SYSTEMPATH/CodeIgniter.php(340): CodeIgniter\CodeIgniter->handleRequest()
 5 SYSTEMPATH/Boot.php(417): CodeIgniter\CodeIgniter->run()
 6 SYSTEMPATH/Boot.php(68): CodeIgniter\Boot::runCodeIgniter()
 7 FCPATH/index.php(31): CodeIgniter\Boot::bootWeb()
CRITICAL - 2026-04-29 01:07:20 --> CodeIgniter\HTTP\Exceptions\BadRequestException: The URI you submitted has disallowed characters: "अपराध"
[Method: GET, Route: category/%E0%A4%85%E0%A4%AA%E0%A4%B0%E0%A4%BE%E0%A4%A7/page/8/]
in SYSTEMPATH/Router/Router.php on line 768.
 1 SYSTEMPATH/Router/Router.php(219): CodeIgniter\Router\Router->checkDisallowedChars()
 2 SYSTEMPATH/CodeIgniter.php(829): CodeIgniter\Router\Router->handle()
 3 SYSTEMPATH/CodeIgniter.php(441): CodeIgniter\CodeIgniter->tryToRouteIt()
 4 SYSTEMPATH/CodeIgniter.php(340): CodeIgniter\CodeIgniter->handleRequest()
 5 SYSTEMPATH/Boot.php(417): CodeIgniter\CodeIgniter->run()
 6 SYSTEMPATH/Boot.php(68): CodeIgniter\Boot::runCodeIgniter()
 7 FCPATH/index.php(31): CodeIgniter\Boot::bootWeb()
CRITICAL - 2026-04-29 01:12:16 --> CodeIgniter\HTTP\Exceptions\BadRequestException: The URI you submitted has disallowed characters: "इपेपर"
[Method: GET, Route: category/%E0%A4%87%E0%A4%AA%E0%A5%87%E0%A4%AA%E0%A4%B0/]
in SYSTEMPATH/Router/Router.php on line 768.
 1 SYSTEMPATH/Router/Router.php(219): CodeIgniter\Router\Router->checkDisallowedChars()
 2 SYSTEMPATH/CodeIgniter.php(829): CodeIgniter\Router\Router->handle()
 3 SYSTEMPATH/CodeIgniter.php(441): CodeIgniter\CodeIgniter->tryToRouteIt()
 4 SYSTEMPATH/CodeIgniter.php(340): CodeIgniter\CodeIgniter->handleRequest()
 5 SYSTEMPATH/Boot.php(417): CodeIgniter\CodeIgniter->run()
 6 SYSTEMPATH/Boot.php(68): CodeIgniter\Boot::runCodeIgniter()
 7 FCPATH/index.php(31): CodeIgniter\Boot::bootWeb()
CRITICAL - 2026-04-29 01:12:19 --> CodeIgniter\HTTP\Exceptions\BadRequestException: The URI you submitted has disallowed characters: "पत्रपत्रिका"
[Method: GET, Route: category/%E0%A4%AA%E0%A4%A4%E0%A5%8D%E0%A4%B0%E0%A4%AA%E0%A4%A4%E0%A5%8D%E0%A4%B0%E0%A4%BF%E0%A4%95%E0%A4%BE/]
in SYSTEMPATH/Router/Router.php on line 768.
 1 SYSTEMPATH/Router/Router.php(219): CodeIgniter\Router\Router->checkDisallowedChars()
 2 SYSTEMPATH/CodeIgniter.php(829): CodeIgniter\Router\Router->handle()
 3 SYSTEMPATH/CodeIgniter.php(441): CodeIgniter\CodeIgniter->tryToRouteIt()
 4 SYSTEMPATH/CodeIgniter.php(340): CodeIgniter\CodeIgniter->handleRequest()
 5 SYSTEMPATH/Boot.php(417): CodeIgniter\CodeIgniter->run()
 6 SYSTEMPATH/Boot.php(68): CodeIgniter\Boot::runCodeIgniter()
 7 FCPATH/index.php(31): CodeIgniter\Boot::bootWeb()
CRITICAL - 2026-04-29 01:12:23 --> CodeIgniter\HTTP\Exceptions\BadRequestException: The URI you submitted has disallowed characters: "प्रदेश-१"
[Method: GET, Route: category/%E0%A4%AA%E0%A5%8D%E0%A4%B0%E0%A4%A6%E0%A5%87%E0%A4%B6-%E0%A5%A7/]
in SYSTEMPATH/Router/Router.php on line 768.
 1 SYSTEMPATH/Router/Router.php(219): CodeIgniter\Router\Router->checkDisallowedChars()
 2 SYSTEMPATH/CodeIgniter.php(829): CodeIgniter\Router\Router->handle()
 3 SYSTEMPATH/CodeIgniter.php(441): CodeIgniter\CodeIgniter->tryToRouteIt()
 4 SYSTEMPATH/CodeIgniter.php(340): CodeIgniter\CodeIgniter->handleRequest()
 5 SYSTEMPATH/Boot.php(417): CodeIgniter\CodeIgniter->run()
 6 SYSTEMPATH/Boot.php(68): CodeIgniter\Boot::runCodeIgniter()
 7 FCPATH/index.php(31): CodeIgniter\Boot::bootWeb()
CRITICAL - 2026-04-29 01:12:26 --> CodeIgniter\HTTP\Exceptions\BadRequestException: The URI you submitted has disallowed characters: "प्रदेश-२"
[Method: GET, Route: category/%E0%A4%AA%E0%A5%8D%E0%A4%B0%E0%A4%A6%E0%A5%87%E0%A4%B6-%E0%A5%A8/]
in SYSTEMPATH/Router/Router.php on line 768.
 1 SYSTEMPATH/Router/Router.php(219): CodeIgniter\Router\Router->checkDisallowedChars()
 2 SYSTEMPATH/CodeIgniter.php(829): CodeIgniter\Router\Router->handle()
 3 SYSTEMPATH/CodeIgniter.php(441): CodeIgniter\CodeIgniter->tryToRouteIt()
 4 SYSTEMPATH/CodeIgniter.php(340): CodeIgniter\CodeIgniter->handleRequest()
 5 SYSTEMPATH/Boot.php(417): CodeIgniter\CodeIgniter->run()
 6 SYSTEMPATH/Boot.php(68): CodeIgniter\Boot::runCodeIgniter()
 7 FCPATH/index.php(31): CodeIgniter\Boot::bootWeb()
CRITICAL - 2026-04-29 01:12:29 --> CodeIgniter\HTTP\Exceptions\BadRequestException: The URI you submitted has disallowed characters: "प्रदेश-३"
[Method: GET, Route: category/%E0%A4%AA%E0%A5%8D%E0%A4%B0%E0%A4%A6%E0%A5%87%E0%A4%B6-%E0%A5%A9/]
in SYSTEMPATH/Router/Router.php on line 768.
 1 SYSTEMPATH/Router/Router.php(219): CodeIgniter\Router\Router->checkDisallowedChars()
 2 SYSTEMPATH/CodeIgniter.php(829): CodeIgniter\Router\Router->handle()
 3 SYSTEMPATH/CodeIgniter.php(441): CodeIgniter\CodeIgniter->tryToRouteIt()
 4 SYSTEMPATH/CodeIgniter.php(340): CodeIgniter\CodeIgniter->handleRequest()
 5 SYSTEMPATH/Boot.php(417): CodeIgniter\CodeIgniter->run()
 6 SYSTEMPATH/Boot.php(68): CodeIgniter\Boot::runCodeIgniter()
 7 FCPATH/index.php(31): CodeIgniter\Boot::bootWeb()
CRITICAL - 2026-04-29 01:12:33 --> CodeIgniter\HTTP\Exceptions\BadRequestException: The URI you submitted has disallowed characters: "प्रदेश-४"
[Method: GET, Route: category/%E0%A4%AA%E0%A5%8D%E0%A4%B0%E0%A4%A6%E0%A5%87%E0%A4%B6-%E0%A5%AA/]
in SYSTEMPATH/Router/Router.php on line 768.
 1 SYSTEMPATH/Router/Router.php(219): CodeIgniter\Router\Router->checkDisallowedChars()
 2 SYSTEMPATH/CodeIgniter.php(829): CodeIgniter\Router\Router->handle()
 3 SYSTEMPATH/CodeIgniter.php(441): CodeIgniter\CodeIgniter->tryToRouteIt()
 4 SYSTEMPATH/CodeIgniter.php(340): CodeIgniter\CodeIgniter->handleRequest()
 5 SYSTEMPATH/Boot.php(417): CodeIgniter\CodeIgniter->run()
 6 SYSTEMPATH/Boot.php(68): CodeIgniter\Boot::runCodeIgniter()
 7 FCPATH/index.php(31): CodeIgniter\Boot::bootWeb()
CRITICAL - 2026-04-29 01:12:36 --> CodeIgniter\HTTP\Exceptions\BadRequestException: The URI you submitted has disallowed characters: "प्रदेश-५"
[Method: GET, Route: category/%E0%A4%AA%E0%A5%8D%E0%A4%B0%E0%A4%A6%E0%A5%87%E0%A4%B6-%E0%A5%AB/]
in SYSTEMPATH/Router/Router.php on line 768.
 1 SYSTEMPATH/Router/Router.php(219): CodeIgniter\Router\Router->checkDisallowedChars()
 2 SYSTEMPATH/CodeIgniter.php(829): CodeIgniter\Router\Router->handle()
 3 SYSTEMPATH/CodeIgniter.php(441): CodeIgniter\CodeIgniter->tryToRouteIt()
 4 SYSTEMPATH/CodeIgniter.php(340): CodeIgniter\CodeIgniter->handleRequest()
 5 SYSTEMPATH/Boot.php(417): CodeIgniter\CodeIgniter->run()
 6 SYSTEMPATH/Boot.php(68): CodeIgniter\Boot::runCodeIgniter()
 7 FCPATH/index.php(31): CodeIgniter\Boot::bootWeb()
CRITICAL - 2026-04-29 01:12:40 --> CodeIgniter\HTTP\Exceptions\BadRequestException: The URI you submitted has disallowed characters: "प्रदेश-६"
[Method: GET, Route: category/%E0%A4%AA%E0%A5%8D%E0%A4%B0%E0%A4%A6%E0%A5%87%E0%A4%B6-%E0%A5%AC/]
in SYSTEMPATH/Router/Router.php on line 768.
 1 SYSTEMPATH/Router/Router.php(219): CodeIgniter\Router\Router->checkDisallowedChars()
 2 SYSTEMPATH/CodeIgniter.php(829): CodeIgniter\Router\Router->handle()
 3 SYSTEMPATH/CodeIgniter.php(441): CodeIgniter\CodeIgniter->tryToRouteIt()
 4 SYSTEMPATH/CodeIgniter.php(340): CodeIgniter\CodeIgniter->handleRequest()
 5 SYSTEMPATH/Boot.php(417): CodeIgniter\CodeIgniter->run()
 6 SYSTEMPATH/Boot.php(68): CodeIgniter\Boot::runCodeIgniter()
 7 FCPATH/index.php(31): CodeIgniter\Boot::bootWeb()
CRITICAL - 2026-04-29 01:12:43 --> CodeIgniter\HTTP\Exceptions\BadRequestException: The URI you submitted has disallowed characters: "प्रदेश-७"
[Method: GET, Route: category/%E0%A4%AA%E0%A5%8D%E0%A4%B0%E0%A4%A6%E0%A5%87%E0%A4%B6-%E0%A5%AD/]
in SYSTEMPATH/Router/Router.php on line 768.
 1 SYSTEMPATH/Router/Router.php(219): CodeIgniter\Router\Router->checkDisallowedChars()
 2 SYSTEMPATH/CodeIgniter.php(829): CodeIgniter\Router\Router->handle()
 3 SYSTEMPATH/CodeIgniter.php(441): CodeIgniter\CodeIgniter->tryToRouteIt()
 4 SYSTEMPATH/CodeIgniter.php(340): CodeIgniter\CodeIgniter->handleRequest()
 5 SYSTEMPATH/Boot.php(417): CodeIgniter\CodeIgniter->run()
 6 SYSTEMPATH/Boot.php(68): CodeIgniter\Boot::runCodeIgniter()
 7 FCPATH/index.php(31): CodeIgniter\Boot::bootWeb()
CRITICAL - 2026-04-29 01:12:46 --> CodeIgniter\HTTP\Exceptions\BadRequestException: The URI you submitted has disallowed characters: "प्रमुख-समाचार"
[Method: GET, Route: category/%E0%A4%AA%E0%A5%8D%E0%A4%B0%E0%A4%AE%E0%A5%81%E0%A4%96-%E0%A4%B8%E0%A4%AE%E0%A4%BE%E0%A4%9A%E0%A4%BE%E0%A4%B0/]
in SYSTEMPATH/Router/Router.php on line 768.
 1 SYSTEMPATH/Router/Router.php(219): CodeIgniter\Router\Router->checkDisallowedChars()
 2 SYSTEMPATH/CodeIgniter.php(829): CodeIgniter\Router\Router->handle()
 3 SYSTEMPATH/CodeIgniter.php(441): CodeIgniter\CodeIgniter->tryToRouteIt()
 4 SYSTEMPATH/CodeIgniter.php(340): CodeIgniter\CodeIgniter->handleRequest()
 5 SYSTEMPATH/Boot.php(417): CodeIgniter\CodeIgniter->run()
 6 SYSTEMPATH/Boot.php(68): CodeIgniter\Boot::runCodeIgniter()
 7 FCPATH/index.php(31): CodeIgniter\Boot::bootWeb()
CRITICAL - 2026-04-29 01:12:50 --> CodeIgniter\HTTP\Exceptions\BadRequestException: The URI you submitted has disallowed characters: "मनोरञ्जन"
[Method: GET, Route: category/%E0%A4%AE%E0%A4%A8%E0%A5%8B%E0%A4%B0%E0%A4%9E%E0%A5%8D%E0%A4%9C%E0%A4%A8/]
in SYSTEMPATH/Router/Router.php on line 768.
 1 SYSTEMPATH/Router/Router.php(219): CodeIgniter\Router\Router->checkDisallowedChars()
 2 SYSTEMPATH/CodeIgniter.php(829): CodeIgniter\Router\Router->handle()
 3 SYSTEMPATH/CodeIgniter.php(441): CodeIgniter\CodeIgniter->tryToRouteIt()
 4 SYSTEMPATH/CodeIgniter.php(340): CodeIgniter\CodeIgniter->handleRequest()
 5 SYSTEMPATH/Boot.php(417): CodeIgniter\CodeIgniter->run()
 6 SYSTEMPATH/Boot.php(68): CodeIgniter\Boot::runCodeIgniter()
 7 FCPATH/index.php(31): CodeIgniter\Boot::bootWeb()
CRITICAL - 2026-04-29 01:12:54 --> CodeIgniter\HTTP\Exceptions\BadRequestException: The URI you submitted has disallowed characters: "राजनीति"
[Method: GET, Route: category/%E0%A4%B0%E0%A4%BE%E0%A4%9C%E0%A4%A8%E0%A5%80%E0%A4%A4%E0%A4%BF/]
in SYSTEMPATH/Router/Router.php on line 768.
 1 SYSTEMPATH/Router/Router.php(219): CodeIgniter\Router\Router->checkDisallowedChars()
 2 SYSTEMPATH/CodeIgniter.php(829): CodeIgniter\Router\Router->handle()
 3 SYSTEMPATH/CodeIgniter.php(441): CodeIgniter\CodeIgniter->tryToRouteIt()
 4 SYSTEMPATH/CodeIgniter.php(340): CodeIgniter\CodeIgniter->handleRequest()
 5 SYSTEMPATH/Boot.php(417): CodeIgniter\CodeIgniter->run()
 6 SYSTEMPATH/Boot.php(68): CodeIgniter\Boot::runCodeIgniter()
 7 FCPATH/index.php(31): CodeIgniter\Boot::bootWeb()
CRITICAL - 2026-04-29 01:44:37 --> CodeIgniter\HTTP\Exceptions\BadRequestException: The URI you submitted has disallowed characters: "समाचार"
[Method: GET, Route: category/%E0%A4%B8%E0%A4%AE%E0%A4%BE%E0%A4%9A%E0%A4%BE%E0%A4%B0/]
in SYSTEMPATH/Router/Router.php on line 768.
 1 SYSTEMPATH/Router/Router.php(219): CodeIgniter\Router\Router->checkDisallowedChars()
 2 SYSTEMPATH/CodeIgniter.php(829): CodeIgniter\Router\Router->handle()
 3 SYSTEMPATH/CodeIgniter.php(441): CodeIgniter\CodeIgniter->tryToRouteIt()
 4 SYSTEMPATH/CodeIgniter.php(340): CodeIgniter\CodeIgniter->handleRequest()
 5 SYSTEMPATH/Boot.php(417): CodeIgniter\CodeIgniter->run()
 6 SYSTEMPATH/Boot.php(68): CodeIgniter\Boot::runCodeIgniter()
 7 FCPATH/index.php(31): CodeIgniter\Boot::bootWeb()
CRITICAL - 2026-04-29 01:50:38 --> CodeIgniter\HTTP\Exceptions\BadRequestException: The URI you submitted has disallowed characters: "मनोरञ्जन"
[Method: GET, Route: category/%E0%A4%AE%E0%A4%A8%E0%A5%8B%E0%A4%B0%E0%A4%9E%E0%A5%8D%E0%A4%9C%E0%A4%A8/page/4/]
in SYSTEMPATH/Router/Router.php on line 768.
 1 SYSTEMPATH/Router/Router.php(219): CodeIgniter\Router\Router->checkDisallowedChars()
 2 SYSTEMPATH/CodeIgniter.php(829): CodeIgniter\Router\Router->handle()
 3 SYSTEMPATH/CodeIgniter.php(441): CodeIgniter\CodeIgniter->tryToRouteIt()
 4 SYSTEMPATH/CodeIgniter.php(340): CodeIgniter\CodeIgniter->handleRequest()
 5 SYSTEMPATH/Boot.php(417): CodeIgniter\CodeIgniter->run()
 6 SYSTEMPATH/Boot.php(68): CodeIgniter\Boot::runCodeIgniter()
 7 FCPATH/index.php(31): CodeIgniter\Boot::bootWeb()
CRITICAL - 2026-04-29 01:50:39 --> CodeIgniter\HTTP\Exceptions\BadRequestException: The URI you submitted has disallowed characters: "मनोरञ्जन"
[Method: GET, Route: category/%E0%A4%AE%E0%A4%A8%E0%A5%8B%E0%A4%B0%E0%A4%9E%E0%A5%8D%E0%A4%9C%E0%A4%A8/page/4/]
in SYSTEMPATH/Router/Router.php on line 768.
 1 SYSTEMPATH/Router/Router.php(219): CodeIgniter\Router\Router->checkDisallowedChars()
 2 SYSTEMPATH/CodeIgniter.php(829): CodeIgniter\Router\Router->handle()
 3 SYSTEMPATH/CodeIgniter.php(441): CodeIgniter\CodeIgniter->tryToRouteIt()
 4 SYSTEMPATH/CodeIgniter.php(340): CodeIgniter\CodeIgniter->handleRequest()
 5 SYSTEMPATH/Boot.php(417): CodeIgniter\CodeIgniter->run()
 6 SYSTEMPATH/Boot.php(68): CodeIgniter\Boot::runCodeIgniter()
 7 FCPATH/index.php(31): CodeIgniter\Boot::bootWeb()
CRITICAL - 2026-04-29 01:50:41 --> CodeIgniter\HTTP\Exceptions\BadRequestException: The URI you submitted has disallowed characters: "मनोरञ्जन"
[Method: GET, Route: category/%E0%A4%AE%E0%A4%A8%E0%A5%8B%E0%A4%B0%E0%A4%9E%E0%A5%8D%E0%A4%9C%E0%A4%A8/page/4/]
in SYSTEMPATH/Router/Router.php on line 768.
 1 SYSTEMPATH/Router/Router.php(219): CodeIgniter\Router\Router->checkDisallowedChars()
 2 SYSTEMPATH/CodeIgniter.php(829): CodeIgniter\Router\Router->handle()
 3 SYSTEMPATH/CodeIgniter.php(441): CodeIgniter\CodeIgniter->tryToRouteIt()
 4 SYSTEMPATH/CodeIgniter.php(340): CodeIgniter\CodeIgniter->handleRequest()
 5 SYSTEMPATH/Boot.php(417): CodeIgniter\CodeIgniter->run()
 6 SYSTEMPATH/Boot.php(68): CodeIgniter\Boot::runCodeIgniter()
 7 FCPATH/index.php(31): CodeIgniter\Boot::bootWeb()
CRITICAL - 2026-04-29 01:50:44 --> CodeIgniter\HTTP\Exceptions\BadRequestException: The URI you submitted has disallowed characters: "मनोरञ्जन"
[Method: GET, Route: category/%E0%A4%AE%E0%A4%A8%E0%A5%8B%E0%A4%B0%E0%A4%9E%E0%A5%8D%E0%A4%9C%E0%A4%A8/page/4/]
in SYSTEMPATH/Router/Router.php on line 768.
 1 SYSTEMPATH/Router/Router.php(219): CodeIgniter\Router\Router->checkDisallowedChars()
 2 SYSTEMPATH/CodeIgniter.php(829): CodeIgniter\Router\Router->handle()
 3 SYSTEMPATH/CodeIgniter.php(441): CodeIgniter\CodeIgniter->tryToRouteIt()
 4 SYSTEMPATH/CodeIgniter.php(340): CodeIgniter\CodeIgniter->handleRequest()
 5 SYSTEMPATH/Boot.php(417): CodeIgniter\CodeIgniter->run()
 6 SYSTEMPATH/Boot.php(68): CodeIgniter\Boot::runCodeIgniter()
 7 FCPATH/index.php(31): CodeIgniter\Boot::bootWeb()
CRITICAL - 2026-04-29 01:59:49 --> CodeIgniter\HTTP\Exceptions\BadRequestException: The URI you submitted has disallowed characters: "प्रदेश-६"
[Method: GET, Route: category/%E0%A4%AA%E0%A5%8D%E0%A4%B0%E0%A4%A6%E0%A5%87%E0%A4%B6-%E0%A5%AC/page/9/]
in SYSTEMPATH/Router/Router.php on line 768.
 1 SYSTEMPATH/Router/Router.php(219): CodeIgniter\Router\Router->checkDisallowedChars()
 2 SYSTEMPATH/CodeIgniter.php(829): CodeIgniter\Router\Router->handle()
 3 SYSTEMPATH/CodeIgniter.php(441): CodeIgniter\CodeIgniter->tryToRouteIt()
 4 SYSTEMPATH/CodeIgniter.php(340): CodeIgniter\CodeIgniter->handleRequest()
 5 SYSTEMPATH/Boot.php(417): CodeIgniter\CodeIgniter->run()
 6 SYSTEMPATH/Boot.php(68): CodeIgniter\Boot::runCodeIgniter()
 7 FCPATH/index.php(31): CodeIgniter\Boot::bootWeb()
CRITICAL - 2026-04-29 02:04:46 --> CodeIgniter\HTTP\Exceptions\BadRequestException: The URI you submitted has disallowed characters: "मनोरञ्जन"
[Method: GET, Route: category/%E0%A4%AE%E0%A4%A8%E0%A5%8B%E0%A4%B0%E0%A4%9E%E0%A5%8D%E0%A4%9C%E0%A4%A8/]
in SYSTEMPATH/Router/Router.php on line 768.
 1 SYSTEMPATH/Router/Router.php(219): CodeIgniter\Router\Router->checkDisallowedChars()
 2 SYSTEMPATH/CodeIgniter.php(829): CodeIgniter\Router\Router->handle()
 3 SYSTEMPATH/CodeIgniter.php(441): CodeIgniter\CodeIgniter->tryToRouteIt()
 4 SYSTEMPATH/CodeIgniter.php(340): CodeIgniter\CodeIgniter->handleRequest()
 5 SYSTEMPATH/Boot.php(417): CodeIgniter\CodeIgniter->run()
 6 SYSTEMPATH/Boot.php(68): CodeIgniter\Boot::runCodeIgniter()
 7 FCPATH/index.php(31): CodeIgniter\Boot::bootWeb()
CRITICAL - 2026-04-29 02:04:47 --> CodeIgniter\HTTP\Exceptions\BadRequestException: The URI you submitted has disallowed characters: "अपराध"
[Method: GET, Route: category/%E0%A4%85%E0%A4%AA%E0%A4%B0%E0%A4%BE%E0%A4%A7/page/4/]
in SYSTEMPATH/Router/Router.php on line 768.
 1 SYSTEMPATH/Router/Router.php(219): CodeIgniter\Router\Router->checkDisallowedChars()
 2 SYSTEMPATH/CodeIgniter.php(829): CodeIgniter\Router\Router->handle()
 3 SYSTEMPATH/CodeIgniter.php(441): CodeIgniter\CodeIgniter->tryToRouteIt()
 4 SYSTEMPATH/CodeIgniter.php(340): CodeIgniter\CodeIgniter->handleRequest()
 5 SYSTEMPATH/Boot.php(417): CodeIgniter\CodeIgniter->run()
 6 SYSTEMPATH/Boot.php(68): CodeIgniter\Boot::runCodeIgniter()
 7 FCPATH/index.php(31): CodeIgniter\Boot::bootWeb()
CRITICAL - 2026-04-29 02:28:12 --> CodeIgniter\HTTP\Exceptions\BadRequestException: The URI you submitted has disallowed characters: "अर्थ"
[Method: GET, Route: category/%E0%A4%85%E0%A4%B0%E0%A5%8D%E0%A4%A5/]
in SYSTEMPATH/Router/Router.php on line 768.
 1 SYSTEMPATH/Router/Router.php(219): CodeIgniter\Router\Router->checkDisallowedChars()
 2 SYSTEMPATH/CodeIgniter.php(829): CodeIgniter\Router\Router->handle()
 3 SYSTEMPATH/CodeIgniter.php(441): CodeIgniter\CodeIgniter->tryToRouteIt()
 4 SYSTEMPATH/CodeIgniter.php(340): CodeIgniter\CodeIgniter->handleRequest()
 5 SYSTEMPATH/Boot.php(417): CodeIgniter\CodeIgniter->run()
 6 SYSTEMPATH/Boot.php(68): CodeIgniter\Boot::runCodeIgniter()
 7 FCPATH/index.php(31): CodeIgniter\Boot::bootWeb()
CRITICAL - 2026-04-29 03:52:31 --> CodeIgniter\HTTP\Exceptions\BadRequestException: The URI you submitted has disallowed characters: "अपराध"
[Method: GET, Route: category/%E0%A4%85%E0%A4%AA%E0%A4%B0%E0%A4%BE%E0%A4%A7/page/7/]
in SYSTEMPATH/Router/Router.php on line 768.
 1 SYSTEMPATH/Router/Router.php(219): CodeIgniter\Router\Router->checkDisallowedChars()
 2 SYSTEMPATH/CodeIgniter.php(829): CodeIgniter\Router\Router->handle()
 3 SYSTEMPATH/CodeIgniter.php(441): CodeIgniter\CodeIgniter->tryToRouteIt()
 4 SYSTEMPATH/CodeIgniter.php(340): CodeIgniter\CodeIgniter->handleRequest()
 5 SYSTEMPATH/Boot.php(417): CodeIgniter\CodeIgniter->run()
 6 SYSTEMPATH/Boot.php(68): CodeIgniter\Boot::runCodeIgniter()
 7 FCPATH/index.php(31): CodeIgniter\Boot::bootWeb()
CRITICAL - 2026-04-29 04:20:09 --> CodeIgniter\HTTP\Exceptions\BadRequestException: The URI you submitted has disallowed characters: "अपराध"
[Method: GET, Route: category/%E0%A4%85%E0%A4%AA%E0%A4%B0%E0%A4%BE%E0%A4%A7/page/6/]
in SYSTEMPATH/Router/Router.php on line 768.
 1 SYSTEMPATH/Router/Router.php(219): CodeIgniter\Router\Router->checkDisallowedChars()
 2 SYSTEMPATH/CodeIgniter.php(829): CodeIgniter\Router\Router->handle()
 3 SYSTEMPATH/CodeIgniter.php(441): CodeIgniter\CodeIgniter->tryToRouteIt()
 4 SYSTEMPATH/CodeIgniter.php(340): CodeIgniter\CodeIgniter->handleRequest()
 5 SYSTEMPATH/Boot.php(417): CodeIgniter\CodeIgniter->run()
 6 SYSTEMPATH/Boot.php(68): CodeIgniter\Boot::runCodeIgniter()
 7 FCPATH/index.php(31): CodeIgniter\Boot::bootWeb()
CRITICAL - 2026-04-29 05:22:12 --> CodeIgniter\HTTP\Exceptions\BadRequestException: The URI you submitted has disallowed characters: "प्रदेश-१"
[Method: GET, Route: category/%E0%A4%AA%E0%A5%8D%E0%A4%B0%E0%A4%A6%E0%A5%87%E0%A4%B6-%E0%A5%A7/page/2/]
in SYSTEMPATH/Router/Router.php on line 768.
 1 SYSTEMPATH/Router/Router.php(219): CodeIgniter\Router\Router->checkDisallowedChars()
 2 SYSTEMPATH/CodeIgniter.php(829): CodeIgniter\Router\Router->handle()
 3 SYSTEMPATH/CodeIgniter.php(441): CodeIgniter\CodeIgniter->tryToRouteIt()
 4 SYSTEMPATH/CodeIgniter.php(340): CodeIgniter\CodeIgniter->handleRequest()
 5 SYSTEMPATH/Boot.php(417): CodeIgniter\CodeIgniter->run()
 6 SYSTEMPATH/Boot.php(68): CodeIgniter\Boot::runCodeIgniter()
 7 FCPATH/index.php(31): CodeIgniter\Boot::bootWeb()
CRITICAL - 2026-04-29 05:33:12 --> CodeIgniter\HTTP\Exceptions\BadRequestException: The URI you submitted has disallowed characters: "प्रदेश-४"
[Method: GET, Route: category/%E0%A4%AA%E0%A5%8D%E0%A4%B0%E0%A4%A6%E0%A5%87%E0%A4%B6-%E0%A5%AA/page/7/]
in SYSTEMPATH/Router/Router.php on line 768.
 1 SYSTEMPATH/Router/Router.php(219): CodeIgniter\Router\Router->checkDisallowedChars()
 2 SYSTEMPATH/CodeIgniter.php(829): CodeIgniter\Router\Router->handle()
 3 SYSTEMPATH/CodeIgniter.php(441): CodeIgniter\CodeIgniter->tryToRouteIt()
 4 SYSTEMPATH/CodeIgniter.php(340): CodeIgniter\CodeIgniter->handleRequest()
 5 SYSTEMPATH/Boot.php(417): CodeIgniter\CodeIgniter->run()
 6 SYSTEMPATH/Boot.php(68): CodeIgniter\Boot::runCodeIgniter()
 7 FCPATH/index.php(31): CodeIgniter\Boot::bootWeb()
CRITICAL - 2026-04-29 05:53:09 --> CodeIgniter\HTTP\Exceptions\BadRequestException: The URI you submitted has disallowed characters: "प्रदेश-३"
[Method: GET, Route: category/%E0%A4%AA%E0%A5%8D%E0%A4%B0%E0%A4%A6%E0%A5%87%E0%A4%B6-%E0%A5%A9/page/2/]
in SYSTEMPATH/Router/Router.php on line 768.
 1 SYSTEMPATH/Router/Router.php(219): CodeIgniter\Router\Router->checkDisallowedChars()
 2 SYSTEMPATH/CodeIgniter.php(829): CodeIgniter\Router\Router->handle()
 3 SYSTEMPATH/CodeIgniter.php(441): CodeIgniter\CodeIgniter->tryToRouteIt()
 4 SYSTEMPATH/CodeIgniter.php(340): CodeIgniter\CodeIgniter->handleRequest()
 5 SYSTEMPATH/Boot.php(417): CodeIgniter\CodeIgniter->run()
 6 SYSTEMPATH/Boot.php(68): CodeIgniter\Boot::runCodeIgniter()
 7 FCPATH/index.php(31): CodeIgniter\Boot::bootWeb()
CRITICAL - 2026-04-29 05:55:18 --> CodeIgniter\HTTP\Exceptions\BadRequestException: The URI you submitted has disallowed characters: "समाचार"
[Method: GET, Route: category/%E0%A4%B8%E0%A4%AE%E0%A4%BE%E0%A4%9A%E0%A4%BE%E0%A4%B0/]
in SYSTEMPATH/Router/Router.php on line 768.
 1 SYSTEMPATH/Router/Router.php(219): CodeIgniter\Router\Router->checkDisallowedChars()
 2 SYSTEMPATH/CodeIgniter.php(829): CodeIgniter\Router\Router->handle()
 3 SYSTEMPATH/CodeIgniter.php(441): CodeIgniter\CodeIgniter->tryToRouteIt()
 4 SYSTEMPATH/CodeIgniter.php(340): CodeIgniter\CodeIgniter->handleRequest()
 5 SYSTEMPATH/Boot.php(417): CodeIgniter\CodeIgniter->run()
 6 SYSTEMPATH/Boot.php(68): CodeIgniter\Boot::runCodeIgniter()
 7 FCPATH/index.php(31): CodeIgniter\Boot::bootWeb()
CRITICAL - 2026-04-29 05:59:20 --> CodeIgniter\HTTP\Exceptions\BadRequestException: The URI you submitted has disallowed characters: "प्रदेश-७"
[Method: GET, Route: category/%E0%A4%AA%E0%A5%8D%E0%A4%B0%E0%A4%A6%E0%A5%87%E0%A4%B6-%E0%A5%AD/page/2/]
in SYSTEMPATH/Router/Router.php on line 768.
 1 SYSTEMPATH/Router/Router.php(219): CodeIgniter\Router\Router->checkDisallowedChars()
 2 SYSTEMPATH/CodeIgniter.php(829): CodeIgniter\Router\Router->handle()
 3 SYSTEMPATH/CodeIgniter.php(441): CodeIgniter\CodeIgniter->tryToRouteIt()
 4 SYSTEMPATH/CodeIgniter.php(340): CodeIgniter\CodeIgniter->handleRequest()
 5 SYSTEMPATH/Boot.php(417): CodeIgniter\CodeIgniter->run()
 6 SYSTEMPATH/Boot.php(68): CodeIgniter\Boot::runCodeIgniter()
 7 FCPATH/index.php(31): CodeIgniter\Boot::bootWeb()
CRITICAL - 2026-04-29 06:05:43 --> CodeIgniter\HTTP\Exceptions\BadRequestException: The URI you submitted has disallowed characters: "प्रमुख-समाचार"
[Method: GET, Route: category/%E0%A4%AA%E0%A5%8D%E0%A4%B0%E0%A4%AE%E0%A5%81%E0%A4%96-%E0%A4%B8%E0%A4%AE%E0%A4%BE%E0%A4%9A%E0%A4%BE%E0%A4%B0/page/13/]
in SYSTEMPATH/Router/Router.php on line 768.
 1 SYSTEMPATH/Router/Router.php(219): CodeIgniter\Router\Router->checkDisallowedChars()
 2 SYSTEMPATH/CodeIgniter.php(829): CodeIgniter\Router\Router->handle()
 3 SYSTEMPATH/CodeIgniter.php(441): CodeIgniter\CodeIgniter->tryToRouteIt()
 4 SYSTEMPATH/CodeIgniter.php(340): CodeIgniter\CodeIgniter->handleRequest()
 5 SYSTEMPATH/Boot.php(417): CodeIgniter\CodeIgniter->run()
 6 SYSTEMPATH/Boot.php(68): CodeIgniter\Boot::runCodeIgniter()
 7 FCPATH/index.php(31): CodeIgniter\Boot::bootWeb()
CRITICAL - 2026-04-29 06:06:48 --> CodeIgniter\HTTP\Exceptions\BadRequestException: The URI you submitted has disallowed characters: "प्रमुख-समाचार"
[Method: GET, Route: category/%E0%A4%AA%E0%A5%8D%E0%A4%B0%E0%A4%AE%E0%A5%81%E0%A4%96-%E0%A4%B8%E0%A4%AE%E0%A4%BE%E0%A4%9A%E0%A4%BE%E0%A4%B0/page/3/]
in SYSTEMPATH/Router/Router.php on line 768.
 1 SYSTEMPATH/Router/Router.php(219): CodeIgniter\Router\Router->checkDisallowedChars()
 2 SYSTEMPATH/CodeIgniter.php(829): CodeIgniter\Router\Router->handle()
 3 SYSTEMPATH/CodeIgniter.php(441): CodeIgniter\CodeIgniter->tryToRouteIt()
 4 SYSTEMPATH/CodeIgniter.php(340): CodeIgniter\CodeIgniter->handleRequest()
 5 SYSTEMPATH/Boot.php(417): CodeIgniter\CodeIgniter->run()
 6 SYSTEMPATH/Boot.php(68): CodeIgniter\Boot::runCodeIgniter()
 7 FCPATH/index.php(31): CodeIgniter\Boot::bootWeb()
CRITICAL - 2026-04-29 06:06:50 --> CodeIgniter\HTTP\Exceptions\BadRequestException: The URI you submitted has disallowed characters: "मनोरञ्जन"
[Method: GET, Route: category/%E0%A4%AE%E0%A4%A8%E0%A5%8B%E0%A4%B0%E0%A4%9E%E0%A5%8D%E0%A4%9C%E0%A4%A8/page/3/]
in SYSTEMPATH/Router/Router.php on line 768.
 1 SYSTEMPATH/Router/Router.php(219): CodeIgniter\Router\Router->checkDisallowedChars()
 2 SYSTEMPATH/CodeIgniter.php(829): CodeIgniter\Router\Router->handle()
 3 SYSTEMPATH/CodeIgniter.php(441): CodeIgniter\CodeIgniter->tryToRouteIt()
 4 SYSTEMPATH/CodeIgniter.php(340): CodeIgniter\CodeIgniter->handleRequest()
 5 SYSTEMPATH/Boot.php(417): CodeIgniter\CodeIgniter->run()
 6 SYSTEMPATH/Boot.php(68): CodeIgniter\Boot::runCodeIgniter()
 7 FCPATH/index.php(31): CodeIgniter\Boot::bootWeb()
CRITICAL - 2026-04-29 06:09:59 --> CodeIgniter\HTTP\Exceptions\BadRequestException: The URI you submitted has disallowed characters: "प्रदेश-२"
[Method: GET, Route: category/%E0%A4%AA%E0%A5%8D%E0%A4%B0%E0%A4%A6%E0%A5%87%E0%A4%B6-%E0%A5%A8/]
in SYSTEMPATH/Router/Router.php on line 768.
 1 SYSTEMPATH/Router/Router.php(219): CodeIgniter\Router\Router->checkDisallowedChars()
 2 SYSTEMPATH/CodeIgniter.php(829): CodeIgniter\Router\Router->handle()
 3 SYSTEMPATH/CodeIgniter.php(441): CodeIgniter\CodeIgniter->tryToRouteIt()
 4 SYSTEMPATH/CodeIgniter.php(340): CodeIgniter\CodeIgniter->handleRequest()
 5 SYSTEMPATH/Boot.php(417): CodeIgniter\CodeIgniter->run()
 6 SYSTEMPATH/Boot.php(68): CodeIgniter\Boot::runCodeIgniter()
 7 FCPATH/index.php(31): CodeIgniter\Boot::bootWeb()
CRITICAL - 2026-04-29 06:27:22 --> CodeIgniter\HTTP\Exceptions\BadRequestException: The URI you submitted has disallowed characters: "प्रदेश-३"
[Method: GET, Route: category/%E0%A4%AA%E0%A5%8D%E0%A4%B0%E0%A4%A6%E0%A5%87%E0%A4%B6-%E0%A5%A9/page/9/]
in SYSTEMPATH/Router/Router.php on line 768.
 1 SYSTEMPATH/Router/Router.php(219): CodeIgniter\Router\Router->checkDisallowedChars()
 2 SYSTEMPATH/CodeIgniter.php(829): CodeIgniter\Router\Router->handle()
 3 SYSTEMPATH/CodeIgniter.php(441): CodeIgniter\CodeIgniter->tryToRouteIt()
 4 SYSTEMPATH/CodeIgniter.php(340): CodeIgniter\CodeIgniter->handleRequest()
 5 SYSTEMPATH/Boot.php(417): CodeIgniter\CodeIgniter->run()
 6 SYSTEMPATH/Boot.php(68): CodeIgniter\Boot::runCodeIgniter()
 7 FCPATH/index.php(31): CodeIgniter\Boot::bootWeb()
CRITICAL - 2026-04-29 06:29:36 --> CodeIgniter\HTTP\Exceptions\BadRequestException: The URI you submitted has disallowed characters: "प्रदेश-५"
[Method: GET, Route: category/%E0%A4%AA%E0%A5%8D%E0%A4%B0%E0%A4%A6%E0%A5%87%E0%A4%B6-%E0%A5%AB/]
in SYSTEMPATH/Router/Router.php on line 768.
 1 SYSTEMPATH/Router/Router.php(219): CodeIgniter\Router\Router->checkDisallowedChars()
 2 SYSTEMPATH/CodeIgniter.php(829): CodeIgniter\Router\Router->handle()
 3 SYSTEMPATH/CodeIgniter.php(441): CodeIgniter\CodeIgniter->tryToRouteIt()
 4 SYSTEMPATH/CodeIgniter.php(340): CodeIgniter\CodeIgniter->handleRequest()
 5 SYSTEMPATH/Boot.php(417): CodeIgniter\CodeIgniter->run()
 6 SYSTEMPATH/Boot.php(68): CodeIgniter\Boot::runCodeIgniter()
 7 FCPATH/index.php(31): CodeIgniter\Boot::bootWeb()
CRITICAL - 2026-04-29 06:31:32 --> CodeIgniter\HTTP\Exceptions\BadRequestException: The URI you submitted has disallowed characters: "प्रदेश-६"
[Method: GET, Route: category/%E0%A4%AA%E0%A5%8D%E0%A4%B0%E0%A4%A6%E0%A5%87%E0%A4%B6-%E0%A5%AC/page/7/]
in SYSTEMPATH/Router/Router.php on line 768.
 1 SYSTEMPATH/Router/Router.php(219): CodeIgniter\Router\Router->checkDisallowedChars()
 2 SYSTEMPATH/CodeIgniter.php(829): CodeIgniter\Router\Router->handle()
 3 SYSTEMPATH/CodeIgniter.php(441): CodeIgniter\CodeIgniter->tryToRouteIt()
 4 SYSTEMPATH/CodeIgniter.php(340): CodeIgniter\CodeIgniter->handleRequest()
 5 SYSTEMPATH/Boot.php(417): CodeIgniter\CodeIgniter->run()
 6 SYSTEMPATH/Boot.php(68): CodeIgniter\Boot::runCodeIgniter()
 7 FCPATH/index.php(31): CodeIgniter\Boot::bootWeb()
CRITICAL - 2026-04-29 06:31:37 --> CodeIgniter\HTTP\Exceptions\BadRequestException: The URI you submitted has disallowed characters: "प्रदेश-६"
[Method: GET, Route: category/%E0%A4%AA%E0%A5%8D%E0%A4%B0%E0%A4%A6%E0%A5%87%E0%A4%B6-%E0%A5%AC/page/2/]
in SYSTEMPATH/Router/Router.php on line 768.
 1 SYSTEMPATH/Router/Router.php(219): CodeIgniter\Router\Router->checkDisallowedChars()
 2 SYSTEMPATH/CodeIgniter.php(829): CodeIgniter\Router\Router->handle()
 3 SYSTEMPATH/CodeIgniter.php(441): CodeIgniter\CodeIgniter->tryToRouteIt()
 4 SYSTEMPATH/CodeIgniter.php(340): CodeIgniter\CodeIgniter->handleRequest()
 5 SYSTEMPATH/Boot.php(417): CodeIgniter\CodeIgniter->run()
 6 SYSTEMPATH/Boot.php(68): CodeIgniter\Boot::runCodeIgniter()
 7 FCPATH/index.php(31): CodeIgniter\Boot::bootWeb()
CRITICAL - 2026-04-29 06:35:42 --> CodeIgniter\HTTP\Exceptions\BadRequestException: The URI you submitted has disallowed characters: "प्रदेश-४"
[Method: GET, Route: category/%E0%A4%AA%E0%A5%8D%E0%A4%B0%E0%A4%A6%E0%A5%87%E0%A4%B6-%E0%A5%AA/page/6/]
in SYSTEMPATH/Router/Router.php on line 768.
 1 SYSTEMPATH/Router/Router.php(219): CodeIgniter\Router\Router->checkDisallowedChars()
 2 SYSTEMPATH/CodeIgniter.php(829): CodeIgniter\Router\Router->handle()
 3 SYSTEMPATH/CodeIgniter.php(441): CodeIgniter\CodeIgniter->tryToRouteIt()
 4 SYSTEMPATH/CodeIgniter.php(340): CodeIgniter\CodeIgniter->handleRequest()
 5 SYSTEMPATH/Boot.php(417): CodeIgniter\CodeIgniter->run()
 6 SYSTEMPATH/Boot.php(68): CodeIgniter\Boot::runCodeIgniter()
 7 FCPATH/index.php(31): CodeIgniter\Boot::bootWeb()
CRITICAL - 2026-04-29 06:39:52 --> CodeIgniter\HTTP\Exceptions\BadRequestException: The URI you submitted has disallowed characters: "प्रदेश-१"
[Method: GET, Route: category/%E0%A4%AA%E0%A5%8D%E0%A4%B0%E0%A4%A6%E0%A5%87%E0%A4%B6-%E0%A5%A7/page/7/]
in SYSTEMPATH/Router/Router.php on line 768.
 1 SYSTEMPATH/Router/Router.php(219): CodeIgniter\Router\Router->checkDisallowedChars()
 2 SYSTEMPATH/CodeIgniter.php(829): CodeIgniter\Router\Router->handle()
 3 SYSTEMPATH/CodeIgniter.php(441): CodeIgniter\CodeIgniter->tryToRouteIt()
 4 SYSTEMPATH/CodeIgniter.php(340): CodeIgniter\CodeIgniter->handleRequest()
 5 SYSTEMPATH/Boot.php(417): CodeIgniter\CodeIgniter->run()
 6 SYSTEMPATH/Boot.php(68): CodeIgniter\Boot::runCodeIgniter()
 7 FCPATH/index.php(31): CodeIgniter\Boot::bootWeb()
CRITICAL - 2026-04-29 06:47:59 --> CodeIgniter\HTTP\Exceptions\BadRequestException: The URI you submitted has disallowed characters: "प्रमुख-समाचार"
[Method: GET, Route: category/%E0%A4%AA%E0%A5%8D%E0%A4%B0%E0%A4%AE%E0%A5%81%E0%A4%96-%E0%A4%B8%E0%A4%AE%E0%A4%BE%E0%A4%9A%E0%A4%BE%E0%A4%B0/page/3/]
in SYSTEMPATH/Router/Router.php on line 768.
 1 SYSTEMPATH/Router/Router.php(219): CodeIgniter\Router\Router->checkDisallowedChars()
 2 SYSTEMPATH/CodeIgniter.php(829): CodeIgniter\Router\Router->handle()
 3 SYSTEMPATH/CodeIgniter.php(441): CodeIgniter\CodeIgniter->tryToRouteIt()
 4 SYSTEMPATH/CodeIgniter.php(340): CodeIgniter\CodeIgniter->handleRequest()
 5 SYSTEMPATH/Boot.php(417): CodeIgniter\CodeIgniter->run()
 6 SYSTEMPATH/Boot.php(68): CodeIgniter\Boot::runCodeIgniter()
 7 FCPATH/index.php(31): CodeIgniter\Boot::bootWeb()
CRITICAL - 2026-04-29 06:52:22 --> CodeIgniter\HTTP\Exceptions\BadRequestException: The URI you submitted has disallowed characters: "प्रदेश-६"
[Method: GET, Route: category/%E0%A4%AA%E0%A5%8D%E0%A4%B0%E0%A4%A6%E0%A5%87%E0%A4%B6-%E0%A5%AC/page/4/]
in SYSTEMPATH/Router/Router.php on line 768.
 1 SYSTEMPATH/Router/Router.php(219): CodeIgniter\Router\Router->checkDisallowedChars()
 2 SYSTEMPATH/CodeIgniter.php(829): CodeIgniter\Router\Router->handle()
 3 SYSTEMPATH/CodeIgniter.php(441): CodeIgniter\CodeIgniter->tryToRouteIt()
 4 SYSTEMPATH/CodeIgniter.php(340): CodeIgniter\CodeIgniter->handleRequest()
 5 SYSTEMPATH/Boot.php(417): CodeIgniter\CodeIgniter->run()
 6 SYSTEMPATH/Boot.php(68): CodeIgniter\Boot::runCodeIgniter()
 7 FCPATH/index.php(31): CodeIgniter\Boot::bootWeb()
CRITICAL - 2026-04-29 07:00:42 --> CodeIgniter\HTTP\Exceptions\BadRequestException: The URI you submitted has disallowed characters: "प्रदेश-७"
[Method: GET, Route: category/%E0%A4%AA%E0%A5%8D%E0%A4%B0%E0%A4%A6%E0%A5%87%E0%A4%B6-%E0%A5%AD/page/6/]
in SYSTEMPATH/Router/Router.php on line 768.
 1 SYSTEMPATH/Router/Router.php(219): CodeIgniter\Router\Router->checkDisallowedChars()
 2 SYSTEMPATH/CodeIgniter.php(829): CodeIgniter\Router\Router->handle()
 3 SYSTEMPATH/CodeIgniter.php(441): CodeIgniter\CodeIgniter->tryToRouteIt()
 4 SYSTEMPATH/CodeIgniter.php(340): CodeIgniter\CodeIgniter->handleRequest()
 5 SYSTEMPATH/Boot.php(417): CodeIgniter\CodeIgniter->run()
 6 SYSTEMPATH/Boot.php(68): CodeIgniter\Boot::runCodeIgniter()
 7 FCPATH/index.php(31): CodeIgniter\Boot::bootWeb()
CRITICAL - 2026-04-29 07:03:20 --> CodeIgniter\HTTP\Exceptions\BadRequestException: The URI you submitted has disallowed characters: "प्रदेश-५"
[Method: GET, Route: category/%E0%A4%AA%E0%A5%8D%E0%A4%B0%E0%A4%A6%E0%A5%87%E0%A4%B6-%E0%A5%AB/page/3/]
in SYSTEMPATH/Router/Router.php on line 768.
 1 SYSTEMPATH/Router/Router.php(219): CodeIgniter\Router\Router->checkDisallowedChars()
 2 SYSTEMPATH/CodeIgniter.php(829): CodeIgniter\Router\Router->handle()
 3 SYSTEMPATH/CodeIgniter.php(441): CodeIgniter\CodeIgniter->tryToRouteIt()
 4 SYSTEMPATH/CodeIgniter.php(340): CodeIgniter\CodeIgniter->handleRequest()
 5 SYSTEMPATH/Boot.php(417): CodeIgniter\CodeIgniter->run()
 6 SYSTEMPATH/Boot.php(68): CodeIgniter\Boot::runCodeIgniter()
 7 FCPATH/index.php(31): CodeIgniter\Boot::bootWeb()
CRITICAL - 2026-04-29 07:07:47 --> CodeIgniter\HTTP\Exceptions\BadRequestException: The URI you submitted has disallowed characters: "समाचार"
[Method: GET, Route: 3714/2021/12/%E0%A4%B8%E0%A4%AE%E0%A4%BE%E0%A4%9A%E0%A4%BE%E0%A4%B0/feed/]
in SYSTEMPATH/Router/Router.php on line 768.
 1 SYSTEMPATH/Router/Router.php(219): CodeIgniter\Router\Router->checkDisallowedChars()
 2 SYSTEMPATH/CodeIgniter.php(829): CodeIgniter\Router\Router->handle()
 3 SYSTEMPATH/CodeIgniter.php(441): CodeIgniter\CodeIgniter->tryToRouteIt()
 4 SYSTEMPATH/CodeIgniter.php(340): CodeIgniter\CodeIgniter->handleRequest()
 5 SYSTEMPATH/Boot.php(417): CodeIgniter\CodeIgniter->run()
 6 SYSTEMPATH/Boot.php(68): CodeIgniter\Boot::runCodeIgniter()
 7 FCPATH/index.php(31): CodeIgniter\Boot::bootWeb()
CRITICAL - 2026-04-29 07:07:52 --> CodeIgniter\HTTP\Exceptions\BadRequestException: The URI you submitted has disallowed characters: "समाचार"
[Method: GET, Route: 2711/2021/11/%E0%A4%B8%E0%A4%AE%E0%A4%BE%E0%A4%9A%E0%A4%BE%E0%A4%B0/feed/]
in SYSTEMPATH/Router/Router.php on line 768.
 1 SYSTEMPATH/Router/Router.php(219): CodeIgniter\Router\Router->checkDisallowedChars()
 2 SYSTEMPATH/CodeIgniter.php(829): CodeIgniter\Router\Router->handle()
 3 SYSTEMPATH/CodeIgniter.php(441): CodeIgniter\CodeIgniter->tryToRouteIt()
 4 SYSTEMPATH/CodeIgniter.php(340): CodeIgniter\CodeIgniter->handleRequest()
 5 SYSTEMPATH/Boot.php(417): CodeIgniter\CodeIgniter->run()
 6 SYSTEMPATH/Boot.php(68): CodeIgniter\Boot::runCodeIgniter()
 7 FCPATH/index.php(31): CodeIgniter\Boot::bootWeb()
CRITICAL - 2026-04-29 07:08:12 --> CodeIgniter\HTTP\Exceptions\BadRequestException: The URI you submitted has disallowed characters: "विश्व"
[Method: GET, Route: 3919/2021/12/%E0%A4%B5%E0%A4%BF%E0%A4%B6%E0%A5%8D%E0%A4%B5/feed/]
in SYSTEMPATH/Router/Router.php on line 768.
 1 SYSTEMPATH/Router/Router.php(219): CodeIgniter\Router\Router->checkDisallowedChars()
 2 SYSTEMPATH/CodeIgniter.php(829): CodeIgniter\Router\Router->handle()
 3 SYSTEMPATH/CodeIgniter.php(441): CodeIgniter\CodeIgniter->tryToRouteIt()
 4 SYSTEMPATH/CodeIgniter.php(340): CodeIgniter\CodeIgniter->handleRequest()
 5 SYSTEMPATH/Boot.php(417): CodeIgniter\CodeIgniter->run()
 6 SYSTEMPATH/Boot.php(68): CodeIgniter\Boot::runCodeIgniter()
 7 FCPATH/index.php(31): CodeIgniter\Boot::bootWeb()
CRITICAL - 2026-04-29 07:08:24 --> CodeIgniter\HTTP\Exceptions\BadRequestException: The URI you submitted has disallowed characters: "मनोरञ्जन"
[Method: GET, Route: 2940/2021/11/%E0%A4%AE%E0%A4%A8%E0%A5%8B%E0%A4%B0%E0%A4%9E%E0%A5%8D%E0%A4%9C%E0%A4%A8/feed/]
in SYSTEMPATH/Router/Router.php on line 768.
 1 SYSTEMPATH/Router/Router.php(219): CodeIgniter\Router\Router->checkDisallowedChars()
 2 SYSTEMPATH/CodeIgniter.php(829): CodeIgniter\Router\Router->handle()
 3 SYSTEMPATH/CodeIgniter.php(441): CodeIgniter\CodeIgniter->tryToRouteIt()
 4 SYSTEMPATH/CodeIgniter.php(340): CodeIgniter\CodeIgniter->handleRequest()
 5 SYSTEMPATH/Boot.php(417): CodeIgniter\CodeIgniter->run()
 6 SYSTEMPATH/Boot.php(68): CodeIgniter\Boot::runCodeIgniter()
 7 FCPATH/index.php(31): CodeIgniter\Boot::bootWeb()
CRITICAL - 2026-04-29 07:08:29 --> CodeIgniter\HTTP\Exceptions\BadRequestException: The URI you submitted has disallowed characters: "समाचार"
[Method: GET, Route: 3581/2021/12/%E0%A4%B8%E0%A4%AE%E0%A4%BE%E0%A4%9A%E0%A4%BE%E0%A4%B0/feed/]
in SYSTEMPATH/Router/Router.php on line 768.
 1 SYSTEMPATH/Router/Router.php(219): CodeIgniter\Router\Router->checkDisallowedChars()
 2 SYSTEMPATH/CodeIgniter.php(829): CodeIgniter\Router\Router->handle()
 3 SYSTEMPATH/CodeIgniter.php(441): CodeIgniter\CodeIgniter->tryToRouteIt()
 4 SYSTEMPATH/CodeIgniter.php(340): CodeIgniter\CodeIgniter->handleRequest()
 5 SYSTEMPATH/Boot.php(417): CodeIgniter\CodeIgniter->run()
 6 SYSTEMPATH/Boot.php(68): CodeIgniter\Boot::runCodeIgniter()
 7 FCPATH/index.php(31): CodeIgniter\Boot::bootWeb()
CRITICAL - 2026-04-29 07:08:37 --> CodeIgniter\HTTP\Exceptions\BadRequestException: The URI you submitted has disallowed characters: "विश्व"
[Method: GET, Route: 3884/2021/12/%E0%A4%B5%E0%A4%BF%E0%A4%B6%E0%A5%8D%E0%A4%B5/feed/]
in SYSTEMPATH/Router/Router.php on line 768.
 1 SYSTEMPATH/Router/Router.php(219): CodeIgniter\Router\Router->checkDisallowedChars()
 2 SYSTEMPATH/CodeIgniter.php(829): CodeIgniter\Router\Router->handle()
 3 SYSTEMPATH/CodeIgniter.php(441): CodeIgniter\CodeIgniter->tryToRouteIt()
 4 SYSTEMPATH/CodeIgniter.php(340): CodeIgniter\CodeIgniter->handleRequest()
 5 SYSTEMPATH/Boot.php(417): CodeIgniter\CodeIgniter->run()
 6 SYSTEMPATH/Boot.php(68): CodeIgniter\Boot::runCodeIgniter()
 7 FCPATH/index.php(31): CodeIgniter\Boot::bootWeb()
CRITICAL - 2026-04-29 07:09:02 --> CodeIgniter\HTTP\Exceptions\BadRequestException: The URI you submitted has disallowed characters: "प्रदेश-३"
[Method: GET, Route: category/%E0%A4%AA%E0%A5%8D%E0%A4%B0%E0%A4%A6%E0%A5%87%E0%A4%B6-%E0%A5%A9/page/8/]
in SYSTEMPATH/Router/Router.php on line 768.
 1 SYSTEMPATH/Router/Router.php(219): CodeIgniter\Router\Router->checkDisallowedChars()
 2 SYSTEMPATH/CodeIgniter.php(829): CodeIgniter\Router\Router->handle()
 3 SYSTEMPATH/CodeIgniter.php(441): CodeIgniter\CodeIgniter->tryToRouteIt()
 4 SYSTEMPATH/CodeIgniter.php(340): CodeIgniter\CodeIgniter->handleRequest()
 5 SYSTEMPATH/Boot.php(417): CodeIgniter\CodeIgniter->run()
 6 SYSTEMPATH/Boot.php(68): CodeIgniter\Boot::runCodeIgniter()
 7 FCPATH/index.php(31): CodeIgniter\Boot::bootWeb()
CRITICAL - 2026-04-29 07:09:10 --> CodeIgniter\HTTP\Exceptions\BadRequestException: The URI you submitted has disallowed characters: "खेलकुद"
[Method: GET, Route: 3776/2021/12/%E0%A4%96%E0%A5%87%E0%A4%B2%E0%A4%95%E0%A5%81%E0%A4%A6/feed/]
in SYSTEMPATH/Router/Router.php on line 768.
 1 SYSTEMPATH/Router/Router.php(219): CodeIgniter\Router\Router->checkDisallowedChars()
 2 SYSTEMPATH/CodeIgniter.php(829): CodeIgniter\Router\Router->handle()
 3 SYSTEMPATH/CodeIgniter.php(441): CodeIgniter\CodeIgniter->tryToRouteIt()
 4 SYSTEMPATH/CodeIgniter.php(340): CodeIgniter\CodeIgniter->handleRequest()
 5 SYSTEMPATH/Boot.php(417): CodeIgniter\CodeIgniter->run()
 6 SYSTEMPATH/Boot.php(68): CodeIgniter\Boot::runCodeIgniter()
 7 FCPATH/index.php(31): CodeIgniter\Boot::bootWeb()
CRITICAL - 2026-04-29 07:09:44 --> CodeIgniter\HTTP\Exceptions\BadRequestException: The URI you submitted has disallowed characters: "स्वास्थ्य"
[Method: GET, Route: 1570/2021/11/%E0%A4%B8%E0%A5%8D%E0%A4%B5%E0%A4%BE%E0%A4%B8%E0%A5%8D%E0%A4%A5%E0%A5%8D%E0%A4%AF/feed/]
in SYSTEMPATH/Router/Router.php on line 768.
 1 SYSTEMPATH/Router/Router.php(219): CodeIgniter\Router\Router->checkDisallowedChars()
 2 SYSTEMPATH/CodeIgniter.php(829): CodeIgniter\Router\Router->handle()
 3 SYSTEMPATH/CodeIgniter.php(441): CodeIgniter\CodeIgniter->tryToRouteIt()
 4 SYSTEMPATH/CodeIgniter.php(340): CodeIgniter\CodeIgniter->handleRequest()
 5 SYSTEMPATH/Boot.php(417): CodeIgniter\CodeIgniter->run()
 6 SYSTEMPATH/Boot.php(68): CodeIgniter\Boot::runCodeIgniter()
 7 FCPATH/index.php(31): CodeIgniter\Boot::bootWeb()
CRITICAL - 2026-04-29 07:10:09 --> CodeIgniter\HTTP\Exceptions\BadRequestException: The URI you submitted has disallowed characters: "राजनीति"
[Method: GET, Route: 3878/2021/12/%E0%A4%B0%E0%A4%BE%E0%A4%9C%E0%A4%A8%E0%A5%80%E0%A4%A4%E0%A4%BF/feed/]
in SYSTEMPATH/Router/Router.php on line 768.
 1 SYSTEMPATH/Router/Router.php(219): CodeIgniter\Router\Router->checkDisallowedChars()
 2 SYSTEMPATH/CodeIgniter.php(829): CodeIgniter\Router\Router->handle()
 3 SYSTEMPATH/CodeIgniter.php(441): CodeIgniter\CodeIgniter->tryToRouteIt()
 4 SYSTEMPATH/CodeIgniter.php(340): CodeIgniter\CodeIgniter->handleRequest()
 5 SYSTEMPATH/Boot.php(417): CodeIgniter\CodeIgniter->run()
 6 SYSTEMPATH/Boot.php(68): CodeIgniter\Boot::runCodeIgniter()
 7 FCPATH/index.php(31): CodeIgniter\Boot::bootWeb()
CRITICAL - 2026-04-29 07:10:34 --> CodeIgniter\HTTP\Exceptions\BadRequestException: The URI you submitted has disallowed characters: "स्वास्थ्य"
[Method: GET, Route: 477/2021/10/%E0%A4%B8%E0%A5%8D%E0%A4%B5%E0%A4%BE%E0%A4%B8%E0%A5%8D%E0%A4%A5%E0%A5%8D%E0%A4%AF/feed/]
in SYSTEMPATH/Router/Router.php on line 768.
 1 SYSTEMPATH/Router/Router.php(219): CodeIgniter\Router\Router->checkDisallowedChars()
 2 SYSTEMPATH/CodeIgniter.php(829): CodeIgniter\Router\Router->handle()
 3 SYSTEMPATH/CodeIgniter.php(441): CodeIgniter\CodeIgniter->tryToRouteIt()
 4 SYSTEMPATH/CodeIgniter.php(340): CodeIgniter\CodeIgniter->handleRequest()
 5 SYSTEMPATH/Boot.php(417): CodeIgniter\CodeIgniter->run()
 6 SYSTEMPATH/Boot.php(68): CodeIgniter\Boot::runCodeIgniter()
 7 FCPATH/index.php(31): CodeIgniter\Boot::bootWeb()
CRITICAL - 2026-04-29 07:13:12 --> CodeIgniter\HTTP\Exceptions\BadRequestException: The URI you submitted has disallowed characters: "प्रदेश-७"
[Method: GET, Route: category/%E0%A4%AA%E0%A5%8D%E0%A4%B0%E0%A4%A6%E0%A5%87%E0%A4%B6-%E0%A5%AD/page/5/]
in SYSTEMPATH/Router/Router.php on line 768.
 1 SYSTEMPATH/Router/Router.php(219): CodeIgniter\Router\Router->checkDisallowedChars()
 2 SYSTEMPATH/CodeIgniter.php(829): CodeIgniter\Router\Router->handle()
 3 SYSTEMPATH/CodeIgniter.php(441): CodeIgniter\CodeIgniter->tryToRouteIt()
 4 SYSTEMPATH/CodeIgniter.php(340): CodeIgniter\CodeIgniter->handleRequest()
 5 SYSTEMPATH/Boot.php(417): CodeIgniter\CodeIgniter->run()
 6 SYSTEMPATH/Boot.php(68): CodeIgniter\Boot::runCodeIgniter()
 7 FCPATH/index.php(31): CodeIgniter\Boot::bootWeb()
CRITICAL - 2026-04-29 07:18:13 --> CodeIgniter\HTTP\Exceptions\BadRequestException: The URI you submitted has disallowed characters: "प्रदेश-५"
[Method: GET, Route: category/%E0%A4%AA%E0%A5%8D%E0%A4%B0%E0%A4%A6%E0%A5%87%E0%A4%B6-%E0%A5%AB/page/7/]
in SYSTEMPATH/Router/Router.php on line 768.
 1 SYSTEMPATH/Router/Router.php(219): CodeIgniter\Router\Router->checkDisallowedChars()
 2 SYSTEMPATH/CodeIgniter.php(829): CodeIgniter\Router\Router->handle()
 3 SYSTEMPATH/CodeIgniter.php(441): CodeIgniter\CodeIgniter->tryToRouteIt()
 4 SYSTEMPATH/CodeIgniter.php(340): CodeIgniter\CodeIgniter->handleRequest()
 5 SYSTEMPATH/Boot.php(417): CodeIgniter\CodeIgniter->run()
 6 SYSTEMPATH/Boot.php(68): CodeIgniter\Boot::runCodeIgniter()
 7 FCPATH/index.php(31): CodeIgniter\Boot::bootWeb()
CRITICAL - 2026-04-29 07:19:42 --> CodeIgniter\HTTP\Exceptions\BadRequestException: The URI you submitted has disallowed characters: "प्रदेश-७"
[Method: GET, Route: category/%E0%A4%AA%E0%A5%8D%E0%A4%B0%E0%A4%A6%E0%A5%87%E0%A4%B6-%E0%A5%AD/page/9/]
in SYSTEMPATH/Router/Router.php on line 768.
 1 SYSTEMPATH/Router/Router.php(219): CodeIgniter\Router\Router->checkDisallowedChars()
 2 SYSTEMPATH/CodeIgniter.php(829): CodeIgniter\Router\Router->handle()
 3 SYSTEMPATH/CodeIgniter.php(441): CodeIgniter\CodeIgniter->tryToRouteIt()
 4 SYSTEMPATH/CodeIgniter.php(340): CodeIgniter\CodeIgniter->handleRequest()
 5 SYSTEMPATH/Boot.php(417): CodeIgniter\CodeIgniter->run()
 6 SYSTEMPATH/Boot.php(68): CodeIgniter\Boot::runCodeIgniter()
 7 FCPATH/index.php(31): CodeIgniter\Boot::bootWeb()
CRITICAL - 2026-04-29 07:21:40 --> CodeIgniter\HTTP\Exceptions\BadRequestException: The URI you submitted has disallowed characters: "प्रदेश-२"
[Method: GET, Route: category/%E0%A4%AA%E0%A5%8D%E0%A4%B0%E0%A4%A6%E0%A5%87%E0%A4%B6-%E0%A5%A8/page/10/]
in SYSTEMPATH/Router/Router.php on line 768.
 1 SYSTEMPATH/Router/Router.php(219): CodeIgniter\Router\Router->checkDisallowedChars()
 2 SYSTEMPATH/CodeIgniter.php(829): CodeIgniter\Router\Router->handle()
 3 SYSTEMPATH/CodeIgniter.php(441): CodeIgniter\CodeIgniter->tryToRouteIt()
 4 SYSTEMPATH/CodeIgniter.php(340): CodeIgniter\CodeIgniter->handleRequest()
 5 SYSTEMPATH/Boot.php(417): CodeIgniter\CodeIgniter->run()
 6 SYSTEMPATH/Boot.php(68): CodeIgniter\Boot::runCodeIgniter()
 7 FCPATH/index.php(31): CodeIgniter\Boot::bootWeb()
CRITICAL - 2026-04-29 07:23:14 --> CodeIgniter\HTTP\Exceptions\BadRequestException: The URI you submitted has disallowed characters: "प्रदेश-५"
[Method: GET, Route: category/%E0%A4%AA%E0%A5%8D%E0%A4%B0%E0%A4%A6%E0%A5%87%E0%A4%B6-%E0%A5%AB/]
in SYSTEMPATH/Router/Router.php on line 768.
 1 SYSTEMPATH/Router/Router.php(219): CodeIgniter\Router\Router->checkDisallowedChars()
 2 SYSTEMPATH/CodeIgniter.php(829): CodeIgniter\Router\Router->handle()
 3 SYSTEMPATH/CodeIgniter.php(441): CodeIgniter\CodeIgniter->tryToRouteIt()
 4 SYSTEMPATH/CodeIgniter.php(340): CodeIgniter\CodeIgniter->handleRequest()
 5 SYSTEMPATH/Boot.php(417): CodeIgniter\CodeIgniter->run()
 6 SYSTEMPATH/Boot.php(68): CodeIgniter\Boot::runCodeIgniter()
 7 FCPATH/index.php(31): CodeIgniter\Boot::bootWeb()
CRITICAL - 2026-04-29 07:27:18 --> CodeIgniter\HTTP\Exceptions\BadRequestException: The URI you submitted has disallowed characters: "प्रदेश-५"
[Method: GET, Route: category/%E0%A4%AA%E0%A5%8D%E0%A4%B0%E0%A4%A6%E0%A5%87%E0%A4%B6-%E0%A5%AB/page/9/]
in SYSTEMPATH/Router/Router.php on line 768.
 1 SYSTEMPATH/Router/Router.php(219): CodeIgniter\Router\Router->checkDisallowedChars()
 2 SYSTEMPATH/CodeIgniter.php(829): CodeIgniter\Router\Router->handle()
 3 SYSTEMPATH/CodeIgniter.php(441): CodeIgniter\CodeIgniter->tryToRouteIt()
 4 SYSTEMPATH/CodeIgniter.php(340): CodeIgniter\CodeIgniter->handleRequest()
 5 SYSTEMPATH/Boot.php(417): CodeIgniter\CodeIgniter->run()
 6 SYSTEMPATH/Boot.php(68): CodeIgniter\Boot::runCodeIgniter()
 7 FCPATH/index.php(31): CodeIgniter\Boot::bootWeb()
CRITICAL - 2026-04-29 07:27:25 --> CodeIgniter\HTTP\Exceptions\BadRequestException: The URI you submitted has disallowed characters: "प्रदेश-५"
[Method: GET, Route: category/%E0%A4%AA%E0%A5%8D%E0%A4%B0%E0%A4%A6%E0%A5%87%E0%A4%B6-%E0%A5%AB/page/9/]
in SYSTEMPATH/Router/Router.php on line 768.
 1 SYSTEMPATH/Router/Router.php(219): CodeIgniter\Router\Router->checkDisallowedChars()
 2 SYSTEMPATH/CodeIgniter.php(829): CodeIgniter\Router\Router->handle()
 3 SYSTEMPATH/CodeIgniter.php(441): CodeIgniter\CodeIgniter->tryToRouteIt()
 4 SYSTEMPATH/CodeIgniter.php(340): CodeIgniter\CodeIgniter->handleRequest()
 5 SYSTEMPATH/Boot.php(417): CodeIgniter\CodeIgniter->run()
 6 SYSTEMPATH/Boot.php(68): CodeIgniter\Boot::runCodeIgniter()
 7 FCPATH/index.php(31): CodeIgniter\Boot::bootWeb()
CRITICAL - 2026-04-29 07:27:40 --> CodeIgniter\HTTP\Exceptions\BadRequestException: The URI you submitted has disallowed characters: "विशेष"
[Method: GET, Route: category/%E0%A4%B5%E0%A4%BF%E0%A4%B6%E0%A5%87%E0%A4%B7/]
in SYSTEMPATH/Router/Router.php on line 768.
 1 SYSTEMPATH/Router/Router.php(219): CodeIgniter\Router\Router->checkDisallowedChars()
 2 SYSTEMPATH/CodeIgniter.php(829): CodeIgniter\Router\Router->handle()
 3 SYSTEMPATH/CodeIgniter.php(441): CodeIgniter\CodeIgniter->tryToRouteIt()
 4 SYSTEMPATH/CodeIgniter.php(340): CodeIgniter\CodeIgniter->handleRequest()
 5 SYSTEMPATH/Boot.php(417): CodeIgniter\CodeIgniter->run()
 6 SYSTEMPATH/Boot.php(68): CodeIgniter\Boot::runCodeIgniter()
 7 FCPATH/index.php(31): CodeIgniter\Boot::bootWeb()
CRITICAL - 2026-04-29 07:36:49 --> CodeIgniter\HTTP\Exceptions\BadRequestException: The URI you submitted has disallowed characters: "समाचार"
[Method: GET, Route: category/%E0%A4%B8%E0%A4%AE%E0%A4%BE%E0%A4%9A%E0%A4%BE%E0%A4%B0/feed/]
in SYSTEMPATH/Router/Router.php on line 768.
 1 SYSTEMPATH/Router/Router.php(219): CodeIgniter\Router\Router->checkDisallowedChars()
 2 SYSTEMPATH/CodeIgniter.php(829): CodeIgniter\Router\Router->handle()
 3 SYSTEMPATH/CodeIgniter.php(441): CodeIgniter\CodeIgniter->tryToRouteIt()
 4 SYSTEMPATH/CodeIgniter.php(340): CodeIgniter\CodeIgniter->handleRequest()
 5 SYSTEMPATH/Boot.php(417): CodeIgniter\CodeIgniter->run()
 6 SYSTEMPATH/Boot.php(68): CodeIgniter\Boot::runCodeIgniter()
 7 FCPATH/index.php(31): CodeIgniter\Boot::bootWeb()
CRITICAL - 2026-04-29 07:37:25 --> CodeIgniter\HTTP\Exceptions\BadRequestException: The URI you submitted has disallowed characters: "विश्व"
[Method: GET, Route: 4270/2021/12/%E0%A4%B5%E0%A4%BF%E0%A4%B6%E0%A5%8D%E0%A4%B5/feed/]
in SYSTEMPATH/Router/Router.php on line 768.
 1 SYSTEMPATH/Router/Router.php(219): CodeIgniter\Router\Router->checkDisallowedChars()
 2 SYSTEMPATH/CodeIgniter.php(829): CodeIgniter\Router\Router->handle()
 3 SYSTEMPATH/CodeIgniter.php(441): CodeIgniter\CodeIgniter->tryToRouteIt()
 4 SYSTEMPATH/CodeIgniter.php(340): CodeIgniter\CodeIgniter->handleRequest()
 5 SYSTEMPATH/Boot.php(417): CodeIgniter\CodeIgniter->run()
 6 SYSTEMPATH/Boot.php(68): CodeIgniter\Boot::runCodeIgniter()
 7 FCPATH/index.php(31): CodeIgniter\Boot::bootWeb()
CRITICAL - 2026-04-29 07:37:48 --> CodeIgniter\HTTP\Exceptions\BadRequestException: The URI you submitted has disallowed characters: "प्रदेश-५"
[Method: GET, Route: category/%E0%A4%AA%E0%A5%8D%E0%A4%B0%E0%A4%A6%E0%A5%87%E0%A4%B6-%E0%A5%AB/page/9/]
in SYSTEMPATH/Router/Router.php on line 768.
 1 SYSTEMPATH/Router/Router.php(219): CodeIgniter\Router\Router->checkDisallowedChars()
 2 SYSTEMPATH/CodeIgniter.php(829): CodeIgniter\Router\Router->handle()
 3 SYSTEMPATH/CodeIgniter.php(441): CodeIgniter\CodeIgniter->tryToRouteIt()
 4 SYSTEMPATH/CodeIgniter.php(340): CodeIgniter\CodeIgniter->handleRequest()
 5 SYSTEMPATH/Boot.php(417): CodeIgniter\CodeIgniter->run()
 6 SYSTEMPATH/Boot.php(68): CodeIgniter\Boot::runCodeIgniter()
 7 FCPATH/index.php(31): CodeIgniter\Boot::bootWeb()
CRITICAL - 2026-04-29 07:38:23 --> CodeIgniter\HTTP\Exceptions\BadRequestException: The URI you submitted has disallowed characters: "राजनीति"
[Method: GET, Route: 3864/2021/12/%E0%A4%B0%E0%A4%BE%E0%A4%9C%E0%A4%A8%E0%A5%80%E0%A4%A4%E0%A4%BF/feed/]
in SYSTEMPATH/Router/Router.php on line 768.
 1 SYSTEMPATH/Router/Router.php(219): CodeIgniter\Router\Router->checkDisallowedChars()
 2 SYSTEMPATH/CodeIgniter.php(829): CodeIgniter\Router\Router->handle()
 3 SYSTEMPATH/CodeIgniter.php(441): CodeIgniter\CodeIgniter->tryToRouteIt()
 4 SYSTEMPATH/CodeIgniter.php(340): CodeIgniter\CodeIgniter->handleRequest()
 5 SYSTEMPATH/Boot.php(417): CodeIgniter\CodeIgniter->run()
 6 SYSTEMPATH/Boot.php(68): CodeIgniter\Boot::runCodeIgniter()
 7 FCPATH/index.php(31): CodeIgniter\Boot::bootWeb()
CRITICAL - 2026-04-29 07:38:29 --> CodeIgniter\HTTP\Exceptions\BadRequestException: The URI you submitted has disallowed characters: "कोशी"
[Method: GET, Route: tag/%E0%A4%95%E0%A5%8B%E0%A4%B6%E0%A5%80/feed/]
in SYSTEMPATH/Router/Router.php on line 768.
 1 SYSTEMPATH/Router/Router.php(219): CodeIgniter\Router\Router->checkDisallowedChars()
 2 SYSTEMPATH/CodeIgniter.php(829): CodeIgniter\Router\Router->handle()
 3 SYSTEMPATH/CodeIgniter.php(441): CodeIgniter\CodeIgniter->tryToRouteIt()
 4 SYSTEMPATH/CodeIgniter.php(340): CodeIgniter\CodeIgniter->handleRequest()
 5 SYSTEMPATH/Boot.php(417): CodeIgniter\CodeIgniter->run()
 6 SYSTEMPATH/Boot.php(68): CodeIgniter\Boot::runCodeIgniter()
 7 FCPATH/index.php(31): CodeIgniter\Boot::bootWeb()
CRITICAL - 2026-04-29 07:39:46 --> CodeIgniter\HTTP\Exceptions\BadRequestException: The URI you submitted has disallowed characters: "खेलकुद"
[Method: GET, Route: 4111/2021/12/%E0%A4%96%E0%A5%87%E0%A4%B2%E0%A4%95%E0%A5%81%E0%A4%A6/feed/]
in SYSTEMPATH/Router/Router.php on line 768.
 1 SYSTEMPATH/Router/Router.php(219): CodeIgniter\Router\Router->checkDisallowedChars()
 2 SYSTEMPATH/CodeIgniter.php(829): CodeIgniter\Router\Router->handle()
 3 SYSTEMPATH/CodeIgniter.php(441): CodeIgniter\CodeIgniter->tryToRouteIt()
 4 SYSTEMPATH/CodeIgniter.php(340): CodeIgniter\CodeIgniter->handleRequest()
 5 SYSTEMPATH/Boot.php(417): CodeIgniter\CodeIgniter->run()
 6 SYSTEMPATH/Boot.php(68): CodeIgniter\Boot::runCodeIgniter()
 7 FCPATH/index.php(31): CodeIgniter\Boot::bootWeb()
CRITICAL - 2026-04-29 07:40:20 --> CodeIgniter\HTTP\Exceptions\BadRequestException: The URI you submitted has disallowed characters: "विज्ञान-प्रविधि"
[Method: GET, Route: category/%E0%A4%B5%E0%A4%BF%E0%A4%9C%E0%A5%8D%E0%A4%9E%E0%A4%BE%E0%A4%A8-%E0%A4%AA%E0%A5%8D%E0%A4%B0%E0%A4%B5%E0%A4%BF%E0%A4%A7%E0%A4%BF/feed/]
in SYSTEMPATH/Router/Router.php on line 768.
 1 SYSTEMPATH/Router/Router.php(219): CodeIgniter\Router\Router->checkDisallowedChars()
 2 SYSTEMPATH/CodeIgniter.php(829): CodeIgniter\Router\Router->handle()
 3 SYSTEMPATH/CodeIgniter.php(441): CodeIgniter\CodeIgniter->tryToRouteIt()
 4 SYSTEMPATH/CodeIgniter.php(340): CodeIgniter\CodeIgniter->handleRequest()
 5 SYSTEMPATH/Boot.php(417): CodeIgniter\CodeIgniter->run()
 6 SYSTEMPATH/Boot.php(68): CodeIgniter\Boot::runCodeIgniter()
 7 FCPATH/index.php(31): CodeIgniter\Boot::bootWeb()
CRITICAL - 2026-04-29 07:40:24 --> CodeIgniter\HTTP\Exceptions\BadRequestException: The URI you submitted has disallowed characters: "समाचार"
[Method: GET, Route: 3097/2021/11/%E0%A4%B8%E0%A4%AE%E0%A4%BE%E0%A4%9A%E0%A4%BE%E0%A4%B0/feed/]
in SYSTEMPATH/Router/Router.php on line 768.
 1 SYSTEMPATH/Router/Router.php(219): CodeIgniter\Router\Router->checkDisallowedChars()
 2 SYSTEMPATH/CodeIgniter.php(829): CodeIgniter\Router\Router->handle()
 3 SYSTEMPATH/CodeIgniter.php(441): CodeIgniter\CodeIgniter->tryToRouteIt()
 4 SYSTEMPATH/CodeIgniter.php(340): CodeIgniter\CodeIgniter->handleRequest()
 5 SYSTEMPATH/Boot.php(417): CodeIgniter\CodeIgniter->run()
 6 SYSTEMPATH/Boot.php(68): CodeIgniter\Boot::runCodeIgniter()
 7 FCPATH/index.php(31): CodeIgniter\Boot::bootWeb()
CRITICAL - 2026-04-29 07:41:10 --> CodeIgniter\HTTP\Exceptions\BadRequestException: The URI you submitted has disallowed characters: "समाचार"
[Method: GET, Route: 1910/2021/11/%E0%A4%B8%E0%A4%AE%E0%A4%BE%E0%A4%9A%E0%A4%BE%E0%A4%B0/feed/]
in SYSTEMPATH/Router/Router.php on line 768.
 1 SYSTEMPATH/Router/Router.php(219): CodeIgniter\Router\Router->checkDisallowedChars()
 2 SYSTEMPATH/CodeIgniter.php(829): CodeIgniter\Router\Router->handle()
 3 SYSTEMPATH/CodeIgniter.php(441): CodeIgniter\CodeIgniter->tryToRouteIt()
 4 SYSTEMPATH/CodeIgniter.php(340): CodeIgniter\CodeIgniter->handleRequest()
 5 SYSTEMPATH/Boot.php(417): CodeIgniter\CodeIgniter->run()
 6 SYSTEMPATH/Boot.php(68): CodeIgniter\Boot::runCodeIgniter()
 7 FCPATH/index.php(31): CodeIgniter\Boot::bootWeb()
CRITICAL - 2026-04-29 07:42:38 --> CodeIgniter\HTTP\Exceptions\BadRequestException: The URI you submitted has disallowed characters: "समाचार"
[Method: GET, Route: 876/2021/11/%E0%A4%B8%E0%A4%AE%E0%A4%BE%E0%A4%9A%E0%A4%BE%E0%A4%B0/feed/]
in SYSTEMPATH/Router/Router.php on line 768.
 1 SYSTEMPATH/Router/Router.php(219): CodeIgniter\Router\Router->checkDisallowedChars()
 2 SYSTEMPATH/CodeIgniter.php(829): CodeIgniter\Router\Router->handle()
 3 SYSTEMPATH/CodeIgniter.php(441): CodeIgniter\CodeIgniter->tryToRouteIt()
 4 SYSTEMPATH/CodeIgniter.php(340): CodeIgniter\CodeIgniter->handleRequest()
 5 SYSTEMPATH/Boot.php(417): CodeIgniter\CodeIgniter->run()
 6 SYSTEMPATH/Boot.php(68): CodeIgniter\Boot::runCodeIgniter()
 7 FCPATH/index.php(31): CodeIgniter\Boot::bootWeb()
CRITICAL - 2026-04-29 07:42:49 --> CodeIgniter\HTTP\Exceptions\BadRequestException: The URI you submitted has disallowed characters: "प्रदेश-७"
[Method: GET, Route: category/%E0%A4%AA%E0%A5%8D%E0%A4%B0%E0%A4%A6%E0%A5%87%E0%A4%B6-%E0%A5%AD/]
in SYSTEMPATH/Router/Router.php on line 768.
 1 SYSTEMPATH/Router/Router.php(219): CodeIgniter\Router\Router->checkDisallowedChars()
 2 SYSTEMPATH/CodeIgniter.php(829): CodeIgniter\Router\Router->handle()
 3 SYSTEMPATH/CodeIgniter.php(441): CodeIgniter\CodeIgniter->tryToRouteIt()
 4 SYSTEMPATH/CodeIgniter.php(340): CodeIgniter\CodeIgniter->handleRequest()
 5 SYSTEMPATH/Boot.php(417): CodeIgniter\CodeIgniter->run()
 6 SYSTEMPATH/Boot.php(68): CodeIgniter\Boot::runCodeIgniter()
 7 FCPATH/index.php(31): CodeIgniter\Boot::bootWeb()
CRITICAL - 2026-04-29 08:09:06 --> CodeIgniter\HTTP\Exceptions\BadRequestException: The URI you submitted has disallowed characters: "मनोरञ्जन"
[Method: GET, Route: category/%E0%A4%AE%E0%A4%A8%E0%A5%8B%E0%A4%B0%E0%A4%9E%E0%A5%8D%E0%A4%9C%E0%A4%A8/page/2/]
in SYSTEMPATH/Router/Router.php on line 768.
 1 SYSTEMPATH/Router/Router.php(219): CodeIgniter\Router\Router->checkDisallowedChars()
 2 SYSTEMPATH/CodeIgniter.php(829): CodeIgniter\Router\Router->handle()
 3 SYSTEMPATH/CodeIgniter.php(441): CodeIgniter\CodeIgniter->tryToRouteIt()
 4 SYSTEMPATH/CodeIgniter.php(340): CodeIgniter\CodeIgniter->handleRequest()
 5 SYSTEMPATH/Boot.php(417): CodeIgniter\CodeIgniter->run()
 6 SYSTEMPATH/Boot.php(68): CodeIgniter\Boot::runCodeIgniter()
 7 FCPATH/index.php(31): CodeIgniter\Boot::bootWeb()
CRITICAL - 2026-04-29 08:44:22 --> CodeIgniter\HTTP\Exceptions\BadRequestException: The URI you submitted has disallowed characters: "प्रदेश-२"
[Method: GET, Route: category/%E0%A4%AA%E0%A5%8D%E0%A4%B0%E0%A4%A6%E0%A5%87%E0%A4%B6-%E0%A5%A8/page/11/]
in SYSTEMPATH/Router/Router.php on line 768.
 1 SYSTEMPATH/Router/Router.php(219): CodeIgniter\Router\Router->checkDisallowedChars()
 2 SYSTEMPATH/CodeIgniter.php(829): CodeIgniter\Router\Router->handle()
 3 SYSTEMPATH/CodeIgniter.php(441): CodeIgniter\CodeIgniter->tryToRouteIt()
 4 SYSTEMPATH/CodeIgniter.php(340): CodeIgniter\CodeIgniter->handleRequest()
 5 SYSTEMPATH/Boot.php(417): CodeIgniter\CodeIgniter->run()
 6 SYSTEMPATH/Boot.php(68): CodeIgniter\Boot::runCodeIgniter()
 7 FCPATH/index.php(31): CodeIgniter\Boot::bootWeb()
CRITICAL - 2026-04-29 09:00:57 --> CodeIgniter\HTTP\Exceptions\BadRequestException: The URI you submitted has disallowed characters: "प्रदेश-५"
[Method: GET, Route: category/%E0%A4%AA%E0%A5%8D%E0%A4%B0%E0%A4%A6%E0%A5%87%E0%A4%B6-%E0%A5%AB/]
in SYSTEMPATH/Router/Router.php on line 768.
 1 SYSTEMPATH/Router/Router.php(219): CodeIgniter\Router\Router->checkDisallowedChars()
 2 SYSTEMPATH/CodeIgniter.php(829): CodeIgniter\Router\Router->handle()
 3 SYSTEMPATH/CodeIgniter.php(441): CodeIgniter\CodeIgniter->tryToRouteIt()
 4 SYSTEMPATH/CodeIgniter.php(340): CodeIgniter\CodeIgniter->handleRequest()
 5 SYSTEMPATH/Boot.php(417): CodeIgniter\CodeIgniter->run()
 6 SYSTEMPATH/Boot.php(68): CodeIgniter\Boot::runCodeIgniter()
 7 FCPATH/index.php(31): CodeIgniter\Boot::bootWeb()
CRITICAL - 2026-04-29 09:05:18 --> CodeIgniter\HTTP\Exceptions\BadRequestException: The URI you submitted has disallowed characters: "प्रदेश-६"
[Method: GET, Route: category/%E0%A4%AA%E0%A5%8D%E0%A4%B0%E0%A4%A6%E0%A5%87%E0%A4%B6-%E0%A5%AC/page/3/]
in SYSTEMPATH/Router/Router.php on line 768.
 1 SYSTEMPATH/Router/Router.php(219): CodeIgniter\Router\Router->checkDisallowedChars()
 2 SYSTEMPATH/CodeIgniter.php(829): CodeIgniter\Router\Router->handle()
 3 SYSTEMPATH/CodeIgniter.php(441): CodeIgniter\CodeIgniter->tryToRouteIt()
 4 SYSTEMPATH/CodeIgniter.php(340): CodeIgniter\CodeIgniter->handleRequest()
 5 SYSTEMPATH/Boot.php(417): CodeIgniter\CodeIgniter->run()
 6 SYSTEMPATH/Boot.php(68): CodeIgniter\Boot::runCodeIgniter()
 7 FCPATH/index.php(31): CodeIgniter\Boot::bootWeb()
CRITICAL - 2026-04-29 09:08:09 --> CodeIgniter\HTTP\Exceptions\BadRequestException: The URI you submitted has disallowed characters: "इपेपर"
[Method: GET, Route: category/%E0%A4%87%E0%A4%AA%E0%A5%87%E0%A4%AA%E0%A4%B0/page/7/]
in SYSTEMPATH/Router/Router.php on line 768.
 1 SYSTEMPATH/Router/Router.php(219): CodeIgniter\Router\Router->checkDisallowedChars()
 2 SYSTEMPATH/CodeIgniter.php(829): CodeIgniter\Router\Router->handle()
 3 SYSTEMPATH/CodeIgniter.php(441): CodeIgniter\CodeIgniter->tryToRouteIt()
 4 SYSTEMPATH/CodeIgniter.php(340): CodeIgniter\CodeIgniter->handleRequest()
 5 SYSTEMPATH/Boot.php(417): CodeIgniter\CodeIgniter->run()
 6 SYSTEMPATH/Boot.php(68): CodeIgniter\Boot::runCodeIgniter()
 7 FCPATH/index.php(31): CodeIgniter\Boot::bootWeb()
CRITICAL - 2026-04-29 09:12:45 --> CodeIgniter\HTTP\Exceptions\BadRequestException: The URI you submitted has disallowed characters: "प्रदेश-४"
[Method: GET, Route: category/%E0%A4%AA%E0%A5%8D%E0%A4%B0%E0%A4%A6%E0%A5%87%E0%A4%B6-%E0%A5%AA/page/9/]
in SYSTEMPATH/Router/Router.php on line 768.
 1 SYSTEMPATH/Router/Router.php(219): CodeIgniter\Router\Router->checkDisallowedChars()
 2 SYSTEMPATH/CodeIgniter.php(829): CodeIgniter\Router\Router->handle()
 3 SYSTEMPATH/CodeIgniter.php(441): CodeIgniter\CodeIgniter->tryToRouteIt()
 4 SYSTEMPATH/CodeIgniter.php(340): CodeIgniter\CodeIgniter->handleRequest()
 5 SYSTEMPATH/Boot.php(417): CodeIgniter\CodeIgniter->run()
 6 SYSTEMPATH/Boot.php(68): CodeIgniter\Boot::runCodeIgniter()
 7 FCPATH/index.php(31): CodeIgniter\Boot::bootWeb()
CRITICAL - 2026-04-29 09:44:04 --> CodeIgniter\HTTP\Exceptions\BadRequestException: The URI you submitted has disallowed characters: "अपराध"
[Method: GET, Route: category/%E0%A4%85%E0%A4%AA%E0%A4%B0%E0%A4%BE%E0%A4%A7/feed/]
in SYSTEMPATH/Router/Router.php on line 768.
 1 SYSTEMPATH/Router/Router.php(219): CodeIgniter\Router\Router->checkDisallowedChars()
 2 SYSTEMPATH/CodeIgniter.php(829): CodeIgniter\Router\Router->handle()
 3 SYSTEMPATH/CodeIgniter.php(441): CodeIgniter\CodeIgniter->tryToRouteIt()
 4 SYSTEMPATH/CodeIgniter.php(340): CodeIgniter\CodeIgniter->handleRequest()
 5 SYSTEMPATH/Boot.php(417): CodeIgniter\CodeIgniter->run()
 6 SYSTEMPATH/Boot.php(68): CodeIgniter\Boot::runCodeIgniter()
 7 FCPATH/index.php(31): CodeIgniter\Boot::bootWeb()
CRITICAL - 2026-04-29 09:51:48 --> CodeIgniter\HTTP\Exceptions\BadRequestException: The URI you submitted has disallowed characters: "प्रदेश-५"
[Method: GET, Route: category/%E0%A4%AA%E0%A5%8D%E0%A4%B0%E0%A4%A6%E0%A5%87%E0%A4%B6-%E0%A5%AB/page/2/]
in SYSTEMPATH/Router/Router.php on line 768.
 1 SYSTEMPATH/Router/Router.php(219): CodeIgniter\Router\Router->checkDisallowedChars()
 2 SYSTEMPATH/CodeIgniter.php(829): CodeIgniter\Router\Router->handle()
 3 SYSTEMPATH/CodeIgniter.php(441): CodeIgniter\CodeIgniter->tryToRouteIt()
 4 SYSTEMPATH/CodeIgniter.php(340): CodeIgniter\CodeIgniter->handleRequest()
 5 SYSTEMPATH/Boot.php(417): CodeIgniter\CodeIgniter->run()
 6 SYSTEMPATH/Boot.php(68): CodeIgniter\Boot::runCodeIgniter()
 7 FCPATH/index.php(31): CodeIgniter\Boot::bootWeb()
CRITICAL - 2026-04-29 11:09:39 --> CodeIgniter\HTTP\Exceptions\BadRequestException: The URI you submitted has disallowed characters: "संक्रमितको"
[Method: GET, Route: tag/%E0%A4%B8%E0%A4%82%E0%A4%95%E0%A5%8D%E0%A4%B0%E0%A4%AE%E0%A4%BF%E0%A4%A4%E0%A4%95%E0%A5%8B/]
in SYSTEMPATH/Router/Router.php on line 768.
 1 SYSTEMPATH/Router/Router.php(219): CodeIgniter\Router\Router->checkDisallowedChars()
 2 SYSTEMPATH/CodeIgniter.php(829): CodeIgniter\Router\Router->handle()
 3 SYSTEMPATH/CodeIgniter.php(441): CodeIgniter\CodeIgniter->tryToRouteIt()
 4 SYSTEMPATH/CodeIgniter.php(340): CodeIgniter\CodeIgniter->handleRequest()
 5 SYSTEMPATH/Boot.php(417): CodeIgniter\CodeIgniter->run()
 6 SYSTEMPATH/Boot.php(68): CodeIgniter\Boot::runCodeIgniter()
 7 FCPATH/index.php(31): CodeIgniter\Boot::bootWeb()
CRITICAL - 2026-04-29 11:10:51 --> CodeIgniter\HTTP\Exceptions\BadRequestException: The URI you submitted has disallowed characters: "महानगरबाट"
[Method: GET, Route: tag/%E0%A4%AE%E0%A4%B9%E0%A4%BE%E0%A4%A8%E0%A4%97%E0%A4%B0%E0%A4%AC%E0%A4%BE%E0%A4%9F/]
in SYSTEMPATH/Router/Router.php on line 768.
 1 SYSTEMPATH/Router/Router.php(219): CodeIgniter\Router\Router->checkDisallowedChars()
 2 SYSTEMPATH/CodeIgniter.php(829): CodeIgniter\Router\Router->handle()
 3 SYSTEMPATH/CodeIgniter.php(441): CodeIgniter\CodeIgniter->tryToRouteIt()
 4 SYSTEMPATH/CodeIgniter.php(340): CodeIgniter\CodeIgniter->handleRequest()
 5 SYSTEMPATH/Boot.php(417): CodeIgniter\CodeIgniter->run()
 6 SYSTEMPATH/Boot.php(68): CodeIgniter\Boot::runCodeIgniter()
 7 FCPATH/index.php(31): CodeIgniter\Boot::bootWeb()
CRITICAL - 2026-04-29 11:11:47 --> CodeIgniter\HTTP\Exceptions\BadRequestException: The URI you submitted has disallowed characters: "देशभर"
[Method: GET, Route: tag/%E0%A4%A6%E0%A5%87%E0%A4%B6%E0%A4%AD%E0%A4%B0/]
in SYSTEMPATH/Router/Router.php on line 768.
 1 SYSTEMPATH/Router/Router.php(219): CodeIgniter\Router\Router->checkDisallowedChars()
 2 SYSTEMPATH/CodeIgniter.php(829): CodeIgniter\Router\Router->handle()
 3 SYSTEMPATH/CodeIgniter.php(441): CodeIgniter\CodeIgniter->tryToRouteIt()
 4 SYSTEMPATH/CodeIgniter.php(340): CodeIgniter\CodeIgniter->handleRequest()
 5 SYSTEMPATH/Boot.php(417): CodeIgniter\CodeIgniter->run()
 6 SYSTEMPATH/Boot.php(68): CodeIgniter\Boot::runCodeIgniter()
 7 FCPATH/index.php(31): CodeIgniter\Boot::bootWeb()
CRITICAL - 2026-04-29 11:12:47 --> CodeIgniter\HTTP\Exceptions\BadRequestException: The URI you submitted has disallowed characters: "निर्माणका"
[Method: GET, Route: tag/%E0%A4%A8%E0%A4%BF%E0%A4%B0%E0%A5%8D%E0%A4%AE%E0%A4%BE%E0%A4%A3%E0%A4%95%E0%A4%BE/]
in SYSTEMPATH/Router/Router.php on line 768.
 1 SYSTEMPATH/Router/Router.php(219): CodeIgniter\Router\Router->checkDisallowedChars()
 2 SYSTEMPATH/CodeIgniter.php(829): CodeIgniter\Router\Router->handle()
 3 SYSTEMPATH/CodeIgniter.php(441): CodeIgniter\CodeIgniter->tryToRouteIt()
 4 SYSTEMPATH/CodeIgniter.php(340): CodeIgniter\CodeIgniter->handleRequest()
 5 SYSTEMPATH/Boot.php(417): CodeIgniter\CodeIgniter->run()
 6 SYSTEMPATH/Boot.php(68): CodeIgniter\Boot::runCodeIgniter()
 7 FCPATH/index.php(31): CodeIgniter\Boot::bootWeb()
CRITICAL - 2026-04-29 11:13:48 --> CodeIgniter\HTTP\Exceptions\BadRequestException: The URI you submitted has disallowed characters: "करोड"
[Method: GET, Route: tag/%E0%A4%95%E0%A4%B0%E0%A5%8B%E0%A4%A1/]
in SYSTEMPATH/Router/Router.php on line 768.
 1 SYSTEMPATH/Router/Router.php(219): CodeIgniter\Router\Router->checkDisallowedChars()
 2 SYSTEMPATH/CodeIgniter.php(829): CodeIgniter\Router\Router->handle()
 3 SYSTEMPATH/CodeIgniter.php(441): CodeIgniter\CodeIgniter->tryToRouteIt()
 4 SYSTEMPATH/CodeIgniter.php(340): CodeIgniter\CodeIgniter->handleRequest()
 5 SYSTEMPATH/Boot.php(417): CodeIgniter\CodeIgniter->run()
 6 SYSTEMPATH/Boot.php(68): CodeIgniter\Boot::runCodeIgniter()
 7 FCPATH/index.php(31): CodeIgniter\Boot::bootWeb()
CRITICAL - 2026-04-29 11:14:46 --> CodeIgniter\HTTP\Exceptions\BadRequestException: The URI you submitted has disallowed characters: "नबेच्नू"
[Method: GET, Route: tag/%E0%A4%A8%E0%A4%AC%E0%A5%87%E0%A4%9A%E0%A5%8D%E0%A4%A8%E0%A5%82/]
in SYSTEMPATH/Router/Router.php on line 768.
 1 SYSTEMPATH/Router/Router.php(219): CodeIgniter\Router\Router->checkDisallowedChars()
 2 SYSTEMPATH/CodeIgniter.php(829): CodeIgniter\Router\Router->handle()
 3 SYSTEMPATH/CodeIgniter.php(441): CodeIgniter\CodeIgniter->tryToRouteIt()
 4 SYSTEMPATH/CodeIgniter.php(340): CodeIgniter\CodeIgniter->handleRequest()
 5 SYSTEMPATH/Boot.php(417): CodeIgniter\CodeIgniter->run()
 6 SYSTEMPATH/Boot.php(68): CodeIgniter\Boot::runCodeIgniter()
 7 FCPATH/index.php(31): CodeIgniter\Boot::bootWeb()
CRITICAL - 2026-04-29 11:15:46 --> CodeIgniter\HTTP\Exceptions\BadRequestException: The URI you submitted has disallowed characters: "निर्वाचनका"
[Method: GET, Route: tag/%E0%A4%A8%E0%A4%BF%E0%A4%B0%E0%A5%8D%E0%A4%B5%E0%A4%BE%E0%A4%9A%E0%A4%A8%E0%A4%95%E0%A4%BE/]
in SYSTEMPATH/Router/Router.php on line 768.
 1 SYSTEMPATH/Router/Router.php(219): CodeIgniter\Router\Router->checkDisallowedChars()
 2 SYSTEMPATH/CodeIgniter.php(829): CodeIgniter\Router\Router->handle()
 3 SYSTEMPATH/CodeIgniter.php(441): CodeIgniter\CodeIgniter->tryToRouteIt()
 4 SYSTEMPATH/CodeIgniter.php(340): CodeIgniter\CodeIgniter->handleRequest()
 5 SYSTEMPATH/Boot.php(417): CodeIgniter\CodeIgniter->run()
 6 SYSTEMPATH/Boot.php(68): CodeIgniter\Boot::runCodeIgniter()
 7 FCPATH/index.php(31): CodeIgniter\Boot::bootWeb()
CRITICAL - 2026-04-29 11:16:44 --> CodeIgniter\HTTP\Exceptions\BadRequestException: The URI you submitted has disallowed characters: "संख्या"
[Method: GET, Route: tag/%E0%A4%B8%E0%A4%82%E0%A4%96%E0%A5%8D%E0%A4%AF%E0%A4%BE/]
in SYSTEMPATH/Router/Router.php on line 768.
 1 SYSTEMPATH/Router/Router.php(219): CodeIgniter\Router\Router->checkDisallowedChars()
 2 SYSTEMPATH/CodeIgniter.php(829): CodeIgniter\Router\Router->handle()
 3 SYSTEMPATH/CodeIgniter.php(441): CodeIgniter\CodeIgniter->tryToRouteIt()
 4 SYSTEMPATH/CodeIgniter.php(340): CodeIgniter\CodeIgniter->handleRequest()
 5 SYSTEMPATH/Boot.php(417): CodeIgniter\CodeIgniter->run()
 6 SYSTEMPATH/Boot.php(68): CodeIgniter\Boot::runCodeIgniter()
 7 FCPATH/index.php(31): CodeIgniter\Boot::bootWeb()
CRITICAL - 2026-04-29 11:17:38 --> CodeIgniter\HTTP\Exceptions\BadRequestException: The URI you submitted has disallowed characters: "२४"
[Method: GET, Route: tag/%E0%A5%A8%E0%A5%AA/]
in SYSTEMPATH/Router/Router.php on line 768.
 1 SYSTEMPATH/Router/Router.php(219): CodeIgniter\Router\Router->checkDisallowedChars()
 2 SYSTEMPATH/CodeIgniter.php(829): CodeIgniter\Router\Router->handle()
 3 SYSTEMPATH/CodeIgniter.php(441): CodeIgniter\CodeIgniter->tryToRouteIt()
 4 SYSTEMPATH/CodeIgniter.php(340): CodeIgniter\CodeIgniter->handleRequest()
 5 SYSTEMPATH/Boot.php(417): CodeIgniter\CodeIgniter->run()
 6 SYSTEMPATH/Boot.php(68): CodeIgniter\Boot::runCodeIgniter()
 7 FCPATH/index.php(31): CodeIgniter\Boot::bootWeb()
CRITICAL - 2026-04-29 11:18:25 --> CodeIgniter\HTTP\Exceptions\BadRequestException: The URI you submitted has disallowed characters: "भन्ने"
[Method: GET, Route: tag/%E0%A4%AD%E0%A4%A8%E0%A5%8D%E0%A4%A8%E0%A5%87/]
in SYSTEMPATH/Router/Router.php on line 768.
 1 SYSTEMPATH/Router/Router.php(219): CodeIgniter\Router\Router->checkDisallowedChars()
 2 SYSTEMPATH/CodeIgniter.php(829): CodeIgniter\Router\Router->handle()
 3 SYSTEMPATH/CodeIgniter.php(441): CodeIgniter\CodeIgniter->tryToRouteIt()
 4 SYSTEMPATH/CodeIgniter.php(340): CodeIgniter\CodeIgniter->handleRequest()
 5 SYSTEMPATH/Boot.php(417): CodeIgniter\CodeIgniter->run()
 6 SYSTEMPATH/Boot.php(68): CodeIgniter\Boot::runCodeIgniter()
 7 FCPATH/index.php(31): CodeIgniter\Boot::bootWeb()
CRITICAL - 2026-04-29 11:19:12 --> CodeIgniter\HTTP\Exceptions\BadRequestException: The URI you submitted has disallowed characters: "निर्देशन"
[Method: GET, Route: tag/%E0%A4%A8%E0%A4%BF%E0%A4%B0%E0%A5%8D%E0%A4%A6%E0%A5%87%E0%A4%B6%E0%A4%A8/]
in SYSTEMPATH/Router/Router.php on line 768.
 1 SYSTEMPATH/Router/Router.php(219): CodeIgniter\Router\Router->checkDisallowedChars()
 2 SYSTEMPATH/CodeIgniter.php(829): CodeIgniter\Router\Router->handle()
 3 SYSTEMPATH/CodeIgniter.php(441): CodeIgniter\CodeIgniter->tryToRouteIt()
 4 SYSTEMPATH/CodeIgniter.php(340): CodeIgniter\CodeIgniter->handleRequest()
 5 SYSTEMPATH/Boot.php(417): CodeIgniter\CodeIgniter->run()
 6 SYSTEMPATH/Boot.php(68): CodeIgniter\Boot::runCodeIgniter()
 7 FCPATH/index.php(31): CodeIgniter\Boot::bootWeb()
CRITICAL - 2026-04-29 11:20:02 --> CodeIgniter\HTTP\Exceptions\BadRequestException: The URI you submitted has disallowed characters: "डेटा"
[Method: GET, Route: tag/%E0%A4%A1%E0%A5%87%E0%A4%9F%E0%A4%BE/]
in SYSTEMPATH/Router/Router.php on line 768.
 1 SYSTEMPATH/Router/Router.php(219): CodeIgniter\Router\Router->checkDisallowedChars()
 2 SYSTEMPATH/CodeIgniter.php(829): CodeIgniter\Router\Router->handle()
 3 SYSTEMPATH/CodeIgniter.php(441): CodeIgniter\CodeIgniter->tryToRouteIt()
 4 SYSTEMPATH/CodeIgniter.php(340): CodeIgniter\CodeIgniter->handleRequest()
 5 SYSTEMPATH/Boot.php(417): CodeIgniter\CodeIgniter->run()
 6 SYSTEMPATH/Boot.php(68): CodeIgniter\Boot::runCodeIgniter()
 7 FCPATH/index.php(31): CodeIgniter\Boot::bootWeb()
CRITICAL - 2026-04-29 11:20:49 --> CodeIgniter\HTTP\Exceptions\BadRequestException: The URI you submitted has disallowed characters: "निःशुल्क"
[Method: GET, Route: tag/%E0%A4%A8%E0%A4%BF%E0%A4%83%E0%A4%B6%E0%A5%81%E0%A4%B2%E0%A5%8D%E0%A4%95/]
in SYSTEMPATH/Router/Router.php on line 768.
 1 SYSTEMPATH/Router/Router.php(219): CodeIgniter\Router\Router->checkDisallowedChars()
 2 SYSTEMPATH/CodeIgniter.php(829): CodeIgniter\Router\Router->handle()
 3 SYSTEMPATH/CodeIgniter.php(441): CodeIgniter\CodeIgniter->tryToRouteIt()
 4 SYSTEMPATH/CodeIgniter.php(340): CodeIgniter\CodeIgniter->handleRequest()
 5 SYSTEMPATH/Boot.php(417): CodeIgniter\CodeIgniter->run()
 6 SYSTEMPATH/Boot.php(68): CodeIgniter\Boot::runCodeIgniter()
 7 FCPATH/index.php(31): CodeIgniter\Boot::bootWeb()
CRITICAL - 2026-04-29 11:21:38 --> CodeIgniter\HTTP\Exceptions\BadRequestException: The URI you submitted has disallowed characters: "प्रतिकूल"
[Method: GET, Route: tag/%E0%A4%AA%E0%A5%8D%E0%A4%B0%E0%A4%A4%E0%A4%BF%E0%A4%95%E0%A5%82%E0%A4%B2/]
in SYSTEMPATH/Router/Router.php on line 768.
 1 SYSTEMPATH/Router/Router.php(219): CodeIgniter\Router\Router->checkDisallowedChars()
 2 SYSTEMPATH/CodeIgniter.php(829): CodeIgniter\Router\Router->handle()
 3 SYSTEMPATH/CodeIgniter.php(441): CodeIgniter\CodeIgniter->tryToRouteIt()
 4 SYSTEMPATH/CodeIgniter.php(340): CodeIgniter\CodeIgniter->handleRequest()
 5 SYSTEMPATH/Boot.php(417): CodeIgniter\CodeIgniter->run()
 6 SYSTEMPATH/Boot.php(68): CodeIgniter\Boot::runCodeIgniter()
 7 FCPATH/index.php(31): CodeIgniter\Boot::bootWeb()
CRITICAL - 2026-04-29 11:22:28 --> CodeIgniter\HTTP\Exceptions\BadRequestException: The URI you submitted has disallowed characters: "कोरोना"
[Method: GET, Route: tag/%E0%A4%95%E0%A5%8B%E0%A4%B0%E0%A5%8B%E0%A4%A8%E0%A4%BE/]
in SYSTEMPATH/Router/Router.php on line 768.
 1 SYSTEMPATH/Router/Router.php(219): CodeIgniter\Router\Router->checkDisallowedChars()
 2 SYSTEMPATH/CodeIgniter.php(829): CodeIgniter\Router\Router->handle()
 3 SYSTEMPATH/CodeIgniter.php(441): CodeIgniter\CodeIgniter->tryToRouteIt()
 4 SYSTEMPATH/CodeIgniter.php(340): CodeIgniter\CodeIgniter->handleRequest()
 5 SYSTEMPATH/Boot.php(417): CodeIgniter\CodeIgniter->run()
 6 SYSTEMPATH/Boot.php(68): CodeIgniter\Boot::runCodeIgniter()
 7 FCPATH/index.php(31): CodeIgniter\Boot::bootWeb()
CRITICAL - 2026-04-29 11:23:29 --> CodeIgniter\HTTP\Exceptions\BadRequestException: The URI you submitted has disallowed characters: "जोड"
[Method: GET, Route: tag/%E0%A4%9C%E0%A5%8B%E0%A4%A1/]
in SYSTEMPATH/Router/Router.php on line 768.
 1 SYSTEMPATH/Router/Router.php(219): CodeIgniter\Router\Router->checkDisallowedChars()
 2 SYSTEMPATH/CodeIgniter.php(829): CodeIgniter\Router\Router->handle()
 3 SYSTEMPATH/CodeIgniter.php(441): CodeIgniter\CodeIgniter->tryToRouteIt()
 4 SYSTEMPATH/CodeIgniter.php(340): CodeIgniter\CodeIgniter->handleRequest()
 5 SYSTEMPATH/Boot.php(417): CodeIgniter\CodeIgniter->run()
 6 SYSTEMPATH/Boot.php(68): CodeIgniter\Boot::runCodeIgniter()
 7 FCPATH/index.php(31): CodeIgniter\Boot::bootWeb()
CRITICAL - 2026-04-29 11:24:38 --> CodeIgniter\HTTP\Exceptions\BadRequestException: The URI you submitted has disallowed characters: "प्रदेश-३"
[Method: GET, Route: category/%E0%A4%AA%E0%A5%8D%E0%A4%B0%E0%A4%A6%E0%A5%87%E0%A4%B6-%E0%A5%A9/page/9/]
in SYSTEMPATH/Router/Router.php on line 768.
 1 SYSTEMPATH/Router/Router.php(219): CodeIgniter\Router\Router->checkDisallowedChars()
 2 SYSTEMPATH/CodeIgniter.php(829): CodeIgniter\Router\Router->handle()
 3 SYSTEMPATH/CodeIgniter.php(441): CodeIgniter\CodeIgniter->tryToRouteIt()
 4 SYSTEMPATH/CodeIgniter.php(340): CodeIgniter\CodeIgniter->handleRequest()
 5 SYSTEMPATH/Boot.php(417): CodeIgniter\CodeIgniter->run()
 6 SYSTEMPATH/Boot.php(68): CodeIgniter\Boot::runCodeIgniter()
 7 FCPATH/index.php(31): CodeIgniter\Boot::bootWeb()
CRITICAL - 2026-04-29 11:24:49 --> CodeIgniter\HTTP\Exceptions\BadRequestException: The URI you submitted has disallowed characters: "आर्थिक"
[Method: GET, Route: tag/%E0%A4%86%E0%A4%B0%E0%A5%8D%E0%A4%A5%E0%A4%BF%E0%A4%95/]
in SYSTEMPATH/Router/Router.php on line 768.
 1 SYSTEMPATH/Router/Router.php(219): CodeIgniter\Router\Router->checkDisallowedChars()
 2 SYSTEMPATH/CodeIgniter.php(829): CodeIgniter\Router\Router->handle()
 3 SYSTEMPATH/CodeIgniter.php(441): CodeIgniter\CodeIgniter->tryToRouteIt()
 4 SYSTEMPATH/CodeIgniter.php(340): CodeIgniter\CodeIgniter->handleRequest()
 5 SYSTEMPATH/Boot.php(417): CodeIgniter\CodeIgniter->run()
 6 SYSTEMPATH/Boot.php(68): CodeIgniter\Boot::runCodeIgniter()
 7 FCPATH/index.php(31): CodeIgniter\Boot::bootWeb()
CRITICAL - 2026-04-29 11:26:16 --> CodeIgniter\HTTP\Exceptions\BadRequestException: The URI you submitted has disallowed characters: "सहयोग"
[Method: GET, Route: tag/%E0%A4%B8%E0%A4%B9%E0%A4%AF%E0%A5%8B%E0%A4%97/]
in SYSTEMPATH/Router/Router.php on line 768.
 1 SYSTEMPATH/Router/Router.php(219): CodeIgniter\Router\Router->checkDisallowedChars()
 2 SYSTEMPATH/CodeIgniter.php(829): CodeIgniter\Router\Router->handle()
 3 SYSTEMPATH/CodeIgniter.php(441): CodeIgniter\CodeIgniter->tryToRouteIt()
 4 SYSTEMPATH/CodeIgniter.php(340): CodeIgniter\CodeIgniter->handleRequest()
 5 SYSTEMPATH/Boot.php(417): CodeIgniter\CodeIgniter->run()
 6 SYSTEMPATH/Boot.php(68): CodeIgniter\Boot::runCodeIgniter()
 7 FCPATH/index.php(31): CodeIgniter\Boot::bootWeb()
CRITICAL - 2026-04-29 11:28:30 --> CodeIgniter\HTTP\Exceptions\BadRequestException: The URI you submitted has disallowed characters: "४"
[Method: GET, Route: tag/%E0%A5%AA/]
in SYSTEMPATH/Router/Router.php on line 768.
 1 SYSTEMPATH/Router/Router.php(219): CodeIgniter\Router\Router->checkDisallowedChars()
 2 SYSTEMPATH/CodeIgniter.php(829): CodeIgniter\Router\Router->handle()
 3 SYSTEMPATH/CodeIgniter.php(441): CodeIgniter\CodeIgniter->tryToRouteIt()
 4 SYSTEMPATH/CodeIgniter.php(340): CodeIgniter\CodeIgniter->handleRequest()
 5 SYSTEMPATH/Boot.php(417): CodeIgniter\CodeIgniter->run()
 6 SYSTEMPATH/Boot.php(68): CodeIgniter\Boot::runCodeIgniter()
 7 FCPATH/index.php(31): CodeIgniter\Boot::bootWeb()
CRITICAL - 2026-04-29 11:30:14 --> CodeIgniter\HTTP\Exceptions\BadRequestException: The URI you submitted has disallowed characters: "संघको"
[Method: GET, Route: tag/%E0%A4%B8%E0%A4%82%E0%A4%98%E0%A4%95%E0%A5%8B/]
in SYSTEMPATH/Router/Router.php on line 768.
 1 SYSTEMPATH/Router/Router.php(219): CodeIgniter\Router\Router->checkDisallowedChars()
 2 SYSTEMPATH/CodeIgniter.php(829): CodeIgniter\Router\Router->handle()
 3 SYSTEMPATH/CodeIgniter.php(441): CodeIgniter\CodeIgniter->tryToRouteIt()
 4 SYSTEMPATH/CodeIgniter.php(340): CodeIgniter\CodeIgniter->handleRequest()
 5 SYSTEMPATH/Boot.php(417): CodeIgniter\CodeIgniter->run()
 6 SYSTEMPATH/Boot.php(68): CodeIgniter\Boot::runCodeIgniter()
 7 FCPATH/index.php(31): CodeIgniter\Boot::bootWeb()
CRITICAL - 2026-04-29 11:32:18 --> CodeIgniter\HTTP\Exceptions\BadRequestException: The URI you submitted has disallowed characters: "बाल"
[Method: GET, Route: tag/%E0%A4%AC%E0%A4%BE%E0%A4%B2/]
in SYSTEMPATH/Router/Router.php on line 768.
 1 SYSTEMPATH/Router/Router.php(219): CodeIgniter\Router\Router->checkDisallowedChars()
 2 SYSTEMPATH/CodeIgniter.php(829): CodeIgniter\Router\Router->handle()
 3 SYSTEMPATH/CodeIgniter.php(441): CodeIgniter\CodeIgniter->tryToRouteIt()
 4 SYSTEMPATH/CodeIgniter.php(340): CodeIgniter\CodeIgniter->handleRequest()
 5 SYSTEMPATH/Boot.php(417): CodeIgniter\CodeIgniter->run()
 6 SYSTEMPATH/Boot.php(68): CodeIgniter\Boot::runCodeIgniter()
 7 FCPATH/index.php(31): CodeIgniter\Boot::bootWeb()
CRITICAL - 2026-04-29 11:33:16 --> CodeIgniter\HTTP\Exceptions\BadRequestException: The URI you submitted has disallowed characters: "मनोरञ्जन"
[Method: GET, Route: category/%E0%A4%AE%E0%A4%A8%E0%A5%8B%E0%A4%B0%E0%A4%9E%E0%A5%8D%E0%A4%9C%E0%A4%A8/]
in SYSTEMPATH/Router/Router.php on line 768.
 1 SYSTEMPATH/Router/Router.php(219): CodeIgniter\Router\Router->checkDisallowedChars()
 2 SYSTEMPATH/CodeIgniter.php(829): CodeIgniter\Router\Router->handle()
 3 SYSTEMPATH/CodeIgniter.php(441): CodeIgniter\CodeIgniter->tryToRouteIt()
 4 SYSTEMPATH/CodeIgniter.php(340): CodeIgniter\CodeIgniter->handleRequest()
 5 SYSTEMPATH/Boot.php(417): CodeIgniter\CodeIgniter->run()
 6 SYSTEMPATH/Boot.php(68): CodeIgniter\Boot::runCodeIgniter()
 7 FCPATH/index.php(31): CodeIgniter\Boot::bootWeb()
CRITICAL - 2026-04-29 11:34:05 --> CodeIgniter\HTTP\Exceptions\BadRequestException: The URI you submitted has disallowed characters: "खाद्यवस्तु"
[Method: GET, Route: tag/%E0%A4%96%E0%A4%BE%E0%A4%A6%E0%A5%8D%E0%A4%AF%E0%A4%B5%E0%A4%B8%E0%A5%8D%E0%A4%A4%E0%A5%81/]
in SYSTEMPATH/Router/Router.php on line 768.
 1 SYSTEMPATH/Router/Router.php(219): CodeIgniter\Router\Router->checkDisallowedChars()
 2 SYSTEMPATH/CodeIgniter.php(829): CodeIgniter\Router\Router->handle()
 3 SYSTEMPATH/CodeIgniter.php(441): CodeIgniter\CodeIgniter->tryToRouteIt()
 4 SYSTEMPATH/CodeIgniter.php(340): CodeIgniter\CodeIgniter->handleRequest()
 5 SYSTEMPATH/Boot.php(417): CodeIgniter\CodeIgniter->run()
 6 SYSTEMPATH/Boot.php(68): CodeIgniter\Boot::runCodeIgniter()
 7 FCPATH/index.php(31): CodeIgniter\Boot::bootWeb()
CRITICAL - 2026-04-29 11:36:50 --> CodeIgniter\HTTP\Exceptions\BadRequestException: The URI you submitted has disallowed characters: "आयुर्वेद"
[Method: GET, Route: tag/%E0%A4%86%E0%A4%AF%E0%A5%81%E0%A4%B0%E0%A5%8D%E0%A4%B5%E0%A5%87%E0%A4%A6/]
in SYSTEMPATH/Router/Router.php on line 768.
 1 SYSTEMPATH/Router/Router.php(219): CodeIgniter\Router\Router->checkDisallowedChars()
 2 SYSTEMPATH/CodeIgniter.php(829): CodeIgniter\Router\Router->handle()
 3 SYSTEMPATH/CodeIgniter.php(441): CodeIgniter\CodeIgniter->tryToRouteIt()
 4 SYSTEMPATH/CodeIgniter.php(340): CodeIgniter\CodeIgniter->handleRequest()
 5 SYSTEMPATH/Boot.php(417): CodeIgniter\CodeIgniter->run()
 6 SYSTEMPATH/Boot.php(68): CodeIgniter\Boot::runCodeIgniter()
 7 FCPATH/index.php(31): CodeIgniter\Boot::bootWeb()
CRITICAL - 2026-04-29 11:38:17 --> CodeIgniter\HTTP\Exceptions\BadRequestException: The URI you submitted has disallowed characters: "commodity-फाइल"
[Method: GET, Route: tag/commodity-%E0%A4%AB%E0%A4%BE%E0%A4%87%E0%A4%B2/]
in SYSTEMPATH/Router/Router.php on line 768.
 1 SYSTEMPATH/Router/Router.php(219): CodeIgniter\Router\Router->checkDisallowedChars()
 2 SYSTEMPATH/CodeIgniter.php(829): CodeIgniter\Router\Router->handle()
 3 SYSTEMPATH/CodeIgniter.php(441): CodeIgniter\CodeIgniter->tryToRouteIt()
 4 SYSTEMPATH/CodeIgniter.php(340): CodeIgniter\CodeIgniter->handleRequest()
 5 SYSTEMPATH/Boot.php(417): CodeIgniter\CodeIgniter->run()
 6 SYSTEMPATH/Boot.php(68): CodeIgniter\Boot::runCodeIgniter()
 7 FCPATH/index.php(31): CodeIgniter\Boot::bootWeb()
CRITICAL - 2026-04-29 11:39:32 --> CodeIgniter\HTTP\Exceptions\BadRequestException: The URI you submitted has disallowed characters: "काउन्सिल"
[Method: GET, Route: tag/%E0%A4%95%E0%A4%BE%E0%A4%89%E0%A4%A8%E0%A5%8D%E0%A4%B8%E0%A4%BF%E0%A4%B2/]
in SYSTEMPATH/Router/Router.php on line 768.
 1 SYSTEMPATH/Router/Router.php(219): CodeIgniter\Router\Router->checkDisallowedChars()
 2 SYSTEMPATH/CodeIgniter.php(829): CodeIgniter\Router\Router->handle()
 3 SYSTEMPATH/CodeIgniter.php(441): CodeIgniter\CodeIgniter->tryToRouteIt()
 4 SYSTEMPATH/CodeIgniter.php(340): CodeIgniter\CodeIgniter->handleRequest()
 5 SYSTEMPATH/Boot.php(417): CodeIgniter\CodeIgniter->run()
 6 SYSTEMPATH/Boot.php(68): CodeIgniter\Boot::runCodeIgniter()
 7 FCPATH/index.php(31): CodeIgniter\Boot::bootWeb()
CRITICAL - 2026-04-29 11:40:45 --> CodeIgniter\HTTP\Exceptions\BadRequestException: The URI you submitted has disallowed characters: "घण्टामा"
[Method: GET, Route: tag/%E0%A4%98%E0%A4%A3%E0%A5%8D%E0%A4%9F%E0%A4%BE%E0%A4%AE%E0%A4%BE/]
in SYSTEMPATH/Router/Router.php on line 768.
 1 SYSTEMPATH/Router/Router.php(219): CodeIgniter\Router\Router->checkDisallowedChars()
 2 SYSTEMPATH/CodeIgniter.php(829): CodeIgniter\Router\Router->handle()
 3 SYSTEMPATH/CodeIgniter.php(441): CodeIgniter\CodeIgniter->tryToRouteIt()
 4 SYSTEMPATH/CodeIgniter.php(340): CodeIgniter\CodeIgniter->handleRequest()
 5 SYSTEMPATH/Boot.php(417): CodeIgniter\CodeIgniter->run()
 6 SYSTEMPATH/Boot.php(68): CodeIgniter\Boot::runCodeIgniter()
 7 FCPATH/index.php(31): CodeIgniter\Boot::bootWeb()
CRITICAL - 2026-04-29 11:41:48 --> CodeIgniter\HTTP\Exceptions\BadRequestException: The URI you submitted has disallowed characters: "पुष्टि"
[Method: GET, Route: tag/%E0%A4%AA%E0%A5%81%E0%A4%B7%E0%A5%8D%E0%A4%9F%E0%A4%BF/]
in SYSTEMPATH/Router/Router.php on line 768.
 1 SYSTEMPATH/Router/Router.php(219): CodeIgniter\Router\Router->checkDisallowedChars()
 2 SYSTEMPATH/CodeIgniter.php(829): CodeIgniter\Router\Router->handle()
 3 SYSTEMPATH/CodeIgniter.php(441): CodeIgniter\CodeIgniter->tryToRouteIt()
 4 SYSTEMPATH/CodeIgniter.php(340): CodeIgniter\CodeIgniter->handleRequest()
 5 SYSTEMPATH/Boot.php(417): CodeIgniter\CodeIgniter->run()
 6 SYSTEMPATH/Boot.php(68): CodeIgniter\Boot::runCodeIgniter()
 7 FCPATH/index.php(31): CodeIgniter\Boot::bootWeb()
CRITICAL - 2026-04-29 11:43:00 --> CodeIgniter\HTTP\Exceptions\BadRequestException: The URI you submitted has disallowed characters: "संक्रमण"
[Method: GET, Route: tag/%E0%A4%B8%E0%A4%82%E0%A4%95%E0%A5%8D%E0%A4%B0%E0%A4%AE%E0%A4%A3/]
in SYSTEMPATH/Router/Router.php on line 768.
 1 SYSTEMPATH/Router/Router.php(219): CodeIgniter\Router\Router->checkDisallowedChars()
 2 SYSTEMPATH/CodeIgniter.php(829): CodeIgniter\Router\Router->handle()
 3 SYSTEMPATH/CodeIgniter.php(441): CodeIgniter\CodeIgniter->tryToRouteIt()
 4 SYSTEMPATH/CodeIgniter.php(340): CodeIgniter\CodeIgniter->handleRequest()
 5 SYSTEMPATH/Boot.php(417): CodeIgniter\CodeIgniter->run()
 6 SYSTEMPATH/Boot.php(68): CodeIgniter\Boot::runCodeIgniter()
 7 FCPATH/index.php(31): CodeIgniter\Boot::bootWeb()
CRITICAL - 2026-04-29 11:44:08 --> CodeIgniter\HTTP\Exceptions\BadRequestException: The URI you submitted has disallowed characters: "काउन्सिलको"
[Method: GET, Route: tag/%E0%A4%95%E0%A4%BE%E0%A4%89%E0%A4%A8%E0%A5%8D%E0%A4%B8%E0%A4%BF%E0%A4%B2%E0%A4%95%E0%A5%8B/]
in SYSTEMPATH/Router/Router.php on line 768.
 1 SYSTEMPATH/Router/Router.php(219): CodeIgniter\Router\Router->checkDisallowedChars()
 2 SYSTEMPATH/CodeIgniter.php(829): CodeIgniter\Router\Router->handle()
 3 SYSTEMPATH/CodeIgniter.php(441): CodeIgniter\CodeIgniter->tryToRouteIt()
 4 SYSTEMPATH/CodeIgniter.php(340): CodeIgniter\CodeIgniter->handleRequest()
 5 SYSTEMPATH/Boot.php(417): CodeIgniter\CodeIgniter->run()
 6 SYSTEMPATH/Boot.php(68): CodeIgniter\Boot::runCodeIgniter()
 7 FCPATH/index.php(31): CodeIgniter\Boot::bootWeb()
CRITICAL - 2026-04-29 11:45:13 --> CodeIgniter\HTTP\Exceptions\BadRequestException: The URI you submitted has disallowed characters: "पाइने"
[Method: GET, Route: tag/%E0%A4%AA%E0%A4%BE%E0%A4%87%E0%A4%A8%E0%A5%87/]
in SYSTEMPATH/Router/Router.php on line 768.
 1 SYSTEMPATH/Router/Router.php(219): CodeIgniter\Router\Router->checkDisallowedChars()
 2 SYSTEMPATH/CodeIgniter.php(829): CodeIgniter\Router\Router->handle()
 3 SYSTEMPATH/CodeIgniter.php(441): CodeIgniter\CodeIgniter->tryToRouteIt()
 4 SYSTEMPATH/CodeIgniter.php(340): CodeIgniter\CodeIgniter->handleRequest()
 5 SYSTEMPATH/Boot.php(417): CodeIgniter\CodeIgniter->run()
 6 SYSTEMPATH/Boot.php(68): CodeIgniter\Boot::runCodeIgniter()
 7 FCPATH/index.php(31): CodeIgniter\Boot::bootWeb()
CRITICAL - 2026-04-29 11:46:14 --> CodeIgniter\HTTP\Exceptions\BadRequestException: The URI you submitted has disallowed characters: "प्रशासनको"
[Method: GET, Route: tag/%E0%A4%AA%E0%A5%8D%E0%A4%B0%E0%A4%B6%E0%A4%BE%E0%A4%B8%E0%A4%A8%E0%A4%95%E0%A5%8B/]
in SYSTEMPATH/Router/Router.php on line 768.
 1 SYSTEMPATH/Router/Router.php(219): CodeIgniter\Router\Router->checkDisallowedChars()
 2 SYSTEMPATH/CodeIgniter.php(829): CodeIgniter\Router\Router->handle()
 3 SYSTEMPATH/CodeIgniter.php(441): CodeIgniter\CodeIgniter->tryToRouteIt()
 4 SYSTEMPATH/CodeIgniter.php(340): CodeIgniter\CodeIgniter->handleRequest()
 5 SYSTEMPATH/Boot.php(417): CodeIgniter\CodeIgniter->run()
 6 SYSTEMPATH/Boot.php(68): CodeIgniter\Boot::runCodeIgniter()
 7 FCPATH/index.php(31): CodeIgniter\Boot::bootWeb()
CRITICAL - 2026-04-29 11:47:06 --> CodeIgniter\HTTP\Exceptions\BadRequestException: The URI you submitted has disallowed characters: "५"
[Method: GET, Route: tag/%E0%A5%AB/]
in SYSTEMPATH/Router/Router.php on line 768.
 1 SYSTEMPATH/Router/Router.php(219): CodeIgniter\Router\Router->checkDisallowedChars()
 2 SYSTEMPATH/CodeIgniter.php(829): CodeIgniter\Router\Router->handle()
 3 SYSTEMPATH/CodeIgniter.php(441): CodeIgniter\CodeIgniter->tryToRouteIt()
 4 SYSTEMPATH/CodeIgniter.php(340): CodeIgniter\CodeIgniter->handleRequest()
 5 SYSTEMPATH/Boot.php(417): CodeIgniter\CodeIgniter->run()
 6 SYSTEMPATH/Boot.php(68): CodeIgniter\Boot::runCodeIgniter()
 7 FCPATH/index.php(31): CodeIgniter\Boot::bootWeb()
CRITICAL - 2026-04-29 11:48:08 --> CodeIgniter\HTTP\Exceptions\BadRequestException: The URI you submitted has disallowed characters: "चिकित्सक"
[Method: GET, Route: tag/%E0%A4%9A%E0%A4%BF%E0%A4%95%E0%A4%BF%E0%A4%A4%E0%A5%8D%E0%A4%B8%E0%A4%95/]
in SYSTEMPATH/Router/Router.php on line 768.
 1 SYSTEMPATH/Router/Router.php(219): CodeIgniter\Router\Router->checkDisallowedChars()
 2 SYSTEMPATH/CodeIgniter.php(829): CodeIgniter\Router\Router->handle()
 3 SYSTEMPATH/CodeIgniter.php(441): CodeIgniter\CodeIgniter->tryToRouteIt()
 4 SYSTEMPATH/CodeIgniter.php(340): CodeIgniter\CodeIgniter->handleRequest()
 5 SYSTEMPATH/Boot.php(417): CodeIgniter\CodeIgniter->run()
 6 SYSTEMPATH/Boot.php(68): CodeIgniter\Boot::runCodeIgniter()
 7 FCPATH/index.php(31): CodeIgniter\Boot::bootWeb()
CRITICAL - 2026-04-29 11:48:57 --> CodeIgniter\HTTP\Exceptions\BadRequestException: The URI you submitted has disallowed characters: "टेलिकमबाट"
[Method: GET, Route: tag/%E0%A4%9F%E0%A5%87%E0%A4%B2%E0%A4%BF%E0%A4%95%E0%A4%AE%E0%A4%AC%E0%A4%BE%E0%A4%9F/]
in SYSTEMPATH/Router/Router.php on line 768.
 1 SYSTEMPATH/Router/Router.php(219): CodeIgniter\Router\Router->checkDisallowedChars()
 2 SYSTEMPATH/CodeIgniter.php(829): CodeIgniter\Router\Router->handle()
 3 SYSTEMPATH/CodeIgniter.php(441): CodeIgniter\CodeIgniter->tryToRouteIt()
 4 SYSTEMPATH/CodeIgniter.php(340): CodeIgniter\CodeIgniter->handleRequest()
 5 SYSTEMPATH/Boot.php(417): CodeIgniter\CodeIgniter->run()
 6 SYSTEMPATH/Boot.php(68): CodeIgniter\Boot::runCodeIgniter()
 7 FCPATH/index.php(31): CodeIgniter\Boot::bootWeb()
CRITICAL - 2026-04-29 11:50:34 --> CodeIgniter\HTTP\Exceptions\BadRequestException: The URI you submitted has disallowed characters: "कसले"
[Method: GET, Route: tag/%E0%A4%95%E0%A4%B8%E0%A4%B2%E0%A5%87/]
in SYSTEMPATH/Router/Router.php on line 768.
 1 SYSTEMPATH/Router/Router.php(219): CodeIgniter\Router\Router->checkDisallowedChars()
 2 SYSTEMPATH/CodeIgniter.php(829): CodeIgniter\Router\Router->handle()
 3 SYSTEMPATH/CodeIgniter.php(441): CodeIgniter\CodeIgniter->tryToRouteIt()
 4 SYSTEMPATH/CodeIgniter.php(340): CodeIgniter\CodeIgniter->handleRequest()
 5 SYSTEMPATH/Boot.php(417): CodeIgniter\CodeIgniter->run()
 6 SYSTEMPATH/Boot.php(68): CodeIgniter\Boot::runCodeIgniter()
 7 FCPATH/index.php(31): CodeIgniter\Boot::bootWeb()
CRITICAL - 2026-04-29 11:51:28 --> CodeIgniter\HTTP\Exceptions\BadRequestException: The URI you submitted has disallowed characters: "सूचनाप्रति"
[Method: GET, Route: tag/%E0%A4%B8%E0%A5%82%E0%A4%9A%E0%A4%A8%E0%A4%BE%E0%A4%AA%E0%A5%8D%E0%A4%B0%E0%A4%A4%E0%A4%BF/]
in SYSTEMPATH/Router/Router.php on line 768.
 1 SYSTEMPATH/Router/Router.php(219): CodeIgniter\Router\Router->checkDisallowedChars()
 2 SYSTEMPATH/CodeIgniter.php(829): CodeIgniter\Router\Router->handle()
 3 SYSTEMPATH/CodeIgniter.php(441): CodeIgniter\CodeIgniter->tryToRouteIt()
 4 SYSTEMPATH/CodeIgniter.php(340): CodeIgniter\CodeIgniter->handleRequest()
 5 SYSTEMPATH/Boot.php(417): CodeIgniter\CodeIgniter->run()
 6 SYSTEMPATH/Boot.php(68): CodeIgniter\Boot::runCodeIgniter()
 7 FCPATH/index.php(31): CodeIgniter\Boot::bootWeb()
CRITICAL - 2026-04-29 11:52:22 --> CodeIgniter\HTTP\Exceptions\BadRequestException: The URI you submitted has disallowed characters: "काठमाडौं"
[Method: GET, Route: tag/%E0%A4%95%E0%A4%BE%E0%A4%A0%E0%A4%AE%E0%A4%BE%E0%A4%A1%E0%A5%8C%E0%A4%82/]
in SYSTEMPATH/Router/Router.php on line 768.
 1 SYSTEMPATH/Router/Router.php(219): CodeIgniter\Router\Router->checkDisallowedChars()
 2 SYSTEMPATH/CodeIgniter.php(829): CodeIgniter\Router\Router->handle()
 3 SYSTEMPATH/CodeIgniter.php(441): CodeIgniter\CodeIgniter->tryToRouteIt()
 4 SYSTEMPATH/CodeIgniter.php(340): CodeIgniter\CodeIgniter->handleRequest()
 5 SYSTEMPATH/Boot.php(417): CodeIgniter\CodeIgniter->run()
 6 SYSTEMPATH/Boot.php(68): CodeIgniter\Boot::runCodeIgniter()
 7 FCPATH/index.php(31): CodeIgniter\Boot::bootWeb()
CRITICAL - 2026-04-29 11:53:29 --> CodeIgniter\HTTP\Exceptions\BadRequestException: The URI you submitted has disallowed characters: "जनस्वास्थ्यमा"
[Method: GET, Route: tag/%E0%A4%9C%E0%A4%A8%E0%A4%B8%E0%A5%8D%E0%A4%B5%E0%A4%BE%E0%A4%B8%E0%A5%8D%E0%A4%A5%E0%A5%8D%E0%A4%AF%E0%A4%AE%E0%A4%BE/]
in SYSTEMPATH/Router/Router.php on line 768.
 1 SYSTEMPATH/Router/Router.php(219): CodeIgniter\Router\Router->checkDisallowedChars()
 2 SYSTEMPATH/CodeIgniter.php(829): CodeIgniter\Router\Router->handle()
 3 SYSTEMPATH/CodeIgniter.php(441): CodeIgniter\CodeIgniter->tryToRouteIt()
 4 SYSTEMPATH/CodeIgniter.php(340): CodeIgniter\CodeIgniter->handleRequest()
 5 SYSTEMPATH/Boot.php(417): CodeIgniter\CodeIgniter->run()
 6 SYSTEMPATH/Boot.php(68): CodeIgniter\Boot::runCodeIgniter()
 7 FCPATH/index.php(31): CodeIgniter\Boot::bootWeb()
CRITICAL - 2026-04-29 11:54:47 --> CodeIgniter\HTTP\Exceptions\BadRequestException: The URI you submitted has disallowed characters: "सेतोपाटी-संवाददाता"
[Method: GET, Route: tag/%E0%A4%B8%E0%A5%87%E0%A4%A4%E0%A5%8B%E0%A4%AA%E0%A4%BE%E0%A4%9F%E0%A5%80-%E0%A4%B8%E0%A4%82%E0%A4%B5%E0%A4%BE%E0%A4%A6%E0%A4%A6%E0%A4%BE%E0%A4%A4%E0%A4%BE/]
in SYSTEMPATH/Router/Router.php on line 768.
 1 SYSTEMPATH/Router/Router.php(219): CodeIgniter\Router\Router->checkDisallowedChars()
 2 SYSTEMPATH/CodeIgniter.php(829): CodeIgniter\Router\Router->handle()
 3 SYSTEMPATH/CodeIgniter.php(441): CodeIgniter\CodeIgniter->tryToRouteIt()
 4 SYSTEMPATH/CodeIgniter.php(340): CodeIgniter\CodeIgniter->handleRequest()
 5 SYSTEMPATH/Boot.php(417): CodeIgniter\CodeIgniter->run()
 6 SYSTEMPATH/Boot.php(68): CodeIgniter\Boot::runCodeIgniter()
 7 FCPATH/index.php(31): CodeIgniter\Boot::bootWeb()
CRITICAL - 2026-04-29 11:56:18 --> CodeIgniter\HTTP\Exceptions\BadRequestException: The URI you submitted has disallowed characters: "जिबी"
[Method: GET, Route: tag/%E0%A4%9C%E0%A4%BF%E0%A4%AC%E0%A5%80/]
in SYSTEMPATH/Router/Router.php on line 768.
 1 SYSTEMPATH/Router/Router.php(219): CodeIgniter\Router\Router->checkDisallowedChars()
 2 SYSTEMPATH/CodeIgniter.php(829): CodeIgniter\Router\Router->handle()
 3 SYSTEMPATH/CodeIgniter.php(441): CodeIgniter\CodeIgniter->tryToRouteIt()
 4 SYSTEMPATH/CodeIgniter.php(340): CodeIgniter\CodeIgniter->handleRequest()
 5 SYSTEMPATH/Boot.php(417): CodeIgniter\CodeIgniter->run()
 6 SYSTEMPATH/Boot.php(68): CodeIgniter\Boot::runCodeIgniter()
 7 FCPATH/index.php(31): CodeIgniter\Boot::bootWeb()
CRITICAL - 2026-04-29 11:58:42 --> CodeIgniter\HTTP\Exceptions\BadRequestException: The URI you submitted has disallowed characters: "वर्षका"
[Method: GET, Route: tag/%E0%A4%B5%E0%A4%B0%E0%A5%8D%E0%A4%B7%E0%A4%95%E0%A4%BE/]
in SYSTEMPATH/Router/Router.php on line 768.
 1 SYSTEMPATH/Router/Router.php(219): CodeIgniter\Router\Router->checkDisallowedChars()
 2 SYSTEMPATH/CodeIgniter.php(829): CodeIgniter\Router\Router->handle()
 3 SYSTEMPATH/CodeIgniter.php(441): CodeIgniter\CodeIgniter->tryToRouteIt()
 4 SYSTEMPATH/CodeIgniter.php(340): CodeIgniter\CodeIgniter->handleRequest()
 5 SYSTEMPATH/Boot.php(417): CodeIgniter\CodeIgniter->run()
 6 SYSTEMPATH/Boot.php(68): CodeIgniter\Boot::runCodeIgniter()
 7 FCPATH/index.php(31): CodeIgniter\Boot::bootWeb()
CRITICAL - 2026-04-29 12:01:16 --> CodeIgniter\HTTP\Exceptions\BadRequestException: The URI you submitted has disallowed characters: "प्रदेश-७"
[Method: GET, Route: category/%E0%A4%AA%E0%A5%8D%E0%A4%B0%E0%A4%A6%E0%A5%87%E0%A4%B6-%E0%A5%AD/]
in SYSTEMPATH/Router/Router.php on line 768.
 1 SYSTEMPATH/Router/Router.php(219): CodeIgniter\Router\Router->checkDisallowedChars()
 2 SYSTEMPATH/CodeIgniter.php(829): CodeIgniter\Router\Router->handle()
 3 SYSTEMPATH/CodeIgniter.php(441): CodeIgniter\CodeIgniter->tryToRouteIt()
 4 SYSTEMPATH/CodeIgniter.php(340): CodeIgniter\CodeIgniter->handleRequest()
 5 SYSTEMPATH/Boot.php(417): CodeIgniter\CodeIgniter->run()
 6 SYSTEMPATH/Boot.php(68): CodeIgniter\Boot::runCodeIgniter()
 7 FCPATH/index.php(31): CodeIgniter\Boot::bootWeb()
CRITICAL - 2026-04-29 12:02:47 --> CodeIgniter\HTTP\Exceptions\BadRequestException: The URI you submitted has disallowed characters: "मतदान"
[Method: GET, Route: tag/%E0%A4%AE%E0%A4%A4%E0%A4%A6%E0%A4%BE%E0%A4%A8/]
in SYSTEMPATH/Router/Router.php on line 768.
 1 SYSTEMPATH/Router/Router.php(219): CodeIgniter\Router\Router->checkDisallowedChars()
 2 SYSTEMPATH/CodeIgniter.php(829): CodeIgniter\Router\Router->handle()
 3 SYSTEMPATH/CodeIgniter.php(441): CodeIgniter\CodeIgniter->tryToRouteIt()
 4 SYSTEMPATH/CodeIgniter.php(340): CodeIgniter\CodeIgniter->handleRequest()
 5 SYSTEMPATH/Boot.php(417): CodeIgniter\CodeIgniter->run()
 6 SYSTEMPATH/Boot.php(68): CodeIgniter\Boot::runCodeIgniter()
 7 FCPATH/index.php(31): CodeIgniter\Boot::bootWeb()
CRITICAL - 2026-04-29 12:04:44 --> CodeIgniter\HTTP\Exceptions\BadRequestException: The URI you submitted has disallowed characters: "गुणस्तर"
[Method: GET, Route: tag/%E0%A4%97%E0%A5%81%E0%A4%A3%E0%A4%B8%E0%A5%8D%E0%A4%A4%E0%A4%B0/]
in SYSTEMPATH/Router/Router.php on line 768.
 1 SYSTEMPATH/Router/Router.php(219): CodeIgniter\Router\Router->checkDisallowedChars()
 2 SYSTEMPATH/CodeIgniter.php(829): CodeIgniter\Router\Router->handle()
 3 SYSTEMPATH/CodeIgniter.php(441): CodeIgniter\CodeIgniter->tryToRouteIt()
 4 SYSTEMPATH/CodeIgniter.php(340): CodeIgniter\CodeIgniter->handleRequest()
 5 SYSTEMPATH/Boot.php(417): CodeIgniter\CodeIgniter->run()
 6 SYSTEMPATH/Boot.php(68): CodeIgniter\Boot::runCodeIgniter()
 7 FCPATH/index.php(31): CodeIgniter\Boot::bootWeb()
CRITICAL - 2026-04-29 12:06:47 --> CodeIgniter\HTTP\Exceptions\BadRequestException: The URI you submitted has disallowed characters: "बढाउन"
[Method: GET, Route: tag/%E0%A4%AC%E0%A4%A2%E0%A4%BE%E0%A4%89%E0%A4%A8/]
in SYSTEMPATH/Router/Router.php on line 768.
 1 SYSTEMPATH/Router/Router.php(219): CodeIgniter\Router\Router->checkDisallowedChars()
 2 SYSTEMPATH/CodeIgniter.php(829): CodeIgniter\Router\Router->handle()
 3 SYSTEMPATH/CodeIgniter.php(441): CodeIgniter\CodeIgniter->tryToRouteIt()
 4 SYSTEMPATH/CodeIgniter.php(340): CodeIgniter\CodeIgniter->handleRequest()
 5 SYSTEMPATH/Boot.php(417): CodeIgniter\CodeIgniter->run()
 6 SYSTEMPATH/Boot.php(68): CodeIgniter\Boot::runCodeIgniter()
 7 FCPATH/index.php(31): CodeIgniter\Boot::bootWeb()
CRITICAL - 2026-04-29 12:08:11 --> CodeIgniter\HTTP\Exceptions\BadRequestException: The URI you submitted has disallowed characters: "भर्ना"
[Method: GET, Route: tag/%E0%A4%AD%E0%A4%B0%E0%A5%8D%E0%A4%A8%E0%A4%BE/]
in SYSTEMPATH/Router/Router.php on line 768.
 1 SYSTEMPATH/Router/Router.php(219): CodeIgniter\Router\Router->checkDisallowedChars()
 2 SYSTEMPATH/CodeIgniter.php(829): CodeIgniter\Router\Router->handle()
 3 SYSTEMPATH/CodeIgniter.php(441): CodeIgniter\CodeIgniter->tryToRouteIt()
 4 SYSTEMPATH/CodeIgniter.php(340): CodeIgniter\CodeIgniter->handleRequest()
 5 SYSTEMPATH/Boot.php(417): CodeIgniter\CodeIgniter->run()
 6 SYSTEMPATH/Boot.php(68): CodeIgniter\Boot::runCodeIgniter()
 7 FCPATH/index.php(31): CodeIgniter\Boot::bootWeb()
CRITICAL - 2026-04-29 12:09:41 --> CodeIgniter\HTTP\Exceptions\BadRequestException: The URI you submitted has disallowed characters: "अस्पताल"
[Method: GET, Route: tag/%E0%A4%85%E0%A4%B8%E0%A5%8D%E0%A4%AA%E0%A4%A4%E0%A4%BE%E0%A4%B2/]
in SYSTEMPATH/Router/Router.php on line 768.
 1 SYSTEMPATH/Router/Router.php(219): CodeIgniter\Router\Router->checkDisallowedChars()
 2 SYSTEMPATH/CodeIgniter.php(829): CodeIgniter\Router\Router->handle()
 3 SYSTEMPATH/CodeIgniter.php(441): CodeIgniter\CodeIgniter->tryToRouteIt()
 4 SYSTEMPATH/CodeIgniter.php(340): CodeIgniter\CodeIgniter->handleRequest()
 5 SYSTEMPATH/Boot.php(417): CodeIgniter\CodeIgniter->run()
 6 SYSTEMPATH/Boot.php(68): CodeIgniter\Boot::runCodeIgniter()
 7 FCPATH/index.php(31): CodeIgniter\Boot::bootWeb()
CRITICAL - 2026-04-29 12:11:10 --> CodeIgniter\HTTP\Exceptions\BadRequestException: The URI you submitted has disallowed characters: "कुनै"
[Method: GET, Route: tag/%E0%A4%95%E0%A5%81%E0%A4%A8%E0%A5%88/]
in SYSTEMPATH/Router/Router.php on line 768.
 1 SYSTEMPATH/Router/Router.php(219): CodeIgniter\Router\Router->checkDisallowedChars()
 2 SYSTEMPATH/CodeIgniter.php(829): CodeIgniter\Router\Router->handle()
 3 SYSTEMPATH/CodeIgniter.php(441): CodeIgniter\CodeIgniter->tryToRouteIt()
 4 SYSTEMPATH/CodeIgniter.php(340): CodeIgniter\CodeIgniter->handleRequest()
 5 SYSTEMPATH/Boot.php(417): CodeIgniter\CodeIgniter->run()
 6 SYSTEMPATH/Boot.php(68): CodeIgniter\Boot::runCodeIgniter()
 7 FCPATH/index.php(31): CodeIgniter\Boot::bootWeb()
CRITICAL - 2026-04-29 12:12:29 --> CodeIgniter\HTTP\Exceptions\BadRequestException: The URI you submitted has disallowed characters: "मेडिकलबाट"
[Method: GET, Route: tag/%E0%A4%AE%E0%A5%87%E0%A4%A1%E0%A4%BF%E0%A4%95%E0%A4%B2%E0%A4%AC%E0%A4%BE%E0%A4%9F/]
in SYSTEMPATH/Router/Router.php on line 768.
 1 SYSTEMPATH/Router/Router.php(219): CodeIgniter\Router\Router->checkDisallowedChars()
 2 SYSTEMPATH/CodeIgniter.php(829): CodeIgniter\Router\Router->handle()
 3 SYSTEMPATH/CodeIgniter.php(441): CodeIgniter\CodeIgniter->tryToRouteIt()
 4 SYSTEMPATH/CodeIgniter.php(340): CodeIgniter\CodeIgniter->handleRequest()
 5 SYSTEMPATH/Boot.php(417): CodeIgniter\CodeIgniter->run()
 6 SYSTEMPATH/Boot.php(68): CodeIgniter\Boot::runCodeIgniter()
 7 FCPATH/index.php(31): CodeIgniter\Boot::bootWeb()
CRITICAL - 2026-04-29 12:13:49 --> CodeIgniter\HTTP\Exceptions\BadRequestException: The URI you submitted has disallowed characters: "झाक्री"
[Method: GET, Route: tag/%E0%A4%9D%E0%A4%BE%E0%A4%95%E0%A5%8D%E0%A4%B0%E0%A5%80/]
in SYSTEMPATH/Router/Router.php on line 768.
 1 SYSTEMPATH/Router/Router.php(219): CodeIgniter\Router\Router->checkDisallowedChars()
 2 SYSTEMPATH/CodeIgniter.php(829): CodeIgniter\Router\Router->handle()
 3 SYSTEMPATH/CodeIgniter.php(441): CodeIgniter\CodeIgniter->tryToRouteIt()
 4 SYSTEMPATH/CodeIgniter.php(340): CodeIgniter\CodeIgniter->handleRequest()
 5 SYSTEMPATH/Boot.php(417): CodeIgniter\CodeIgniter->run()
 6 SYSTEMPATH/Boot.php(68): CodeIgniter\Boot::runCodeIgniter()
 7 FCPATH/index.php(31): CodeIgniter\Boot::bootWeb()
CRITICAL - 2026-04-29 12:15:35 --> CodeIgniter\HTTP\Exceptions\BadRequestException: The URI you submitted has disallowed characters: "वीर"
[Method: GET, Route: tag/%E0%A4%B5%E0%A5%80%E0%A4%B0/]
in SYSTEMPATH/Router/Router.php on line 768.
 1 SYSTEMPATH/Router/Router.php(219): CodeIgniter\Router\Router->checkDisallowedChars()
 2 SYSTEMPATH/CodeIgniter.php(829): CodeIgniter\Router\Router->handle()
 3 SYSTEMPATH/CodeIgniter.php(441): CodeIgniter\CodeIgniter->tryToRouteIt()
 4 SYSTEMPATH/CodeIgniter.php(340): CodeIgniter\CodeIgniter->handleRequest()
 5 SYSTEMPATH/Boot.php(417): CodeIgniter\CodeIgniter->run()
 6 SYSTEMPATH/Boot.php(68): CodeIgniter\Boot::runCodeIgniter()
 7 FCPATH/index.php(31): CodeIgniter\Boot::bootWeb()
CRITICAL - 2026-04-29 12:17:12 --> CodeIgniter\HTTP\Exceptions\BadRequestException: The URI you submitted has disallowed characters: "फेरि"
[Method: GET, Route: tag/%E0%A4%AB%E0%A5%87%E0%A4%B0%E0%A4%BF/]
in SYSTEMPATH/Router/Router.php on line 768.
 1 SYSTEMPATH/Router/Router.php(219): CodeIgniter\Router\Router->checkDisallowedChars()
 2 SYSTEMPATH/CodeIgniter.php(829): CodeIgniter\Router\Router->handle()
 3 SYSTEMPATH/CodeIgniter.php(441): CodeIgniter\CodeIgniter->tryToRouteIt()
 4 SYSTEMPATH/CodeIgniter.php(340): CodeIgniter\CodeIgniter->handleRequest()
 5 SYSTEMPATH/Boot.php(417): CodeIgniter\CodeIgniter->run()
 6 SYSTEMPATH/Boot.php(68): CodeIgniter\Boot::runCodeIgniter()
 7 FCPATH/index.php(31): CodeIgniter\Boot::bootWeb()
CRITICAL - 2026-04-29 12:18:34 --> CodeIgniter\HTTP\Exceptions\BadRequestException: The URI you submitted has disallowed characters: "रुसमा"
[Method: GET, Route: tag/%E0%A4%B0%E0%A5%81%E0%A4%B8%E0%A4%AE%E0%A4%BE/]
in SYSTEMPATH/Router/Router.php on line 768.
 1 SYSTEMPATH/Router/Router.php(219): CodeIgniter\Router\Router->checkDisallowedChars()
 2 SYSTEMPATH/CodeIgniter.php(829): CodeIgniter\Router\Router->handle()
 3 SYSTEMPATH/CodeIgniter.php(441): CodeIgniter\CodeIgniter->tryToRouteIt()
 4 SYSTEMPATH/CodeIgniter.php(340): CodeIgniter\CodeIgniter->handleRequest()
 5 SYSTEMPATH/Boot.php(417): CodeIgniter\CodeIgniter->run()
 6 SYSTEMPATH/Boot.php(68): CodeIgniter\Boot::runCodeIgniter()
 7 FCPATH/index.php(31): CodeIgniter\Boot::bootWeb()
CRITICAL - 2026-04-29 12:19:25 --> CodeIgniter\HTTP\Exceptions\BadRequestException: The URI you submitted has disallowed characters: "महत्व"
[Method: GET, Route: tag/%E0%A4%AE%E0%A4%B9%E0%A4%A4%E0%A5%8D%E0%A4%B5/]
in SYSTEMPATH/Router/Router.php on line 768.
 1 SYSTEMPATH/Router/Router.php(219): CodeIgniter\Router\Router->checkDisallowedChars()
 2 SYSTEMPATH/CodeIgniter.php(829): CodeIgniter\Router\Router->handle()
 3 SYSTEMPATH/CodeIgniter.php(441): CodeIgniter\CodeIgniter->tryToRouteIt()
 4 SYSTEMPATH/CodeIgniter.php(340): CodeIgniter\CodeIgniter->handleRequest()
 5 SYSTEMPATH/Boot.php(417): CodeIgniter\CodeIgniter->run()
 6 SYSTEMPATH/Boot.php(68): CodeIgniter\Boot::runCodeIgniter()
 7 FCPATH/index.php(31): CodeIgniter\Boot::bootWeb()
CRITICAL - 2026-04-29 12:20:19 --> CodeIgniter\HTTP\Exceptions\BadRequestException: The URI you submitted has disallowed characters: "जाँच"
[Method: GET, Route: tag/%E0%A4%9C%E0%A4%BE%E0%A4%81%E0%A4%9A/]
in SYSTEMPATH/Router/Router.php on line 768.
 1 SYSTEMPATH/Router/Router.php(219): CodeIgniter\Router\Router->checkDisallowedChars()
 2 SYSTEMPATH/CodeIgniter.php(829): CodeIgniter\Router\Router->handle()
 3 SYSTEMPATH/CodeIgniter.php(441): CodeIgniter\CodeIgniter->tryToRouteIt()
 4 SYSTEMPATH/CodeIgniter.php(340): CodeIgniter\CodeIgniter->handleRequest()
 5 SYSTEMPATH/Boot.php(417): CodeIgniter\CodeIgniter->run()
 6 SYSTEMPATH/Boot.php(68): CodeIgniter\Boot::runCodeIgniter()
 7 FCPATH/index.php(31): CodeIgniter\Boot::bootWeb()
CRITICAL - 2026-04-29 12:21:16 --> CodeIgniter\HTTP\Exceptions\BadRequestException: The URI you submitted has disallowed characters: "विकासमन्त्री"
[Method: GET, Route: tag/%E0%A4%B5%E0%A4%BF%E0%A4%95%E0%A4%BE%E0%A4%B8%E0%A4%AE%E0%A4%A8%E0%A5%8D%E0%A4%A4%E0%A5%8D%E0%A4%B0%E0%A5%80/]
in SYSTEMPATH/Router/Router.php on line 768.
 1 SYSTEMPATH/Router/Router.php(219): CodeIgniter\Router\Router->checkDisallowedChars()
 2 SYSTEMPATH/CodeIgniter.php(829): CodeIgniter\Router\Router->handle()
 3 SYSTEMPATH/CodeIgniter.php(441): CodeIgniter\CodeIgniter->tryToRouteIt()
 4 SYSTEMPATH/CodeIgniter.php(340): CodeIgniter\CodeIgniter->handleRequest()
 5 SYSTEMPATH/Boot.php(417): CodeIgniter\CodeIgniter->run()
 6 SYSTEMPATH/Boot.php(68): CodeIgniter\Boot::runCodeIgniter()
 7 FCPATH/index.php(31): CodeIgniter\Boot::bootWeb()
CRITICAL - 2026-04-29 12:22:13 --> CodeIgniter\HTTP\Exceptions\BadRequestException: The URI you submitted has disallowed characters: "औषधि"
[Method: GET, Route: tag/%E0%A4%94%E0%A4%B7%E0%A4%A7%E0%A4%BF/]
in SYSTEMPATH/Router/Router.php on line 768.
 1 SYSTEMPATH/Router/Router.php(219): CodeIgniter\Router\Router->checkDisallowedChars()
 2 SYSTEMPATH/CodeIgniter.php(829): CodeIgniter\Router\Router->handle()
 3 SYSTEMPATH/CodeIgniter.php(441): CodeIgniter\CodeIgniter->tryToRouteIt()
 4 SYSTEMPATH/CodeIgniter.php(340): CodeIgniter\CodeIgniter->handleRequest()
 5 SYSTEMPATH/Boot.php(417): CodeIgniter\CodeIgniter->run()
 6 SYSTEMPATH/Boot.php(68): CodeIgniter\Boot::runCodeIgniter()
 7 FCPATH/index.php(31): CodeIgniter\Boot::bootWeb()
CRITICAL - 2026-04-29 12:23:14 --> CodeIgniter\HTTP\Exceptions\BadRequestException: The URI you submitted has disallowed characters: "लकडाउन"
[Method: GET, Route: tag/%E0%A4%B2%E0%A4%95%E0%A4%A1%E0%A4%BE%E0%A4%89%E0%A4%A8/]
in SYSTEMPATH/Router/Router.php on line 768.
 1 SYSTEMPATH/Router/Router.php(219): CodeIgniter\Router\Router->checkDisallowedChars()
 2 SYSTEMPATH/CodeIgniter.php(829): CodeIgniter\Router\Router->handle()
 3 SYSTEMPATH/CodeIgniter.php(441): CodeIgniter\CodeIgniter->tryToRouteIt()
 4 SYSTEMPATH/CodeIgniter.php(340): CodeIgniter\CodeIgniter->handleRequest()
 5 SYSTEMPATH/Boot.php(417): CodeIgniter\CodeIgniter->run()
 6 SYSTEMPATH/Boot.php(68): CodeIgniter\Boot::runCodeIgniter()
 7 FCPATH/index.php(31): CodeIgniter\Boot::bootWeb()
CRITICAL - 2026-04-29 12:24:35 --> CodeIgniter\HTTP\Exceptions\BadRequestException: The URI you submitted has disallowed characters: "आइफोन-१३"
[Method: GET, Route: tag/%E0%A4%86%E0%A4%87%E0%A4%AB%E0%A5%8B%E0%A4%A8-%E0%A5%A7%E0%A5%A9/]
in SYSTEMPATH/Router/Router.php on line 768.
 1 SYSTEMPATH/Router/Router.php(219): CodeIgniter\Router\Router->checkDisallowedChars()
 2 SYSTEMPATH/CodeIgniter.php(829): CodeIgniter\Router\Router->handle()
 3 SYSTEMPATH/CodeIgniter.php(441): CodeIgniter\CodeIgniter->tryToRouteIt()
 4 SYSTEMPATH/CodeIgniter.php(340): CodeIgniter\CodeIgniter->handleRequest()
 5 SYSTEMPATH/Boot.php(417): CodeIgniter\CodeIgniter->run()
 6 SYSTEMPATH/Boot.php(68): CodeIgniter\Boot::runCodeIgniter()
 7 FCPATH/index.php(31): CodeIgniter\Boot::bootWeb()
CRITICAL - 2026-04-29 12:26:05 --> CodeIgniter\HTTP\Exceptions\BadRequestException: The URI you submitted has disallowed characters: "एक"
[Method: GET, Route: tag/%E0%A4%8F%E0%A4%95/]
in SYSTEMPATH/Router/Router.php on line 768.
 1 SYSTEMPATH/Router/Router.php(219): CodeIgniter\Router\Router->checkDisallowedChars()
 2 SYSTEMPATH/CodeIgniter.php(829): CodeIgniter\Router\Router->handle()
 3 SYSTEMPATH/CodeIgniter.php(441): CodeIgniter\CodeIgniter->tryToRouteIt()
 4 SYSTEMPATH/CodeIgniter.php(340): CodeIgniter\CodeIgniter->handleRequest()
 5 SYSTEMPATH/Boot.php(417): CodeIgniter\CodeIgniter->run()
 6 SYSTEMPATH/Boot.php(68): CodeIgniter\Boot::runCodeIgniter()
 7 FCPATH/index.php(31): CodeIgniter\Boot::bootWeb()
CRITICAL - 2026-04-29 12:27:22 --> CodeIgniter\HTTP\Exceptions\BadRequestException: The URI you submitted has disallowed characters: "लेख्ने"
[Method: GET, Route: tag/%E0%A4%B2%E0%A5%87%E0%A4%96%E0%A5%8D%E0%A4%A8%E0%A5%87/]
in SYSTEMPATH/Router/Router.php on line 768.
 1 SYSTEMPATH/Router/Router.php(219): CodeIgniter\Router\Router->checkDisallowedChars()
 2 SYSTEMPATH/CodeIgniter.php(829): CodeIgniter\Router\Router->handle()
 3 SYSTEMPATH/CodeIgniter.php(441): CodeIgniter\CodeIgniter->tryToRouteIt()
 4 SYSTEMPATH/CodeIgniter.php(340): CodeIgniter\CodeIgniter->handleRequest()
 5 SYSTEMPATH/Boot.php(417): CodeIgniter\CodeIgniter->run()
 6 SYSTEMPATH/Boot.php(68): CodeIgniter\Boot::runCodeIgniter()
 7 FCPATH/index.php(31): CodeIgniter\Boot::bootWeb()
CRITICAL - 2026-04-29 12:28:42 --> CodeIgniter\HTTP\Exceptions\BadRequestException: The URI you submitted has disallowed characters: "रामकुमारी"
[Method: GET, Route: tag/%E0%A4%B0%E0%A4%BE%E0%A4%AE%E0%A4%95%E0%A5%81%E0%A4%AE%E0%A4%BE%E0%A4%B0%E0%A5%80/]
in SYSTEMPATH/Router/Router.php on line 768.
 1 SYSTEMPATH/Router/Router.php(219): CodeIgniter\Router\Router->checkDisallowedChars()
 2 SYSTEMPATH/CodeIgniter.php(829): CodeIgniter\Router\Router->handle()
 3 SYSTEMPATH/CodeIgniter.php(441): CodeIgniter\CodeIgniter->tryToRouteIt()
 4 SYSTEMPATH/CodeIgniter.php(340): CodeIgniter\CodeIgniter->handleRequest()
 5 SYSTEMPATH/Boot.php(417): CodeIgniter\CodeIgniter->run()
 6 SYSTEMPATH/Boot.php(68): CodeIgniter\Boot::runCodeIgniter()
 7 FCPATH/index.php(31): CodeIgniter\Boot::bootWeb()
CRITICAL - 2026-04-29 12:30:04 --> CodeIgniter\HTTP\Exceptions\BadRequestException: The URI you submitted has disallowed characters: "असर"
[Method: GET, Route: tag/%E0%A4%85%E0%A4%B8%E0%A4%B0/]
in SYSTEMPATH/Router/Router.php on line 768.
 1 SYSTEMPATH/Router/Router.php(219): CodeIgniter\Router\Router->checkDisallowedChars()
 2 SYSTEMPATH/CodeIgniter.php(829): CodeIgniter\Router\Router->handle()
 3 SYSTEMPATH/CodeIgniter.php(441): CodeIgniter\CodeIgniter->tryToRouteIt()
 4 SYSTEMPATH/CodeIgniter.php(340): CodeIgniter\CodeIgniter->handleRequest()
 5 SYSTEMPATH/Boot.php(417): CodeIgniter\CodeIgniter->run()
 6 SYSTEMPATH/Boot.php(68): CodeIgniter\Boot::runCodeIgniter()
 7 FCPATH/index.php(31): CodeIgniter\Boot::bootWeb()
CRITICAL - 2026-04-29 12:31:44 --> CodeIgniter\HTTP\Exceptions\BadRequestException: The URI you submitted has disallowed characters: "आपत्ति"
[Method: GET, Route: tag/%E0%A4%86%E0%A4%AA%E0%A4%A4%E0%A5%8D%E0%A4%A4%E0%A4%BF/]
in SYSTEMPATH/Router/Router.php on line 768.
 1 SYSTEMPATH/Router/Router.php(219): CodeIgniter\Router\Router->checkDisallowedChars()
 2 SYSTEMPATH/CodeIgniter.php(829): CodeIgniter\Router\Router->handle()
 3 SYSTEMPATH/CodeIgniter.php(441): CodeIgniter\CodeIgniter->tryToRouteIt()
 4 SYSTEMPATH/CodeIgniter.php(340): CodeIgniter\CodeIgniter->handleRequest()
 5 SYSTEMPATH/Boot.php(417): CodeIgniter\CodeIgniter->run()
 6 SYSTEMPATH/Boot.php(68): CodeIgniter\Boot::runCodeIgniter()
 7 FCPATH/index.php(31): CodeIgniter\Boot::bootWeb()
CRITICAL - 2026-04-29 12:33:18 --> CodeIgniter\HTTP\Exceptions\BadRequestException: The URI you submitted has disallowed characters: "स्वास्थ्य-खबरपत्रिका"
[Method: GET, Route: tag/%E0%A4%B8%E0%A5%8D%E0%A4%B5%E0%A4%BE%E0%A4%B8%E0%A5%8D%E0%A4%A5%E0%A5%8D%E0%A4%AF-%E0%A4%96%E0%A4%AC%E0%A4%B0%E0%A4%AA%E0%A4%A4%E0%A5%8D%E0%A4%B0%E0%A4%BF%E0%A4%95%E0%A4%BE/]
in SYSTEMPATH/Router/Router.php on line 768.
 1 SYSTEMPATH/Router/Router.php(219): CodeIgniter\Router\Router->checkDisallowedChars()
 2 SYSTEMPATH/CodeIgniter.php(829): CodeIgniter\Router\Router->handle()
 3 SYSTEMPATH/CodeIgniter.php(441): CodeIgniter\CodeIgniter->tryToRouteIt()
 4 SYSTEMPATH/CodeIgniter.php(340): CodeIgniter\CodeIgniter->handleRequest()
 5 SYSTEMPATH/Boot.php(417): CodeIgniter\CodeIgniter->run()
 6 SYSTEMPATH/Boot.php(68): CodeIgniter\Boot::runCodeIgniter()
 7 FCPATH/index.php(31): CodeIgniter\Boot::bootWeb()
CRITICAL - 2026-04-29 12:34:46 --> CodeIgniter\HTTP\Exceptions\BadRequestException: The URI you submitted has disallowed characters: "पर्ने"
[Method: GET, Route: tag/%E0%A4%AA%E0%A4%B0%E0%A5%8D%E0%A4%A8%E0%A5%87/]
in SYSTEMPATH/Router/Router.php on line 768.
 1 SYSTEMPATH/Router/Router.php(219): CodeIgniter\Router\Router->checkDisallowedChars()
 2 SYSTEMPATH/CodeIgniter.php(829): CodeIgniter\Router\Router->handle()
 3 SYSTEMPATH/CodeIgniter.php(441): CodeIgniter\CodeIgniter->tryToRouteIt()
 4 SYSTEMPATH/CodeIgniter.php(340): CodeIgniter\CodeIgniter->handleRequest()
 5 SYSTEMPATH/Boot.php(417): CodeIgniter\CodeIgniter->run()
 6 SYSTEMPATH/Boot.php(68): CodeIgniter\Boot::runCodeIgniter()
 7 FCPATH/index.php(31): CodeIgniter\Boot::bootWeb()
CRITICAL - 2026-04-29 12:35:55 --> CodeIgniter\HTTP\Exceptions\BadRequestException: The URI you submitted has disallowed characters: "केन्द्र"
[Method: GET, Route: tag/%E0%A4%95%E0%A5%87%E0%A4%A8%E0%A5%8D%E0%A4%A6%E0%A5%8D%E0%A4%B0/]
in SYSTEMPATH/Router/Router.php on line 768.
 1 SYSTEMPATH/Router/Router.php(219): CodeIgniter\Router\Router->checkDisallowedChars()
 2 SYSTEMPATH/CodeIgniter.php(829): CodeIgniter\Router\Router->handle()
 3 SYSTEMPATH/CodeIgniter.php(441): CodeIgniter\CodeIgniter->tryToRouteIt()
 4 SYSTEMPATH/CodeIgniter.php(340): CodeIgniter\CodeIgniter->handleRequest()
 5 SYSTEMPATH/Boot.php(417): CodeIgniter\CodeIgniter->run()
 6 SYSTEMPATH/Boot.php(68): CodeIgniter\Boot::runCodeIgniter()
 7 FCPATH/index.php(31): CodeIgniter\Boot::bootWeb()
CRITICAL - 2026-04-29 12:36:59 --> CodeIgniter\HTTP\Exceptions\BadRequestException: The URI you submitted has disallowed characters: "फोटो"
[Method: GET, Route: tag/%E0%A4%AB%E0%A5%8B%E0%A4%9F%E0%A5%8B/]
in SYSTEMPATH/Router/Router.php on line 768.
 1 SYSTEMPATH/Router/Router.php(219): CodeIgniter\Router\Router->checkDisallowedChars()
 2 SYSTEMPATH/CodeIgniter.php(829): CodeIgniter\Router\Router->handle()
 3 SYSTEMPATH/CodeIgniter.php(441): CodeIgniter\CodeIgniter->tryToRouteIt()
 4 SYSTEMPATH/CodeIgniter.php(340): CodeIgniter\CodeIgniter->handleRequest()
 5 SYSTEMPATH/Boot.php(417): CodeIgniter\CodeIgniter->run()
 6 SYSTEMPATH/Boot.php(68): CodeIgniter\Boot::runCodeIgniter()
 7 FCPATH/index.php(31): CodeIgniter\Boot::bootWeb()
CRITICAL - 2026-04-29 12:45:45 --> CodeIgniter\HTTP\Exceptions\BadRequestException: The URI you submitted has disallowed characters: "अपराध"
[Method: GET, Route: category/%E0%A4%85%E0%A4%AA%E0%A4%B0%E0%A4%BE%E0%A4%A7/page/3/]
in SYSTEMPATH/Router/Router.php on line 768.
 1 SYSTEMPATH/Router/Router.php(219): CodeIgniter\Router\Router->checkDisallowedChars()
 2 SYSTEMPATH/CodeIgniter.php(829): CodeIgniter\Router\Router->handle()
 3 SYSTEMPATH/CodeIgniter.php(441): CodeIgniter\CodeIgniter->tryToRouteIt()
 4 SYSTEMPATH/CodeIgniter.php(340): CodeIgniter\CodeIgniter->handleRequest()
 5 SYSTEMPATH/Boot.php(417): CodeIgniter\CodeIgniter->run()
 6 SYSTEMPATH/Boot.php(68): CodeIgniter\Boot::runCodeIgniter()
 7 FCPATH/index.php(31): CodeIgniter\Boot::bootWeb()
CRITICAL - 2026-04-29 13:19:20 --> CodeIgniter\HTTP\Exceptions\BadRequestException: The URI you submitted has disallowed characters: "पत्रपत्रिका"
[Method: GET, Route: category/%E0%A4%AA%E0%A4%A4%E0%A5%8D%E0%A4%B0%E0%A4%AA%E0%A4%A4%E0%A5%8D%E0%A4%B0%E0%A4%BF%E0%A4%95%E0%A4%BE/page/2/]
in SYSTEMPATH/Router/Router.php on line 768.
 1 SYSTEMPATH/Router/Router.php(219): CodeIgniter\Router\Router->checkDisallowedChars()
 2 SYSTEMPATH/CodeIgniter.php(829): CodeIgniter\Router\Router->handle()
 3 SYSTEMPATH/CodeIgniter.php(441): CodeIgniter\CodeIgniter->tryToRouteIt()
 4 SYSTEMPATH/CodeIgniter.php(340): CodeIgniter\CodeIgniter->handleRequest()
 5 SYSTEMPATH/Boot.php(417): CodeIgniter\CodeIgniter->run()
 6 SYSTEMPATH/Boot.php(68): CodeIgniter\Boot::runCodeIgniter()
 7 FCPATH/index.php(31): CodeIgniter\Boot::bootWeb()
CRITICAL - 2026-04-29 13:34:54 --> CodeIgniter\HTTP\Exceptions\BadRequestException: The URI you submitted has disallowed characters: "समाचार"
[Method: GET, Route: category/%E0%A4%B8%E0%A4%AE%E0%A4%BE%E0%A4%9A%E0%A4%BE%E0%A4%B0/page/2/]
in SYSTEMPATH/Router/Router.php on line 768.
 1 SYSTEMPATH/Router/Router.php(219): CodeIgniter\Router\Router->checkDisallowedChars()
 2 SYSTEMPATH/CodeIgniter.php(829): CodeIgniter\Router\Router->handle()
 3 SYSTEMPATH/CodeIgniter.php(441): CodeIgniter\CodeIgniter->tryToRouteIt()
 4 SYSTEMPATH/CodeIgniter.php(340): CodeIgniter\CodeIgniter->handleRequest()
 5 SYSTEMPATH/Boot.php(417): CodeIgniter\CodeIgniter->run()
 6 SYSTEMPATH/Boot.php(68): CodeIgniter\Boot::runCodeIgniter()
 7 FCPATH/index.php(31): CodeIgniter\Boot::bootWeb()
CRITICAL - 2026-04-29 13:35:03 --> CodeIgniter\HTTP\Exceptions\BadRequestException: The URI you submitted has disallowed characters: "प्रदेश-५"
[Method: GET, Route: category/%E0%A4%AA%E0%A5%8D%E0%A4%B0%E0%A4%A6%E0%A5%87%E0%A4%B6-%E0%A5%AB/]
in SYSTEMPATH/Router/Router.php on line 768.
 1 SYSTEMPATH/Router/Router.php(219): CodeIgniter\Router\Router->checkDisallowedChars()
 2 SYSTEMPATH/CodeIgniter.php(829): CodeIgniter\Router\Router->handle()
 3 SYSTEMPATH/CodeIgniter.php(441): CodeIgniter\CodeIgniter->tryToRouteIt()
 4 SYSTEMPATH/CodeIgniter.php(340): CodeIgniter\CodeIgniter->handleRequest()
 5 SYSTEMPATH/Boot.php(417): CodeIgniter\CodeIgniter->run()
 6 SYSTEMPATH/Boot.php(68): CodeIgniter\Boot::runCodeIgniter()
 7 FCPATH/index.php(31): CodeIgniter\Boot::bootWeb()
CRITICAL - 2026-04-29 13:53:35 --> CodeIgniter\HTTP\Exceptions\BadRequestException: The URI you submitted has disallowed characters: "राजनीति"
[Method: GET, Route: 4618/2021/12/%E0%A4%B0%E0%A4%BE%E0%A4%9C%E0%A4%A8%E0%A5%80%E0%A4%A4%E0%A4%BF/]
in SYSTEMPATH/Router/Router.php on line 768.
 1 SYSTEMPATH/Router/Router.php(219): CodeIgniter\Router\Router->checkDisallowedChars()
 2 SYSTEMPATH/CodeIgniter.php(829): CodeIgniter\Router\Router->handle()
 3 SYSTEMPATH/CodeIgniter.php(441): CodeIgniter\CodeIgniter->tryToRouteIt()
 4 SYSTEMPATH/CodeIgniter.php(340): CodeIgniter\CodeIgniter->handleRequest()
 5 SYSTEMPATH/Boot.php(417): CodeIgniter\CodeIgniter->run()
 6 SYSTEMPATH/Boot.php(68): CodeIgniter\Boot::runCodeIgniter()
 7 FCPATH/index.php(31): CodeIgniter\Boot::bootWeb()
CRITICAL - 2026-04-29 13:59:32 --> CodeIgniter\HTTP\Exceptions\BadRequestException: The URI you submitted has disallowed characters: "प्रदेश-१"
[Method: GET, Route: category/%E0%A4%AA%E0%A5%8D%E0%A4%B0%E0%A4%A6%E0%A5%87%E0%A4%B6-%E0%A5%A7/page/3/]
in SYSTEMPATH/Router/Router.php on line 768.
 1 SYSTEMPATH/Router/Router.php(219): CodeIgniter\Router\Router->checkDisallowedChars()
 2 SYSTEMPATH/CodeIgniter.php(829): CodeIgniter\Router\Router->handle()
 3 SYSTEMPATH/CodeIgniter.php(441): CodeIgniter\CodeIgniter->tryToRouteIt()
 4 SYSTEMPATH/CodeIgniter.php(340): CodeIgniter\CodeIgniter->handleRequest()
 5 SYSTEMPATH/Boot.php(417): CodeIgniter\CodeIgniter->run()
 6 SYSTEMPATH/Boot.php(68): CodeIgniter\Boot::runCodeIgniter()
 7 FCPATH/index.php(31): CodeIgniter\Boot::bootWeb()
CRITICAL - 2026-04-29 14:02:10 --> CodeIgniter\HTTP\Exceptions\BadRequestException: The URI you submitted has disallowed characters: "प्रदेश-५"
[Method: GET, Route: category/%E0%A4%AA%E0%A5%8D%E0%A4%B0%E0%A4%A6%E0%A5%87%E0%A4%B6-%E0%A5%AB/]
in SYSTEMPATH/Router/Router.php on line 768.
 1 SYSTEMPATH/Router/Router.php(219): CodeIgniter\Router\Router->checkDisallowedChars()
 2 SYSTEMPATH/CodeIgniter.php(829): CodeIgniter\Router\Router->handle()
 3 SYSTEMPATH/CodeIgniter.php(441): CodeIgniter\CodeIgniter->tryToRouteIt()
 4 SYSTEMPATH/CodeIgniter.php(340): CodeIgniter\CodeIgniter->handleRequest()
 5 SYSTEMPATH/Boot.php(417): CodeIgniter\CodeIgniter->run()
 6 SYSTEMPATH/Boot.php(68): CodeIgniter\Boot::runCodeIgniter()
 7 FCPATH/index.php(31): CodeIgniter\Boot::bootWeb()
CRITICAL - 2026-04-29 14:11:42 --> CodeIgniter\HTTP\Exceptions\BadRequestException: The URI you submitted has disallowed characters: "प्रमुख-समाचार"
[Method: GET, Route: category/%E0%A4%AA%E0%A5%8D%E0%A4%B0%E0%A4%AE%E0%A5%81%E0%A4%96-%E0%A4%B8%E0%A4%AE%E0%A4%BE%E0%A4%9A%E0%A4%BE%E0%A4%B0/page/4/]
in SYSTEMPATH/Router/Router.php on line 768.
 1 SYSTEMPATH/Router/Router.php(219): CodeIgniter\Router\Router->checkDisallowedChars()
 2 SYSTEMPATH/CodeIgniter.php(829): CodeIgniter\Router\Router->handle()
 3 SYSTEMPATH/CodeIgniter.php(441): CodeIgniter\CodeIgniter->tryToRouteIt()
 4 SYSTEMPATH/CodeIgniter.php(340): CodeIgniter\CodeIgniter->handleRequest()
 5 SYSTEMPATH/Boot.php(417): CodeIgniter\CodeIgniter->run()
 6 SYSTEMPATH/Boot.php(68): CodeIgniter\Boot::runCodeIgniter()
 7 FCPATH/index.php(31): CodeIgniter\Boot::bootWeb()
CRITICAL - 2026-04-29 14:34:32 --> CodeIgniter\HTTP\Exceptions\BadRequestException: The URI you submitted has disallowed characters: "निर्माणका"
[Method: GET, Route: tag/%E0%A4%A8%E0%A4%BF%E0%A4%B0%E0%A5%8D%E0%A4%AE%E0%A4%BE%E0%A4%A3%E0%A4%95%E0%A4%BE/feed/]
in SYSTEMPATH/Router/Router.php on line 768.
 1 SYSTEMPATH/Router/Router.php(219): CodeIgniter\Router\Router->checkDisallowedChars()
 2 SYSTEMPATH/CodeIgniter.php(829): CodeIgniter\Router\Router->handle()
 3 SYSTEMPATH/CodeIgniter.php(441): CodeIgniter\CodeIgniter->tryToRouteIt()
 4 SYSTEMPATH/CodeIgniter.php(340): CodeIgniter\CodeIgniter->handleRequest()
 5 SYSTEMPATH/Boot.php(417): CodeIgniter\CodeIgniter->run()
 6 SYSTEMPATH/Boot.php(68): CodeIgniter\Boot::runCodeIgniter()
 7 FCPATH/index.php(31): CodeIgniter\Boot::bootWeb()
CRITICAL - 2026-04-29 14:41:04 --> CodeIgniter\HTTP\Exceptions\BadRequestException: The URI you submitted has disallowed characters: "संक्रमण"
[Method: GET, Route: tag/%E0%A4%B8%E0%A4%82%E0%A4%95%E0%A5%8D%E0%A4%B0%E0%A4%AE%E0%A4%A3/feed/]
in SYSTEMPATH/Router/Router.php on line 768.
 1 SYSTEMPATH/Router/Router.php(219): CodeIgniter\Router\Router->checkDisallowedChars()
 2 SYSTEMPATH/CodeIgniter.php(829): CodeIgniter\Router\Router->handle()
 3 SYSTEMPATH/CodeIgniter.php(441): CodeIgniter\CodeIgniter->tryToRouteIt()
 4 SYSTEMPATH/CodeIgniter.php(340): CodeIgniter\CodeIgniter->handleRequest()
 5 SYSTEMPATH/Boot.php(417): CodeIgniter\CodeIgniter->run()
 6 SYSTEMPATH/Boot.php(68): CodeIgniter\Boot::runCodeIgniter()
 7 FCPATH/index.php(31): CodeIgniter\Boot::bootWeb()
CRITICAL - 2026-04-29 14:46:13 --> CodeIgniter\HTTP\Exceptions\BadRequestException: The URI you submitted has disallowed characters: "रुसमा"
[Method: GET, Route: tag/%E0%A4%B0%E0%A5%81%E0%A4%B8%E0%A4%AE%E0%A4%BE/feed/]
in SYSTEMPATH/Router/Router.php on line 768.
 1 SYSTEMPATH/Router/Router.php(219): CodeIgniter\Router\Router->checkDisallowedChars()
 2 SYSTEMPATH/CodeIgniter.php(829): CodeIgniter\Router\Router->handle()
 3 SYSTEMPATH/CodeIgniter.php(441): CodeIgniter\CodeIgniter->tryToRouteIt()
 4 SYSTEMPATH/CodeIgniter.php(340): CodeIgniter\CodeIgniter->handleRequest()
 5 SYSTEMPATH/Boot.php(417): CodeIgniter\CodeIgniter->run()
 6 SYSTEMPATH/Boot.php(68): CodeIgniter\Boot::runCodeIgniter()
 7 FCPATH/index.php(31): CodeIgniter\Boot::bootWeb()
CRITICAL - 2026-04-29 15:06:50 --> CodeIgniter\HTTP\Exceptions\BadRequestException: The URI you submitted has disallowed characters: "आपत्ति"
[Method: GET, Route: tag/%E0%A4%86%E0%A4%AA%E0%A4%A4%E0%A5%8D%E0%A4%A4%E0%A4%BF/feed/]
in SYSTEMPATH/Router/Router.php on line 768.
 1 SYSTEMPATH/Router/Router.php(219): CodeIgniter\Router\Router->checkDisallowedChars()
 2 SYSTEMPATH/CodeIgniter.php(829): CodeIgniter\Router\Router->handle()
 3 SYSTEMPATH/CodeIgniter.php(441): CodeIgniter\CodeIgniter->tryToRouteIt()
 4 SYSTEMPATH/CodeIgniter.php(340): CodeIgniter\CodeIgniter->handleRequest()
 5 SYSTEMPATH/Boot.php(417): CodeIgniter\CodeIgniter->run()
 6 SYSTEMPATH/Boot.php(68): CodeIgniter\Boot::runCodeIgniter()
 7 FCPATH/index.php(31): CodeIgniter\Boot::bootWeb()
CRITICAL - 2026-04-29 15:09:52 --> CodeIgniter\HTTP\Exceptions\BadRequestException: The URI you submitted has disallowed characters: "प्रदेश-३"
[Method: GET, Route: category/%E0%A4%AA%E0%A5%8D%E0%A4%B0%E0%A4%A6%E0%A5%87%E0%A4%B6-%E0%A5%A9/page/3/]
in SYSTEMPATH/Router/Router.php on line 768.
 1 SYSTEMPATH/Router/Router.php(219): CodeIgniter\Router\Router->checkDisallowedChars()
 2 SYSTEMPATH/CodeIgniter.php(829): CodeIgniter\Router\Router->handle()
 3 SYSTEMPATH/CodeIgniter.php(441): CodeIgniter\CodeIgniter->tryToRouteIt()
 4 SYSTEMPATH/CodeIgniter.php(340): CodeIgniter\CodeIgniter->handleRequest()
 5 SYSTEMPATH/Boot.php(417): CodeIgniter\CodeIgniter->run()
 6 SYSTEMPATH/Boot.php(68): CodeIgniter\Boot::runCodeIgniter()
 7 FCPATH/index.php(31): CodeIgniter\Boot::bootWeb()
CRITICAL - 2026-04-29 15:19:31 --> CodeIgniter\HTTP\Exceptions\BadRequestException: The URI you submitted has disallowed characters: "प्रदेश-४"
[Method: GET, Route: category/%E0%A4%AA%E0%A5%8D%E0%A4%B0%E0%A4%A6%E0%A5%87%E0%A4%B6-%E0%A5%AA/page/2/]
in SYSTEMPATH/Router/Router.php on line 768.
 1 SYSTEMPATH/Router/Router.php(219): CodeIgniter\Router\Router->checkDisallowedChars()
 2 SYSTEMPATH/CodeIgniter.php(829): CodeIgniter\Router\Router->handle()
 3 SYSTEMPATH/CodeIgniter.php(441): CodeIgniter\CodeIgniter->tryToRouteIt()
 4 SYSTEMPATH/CodeIgniter.php(340): CodeIgniter\CodeIgniter->handleRequest()
 5 SYSTEMPATH/Boot.php(417): CodeIgniter\CodeIgniter->run()
 6 SYSTEMPATH/Boot.php(68): CodeIgniter\Boot::runCodeIgniter()
 7 FCPATH/index.php(31): CodeIgniter\Boot::bootWeb()
CRITICAL - 2026-04-29 15:24:41 --> CodeIgniter\HTTP\Exceptions\BadRequestException: The URI you submitted has disallowed characters: "प्रमुख-समाचार"
[Method: GET, Route: category/%E0%A4%AA%E0%A5%8D%E0%A4%B0%E0%A4%AE%E0%A5%81%E0%A4%96-%E0%A4%B8%E0%A4%AE%E0%A4%BE%E0%A4%9A%E0%A4%BE%E0%A4%B0/page/2/]
in SYSTEMPATH/Router/Router.php on line 768.
 1 SYSTEMPATH/Router/Router.php(219): CodeIgniter\Router\Router->checkDisallowedChars()
 2 SYSTEMPATH/CodeIgniter.php(829): CodeIgniter\Router\Router->handle()
 3 SYSTEMPATH/CodeIgniter.php(441): CodeIgniter\CodeIgniter->tryToRouteIt()
 4 SYSTEMPATH/CodeIgniter.php(340): CodeIgniter\CodeIgniter->handleRequest()
 5 SYSTEMPATH/Boot.php(417): CodeIgniter\CodeIgniter->run()
 6 SYSTEMPATH/Boot.php(68): CodeIgniter\Boot::runCodeIgniter()
 7 FCPATH/index.php(31): CodeIgniter\Boot::bootWeb()
CRITICAL - 2026-04-29 15:34:26 --> CodeIgniter\HTTP\Exceptions\BadRequestException: The URI you submitted has disallowed characters: "अपराध"
[Method: GET, Route: category/%E0%A4%85%E0%A4%AA%E0%A4%B0%E0%A4%BE%E0%A4%A7/page/9/]
in SYSTEMPATH/Router/Router.php on line 768.
 1 SYSTEMPATH/Router/Router.php(219): CodeIgniter\Router\Router->checkDisallowedChars()
 2 SYSTEMPATH/CodeIgniter.php(829): CodeIgniter\Router\Router->handle()
 3 SYSTEMPATH/CodeIgniter.php(441): CodeIgniter\CodeIgniter->tryToRouteIt()
 4 SYSTEMPATH/CodeIgniter.php(340): CodeIgniter\CodeIgniter->handleRequest()
 5 SYSTEMPATH/Boot.php(417): CodeIgniter\CodeIgniter->run()
 6 SYSTEMPATH/Boot.php(68): CodeIgniter\Boot::runCodeIgniter()
 7 FCPATH/index.php(31): CodeIgniter\Boot::bootWeb()
CRITICAL - 2026-04-29 15:39:15 --> CodeIgniter\HTTP\Exceptions\BadRequestException: The URI you submitted has disallowed characters: "पत्रपत्रिका"
[Method: GET, Route: category/%E0%A4%AA%E0%A4%A4%E0%A5%8D%E0%A4%B0%E0%A4%AA%E0%A4%A4%E0%A5%8D%E0%A4%B0%E0%A4%BF%E0%A4%95%E0%A4%BE/page/10/]
in SYSTEMPATH/Router/Router.php on line 768.
 1 SYSTEMPATH/Router/Router.php(219): CodeIgniter\Router\Router->checkDisallowedChars()
 2 SYSTEMPATH/CodeIgniter.php(829): CodeIgniter\Router\Router->handle()
 3 SYSTEMPATH/CodeIgniter.php(441): CodeIgniter\CodeIgniter->tryToRouteIt()
 4 SYSTEMPATH/CodeIgniter.php(340): CodeIgniter\CodeIgniter->handleRequest()
 5 SYSTEMPATH/Boot.php(417): CodeIgniter\CodeIgniter->run()
 6 SYSTEMPATH/Boot.php(68): CodeIgniter\Boot::runCodeIgniter()
 7 FCPATH/index.php(31): CodeIgniter\Boot::bootWeb()
CRITICAL - 2026-04-29 15:47:16 --> CodeIgniter\HTTP\Exceptions\BadRequestException: The URI you submitted has disallowed characters: "मनोरञ्जन"
[Method: GET, Route: category/%E0%A4%AE%E0%A4%A8%E0%A5%8B%E0%A4%B0%E0%A4%9E%E0%A5%8D%E0%A4%9C%E0%A4%A8/page/9/]
in SYSTEMPATH/Router/Router.php on line 768.
 1 SYSTEMPATH/Router/Router.php(219): CodeIgniter\Router\Router->checkDisallowedChars()
 2 SYSTEMPATH/CodeIgniter.php(829): CodeIgniter\Router\Router->handle()
 3 SYSTEMPATH/CodeIgniter.php(441): CodeIgniter\CodeIgniter->tryToRouteIt()
 4 SYSTEMPATH/CodeIgniter.php(340): CodeIgniter\CodeIgniter->handleRequest()
 5 SYSTEMPATH/Boot.php(417): CodeIgniter\CodeIgniter->run()
 6 SYSTEMPATH/Boot.php(68): CodeIgniter\Boot::runCodeIgniter()
 7 FCPATH/index.php(31): CodeIgniter\Boot::bootWeb()
CRITICAL - 2026-04-29 16:00:33 --> CodeIgniter\HTTP\Exceptions\BadRequestException: The URI you submitted has disallowed characters: "खेलकुद"
[Method: GET, Route: category/%E0%A4%96%E0%A5%87%E0%A4%B2%E0%A4%95%E0%A5%81%E0%A4%A6/]
in SYSTEMPATH/Router/Router.php on line 768.
 1 SYSTEMPATH/Router/Router.php(219): CodeIgniter\Router\Router->checkDisallowedChars()
 2 SYSTEMPATH/CodeIgniter.php(829): CodeIgniter\Router\Router->handle()
 3 SYSTEMPATH/CodeIgniter.php(441): CodeIgniter\CodeIgniter->tryToRouteIt()
 4 SYSTEMPATH/CodeIgniter.php(340): CodeIgniter\CodeIgniter->handleRequest()
 5 SYSTEMPATH/Boot.php(417): CodeIgniter\CodeIgniter->run()
 6 SYSTEMPATH/Boot.php(68): CodeIgniter\Boot::runCodeIgniter()
 7 FCPATH/index.php(31): CodeIgniter\Boot::bootWeb()
CRITICAL - 2026-04-29 16:15:13 --> CodeIgniter\HTTP\Exceptions\BadRequestException: The URI you submitted has disallowed characters: "पत्रपत्रिका"
[Method: GET, Route: category/%E0%A4%AA%E0%A4%A4%E0%A5%8D%E0%A4%B0%E0%A4%AA%E0%A4%A4%E0%A5%8D%E0%A4%B0%E0%A4%BF%E0%A4%95%E0%A4%BE/feed/]
in SYSTEMPATH/Router/Router.php on line 768.
 1 SYSTEMPATH/Router/Router.php(219): CodeIgniter\Router\Router->checkDisallowedChars()
 2 SYSTEMPATH/CodeIgniter.php(829): CodeIgniter\Router\Router->handle()
 3 SYSTEMPATH/CodeIgniter.php(441): CodeIgniter\CodeIgniter->tryToRouteIt()
 4 SYSTEMPATH/CodeIgniter.php(340): CodeIgniter\CodeIgniter->handleRequest()
 5 SYSTEMPATH/Boot.php(417): CodeIgniter\CodeIgniter->run()
 6 SYSTEMPATH/Boot.php(68): CodeIgniter\Boot::runCodeIgniter()
 7 FCPATH/index.php(31): CodeIgniter\Boot::bootWeb()
CRITICAL - 2026-04-29 16:15:17 --> CodeIgniter\HTTP\Exceptions\BadRequestException: The URI you submitted has disallowed characters: "प्रदेश-१"
[Method: GET, Route: category/%E0%A4%AA%E0%A5%8D%E0%A4%B0%E0%A4%A6%E0%A5%87%E0%A4%B6-%E0%A5%A7/feed/]
in SYSTEMPATH/Router/Router.php on line 768.
 1 SYSTEMPATH/Router/Router.php(219): CodeIgniter\Router\Router->checkDisallowedChars()
 2 SYSTEMPATH/CodeIgniter.php(829): CodeIgniter\Router\Router->handle()
 3 SYSTEMPATH/CodeIgniter.php(441): CodeIgniter\CodeIgniter->tryToRouteIt()
 4 SYSTEMPATH/CodeIgniter.php(340): CodeIgniter\CodeIgniter->handleRequest()
 5 SYSTEMPATH/Boot.php(417): CodeIgniter\CodeIgniter->run()
 6 SYSTEMPATH/Boot.php(68): CodeIgniter\Boot::runCodeIgniter()
 7 FCPATH/index.php(31): CodeIgniter\Boot::bootWeb()
CRITICAL - 2026-04-29 16:15:21 --> CodeIgniter\HTTP\Exceptions\BadRequestException: The URI you submitted has disallowed characters: "प्रदेश-२"
[Method: GET, Route: category/%E0%A4%AA%E0%A5%8D%E0%A4%B0%E0%A4%A6%E0%A5%87%E0%A4%B6-%E0%A5%A8/feed/]
in SYSTEMPATH/Router/Router.php on line 768.
 1 SYSTEMPATH/Router/Router.php(219): CodeIgniter\Router\Router->checkDisallowedChars()
 2 SYSTEMPATH/CodeIgniter.php(829): CodeIgniter\Router\Router->handle()
 3 SYSTEMPATH/CodeIgniter.php(441): CodeIgniter\CodeIgniter->tryToRouteIt()
 4 SYSTEMPATH/CodeIgniter.php(340): CodeIgniter\CodeIgniter->handleRequest()
 5 SYSTEMPATH/Boot.php(417): CodeIgniter\CodeIgniter->run()
 6 SYSTEMPATH/Boot.php(68): CodeIgniter\Boot::runCodeIgniter()
 7 FCPATH/index.php(31): CodeIgniter\Boot::bootWeb()
CRITICAL - 2026-04-29 16:15:25 --> CodeIgniter\HTTP\Exceptions\BadRequestException: The URI you submitted has disallowed characters: "प्रदेश-३"
[Method: GET, Route: category/%E0%A4%AA%E0%A5%8D%E0%A4%B0%E0%A4%A6%E0%A5%87%E0%A4%B6-%E0%A5%A9/feed/]
in SYSTEMPATH/Router/Router.php on line 768.
 1 SYSTEMPATH/Router/Router.php(219): CodeIgniter\Router\Router->checkDisallowedChars()
 2 SYSTEMPATH/CodeIgniter.php(829): CodeIgniter\Router\Router->handle()
 3 SYSTEMPATH/CodeIgniter.php(441): CodeIgniter\CodeIgniter->tryToRouteIt()
 4 SYSTEMPATH/CodeIgniter.php(340): CodeIgniter\CodeIgniter->handleRequest()
 5 SYSTEMPATH/Boot.php(417): CodeIgniter\CodeIgniter->run()
 6 SYSTEMPATH/Boot.php(68): CodeIgniter\Boot::runCodeIgniter()
 7 FCPATH/index.php(31): CodeIgniter\Boot::bootWeb()
CRITICAL - 2026-04-29 16:15:29 --> CodeIgniter\HTTP\Exceptions\BadRequestException: The URI you submitted has disallowed characters: "प्रदेश-४"
[Method: GET, Route: category/%E0%A4%AA%E0%A5%8D%E0%A4%B0%E0%A4%A6%E0%A5%87%E0%A4%B6-%E0%A5%AA/feed/]
in SYSTEMPATH/Router/Router.php on line 768.
 1 SYSTEMPATH/Router/Router.php(219): CodeIgniter\Router\Router->checkDisallowedChars()
 2 SYSTEMPATH/CodeIgniter.php(829): CodeIgniter\Router\Router->handle()
 3 SYSTEMPATH/CodeIgniter.php(441): CodeIgniter\CodeIgniter->tryToRouteIt()
 4 SYSTEMPATH/CodeIgniter.php(340): CodeIgniter\CodeIgniter->handleRequest()
 5 SYSTEMPATH/Boot.php(417): CodeIgniter\CodeIgniter->run()
 6 SYSTEMPATH/Boot.php(68): CodeIgniter\Boot::runCodeIgniter()
 7 FCPATH/index.php(31): CodeIgniter\Boot::bootWeb()
CRITICAL - 2026-04-29 16:15:33 --> CodeIgniter\HTTP\Exceptions\BadRequestException: The URI you submitted has disallowed characters: "प्रदेश-५"
[Method: GET, Route: category/%E0%A4%AA%E0%A5%8D%E0%A4%B0%E0%A4%A6%E0%A5%87%E0%A4%B6-%E0%A5%AB/feed/]
in SYSTEMPATH/Router/Router.php on line 768.
 1 SYSTEMPATH/Router/Router.php(219): CodeIgniter\Router\Router->checkDisallowedChars()
 2 SYSTEMPATH/CodeIgniter.php(829): CodeIgniter\Router\Router->handle()
 3 SYSTEMPATH/CodeIgniter.php(441): CodeIgniter\CodeIgniter->tryToRouteIt()
 4 SYSTEMPATH/CodeIgniter.php(340): CodeIgniter\CodeIgniter->handleRequest()
 5 SYSTEMPATH/Boot.php(417): CodeIgniter\CodeIgniter->run()
 6 SYSTEMPATH/Boot.php(68): CodeIgniter\Boot::runCodeIgniter()
 7 FCPATH/index.php(31): CodeIgniter\Boot::bootWeb()
CRITICAL - 2026-04-29 16:15:37 --> CodeIgniter\HTTP\Exceptions\BadRequestException: The URI you submitted has disallowed characters: "प्रदेश-६"
[Method: GET, Route: category/%E0%A4%AA%E0%A5%8D%E0%A4%B0%E0%A4%A6%E0%A5%87%E0%A4%B6-%E0%A5%AC/feed/]
in SYSTEMPATH/Router/Router.php on line 768.
 1 SYSTEMPATH/Router/Router.php(219): CodeIgniter\Router\Router->checkDisallowedChars()
 2 SYSTEMPATH/CodeIgniter.php(829): CodeIgniter\Router\Router->handle()
 3 SYSTEMPATH/CodeIgniter.php(441): CodeIgniter\CodeIgniter->tryToRouteIt()
 4 SYSTEMPATH/CodeIgniter.php(340): CodeIgniter\CodeIgniter->handleRequest()
 5 SYSTEMPATH/Boot.php(417): CodeIgniter\CodeIgniter->run()
 6 SYSTEMPATH/Boot.php(68): CodeIgniter\Boot::runCodeIgniter()
 7 FCPATH/index.php(31): CodeIgniter\Boot::bootWeb()
CRITICAL - 2026-04-29 16:15:41 --> CodeIgniter\HTTP\Exceptions\BadRequestException: The URI you submitted has disallowed characters: "प्रदेश-७"
[Method: GET, Route: category/%E0%A4%AA%E0%A5%8D%E0%A4%B0%E0%A4%A6%E0%A5%87%E0%A4%B6-%E0%A5%AD/feed/]
in SYSTEMPATH/Router/Router.php on line 768.
 1 SYSTEMPATH/Router/Router.php(219): CodeIgniter\Router\Router->checkDisallowedChars()
 2 SYSTEMPATH/CodeIgniter.php(829): CodeIgniter\Router\Router->handle()
 3 SYSTEMPATH/CodeIgniter.php(441): CodeIgniter\CodeIgniter->tryToRouteIt()
 4 SYSTEMPATH/CodeIgniter.php(340): CodeIgniter\CodeIgniter->handleRequest()
 5 SYSTEMPATH/Boot.php(417): CodeIgniter\CodeIgniter->run()
 6 SYSTEMPATH/Boot.php(68): CodeIgniter\Boot::runCodeIgniter()
 7 FCPATH/index.php(31): CodeIgniter\Boot::bootWeb()
CRITICAL - 2026-04-29 16:15:51 --> CodeIgniter\HTTP\Exceptions\BadRequestException: The URI you submitted has disallowed characters: "प्रमुख-समाचार"
[Method: GET, Route: category/%E0%A4%AA%E0%A5%8D%E0%A4%B0%E0%A4%AE%E0%A5%81%E0%A4%96-%E0%A4%B8%E0%A4%AE%E0%A4%BE%E0%A4%9A%E0%A4%BE%E0%A4%B0/feed/]
in SYSTEMPATH/Router/Router.php on line 768.
 1 SYSTEMPATH/Router/Router.php(219): CodeIgniter\Router\Router->checkDisallowedChars()
 2 SYSTEMPATH/CodeIgniter.php(829): CodeIgniter\Router\Router->handle()
 3 SYSTEMPATH/CodeIgniter.php(441): CodeIgniter\CodeIgniter->tryToRouteIt()
 4 SYSTEMPATH/CodeIgniter.php(340): CodeIgniter\CodeIgniter->handleRequest()
 5 SYSTEMPATH/Boot.php(417): CodeIgniter\CodeIgniter->run()
 6 SYSTEMPATH/Boot.php(68): CodeIgniter\Boot::runCodeIgniter()
 7 FCPATH/index.php(31): CodeIgniter\Boot::bootWeb()
CRITICAL - 2026-04-29 16:15:55 --> CodeIgniter\HTTP\Exceptions\BadRequestException: The URI you submitted has disallowed characters: "इपेपर"
[Method: GET, Route: category/%E0%A4%87%E0%A4%AA%E0%A5%87%E0%A4%AA%E0%A4%B0/]
in SYSTEMPATH/Router/Router.php on line 768.
 1 SYSTEMPATH/Router/Router.php(219): CodeIgniter\Router\Router->checkDisallowedChars()
 2 SYSTEMPATH/CodeIgniter.php(829): CodeIgniter\Router\Router->handle()
 3 SYSTEMPATH/CodeIgniter.php(441): CodeIgniter\CodeIgniter->tryToRouteIt()
 4 SYSTEMPATH/CodeIgniter.php(340): CodeIgniter\CodeIgniter->handleRequest()
 5 SYSTEMPATH/Boot.php(417): CodeIgniter\CodeIgniter->run()
 6 SYSTEMPATH/Boot.php(68): CodeIgniter\Boot::runCodeIgniter()
 7 FCPATH/index.php(31): CodeIgniter\Boot::bootWeb()
CRITICAL - 2026-04-29 16:15:59 --> CodeIgniter\HTTP\Exceptions\BadRequestException: The URI you submitted has disallowed characters: "पत्रपत्रिका"
[Method: GET, Route: category/%E0%A4%AA%E0%A4%A4%E0%A5%8D%E0%A4%B0%E0%A4%AA%E0%A4%A4%E0%A5%8D%E0%A4%B0%E0%A4%BF%E0%A4%95%E0%A4%BE/page/3/]
in SYSTEMPATH/Router/Router.php on line 768.
 1 SYSTEMPATH/Router/Router.php(219): CodeIgniter\Router\Router->checkDisallowedChars()
 2 SYSTEMPATH/CodeIgniter.php(829): CodeIgniter\Router\Router->handle()
 3 SYSTEMPATH/CodeIgniter.php(441): CodeIgniter\CodeIgniter->tryToRouteIt()
 4 SYSTEMPATH/CodeIgniter.php(340): CodeIgniter\CodeIgniter->handleRequest()
 5 SYSTEMPATH/Boot.php(417): CodeIgniter\CodeIgniter->run()
 6 SYSTEMPATH/Boot.php(68): CodeIgniter\Boot::runCodeIgniter()
 7 FCPATH/index.php(31): CodeIgniter\Boot::bootWeb()
CRITICAL - 2026-04-29 16:16:03 --> CodeIgniter\HTTP\Exceptions\BadRequestException: The URI you submitted has disallowed characters: "पत्रपत्रिका"
[Method: GET, Route: category/%E0%A4%AA%E0%A4%A4%E0%A5%8D%E0%A4%B0%E0%A4%AA%E0%A4%A4%E0%A5%8D%E0%A4%B0%E0%A4%BF%E0%A4%95%E0%A4%BE/page/5/]
in SYSTEMPATH/Router/Router.php on line 768.
 1 SYSTEMPATH/Router/Router.php(219): CodeIgniter\Router\Router->checkDisallowedChars()
 2 SYSTEMPATH/CodeIgniter.php(829): CodeIgniter\Router\Router->handle()
 3 SYSTEMPATH/CodeIgniter.php(441): CodeIgniter\CodeIgniter->tryToRouteIt()
 4 SYSTEMPATH/CodeIgniter.php(340): CodeIgniter\CodeIgniter->handleRequest()
 5 SYSTEMPATH/Boot.php(417): CodeIgniter\CodeIgniter->run()
 6 SYSTEMPATH/Boot.php(68): CodeIgniter\Boot::runCodeIgniter()
 7 FCPATH/index.php(31): CodeIgniter\Boot::bootWeb()
CRITICAL - 2026-04-29 16:16:07 --> CodeIgniter\HTTP\Exceptions\BadRequestException: The URI you submitted has disallowed characters: "पत्रपत्रिका"
[Method: GET, Route: category/%E0%A4%AA%E0%A4%A4%E0%A5%8D%E0%A4%B0%E0%A4%AA%E0%A4%A4%E0%A5%8D%E0%A4%B0%E0%A4%BF%E0%A4%95%E0%A4%BE/page/6/]
in SYSTEMPATH/Router/Router.php on line 768.
 1 SYSTEMPATH/Router/Router.php(219): CodeIgniter\Router\Router->checkDisallowedChars()
 2 SYSTEMPATH/CodeIgniter.php(829): CodeIgniter\Router\Router->handle()
 3 SYSTEMPATH/CodeIgniter.php(441): CodeIgniter\CodeIgniter->tryToRouteIt()
 4 SYSTEMPATH/CodeIgniter.php(340): CodeIgniter\CodeIgniter->handleRequest()
 5 SYSTEMPATH/Boot.php(417): CodeIgniter\CodeIgniter->run()
 6 SYSTEMPATH/Boot.php(68): CodeIgniter\Boot::runCodeIgniter()
 7 FCPATH/index.php(31): CodeIgniter\Boot::bootWeb()
CRITICAL - 2026-04-29 16:16:11 --> CodeIgniter\HTTP\Exceptions\BadRequestException: The URI you submitted has disallowed characters: "पत्रपत्रिका"
[Method: GET, Route: category/%E0%A4%AA%E0%A4%A4%E0%A5%8D%E0%A4%B0%E0%A4%AA%E0%A4%A4%E0%A5%8D%E0%A4%B0%E0%A4%BF%E0%A4%95%E0%A4%BE/page/7/]
in SYSTEMPATH/Router/Router.php on line 768.
 1 SYSTEMPATH/Router/Router.php(219): CodeIgniter\Router\Router->checkDisallowedChars()
 2 SYSTEMPATH/CodeIgniter.php(829): CodeIgniter\Router\Router->handle()
 3 SYSTEMPATH/CodeIgniter.php(441): CodeIgniter\CodeIgniter->tryToRouteIt()
 4 SYSTEMPATH/CodeIgniter.php(340): CodeIgniter\CodeIgniter->handleRequest()
 5 SYSTEMPATH/Boot.php(417): CodeIgniter\CodeIgniter->run()
 6 SYSTEMPATH/Boot.php(68): CodeIgniter\Boot::runCodeIgniter()
 7 FCPATH/index.php(31): CodeIgniter\Boot::bootWeb()
CRITICAL - 2026-04-29 16:16:15 --> CodeIgniter\HTTP\Exceptions\BadRequestException: The URI you submitted has disallowed characters: "पत्रपत्रिका"
[Method: GET, Route: category/%E0%A4%AA%E0%A4%A4%E0%A5%8D%E0%A4%B0%E0%A4%AA%E0%A4%A4%E0%A5%8D%E0%A4%B0%E0%A4%BF%E0%A4%95%E0%A4%BE/page/8/]
in SYSTEMPATH/Router/Router.php on line 768.
 1 SYSTEMPATH/Router/Router.php(219): CodeIgniter\Router\Router->checkDisallowedChars()
 2 SYSTEMPATH/CodeIgniter.php(829): CodeIgniter\Router\Router->handle()
 3 SYSTEMPATH/CodeIgniter.php(441): CodeIgniter\CodeIgniter->tryToRouteIt()
 4 SYSTEMPATH/CodeIgniter.php(340): CodeIgniter\CodeIgniter->handleRequest()
 5 SYSTEMPATH/Boot.php(417): CodeIgniter\CodeIgniter->run()
 6 SYSTEMPATH/Boot.php(68): CodeIgniter\Boot::runCodeIgniter()
 7 FCPATH/index.php(31): CodeIgniter\Boot::bootWeb()
CRITICAL - 2026-04-29 16:16:19 --> CodeIgniter\HTTP\Exceptions\BadRequestException: The URI you submitted has disallowed characters: "पत्रपत्रिका"
[Method: GET, Route: category/%E0%A4%AA%E0%A4%A4%E0%A5%8D%E0%A4%B0%E0%A4%AA%E0%A4%A4%E0%A5%8D%E0%A4%B0%E0%A4%BF%E0%A4%95%E0%A4%BE/page/9/]
in SYSTEMPATH/Router/Router.php on line 768.
 1 SYSTEMPATH/Router/Router.php(219): CodeIgniter\Router\Router->checkDisallowedChars()
 2 SYSTEMPATH/CodeIgniter.php(829): CodeIgniter\Router\Router->handle()
 3 SYSTEMPATH/CodeIgniter.php(441): CodeIgniter\CodeIgniter->tryToRouteIt()
 4 SYSTEMPATH/CodeIgniter.php(340): CodeIgniter\CodeIgniter->handleRequest()
 5 SYSTEMPATH/Boot.php(417): CodeIgniter\CodeIgniter->run()
 6 SYSTEMPATH/Boot.php(68): CodeIgniter\Boot::runCodeIgniter()
 7 FCPATH/index.php(31): CodeIgniter\Boot::bootWeb()
CRITICAL - 2026-04-29 16:16:23 --> CodeIgniter\HTTP\Exceptions\BadRequestException: The URI you submitted has disallowed characters: "प्रदेश-१"
[Method: GET, Route: category/%E0%A4%AA%E0%A5%8D%E0%A4%B0%E0%A4%A6%E0%A5%87%E0%A4%B6-%E0%A5%A7/]
in SYSTEMPATH/Router/Router.php on line 768.
 1 SYSTEMPATH/Router/Router.php(219): CodeIgniter\Router\Router->checkDisallowedChars()
 2 SYSTEMPATH/CodeIgniter.php(829): CodeIgniter\Router\Router->handle()
 3 SYSTEMPATH/CodeIgniter.php(441): CodeIgniter\CodeIgniter->tryToRouteIt()
 4 SYSTEMPATH/CodeIgniter.php(340): CodeIgniter\CodeIgniter->handleRequest()
 5 SYSTEMPATH/Boot.php(417): CodeIgniter\CodeIgniter->run()
 6 SYSTEMPATH/Boot.php(68): CodeIgniter\Boot::runCodeIgniter()
 7 FCPATH/index.php(31): CodeIgniter\Boot::bootWeb()
CRITICAL - 2026-04-29 16:16:27 --> CodeIgniter\HTTP\Exceptions\BadRequestException: The URI you submitted has disallowed characters: "प्रदेश-१"
[Method: GET, Route: category/%E0%A4%AA%E0%A5%8D%E0%A4%B0%E0%A4%A6%E0%A5%87%E0%A4%B6-%E0%A5%A7/page/2/]
in SYSTEMPATH/Router/Router.php on line 768.
 1 SYSTEMPATH/Router/Router.php(219): CodeIgniter\Router\Router->checkDisallowedChars()
 2 SYSTEMPATH/CodeIgniter.php(829): CodeIgniter\Router\Router->handle()
 3 SYSTEMPATH/CodeIgniter.php(441): CodeIgniter\CodeIgniter->tryToRouteIt()
 4 SYSTEMPATH/CodeIgniter.php(340): CodeIgniter\CodeIgniter->handleRequest()
 5 SYSTEMPATH/Boot.php(417): CodeIgniter\CodeIgniter->run()
 6 SYSTEMPATH/Boot.php(68): CodeIgniter\Boot::runCodeIgniter()
 7 FCPATH/index.php(31): CodeIgniter\Boot::bootWeb()
CRITICAL - 2026-04-29 16:16:31 --> CodeIgniter\HTTP\Exceptions\BadRequestException: The URI you submitted has disallowed characters: "प्रदेश-१"
[Method: GET, Route: category/%E0%A4%AA%E0%A5%8D%E0%A4%B0%E0%A4%A6%E0%A5%87%E0%A4%B6-%E0%A5%A7/page/3/]
in SYSTEMPATH/Router/Router.php on line 768.
 1 SYSTEMPATH/Router/Router.php(219): CodeIgniter\Router\Router->checkDisallowedChars()
 2 SYSTEMPATH/CodeIgniter.php(829): CodeIgniter\Router\Router->handle()
 3 SYSTEMPATH/CodeIgniter.php(441): CodeIgniter\CodeIgniter->tryToRouteIt()
 4 SYSTEMPATH/CodeIgniter.php(340): CodeIgniter\CodeIgniter->handleRequest()
 5 SYSTEMPATH/Boot.php(417): CodeIgniter\CodeIgniter->run()
 6 SYSTEMPATH/Boot.php(68): CodeIgniter\Boot::runCodeIgniter()
 7 FCPATH/index.php(31): CodeIgniter\Boot::bootWeb()
CRITICAL - 2026-04-29 16:16:35 --> CodeIgniter\HTTP\Exceptions\BadRequestException: The URI you submitted has disallowed characters: "प्रदेश-१"
[Method: GET, Route: category/%E0%A4%AA%E0%A5%8D%E0%A4%B0%E0%A4%A6%E0%A5%87%E0%A4%B6-%E0%A5%A7/page/4/]
in SYSTEMPATH/Router/Router.php on line 768.
 1 SYSTEMPATH/Router/Router.php(219): CodeIgniter\Router\Router->checkDisallowedChars()
 2 SYSTEMPATH/CodeIgniter.php(829): CodeIgniter\Router\Router->handle()
 3 SYSTEMPATH/CodeIgniter.php(441): CodeIgniter\CodeIgniter->tryToRouteIt()
 4 SYSTEMPATH/CodeIgniter.php(340): CodeIgniter\CodeIgniter->handleRequest()
 5 SYSTEMPATH/Boot.php(417): CodeIgniter\CodeIgniter->run()
 6 SYSTEMPATH/Boot.php(68): CodeIgniter\Boot::runCodeIgniter()
 7 FCPATH/index.php(31): CodeIgniter\Boot::bootWeb()
CRITICAL - 2026-04-29 16:16:39 --> CodeIgniter\HTTP\Exceptions\BadRequestException: The URI you submitted has disallowed characters: "प्रदेश-१"
[Method: GET, Route: category/%E0%A4%AA%E0%A5%8D%E0%A4%B0%E0%A4%A6%E0%A5%87%E0%A4%B6-%E0%A5%A7/page/5/]
in SYSTEMPATH/Router/Router.php on line 768.
 1 SYSTEMPATH/Router/Router.php(219): CodeIgniter\Router\Router->checkDisallowedChars()
 2 SYSTEMPATH/CodeIgniter.php(829): CodeIgniter\Router\Router->handle()
 3 SYSTEMPATH/CodeIgniter.php(441): CodeIgniter\CodeIgniter->tryToRouteIt()
 4 SYSTEMPATH/CodeIgniter.php(340): CodeIgniter\CodeIgniter->handleRequest()
 5 SYSTEMPATH/Boot.php(417): CodeIgniter\CodeIgniter->run()
 6 SYSTEMPATH/Boot.php(68): CodeIgniter\Boot::runCodeIgniter()
 7 FCPATH/index.php(31): CodeIgniter\Boot::bootWeb()
CRITICAL - 2026-04-29 16:16:57 --> CodeIgniter\HTTP\Exceptions\BadRequestException: The URI you submitted has disallowed characters: "प्रदेश-१"
[Method: GET, Route: category/%E0%A4%AA%E0%A5%8D%E0%A4%B0%E0%A4%A6%E0%A5%87%E0%A4%B6-%E0%A5%A7/page/6/]
in SYSTEMPATH/Router/Router.php on line 768.
 1 SYSTEMPATH/Router/Router.php(219): CodeIgniter\Router\Router->checkDisallowedChars()
 2 SYSTEMPATH/CodeIgniter.php(829): CodeIgniter\Router\Router->handle()
 3 SYSTEMPATH/CodeIgniter.php(441): CodeIgniter\CodeIgniter->tryToRouteIt()
 4 SYSTEMPATH/CodeIgniter.php(340): CodeIgniter\CodeIgniter->handleRequest()
 5 SYSTEMPATH/Boot.php(417): CodeIgniter\CodeIgniter->run()
 6 SYSTEMPATH/Boot.php(68): CodeIgniter\Boot::runCodeIgniter()
 7 FCPATH/index.php(31): CodeIgniter\Boot::bootWeb()
CRITICAL - 2026-04-29 16:17:01 --> CodeIgniter\HTTP\Exceptions\BadRequestException: The URI you submitted has disallowed characters: "प्रदेश-३"
[Method: GET, Route: category/%E0%A4%AA%E0%A5%8D%E0%A4%B0%E0%A4%A6%E0%A5%87%E0%A4%B6-%E0%A5%A9/page/3/]
in SYSTEMPATH/Router/Router.php on line 768.
 1 SYSTEMPATH/Router/Router.php(219): CodeIgniter\Router\Router->checkDisallowedChars()
 2 SYSTEMPATH/CodeIgniter.php(829): CodeIgniter\Router\Router->handle()
 3 SYSTEMPATH/CodeIgniter.php(441): CodeIgniter\CodeIgniter->tryToRouteIt()
 4 SYSTEMPATH/CodeIgniter.php(340): CodeIgniter\CodeIgniter->handleRequest()
 5 SYSTEMPATH/Boot.php(417): CodeIgniter\CodeIgniter->run()
 6 SYSTEMPATH/Boot.php(68): CodeIgniter\Boot::runCodeIgniter()
 7 FCPATH/index.php(31): CodeIgniter\Boot::bootWeb()
CRITICAL - 2026-04-29 16:17:05 --> CodeIgniter\HTTP\Exceptions\BadRequestException: The URI you submitted has disallowed characters: "प्रदेश-५"
[Method: GET, Route: category/%E0%A4%AA%E0%A5%8D%E0%A4%B0%E0%A4%A6%E0%A5%87%E0%A4%B6-%E0%A5%AB/page/5/]
in SYSTEMPATH/Router/Router.php on line 768.
 1 SYSTEMPATH/Router/Router.php(219): CodeIgniter\Router\Router->checkDisallowedChars()
 2 SYSTEMPATH/CodeIgniter.php(829): CodeIgniter\Router\Router->handle()
 3 SYSTEMPATH/CodeIgniter.php(441): CodeIgniter\CodeIgniter->tryToRouteIt()
 4 SYSTEMPATH/CodeIgniter.php(340): CodeIgniter\CodeIgniter->handleRequest()
 5 SYSTEMPATH/Boot.php(417): CodeIgniter\CodeIgniter->run()
 6 SYSTEMPATH/Boot.php(68): CodeIgniter\Boot::runCodeIgniter()
 7 FCPATH/index.php(31): CodeIgniter\Boot::bootWeb()
CRITICAL - 2026-04-29 16:17:09 --> CodeIgniter\HTTP\Exceptions\BadRequestException: The URI you submitted has disallowed characters: "प्रदेश-६"
[Method: GET, Route: category/%E0%A4%AA%E0%A5%8D%E0%A4%B0%E0%A4%A6%E0%A5%87%E0%A4%B6-%E0%A5%AC/page/3/]
in SYSTEMPATH/Router/Router.php on line 768.
 1 SYSTEMPATH/Router/Router.php(219): CodeIgniter\Router\Router->checkDisallowedChars()
 2 SYSTEMPATH/CodeIgniter.php(829): CodeIgniter\Router\Router->handle()
 3 SYSTEMPATH/CodeIgniter.php(441): CodeIgniter\CodeIgniter->tryToRouteIt()
 4 SYSTEMPATH/CodeIgniter.php(340): CodeIgniter\CodeIgniter->handleRequest()
 5 SYSTEMPATH/Boot.php(417): CodeIgniter\CodeIgniter->run()
 6 SYSTEMPATH/Boot.php(68): CodeIgniter\Boot::runCodeIgniter()
 7 FCPATH/index.php(31): CodeIgniter\Boot::bootWeb()
CRITICAL - 2026-04-29 16:17:13 --> CodeIgniter\HTTP\Exceptions\BadRequestException: The URI you submitted has disallowed characters: "प्रदेश-६"
[Method: GET, Route: category/%E0%A4%AA%E0%A5%8D%E0%A4%B0%E0%A4%A6%E0%A5%87%E0%A4%B6-%E0%A5%AC/page/5/]
in SYSTEMPATH/Router/Router.php on line 768.
 1 SYSTEMPATH/Router/Router.php(219): CodeIgniter\Router\Router->checkDisallowedChars()
 2 SYSTEMPATH/CodeIgniter.php(829): CodeIgniter\Router\Router->handle()
 3 SYSTEMPATH/CodeIgniter.php(441): CodeIgniter\CodeIgniter->tryToRouteIt()
 4 SYSTEMPATH/CodeIgniter.php(340): CodeIgniter\CodeIgniter->handleRequest()
 5 SYSTEMPATH/Boot.php(417): CodeIgniter\CodeIgniter->run()
 6 SYSTEMPATH/Boot.php(68): CodeIgniter\Boot::runCodeIgniter()
 7 FCPATH/index.php(31): CodeIgniter\Boot::bootWeb()
CRITICAL - 2026-04-29 16:17:17 --> CodeIgniter\HTTP\Exceptions\BadRequestException: The URI you submitted has disallowed characters: "प्रदेश-६"
[Method: GET, Route: category/%E0%A4%AA%E0%A5%8D%E0%A4%B0%E0%A4%A6%E0%A5%87%E0%A4%B6-%E0%A5%AC/page/7/]
in SYSTEMPATH/Router/Router.php on line 768.
 1 SYSTEMPATH/Router/Router.php(219): CodeIgniter\Router\Router->checkDisallowedChars()
 2 SYSTEMPATH/CodeIgniter.php(829): CodeIgniter\Router\Router->handle()
 3 SYSTEMPATH/CodeIgniter.php(441): CodeIgniter\CodeIgniter->tryToRouteIt()
 4 SYSTEMPATH/CodeIgniter.php(340): CodeIgniter\CodeIgniter->handleRequest()
 5 SYSTEMPATH/Boot.php(417): CodeIgniter\CodeIgniter->run()
 6 SYSTEMPATH/Boot.php(68): CodeIgniter\Boot::runCodeIgniter()
 7 FCPATH/index.php(31): CodeIgniter\Boot::bootWeb()
CRITICAL - 2026-04-29 16:17:21 --> CodeIgniter\HTTP\Exceptions\BadRequestException: The URI you submitted has disallowed characters: "प्रदेश-६"
[Method: GET, Route: category/%E0%A4%AA%E0%A5%8D%E0%A4%B0%E0%A4%A6%E0%A5%87%E0%A4%B6-%E0%A5%AC/page/8/]
in SYSTEMPATH/Router/Router.php on line 768.
 1 SYSTEMPATH/Router/Router.php(219): CodeIgniter\Router\Router->checkDisallowedChars()
 2 SYSTEMPATH/CodeIgniter.php(829): CodeIgniter\Router\Router->handle()
 3 SYSTEMPATH/CodeIgniter.php(441): CodeIgniter\CodeIgniter->tryToRouteIt()
 4 SYSTEMPATH/CodeIgniter.php(340): CodeIgniter\CodeIgniter->handleRequest()
 5 SYSTEMPATH/Boot.php(417): CodeIgniter\CodeIgniter->run()
 6 SYSTEMPATH/Boot.php(68): CodeIgniter\Boot::runCodeIgniter()
 7 FCPATH/index.php(31): CodeIgniter\Boot::bootWeb()
CRITICAL - 2026-04-29 16:17:25 --> CodeIgniter\HTTP\Exceptions\BadRequestException: The URI you submitted has disallowed characters: "प्रदेश-६"
[Method: GET, Route: category/%E0%A4%AA%E0%A5%8D%E0%A4%B0%E0%A4%A6%E0%A5%87%E0%A4%B6-%E0%A5%AC/page/9/]
in SYSTEMPATH/Router/Router.php on line 768.
 1 SYSTEMPATH/Router/Router.php(219): CodeIgniter\Router\Router->checkDisallowedChars()
 2 SYSTEMPATH/CodeIgniter.php(829): CodeIgniter\Router\Router->handle()
 3 SYSTEMPATH/CodeIgniter.php(441): CodeIgniter\CodeIgniter->tryToRouteIt()
 4 SYSTEMPATH/CodeIgniter.php(340): CodeIgniter\CodeIgniter->handleRequest()
 5 SYSTEMPATH/Boot.php(417): CodeIgniter\CodeIgniter->run()
 6 SYSTEMPATH/Boot.php(68): CodeIgniter\Boot::runCodeIgniter()
 7 FCPATH/index.php(31): CodeIgniter\Boot::bootWeb()
CRITICAL - 2026-04-29 16:17:29 --> CodeIgniter\HTTP\Exceptions\BadRequestException: The URI you submitted has disallowed characters: "प्रदेश-७"
[Method: GET, Route: category/%E0%A4%AA%E0%A5%8D%E0%A4%B0%E0%A4%A6%E0%A5%87%E0%A4%B6-%E0%A5%AD/]
in SYSTEMPATH/Router/Router.php on line 768.
 1 SYSTEMPATH/Router/Router.php(219): CodeIgniter\Router\Router->checkDisallowedChars()
 2 SYSTEMPATH/CodeIgniter.php(829): CodeIgniter\Router\Router->handle()
 3 SYSTEMPATH/CodeIgniter.php(441): CodeIgniter\CodeIgniter->tryToRouteIt()
 4 SYSTEMPATH/CodeIgniter.php(340): CodeIgniter\CodeIgniter->handleRequest()
 5 SYSTEMPATH/Boot.php(417): CodeIgniter\CodeIgniter->run()
 6 SYSTEMPATH/Boot.php(68): CodeIgniter\Boot::runCodeIgniter()
 7 FCPATH/index.php(31): CodeIgniter\Boot::bootWeb()
CRITICAL - 2026-04-29 16:17:32 --> CodeIgniter\HTTP\Exceptions\BadRequestException: The URI you submitted has disallowed characters: "प्रदेश-७"
[Method: GET, Route: category/%E0%A4%AA%E0%A5%8D%E0%A4%B0%E0%A4%A6%E0%A5%87%E0%A4%B6-%E0%A5%AD/page/2/]
in SYSTEMPATH/Router/Router.php on line 768.
 1 SYSTEMPATH/Router/Router.php(219): CodeIgniter\Router\Router->checkDisallowedChars()
 2 SYSTEMPATH/CodeIgniter.php(829): CodeIgniter\Router\Router->handle()
 3 SYSTEMPATH/CodeIgniter.php(441): CodeIgniter\CodeIgniter->tryToRouteIt()
 4 SYSTEMPATH/CodeIgniter.php(340): CodeIgniter\CodeIgniter->handleRequest()
 5 SYSTEMPATH/Boot.php(417): CodeIgniter\CodeIgniter->run()
 6 SYSTEMPATH/Boot.php(68): CodeIgniter\Boot::runCodeIgniter()
 7 FCPATH/index.php(31): CodeIgniter\Boot::bootWeb()
CRITICAL - 2026-04-29 16:17:36 --> CodeIgniter\HTTP\Exceptions\BadRequestException: The URI you submitted has disallowed characters: "प्रदेश-७"
[Method: GET, Route: category/%E0%A4%AA%E0%A5%8D%E0%A4%B0%E0%A4%A6%E0%A5%87%E0%A4%B6-%E0%A5%AD/page/3/]
in SYSTEMPATH/Router/Router.php on line 768.
 1 SYSTEMPATH/Router/Router.php(219): CodeIgniter\Router\Router->checkDisallowedChars()
 2 SYSTEMPATH/CodeIgniter.php(829): CodeIgniter\Router\Router->handle()
 3 SYSTEMPATH/CodeIgniter.php(441): CodeIgniter\CodeIgniter->tryToRouteIt()
 4 SYSTEMPATH/CodeIgniter.php(340): CodeIgniter\CodeIgniter->handleRequest()
 5 SYSTEMPATH/Boot.php(417): CodeIgniter\CodeIgniter->run()
 6 SYSTEMPATH/Boot.php(68): CodeIgniter\Boot::runCodeIgniter()
 7 FCPATH/index.php(31): CodeIgniter\Boot::bootWeb()
CRITICAL - 2026-04-29 16:17:49 --> CodeIgniter\HTTP\Exceptions\BadRequestException: The URI you submitted has disallowed characters: "प्रदेश-७"
[Method: GET, Route: category/%E0%A4%AA%E0%A5%8D%E0%A4%B0%E0%A4%A6%E0%A5%87%E0%A4%B6-%E0%A5%AD/page/4/]
in SYSTEMPATH/Router/Router.php on line 768.
 1 SYSTEMPATH/Router/Router.php(219): CodeIgniter\Router\Router->checkDisallowedChars()
 2 SYSTEMPATH/CodeIgniter.php(829): CodeIgniter\Router\Router->handle()
 3 SYSTEMPATH/CodeIgniter.php(441): CodeIgniter\CodeIgniter->tryToRouteIt()
 4 SYSTEMPATH/CodeIgniter.php(340): CodeIgniter\CodeIgniter->handleRequest()
 5 SYSTEMPATH/Boot.php(417): CodeIgniter\CodeIgniter->run()
 6 SYSTEMPATH/Boot.php(68): CodeIgniter\Boot::runCodeIgniter()
 7 FCPATH/index.php(31): CodeIgniter\Boot::bootWeb()
CRITICAL - 2026-04-29 16:17:53 --> CodeIgniter\HTTP\Exceptions\BadRequestException: The URI you submitted has disallowed characters: "प्रदेश-७"
[Method: GET, Route: category/%E0%A4%AA%E0%A5%8D%E0%A4%B0%E0%A4%A6%E0%A5%87%E0%A4%B6-%E0%A5%AD/page/5/]
in SYSTEMPATH/Router/Router.php on line 768.
 1 SYSTEMPATH/Router/Router.php(219): CodeIgniter\Router\Router->checkDisallowedChars()
 2 SYSTEMPATH/CodeIgniter.php(829): CodeIgniter\Router\Router->handle()
 3 SYSTEMPATH/CodeIgniter.php(441): CodeIgniter\CodeIgniter->tryToRouteIt()
 4 SYSTEMPATH/CodeIgniter.php(340): CodeIgniter\CodeIgniter->handleRequest()
 5 SYSTEMPATH/Boot.php(417): CodeIgniter\CodeIgniter->run()
 6 SYSTEMPATH/Boot.php(68): CodeIgniter\Boot::runCodeIgniter()
 7 FCPATH/index.php(31): CodeIgniter\Boot::bootWeb()
CRITICAL - 2026-04-29 16:17:57 --> CodeIgniter\HTTP\Exceptions\BadRequestException: The URI you submitted has disallowed characters: "प्रदेश-७"
[Method: GET, Route: category/%E0%A4%AA%E0%A5%8D%E0%A4%B0%E0%A4%A6%E0%A5%87%E0%A4%B6-%E0%A5%AD/page/6/]
in SYSTEMPATH/Router/Router.php on line 768.
 1 SYSTEMPATH/Router/Router.php(219): CodeIgniter\Router\Router->checkDisallowedChars()
 2 SYSTEMPATH/CodeIgniter.php(829): CodeIgniter\Router\Router->handle()
 3 SYSTEMPATH/CodeIgniter.php(441): CodeIgniter\CodeIgniter->tryToRouteIt()
 4 SYSTEMPATH/CodeIgniter.php(340): CodeIgniter\CodeIgniter->handleRequest()
 5 SYSTEMPATH/Boot.php(417): CodeIgniter\CodeIgniter->run()
 6 SYSTEMPATH/Boot.php(68): CodeIgniter\Boot::runCodeIgniter()
 7 FCPATH/index.php(31): CodeIgniter\Boot::bootWeb()
CRITICAL - 2026-04-29 16:18:01 --> CodeIgniter\HTTP\Exceptions\BadRequestException: The URI you submitted has disallowed characters: "प्रदेश-७"
[Method: GET, Route: category/%E0%A4%AA%E0%A5%8D%E0%A4%B0%E0%A4%A6%E0%A5%87%E0%A4%B6-%E0%A5%AD/page/7/]
in SYSTEMPATH/Router/Router.php on line 768.
 1 SYSTEMPATH/Router/Router.php(219): CodeIgniter\Router\Router->checkDisallowedChars()
 2 SYSTEMPATH/CodeIgniter.php(829): CodeIgniter\Router\Router->handle()
 3 SYSTEMPATH/CodeIgniter.php(441): CodeIgniter\CodeIgniter->tryToRouteIt()
 4 SYSTEMPATH/CodeIgniter.php(340): CodeIgniter\CodeIgniter->handleRequest()
 5 SYSTEMPATH/Boot.php(417): CodeIgniter\CodeIgniter->run()
 6 SYSTEMPATH/Boot.php(68): CodeIgniter\Boot::runCodeIgniter()
 7 FCPATH/index.php(31): CodeIgniter\Boot::bootWeb()
CRITICAL - 2026-04-29 16:18:05 --> CodeIgniter\HTTP\Exceptions\BadRequestException: The URI you submitted has disallowed characters: "प्रदेश-७"
[Method: GET, Route: category/%E0%A4%AA%E0%A5%8D%E0%A4%B0%E0%A4%A6%E0%A5%87%E0%A4%B6-%E0%A5%AD/page/8/]
in SYSTEMPATH/Router/Router.php on line 768.
 1 SYSTEMPATH/Router/Router.php(219): CodeIgniter\Router\Router->checkDisallowedChars()
 2 SYSTEMPATH/CodeIgniter.php(829): CodeIgniter\Router\Router->handle()
 3 SYSTEMPATH/CodeIgniter.php(441): CodeIgniter\CodeIgniter->tryToRouteIt()
 4 SYSTEMPATH/CodeIgniter.php(340): CodeIgniter\CodeIgniter->handleRequest()
 5 SYSTEMPATH/Boot.php(417): CodeIgniter\CodeIgniter->run()
 6 SYSTEMPATH/Boot.php(68): CodeIgniter\Boot::runCodeIgniter()
 7 FCPATH/index.php(31): CodeIgniter\Boot::bootWeb()
CRITICAL - 2026-04-29 16:18:09 --> CodeIgniter\HTTP\Exceptions\BadRequestException: The URI you submitted has disallowed characters: "प्रदेश-७"
[Method: GET, Route: category/%E0%A4%AA%E0%A5%8D%E0%A4%B0%E0%A4%A6%E0%A5%87%E0%A4%B6-%E0%A5%AD/page/9/]
in SYSTEMPATH/Router/Router.php on line 768.
 1 SYSTEMPATH/Router/Router.php(219): CodeIgniter\Router\Router->checkDisallowedChars()
 2 SYSTEMPATH/CodeIgniter.php(829): CodeIgniter\Router\Router->handle()
 3 SYSTEMPATH/CodeIgniter.php(441): CodeIgniter\CodeIgniter->tryToRouteIt()
 4 SYSTEMPATH/CodeIgniter.php(340): CodeIgniter\CodeIgniter->handleRequest()
 5 SYSTEMPATH/Boot.php(417): CodeIgniter\CodeIgniter->run()
 6 SYSTEMPATH/Boot.php(68): CodeIgniter\Boot::runCodeIgniter()
 7 FCPATH/index.php(31): CodeIgniter\Boot::bootWeb()
CRITICAL - 2026-04-29 16:18:13 --> CodeIgniter\HTTP\Exceptions\BadRequestException: The URI you submitted has disallowed characters: "प्रमुख-समाचार"
[Method: GET, Route: category/%E0%A4%AA%E0%A5%8D%E0%A4%B0%E0%A4%AE%E0%A5%81%E0%A4%96-%E0%A4%B8%E0%A4%AE%E0%A4%BE%E0%A4%9A%E0%A4%BE%E0%A4%B0/]
in SYSTEMPATH/Router/Router.php on line 768.
 1 SYSTEMPATH/Router/Router.php(219): CodeIgniter\Router\Router->checkDisallowedChars()
 2 SYSTEMPATH/CodeIgniter.php(829): CodeIgniter\Router\Router->handle()
 3 SYSTEMPATH/CodeIgniter.php(441): CodeIgniter\CodeIgniter->tryToRouteIt()
 4 SYSTEMPATH/CodeIgniter.php(340): CodeIgniter\CodeIgniter->handleRequest()
 5 SYSTEMPATH/Boot.php(417): CodeIgniter\CodeIgniter->run()
 6 SYSTEMPATH/Boot.php(68): CodeIgniter\Boot::runCodeIgniter()
 7 FCPATH/index.php(31): CodeIgniter\Boot::bootWeb()
CRITICAL - 2026-04-29 16:18:17 --> CodeIgniter\HTTP\Exceptions\BadRequestException: The URI you submitted has disallowed characters: "प्रमुख-समाचार"
[Method: GET, Route: category/%E0%A4%AA%E0%A5%8D%E0%A4%B0%E0%A4%AE%E0%A5%81%E0%A4%96-%E0%A4%B8%E0%A4%AE%E0%A4%BE%E0%A4%9A%E0%A4%BE%E0%A4%B0/page/10/]
in SYSTEMPATH/Router/Router.php on line 768.
 1 SYSTEMPATH/Router/Router.php(219): CodeIgniter\Router\Router->checkDisallowedChars()
 2 SYSTEMPATH/CodeIgniter.php(829): CodeIgniter\Router\Router->handle()
 3 SYSTEMPATH/CodeIgniter.php(441): CodeIgniter\CodeIgniter->tryToRouteIt()
 4 SYSTEMPATH/CodeIgniter.php(340): CodeIgniter\CodeIgniter->handleRequest()
 5 SYSTEMPATH/Boot.php(417): CodeIgniter\CodeIgniter->run()
 6 SYSTEMPATH/Boot.php(68): CodeIgniter\Boot::runCodeIgniter()
 7 FCPATH/index.php(31): CodeIgniter\Boot::bootWeb()
CRITICAL - 2026-04-29 16:18:21 --> CodeIgniter\HTTP\Exceptions\BadRequestException: The URI you submitted has disallowed characters: "प्रमुख-समाचार"
[Method: GET, Route: category/%E0%A4%AA%E0%A5%8D%E0%A4%B0%E0%A4%AE%E0%A5%81%E0%A4%96-%E0%A4%B8%E0%A4%AE%E0%A4%BE%E0%A4%9A%E0%A4%BE%E0%A4%B0/page/11/]
in SYSTEMPATH/Router/Router.php on line 768.
 1 SYSTEMPATH/Router/Router.php(219): CodeIgniter\Router\Router->checkDisallowedChars()
 2 SYSTEMPATH/CodeIgniter.php(829): CodeIgniter\Router\Router->handle()
 3 SYSTEMPATH/CodeIgniter.php(441): CodeIgniter\CodeIgniter->tryToRouteIt()
 4 SYSTEMPATH/CodeIgniter.php(340): CodeIgniter\CodeIgniter->handleRequest()
 5 SYSTEMPATH/Boot.php(417): CodeIgniter\CodeIgniter->run()
 6 SYSTEMPATH/Boot.php(68): CodeIgniter\Boot::runCodeIgniter()
 7 FCPATH/index.php(31): CodeIgniter\Boot::bootWeb()
CRITICAL - 2026-04-29 16:18:25 --> CodeIgniter\HTTP\Exceptions\BadRequestException: The URI you submitted has disallowed characters: "प्रमुख-समाचार"
[Method: GET, Route: category/%E0%A4%AA%E0%A5%8D%E0%A4%B0%E0%A4%AE%E0%A5%81%E0%A4%96-%E0%A4%B8%E0%A4%AE%E0%A4%BE%E0%A4%9A%E0%A4%BE%E0%A4%B0/page/12/]
in SYSTEMPATH/Router/Router.php on line 768.
 1 SYSTEMPATH/Router/Router.php(219): CodeIgniter\Router\Router->checkDisallowedChars()
 2 SYSTEMPATH/CodeIgniter.php(829): CodeIgniter\Router\Router->handle()
 3 SYSTEMPATH/CodeIgniter.php(441): CodeIgniter\CodeIgniter->tryToRouteIt()
 4 SYSTEMPATH/CodeIgniter.php(340): CodeIgniter\CodeIgniter->handleRequest()
 5 SYSTEMPATH/Boot.php(417): CodeIgniter\CodeIgniter->run()
 6 SYSTEMPATH/Boot.php(68): CodeIgniter\Boot::runCodeIgniter()
 7 FCPATH/index.php(31): CodeIgniter\Boot::bootWeb()
CRITICAL - 2026-04-29 16:18:29 --> CodeIgniter\HTTP\Exceptions\BadRequestException: The URI you submitted has disallowed characters: "प्रमुख-समाचार"
[Method: GET, Route: category/%E0%A4%AA%E0%A5%8D%E0%A4%B0%E0%A4%AE%E0%A5%81%E0%A4%96-%E0%A4%B8%E0%A4%AE%E0%A4%BE%E0%A4%9A%E0%A4%BE%E0%A4%B0/page/13/]
in SYSTEMPATH/Router/Router.php on line 768.
 1 SYSTEMPATH/Router/Router.php(219): CodeIgniter\Router\Router->checkDisallowedChars()
 2 SYSTEMPATH/CodeIgniter.php(829): CodeIgniter\Router\Router->handle()
 3 SYSTEMPATH/CodeIgniter.php(441): CodeIgniter\CodeIgniter->tryToRouteIt()
 4 SYSTEMPATH/CodeIgniter.php(340): CodeIgniter\CodeIgniter->handleRequest()
 5 SYSTEMPATH/Boot.php(417): CodeIgniter\CodeIgniter->run()
 6 SYSTEMPATH/Boot.php(68): CodeIgniter\Boot::runCodeIgniter()
 7 FCPATH/index.php(31): CodeIgniter\Boot::bootWeb()
CRITICAL - 2026-04-29 16:18:32 --> CodeIgniter\HTTP\Exceptions\BadRequestException: The URI you submitted has disallowed characters: "प्रमुख-समाचार"
[Method: GET, Route: category/%E0%A4%AA%E0%A5%8D%E0%A4%B0%E0%A4%AE%E0%A5%81%E0%A4%96-%E0%A4%B8%E0%A4%AE%E0%A4%BE%E0%A4%9A%E0%A4%BE%E0%A4%B0/page/2/]
in SYSTEMPATH/Router/Router.php on line 768.
 1 SYSTEMPATH/Router/Router.php(219): CodeIgniter\Router\Router->checkDisallowedChars()
 2 SYSTEMPATH/CodeIgniter.php(829): CodeIgniter\Router\Router->handle()
 3 SYSTEMPATH/CodeIgniter.php(441): CodeIgniter\CodeIgniter->tryToRouteIt()
 4 SYSTEMPATH/CodeIgniter.php(340): CodeIgniter\CodeIgniter->handleRequest()
 5 SYSTEMPATH/Boot.php(417): CodeIgniter\CodeIgniter->run()
 6 SYSTEMPATH/Boot.php(68): CodeIgniter\Boot::runCodeIgniter()
 7 FCPATH/index.php(31): CodeIgniter\Boot::bootWeb()
CRITICAL - 2026-04-29 16:18:36 --> CodeIgniter\HTTP\Exceptions\BadRequestException: The URI you submitted has disallowed characters: "प्रमुख-समाचार"
[Method: GET, Route: category/%E0%A4%AA%E0%A5%8D%E0%A4%B0%E0%A4%AE%E0%A5%81%E0%A4%96-%E0%A4%B8%E0%A4%AE%E0%A4%BE%E0%A4%9A%E0%A4%BE%E0%A4%B0/page/3/]
in SYSTEMPATH/Router/Router.php on line 768.
 1 SYSTEMPATH/Router/Router.php(219): CodeIgniter\Router\Router->checkDisallowedChars()
 2 SYSTEMPATH/CodeIgniter.php(829): CodeIgniter\Router\Router->handle()
 3 SYSTEMPATH/CodeIgniter.php(441): CodeIgniter\CodeIgniter->tryToRouteIt()
 4 SYSTEMPATH/CodeIgniter.php(340): CodeIgniter\CodeIgniter->handleRequest()
 5 SYSTEMPATH/Boot.php(417): CodeIgniter\CodeIgniter->run()
 6 SYSTEMPATH/Boot.php(68): CodeIgniter\Boot::runCodeIgniter()
 7 FCPATH/index.php(31): CodeIgniter\Boot::bootWeb()
CRITICAL - 2026-04-29 16:18:40 --> CodeIgniter\HTTP\Exceptions\BadRequestException: The URI you submitted has disallowed characters: "प्रमुख-समाचार"
[Method: GET, Route: category/%E0%A4%AA%E0%A5%8D%E0%A4%B0%E0%A4%AE%E0%A5%81%E0%A4%96-%E0%A4%B8%E0%A4%AE%E0%A4%BE%E0%A4%9A%E0%A4%BE%E0%A4%B0/page/4/]
in SYSTEMPATH/Router/Router.php on line 768.
 1 SYSTEMPATH/Router/Router.php(219): CodeIgniter\Router\Router->checkDisallowedChars()
 2 SYSTEMPATH/CodeIgniter.php(829): CodeIgniter\Router\Router->handle()
 3 SYSTEMPATH/CodeIgniter.php(441): CodeIgniter\CodeIgniter->tryToRouteIt()
 4 SYSTEMPATH/CodeIgniter.php(340): CodeIgniter\CodeIgniter->handleRequest()
 5 SYSTEMPATH/Boot.php(417): CodeIgniter\CodeIgniter->run()
 6 SYSTEMPATH/Boot.php(68): CodeIgniter\Boot::runCodeIgniter()
 7 FCPATH/index.php(31): CodeIgniter\Boot::bootWeb()
CRITICAL - 2026-04-29 16:18:44 --> CodeIgniter\HTTP\Exceptions\BadRequestException: The URI you submitted has disallowed characters: "प्रमुख-समाचार"
[Method: GET, Route: category/%E0%A4%AA%E0%A5%8D%E0%A4%B0%E0%A4%AE%E0%A5%81%E0%A4%96-%E0%A4%B8%E0%A4%AE%E0%A4%BE%E0%A4%9A%E0%A4%BE%E0%A4%B0/page/5/]
in SYSTEMPATH/Router/Router.php on line 768.
 1 SYSTEMPATH/Router/Router.php(219): CodeIgniter\Router\Router->checkDisallowedChars()
 2 SYSTEMPATH/CodeIgniter.php(829): CodeIgniter\Router\Router->handle()
 3 SYSTEMPATH/CodeIgniter.php(441): CodeIgniter\CodeIgniter->tryToRouteIt()
 4 SYSTEMPATH/CodeIgniter.php(340): CodeIgniter\CodeIgniter->handleRequest()
 5 SYSTEMPATH/Boot.php(417): CodeIgniter\CodeIgniter->run()
 6 SYSTEMPATH/Boot.php(68): CodeIgniter\Boot::runCodeIgniter()
 7 FCPATH/index.php(31): CodeIgniter\Boot::bootWeb()
CRITICAL - 2026-04-29 16:18:48 --> CodeIgniter\HTTP\Exceptions\BadRequestException: The URI you submitted has disallowed characters: "प्रमुख-समाचार"
[Method: GET, Route: category/%E0%A4%AA%E0%A5%8D%E0%A4%B0%E0%A4%AE%E0%A5%81%E0%A4%96-%E0%A4%B8%E0%A4%AE%E0%A4%BE%E0%A4%9A%E0%A4%BE%E0%A4%B0/page/6/]
in SYSTEMPATH/Router/Router.php on line 768.
 1 SYSTEMPATH/Router/Router.php(219): CodeIgniter\Router\Router->checkDisallowedChars()
 2 SYSTEMPATH/CodeIgniter.php(829): CodeIgniter\Router\Router->handle()
 3 SYSTEMPATH/CodeIgniter.php(441): CodeIgniter\CodeIgniter->tryToRouteIt()
 4 SYSTEMPATH/CodeIgniter.php(340): CodeIgniter\CodeIgniter->handleRequest()
 5 SYSTEMPATH/Boot.php(417): CodeIgniter\CodeIgniter->run()
 6 SYSTEMPATH/Boot.php(68): CodeIgniter\Boot::runCodeIgniter()
 7 FCPATH/index.php(31): CodeIgniter\Boot::bootWeb()
CRITICAL - 2026-04-29 16:18:52 --> CodeIgniter\HTTP\Exceptions\BadRequestException: The URI you submitted has disallowed characters: "प्रमुख-समाचार"
[Method: GET, Route: category/%E0%A4%AA%E0%A5%8D%E0%A4%B0%E0%A4%AE%E0%A5%81%E0%A4%96-%E0%A4%B8%E0%A4%AE%E0%A4%BE%E0%A4%9A%E0%A4%BE%E0%A4%B0/page/7/]
in SYSTEMPATH/Router/Router.php on line 768.
 1 SYSTEMPATH/Router/Router.php(219): CodeIgniter\Router\Router->checkDisallowedChars()
 2 SYSTEMPATH/CodeIgniter.php(829): CodeIgniter\Router\Router->handle()
 3 SYSTEMPATH/CodeIgniter.php(441): CodeIgniter\CodeIgniter->tryToRouteIt()
 4 SYSTEMPATH/CodeIgniter.php(340): CodeIgniter\CodeIgniter->handleRequest()
 5 SYSTEMPATH/Boot.php(417): CodeIgniter\CodeIgniter->run()
 6 SYSTEMPATH/Boot.php(68): CodeIgniter\Boot::runCodeIgniter()
 7 FCPATH/index.php(31): CodeIgniter\Boot::bootWeb()
CRITICAL - 2026-04-29 16:18:54 --> CodeIgniter\HTTP\Exceptions\BadRequestException: The URI you submitted has disallowed characters: "प्रमुख-समाचार"
[Method: GET, Route: category/%E0%A4%AA%E0%A5%8D%E0%A4%B0%E0%A4%AE%E0%A5%81%E0%A4%96-%E0%A4%B8%E0%A4%AE%E0%A4%BE%E0%A4%9A%E0%A4%BE%E0%A4%B0/page/7/]
in SYSTEMPATH/Router/Router.php on line 768.
 1 SYSTEMPATH/Router/Router.php(219): CodeIgniter\Router\Router->checkDisallowedChars()
 2 SYSTEMPATH/CodeIgniter.php(829): CodeIgniter\Router\Router->handle()
 3 SYSTEMPATH/CodeIgniter.php(441): CodeIgniter\CodeIgniter->tryToRouteIt()
 4 SYSTEMPATH/CodeIgniter.php(340): CodeIgniter\CodeIgniter->handleRequest()
 5 SYSTEMPATH/Boot.php(417): CodeIgniter\CodeIgniter->run()
 6 SYSTEMPATH/Boot.php(68): CodeIgniter\Boot::runCodeIgniter()
 7 FCPATH/index.php(31): CodeIgniter\Boot::bootWeb()
CRITICAL - 2026-04-29 16:18:58 --> CodeIgniter\HTTP\Exceptions\BadRequestException: The URI you submitted has disallowed characters: "प्रमुख-समाचार"
[Method: GET, Route: category/%E0%A4%AA%E0%A5%8D%E0%A4%B0%E0%A4%AE%E0%A5%81%E0%A4%96-%E0%A4%B8%E0%A4%AE%E0%A4%BE%E0%A4%9A%E0%A4%BE%E0%A4%B0/page/8/]
in SYSTEMPATH/Router/Router.php on line 768.
 1 SYSTEMPATH/Router/Router.php(219): CodeIgniter\Router\Router->checkDisallowedChars()
 2 SYSTEMPATH/CodeIgniter.php(829): CodeIgniter\Router\Router->handle()
 3 SYSTEMPATH/CodeIgniter.php(441): CodeIgniter\CodeIgniter->tryToRouteIt()
 4 SYSTEMPATH/CodeIgniter.php(340): CodeIgniter\CodeIgniter->handleRequest()
 5 SYSTEMPATH/Boot.php(417): CodeIgniter\CodeIgniter->run()
 6 SYSTEMPATH/Boot.php(68): CodeIgniter\Boot::runCodeIgniter()
 7 FCPATH/index.php(31): CodeIgniter\Boot::bootWeb()
CRITICAL - 2026-04-29 16:19:00 --> CodeIgniter\HTTP\Exceptions\BadRequestException: The URI you submitted has disallowed characters: "प्रमुख-समाचार"
[Method: GET, Route: category/%E0%A4%AA%E0%A5%8D%E0%A4%B0%E0%A4%AE%E0%A5%81%E0%A4%96-%E0%A4%B8%E0%A4%AE%E0%A4%BE%E0%A4%9A%E0%A4%BE%E0%A4%B0/page/8/]
in SYSTEMPATH/Router/Router.php on line 768.
 1 SYSTEMPATH/Router/Router.php(219): CodeIgniter\Router\Router->checkDisallowedChars()
 2 SYSTEMPATH/CodeIgniter.php(829): CodeIgniter\Router\Router->handle()
 3 SYSTEMPATH/CodeIgniter.php(441): CodeIgniter\CodeIgniter->tryToRouteIt()
 4 SYSTEMPATH/CodeIgniter.php(340): CodeIgniter\CodeIgniter->handleRequest()
 5 SYSTEMPATH/Boot.php(417): CodeIgniter\CodeIgniter->run()
 6 SYSTEMPATH/Boot.php(68): CodeIgniter\Boot::runCodeIgniter()
 7 FCPATH/index.php(31): CodeIgniter\Boot::bootWeb()
CRITICAL - 2026-04-29 16:19:04 --> CodeIgniter\HTTP\Exceptions\BadRequestException: The URI you submitted has disallowed characters: "प्रमुख-समाचार"
[Method: GET, Route: category/%E0%A4%AA%E0%A5%8D%E0%A4%B0%E0%A4%AE%E0%A5%81%E0%A4%96-%E0%A4%B8%E0%A4%AE%E0%A4%BE%E0%A4%9A%E0%A4%BE%E0%A4%B0/page/9/]
in SYSTEMPATH/Router/Router.php on line 768.
 1 SYSTEMPATH/Router/Router.php(219): CodeIgniter\Router\Router->checkDisallowedChars()
 2 SYSTEMPATH/CodeIgniter.php(829): CodeIgniter\Router\Router->handle()
 3 SYSTEMPATH/CodeIgniter.php(441): CodeIgniter\CodeIgniter->tryToRouteIt()
 4 SYSTEMPATH/CodeIgniter.php(340): CodeIgniter\CodeIgniter->handleRequest()
 5 SYSTEMPATH/Boot.php(417): CodeIgniter\CodeIgniter->run()
 6 SYSTEMPATH/Boot.php(68): CodeIgniter\Boot::runCodeIgniter()
 7 FCPATH/index.php(31): CodeIgniter\Boot::bootWeb()
CRITICAL - 2026-04-29 16:19:09 --> CodeIgniter\HTTP\Exceptions\BadRequestException: The URI you submitted has disallowed characters: "मनोरञ्जन"
[Method: GET, Route: category/%E0%A4%AE%E0%A4%A8%E0%A5%8B%E0%A4%B0%E0%A4%9E%E0%A5%8D%E0%A4%9C%E0%A4%A8/page/2/]
in SYSTEMPATH/Router/Router.php on line 768.
 1 SYSTEMPATH/Router/Router.php(219): CodeIgniter\Router\Router->checkDisallowedChars()
 2 SYSTEMPATH/CodeIgniter.php(829): CodeIgniter\Router\Router->handle()
 3 SYSTEMPATH/CodeIgniter.php(441): CodeIgniter\CodeIgniter->tryToRouteIt()
 4 SYSTEMPATH/CodeIgniter.php(340): CodeIgniter\CodeIgniter->handleRequest()
 5 SYSTEMPATH/Boot.php(417): CodeIgniter\CodeIgniter->run()
 6 SYSTEMPATH/Boot.php(68): CodeIgniter\Boot::runCodeIgniter()
 7 FCPATH/index.php(31): CodeIgniter\Boot::bootWeb()
CRITICAL - 2026-04-29 16:20:04 --> CodeIgniter\HTTP\Exceptions\BadRequestException: The URI you submitted has disallowed characters: "प्रमुख-समाचार"
[Method: GET, Route: category/%E0%A4%AA%E0%A5%8D%E0%A4%B0%E0%A4%AE%E0%A5%81%E0%A4%96-%E0%A4%B8%E0%A4%AE%E0%A4%BE%E0%A4%9A%E0%A4%BE%E0%A4%B0/]
in SYSTEMPATH/Router/Router.php on line 768.
 1 SYSTEMPATH/Router/Router.php(219): CodeIgniter\Router\Router->checkDisallowedChars()
 2 SYSTEMPATH/CodeIgniter.php(829): CodeIgniter\Router\Router->handle()
 3 SYSTEMPATH/CodeIgniter.php(441): CodeIgniter\CodeIgniter->tryToRouteIt()
 4 SYSTEMPATH/CodeIgniter.php(340): CodeIgniter\CodeIgniter->handleRequest()
 5 SYSTEMPATH/Boot.php(417): CodeIgniter\CodeIgniter->run()
 6 SYSTEMPATH/Boot.php(68): CodeIgniter\Boot::runCodeIgniter()
 7 FCPATH/index.php(31): CodeIgniter\Boot::bootWeb()
CRITICAL - 2026-04-29 16:21:01 --> CodeIgniter\HTTP\Exceptions\BadRequestException: The URI you submitted has disallowed characters: "प्रदेश-३"
[Method: GET, Route: category/%E0%A4%AA%E0%A5%8D%E0%A4%B0%E0%A4%A6%E0%A5%87%E0%A4%B6-%E0%A5%A9/]
in SYSTEMPATH/Router/Router.php on line 768.
 1 SYSTEMPATH/Router/Router.php(219): CodeIgniter\Router\Router->checkDisallowedChars()
 2 SYSTEMPATH/CodeIgniter.php(829): CodeIgniter\Router\Router->handle()
 3 SYSTEMPATH/CodeIgniter.php(441): CodeIgniter\CodeIgniter->tryToRouteIt()
 4 SYSTEMPATH/CodeIgniter.php(340): CodeIgniter\CodeIgniter->handleRequest()
 5 SYSTEMPATH/Boot.php(417): CodeIgniter\CodeIgniter->run()
 6 SYSTEMPATH/Boot.php(68): CodeIgniter\Boot::runCodeIgniter()
 7 FCPATH/index.php(31): CodeIgniter\Boot::bootWeb()
CRITICAL - 2026-04-29 16:21:02 --> CodeIgniter\HTTP\Exceptions\BadRequestException: The URI you submitted has disallowed characters: "राजनीति"
[Method: GET, Route: category/%E0%A4%B0%E0%A4%BE%E0%A4%9C%E0%A4%A8%E0%A5%80%E0%A4%A4%E0%A4%BF/]
in SYSTEMPATH/Router/Router.php on line 768.
 1 SYSTEMPATH/Router/Router.php(219): CodeIgniter\Router\Router->checkDisallowedChars()
 2 SYSTEMPATH/CodeIgniter.php(829): CodeIgniter\Router\Router->handle()
 3 SYSTEMPATH/CodeIgniter.php(441): CodeIgniter\CodeIgniter->tryToRouteIt()
 4 SYSTEMPATH/CodeIgniter.php(340): CodeIgniter\CodeIgniter->handleRequest()
 5 SYSTEMPATH/Boot.php(417): CodeIgniter\CodeIgniter->run()
 6 SYSTEMPATH/Boot.php(68): CodeIgniter\Boot::runCodeIgniter()
 7 FCPATH/index.php(31): CodeIgniter\Boot::bootWeb()
CRITICAL - 2026-04-29 16:23:44 --> CodeIgniter\HTTP\Exceptions\BadRequestException: The URI you submitted has disallowed characters: "सूचना-प्रविधि"
[Method: GET, Route: category/%E0%A4%B8%E0%A5%82%E0%A4%9A%E0%A4%A8%E0%A4%BE-%E0%A4%AA%E0%A5%8D%E0%A4%B0%E0%A4%B5%E0%A4%BF%E0%A4%A7%E0%A4%BF]
in SYSTEMPATH/Router/Router.php on line 768.
 1 SYSTEMPATH/Router/Router.php(219): CodeIgniter\Router\Router->checkDisallowedChars()
 2 SYSTEMPATH/CodeIgniter.php(829): CodeIgniter\Router\Router->handle()
 3 SYSTEMPATH/CodeIgniter.php(441): CodeIgniter\CodeIgniter->tryToRouteIt()
 4 SYSTEMPATH/CodeIgniter.php(340): CodeIgniter\CodeIgniter->handleRequest()
 5 SYSTEMPATH/Boot.php(417): CodeIgniter\CodeIgniter->run()
 6 SYSTEMPATH/Boot.php(68): CodeIgniter\Boot::runCodeIgniter()
 7 FCPATH/index.php(31): CodeIgniter\Boot::bootWeb()
CRITICAL - 2026-04-29 16:33:43 --> CodeIgniter\HTTP\Exceptions\BadRequestException: The URI you submitted has disallowed characters: "इपेपर"
[Method: GET, Route: category/%E0%A4%87%E0%A4%AA%E0%A5%87%E0%A4%AA%E0%A4%B0/feed/]
in SYSTEMPATH/Router/Router.php on line 768.
 1 SYSTEMPATH/Router/Router.php(219): CodeIgniter\Router\Router->checkDisallowedChars()
 2 SYSTEMPATH/CodeIgniter.php(829): CodeIgniter\Router\Router->handle()
 3 SYSTEMPATH/CodeIgniter.php(441): CodeIgniter\CodeIgniter->tryToRouteIt()
 4 SYSTEMPATH/CodeIgniter.php(340): CodeIgniter\CodeIgniter->handleRequest()
 5 SYSTEMPATH/Boot.php(417): CodeIgniter\CodeIgniter->run()
 6 SYSTEMPATH/Boot.php(68): CodeIgniter\Boot::runCodeIgniter()
 7 FCPATH/index.php(31): CodeIgniter\Boot::bootWeb()
CRITICAL - 2026-04-29 16:33:44 --> CodeIgniter\HTTP\Exceptions\BadRequestException: The URI you submitted has disallowed characters: "पत्रपत्रिका"
[Method: GET, Route: category/%E0%A4%AA%E0%A4%A4%E0%A5%8D%E0%A4%B0%E0%A4%AA%E0%A4%A4%E0%A5%8D%E0%A4%B0%E0%A4%BF%E0%A4%95%E0%A4%BE/feed/]
in SYSTEMPATH/Router/Router.php on line 768.
 1 SYSTEMPATH/Router/Router.php(219): CodeIgniter\Router\Router->checkDisallowedChars()
 2 SYSTEMPATH/CodeIgniter.php(829): CodeIgniter\Router\Router->handle()
 3 SYSTEMPATH/CodeIgniter.php(441): CodeIgniter\CodeIgniter->tryToRouteIt()
 4 SYSTEMPATH/CodeIgniter.php(340): CodeIgniter\CodeIgniter->handleRequest()
 5 SYSTEMPATH/Boot.php(417): CodeIgniter\CodeIgniter->run()
 6 SYSTEMPATH/Boot.php(68): CodeIgniter\Boot::runCodeIgniter()
 7 FCPATH/index.php(31): CodeIgniter\Boot::bootWeb()
CRITICAL - 2026-04-29 16:33:46 --> CodeIgniter\HTTP\Exceptions\BadRequestException: The URI you submitted has disallowed characters: "प्रदेश-१"
[Method: GET, Route: category/%E0%A4%AA%E0%A5%8D%E0%A4%B0%E0%A4%A6%E0%A5%87%E0%A4%B6-%E0%A5%A7/feed/]
in SYSTEMPATH/Router/Router.php on line 768.
 1 SYSTEMPATH/Router/Router.php(219): CodeIgniter\Router\Router->checkDisallowedChars()
 2 SYSTEMPATH/CodeIgniter.php(829): CodeIgniter\Router\Router->handle()
 3 SYSTEMPATH/CodeIgniter.php(441): CodeIgniter\CodeIgniter->tryToRouteIt()
 4 SYSTEMPATH/CodeIgniter.php(340): CodeIgniter\CodeIgniter->handleRequest()
 5 SYSTEMPATH/Boot.php(417): CodeIgniter\CodeIgniter->run()
 6 SYSTEMPATH/Boot.php(68): CodeIgniter\Boot::runCodeIgniter()
 7 FCPATH/index.php(31): CodeIgniter\Boot::bootWeb()
CRITICAL - 2026-04-29 16:33:48 --> CodeIgniter\HTTP\Exceptions\BadRequestException: The URI you submitted has disallowed characters: "प्रदेश-२"
[Method: GET, Route: category/%E0%A4%AA%E0%A5%8D%E0%A4%B0%E0%A4%A6%E0%A5%87%E0%A4%B6-%E0%A5%A8/feed/]
in SYSTEMPATH/Router/Router.php on line 768.
 1 SYSTEMPATH/Router/Router.php(219): CodeIgniter\Router\Router->checkDisallowedChars()
 2 SYSTEMPATH/CodeIgniter.php(829): CodeIgniter\Router\Router->handle()
 3 SYSTEMPATH/CodeIgniter.php(441): CodeIgniter\CodeIgniter->tryToRouteIt()
 4 SYSTEMPATH/CodeIgniter.php(340): CodeIgniter\CodeIgniter->handleRequest()
 5 SYSTEMPATH/Boot.php(417): CodeIgniter\CodeIgniter->run()
 6 SYSTEMPATH/Boot.php(68): CodeIgniter\Boot::runCodeIgniter()
 7 FCPATH/index.php(31): CodeIgniter\Boot::bootWeb()
CRITICAL - 2026-04-29 16:33:50 --> CodeIgniter\HTTP\Exceptions\BadRequestException: The URI you submitted has disallowed characters: "प्रदेश-३"
[Method: GET, Route: category/%E0%A4%AA%E0%A5%8D%E0%A4%B0%E0%A4%A6%E0%A5%87%E0%A4%B6-%E0%A5%A9/feed/]
in SYSTEMPATH/Router/Router.php on line 768.
 1 SYSTEMPATH/Router/Router.php(219): CodeIgniter\Router\Router->checkDisallowedChars()
 2 SYSTEMPATH/CodeIgniter.php(829): CodeIgniter\Router\Router->handle()
 3 SYSTEMPATH/CodeIgniter.php(441): CodeIgniter\CodeIgniter->tryToRouteIt()
 4 SYSTEMPATH/CodeIgniter.php(340): CodeIgniter\CodeIgniter->handleRequest()
 5 SYSTEMPATH/Boot.php(417): CodeIgniter\CodeIgniter->run()
 6 SYSTEMPATH/Boot.php(68): CodeIgniter\Boot::runCodeIgniter()
 7 FCPATH/index.php(31): CodeIgniter\Boot::bootWeb()
CRITICAL - 2026-04-29 16:33:52 --> CodeIgniter\HTTP\Exceptions\BadRequestException: The URI you submitted has disallowed characters: "प्रदेश-४"
[Method: GET, Route: category/%E0%A4%AA%E0%A5%8D%E0%A4%B0%E0%A4%A6%E0%A5%87%E0%A4%B6-%E0%A5%AA/feed/]
in SYSTEMPATH/Router/Router.php on line 768.
 1 SYSTEMPATH/Router/Router.php(219): CodeIgniter\Router\Router->checkDisallowedChars()
 2 SYSTEMPATH/CodeIgniter.php(829): CodeIgniter\Router\Router->handle()
 3 SYSTEMPATH/CodeIgniter.php(441): CodeIgniter\CodeIgniter->tryToRouteIt()
 4 SYSTEMPATH/CodeIgniter.php(340): CodeIgniter\CodeIgniter->handleRequest()
 5 SYSTEMPATH/Boot.php(417): CodeIgniter\CodeIgniter->run()
 6 SYSTEMPATH/Boot.php(68): CodeIgniter\Boot::runCodeIgniter()
 7 FCPATH/index.php(31): CodeIgniter\Boot::bootWeb()
CRITICAL - 2026-04-29 16:33:53 --> CodeIgniter\HTTP\Exceptions\BadRequestException: The URI you submitted has disallowed characters: "प्रदेश-५"
[Method: GET, Route: category/%E0%A4%AA%E0%A5%8D%E0%A4%B0%E0%A4%A6%E0%A5%87%E0%A4%B6-%E0%A5%AB/feed/]
in SYSTEMPATH/Router/Router.php on line 768.
 1 SYSTEMPATH/Router/Router.php(219): CodeIgniter\Router\Router->checkDisallowedChars()
 2 SYSTEMPATH/CodeIgniter.php(829): CodeIgniter\Router\Router->handle()
 3 SYSTEMPATH/CodeIgniter.php(441): CodeIgniter\CodeIgniter->tryToRouteIt()
 4 SYSTEMPATH/CodeIgniter.php(340): CodeIgniter\CodeIgniter->handleRequest()
 5 SYSTEMPATH/Boot.php(417): CodeIgniter\CodeIgniter->run()
 6 SYSTEMPATH/Boot.php(68): CodeIgniter\Boot::runCodeIgniter()
 7 FCPATH/index.php(31): CodeIgniter\Boot::bootWeb()
CRITICAL - 2026-04-29 16:33:55 --> CodeIgniter\HTTP\Exceptions\BadRequestException: The URI you submitted has disallowed characters: "प्रदेश-६"
[Method: GET, Route: category/%E0%A4%AA%E0%A5%8D%E0%A4%B0%E0%A4%A6%E0%A5%87%E0%A4%B6-%E0%A5%AC/feed/]
in SYSTEMPATH/Router/Router.php on line 768.
 1 SYSTEMPATH/Router/Router.php(219): CodeIgniter\Router\Router->checkDisallowedChars()
 2 SYSTEMPATH/CodeIgniter.php(829): CodeIgniter\Router\Router->handle()
 3 SYSTEMPATH/CodeIgniter.php(441): CodeIgniter\CodeIgniter->tryToRouteIt()
 4 SYSTEMPATH/CodeIgniter.php(340): CodeIgniter\CodeIgniter->handleRequest()
 5 SYSTEMPATH/Boot.php(417): CodeIgniter\CodeIgniter->run()
 6 SYSTEMPATH/Boot.php(68): CodeIgniter\Boot::runCodeIgniter()
 7 FCPATH/index.php(31): CodeIgniter\Boot::bootWeb()
CRITICAL - 2026-04-29 16:33:57 --> CodeIgniter\HTTP\Exceptions\BadRequestException: The URI you submitted has disallowed characters: "प्रदेश-७"
[Method: GET, Route: category/%E0%A4%AA%E0%A5%8D%E0%A4%B0%E0%A4%A6%E0%A5%87%E0%A4%B6-%E0%A5%AD/feed/]
in SYSTEMPATH/Router/Router.php on line 768.
 1 SYSTEMPATH/Router/Router.php(219): CodeIgniter\Router\Router->checkDisallowedChars()
 2 SYSTEMPATH/CodeIgniter.php(829): CodeIgniter\Router\Router->handle()
 3 SYSTEMPATH/CodeIgniter.php(441): CodeIgniter\CodeIgniter->tryToRouteIt()
 4 SYSTEMPATH/CodeIgniter.php(340): CodeIgniter\CodeIgniter->handleRequest()
 5 SYSTEMPATH/Boot.php(417): CodeIgniter\CodeIgniter->run()
 6 SYSTEMPATH/Boot.php(68): CodeIgniter\Boot::runCodeIgniter()
 7 FCPATH/index.php(31): CodeIgniter\Boot::bootWeb()
CRITICAL - 2026-04-29 16:33:59 --> CodeIgniter\HTTP\Exceptions\BadRequestException: The URI you submitted has disallowed characters: "प्रमुख-समाचार"
[Method: GET, Route: category/%E0%A4%AA%E0%A5%8D%E0%A4%B0%E0%A4%AE%E0%A5%81%E0%A4%96-%E0%A4%B8%E0%A4%AE%E0%A4%BE%E0%A4%9A%E0%A4%BE%E0%A4%B0/feed/]
in SYSTEMPATH/Router/Router.php on line 768.
 1 SYSTEMPATH/Router/Router.php(219): CodeIgniter\Router\Router->checkDisallowedChars()
 2 SYSTEMPATH/CodeIgniter.php(829): CodeIgniter\Router\Router->handle()
 3 SYSTEMPATH/CodeIgniter.php(441): CodeIgniter\CodeIgniter->tryToRouteIt()
 4 SYSTEMPATH/CodeIgniter.php(340): CodeIgniter\CodeIgniter->handleRequest()
 5 SYSTEMPATH/Boot.php(417): CodeIgniter\CodeIgniter->run()
 6 SYSTEMPATH/Boot.php(68): CodeIgniter\Boot::runCodeIgniter()
 7 FCPATH/index.php(31): CodeIgniter\Boot::bootWeb()
CRITICAL - 2026-04-29 16:34:01 --> CodeIgniter\HTTP\Exceptions\BadRequestException: The URI you submitted has disallowed characters: "मनोरञ्जन"
[Method: GET, Route: category/%E0%A4%AE%E0%A4%A8%E0%A5%8B%E0%A4%B0%E0%A4%9E%E0%A5%8D%E0%A4%9C%E0%A4%A8/feed/]
in SYSTEMPATH/Router/Router.php on line 768.
 1 SYSTEMPATH/Router/Router.php(219): CodeIgniter\Router\Router->checkDisallowedChars()
 2 SYSTEMPATH/CodeIgniter.php(829): CodeIgniter\Router\Router->handle()
 3 SYSTEMPATH/CodeIgniter.php(441): CodeIgniter\CodeIgniter->tryToRouteIt()
 4 SYSTEMPATH/CodeIgniter.php(340): CodeIgniter\CodeIgniter->handleRequest()
 5 SYSTEMPATH/Boot.php(417): CodeIgniter\CodeIgniter->run()
 6 SYSTEMPATH/Boot.php(68): CodeIgniter\Boot::runCodeIgniter()
 7 FCPATH/index.php(31): CodeIgniter\Boot::bootWeb()
CRITICAL - 2026-04-29 16:34:05 --> CodeIgniter\HTTP\Exceptions\BadRequestException: The URI you submitted has disallowed characters: "राजनीति"
[Method: GET, Route: category/%E0%A4%B0%E0%A4%BE%E0%A4%9C%E0%A4%A8%E0%A5%80%E0%A4%A4%E0%A4%BF/feed/]
in SYSTEMPATH/Router/Router.php on line 768.
 1 SYSTEMPATH/Router/Router.php(219): CodeIgniter\Router\Router->checkDisallowedChars()
 2 SYSTEMPATH/CodeIgniter.php(829): CodeIgniter\Router\Router->handle()
 3 SYSTEMPATH/CodeIgniter.php(441): CodeIgniter\CodeIgniter->tryToRouteIt()
 4 SYSTEMPATH/CodeIgniter.php(340): CodeIgniter\CodeIgniter->handleRequest()
 5 SYSTEMPATH/Boot.php(417): CodeIgniter\CodeIgniter->run()
 6 SYSTEMPATH/Boot.php(68): CodeIgniter\Boot::runCodeIgniter()
 7 FCPATH/index.php(31): CodeIgniter\Boot::bootWeb()
CRITICAL - 2026-04-29 16:34:07 --> CodeIgniter\HTTP\Exceptions\BadRequestException: The URI you submitted has disallowed characters: "राजनीति"
[Method: GET, Route: category/%E0%A4%B0%E0%A4%BE%E0%A4%9C%E0%A4%A8%E0%A5%80%E0%A4%A4%E0%A4%BF/feed/]
in SYSTEMPATH/Router/Router.php on line 768.
 1 SYSTEMPATH/Router/Router.php(219): CodeIgniter\Router\Router->checkDisallowedChars()
 2 SYSTEMPATH/CodeIgniter.php(829): CodeIgniter\Router\Router->handle()
 3 SYSTEMPATH/CodeIgniter.php(441): CodeIgniter\CodeIgniter->tryToRouteIt()
 4 SYSTEMPATH/CodeIgniter.php(340): CodeIgniter\CodeIgniter->handleRequest()
 5 SYSTEMPATH/Boot.php(417): CodeIgniter\CodeIgniter->run()
 6 SYSTEMPATH/Boot.php(68): CodeIgniter\Boot::runCodeIgniter()
 7 FCPATH/index.php(31): CodeIgniter\Boot::bootWeb()
CRITICAL - 2026-04-29 16:34:09 --> CodeIgniter\HTTP\Exceptions\BadRequestException: The URI you submitted has disallowed characters: "इपेपर"
[Method: GET, Route: category/%E0%A4%87%E0%A4%AA%E0%A5%87%E0%A4%AA%E0%A4%B0/]
in SYSTEMPATH/Router/Router.php on line 768.
 1 SYSTEMPATH/Router/Router.php(219): CodeIgniter\Router\Router->checkDisallowedChars()
 2 SYSTEMPATH/CodeIgniter.php(829): CodeIgniter\Router\Router->handle()
 3 SYSTEMPATH/CodeIgniter.php(441): CodeIgniter\CodeIgniter->tryToRouteIt()
 4 SYSTEMPATH/CodeIgniter.php(340): CodeIgniter\CodeIgniter->handleRequest()
 5 SYSTEMPATH/Boot.php(417): CodeIgniter\CodeIgniter->run()
 6 SYSTEMPATH/Boot.php(68): CodeIgniter\Boot::runCodeIgniter()
 7 FCPATH/index.php(31): CodeIgniter\Boot::bootWeb()
CRITICAL - 2026-04-29 16:34:13 --> CodeIgniter\HTTP\Exceptions\BadRequestException: The URI you submitted has disallowed characters: "इपेपर"
[Method: GET, Route: category/%E0%A4%87%E0%A4%AA%E0%A5%87%E0%A4%AA%E0%A4%B0/page/2/]
in SYSTEMPATH/Router/Router.php on line 768.
 1 SYSTEMPATH/Router/Router.php(219): CodeIgniter\Router\Router->checkDisallowedChars()
 2 SYSTEMPATH/CodeIgniter.php(829): CodeIgniter\Router\Router->handle()
 3 SYSTEMPATH/CodeIgniter.php(441): CodeIgniter\CodeIgniter->tryToRouteIt()
 4 SYSTEMPATH/CodeIgniter.php(340): CodeIgniter\CodeIgniter->handleRequest()
 5 SYSTEMPATH/Boot.php(417): CodeIgniter\CodeIgniter->run()
 6 SYSTEMPATH/Boot.php(68): CodeIgniter\Boot::runCodeIgniter()
 7 FCPATH/index.php(31): CodeIgniter\Boot::bootWeb()
CRITICAL - 2026-04-29 16:34:15 --> CodeIgniter\HTTP\Exceptions\BadRequestException: The URI you submitted has disallowed characters: "इपेपर"
[Method: GET, Route: category/%E0%A4%87%E0%A4%AA%E0%A5%87%E0%A4%AA%E0%A4%B0/page/2/]
in SYSTEMPATH/Router/Router.php on line 768.
 1 SYSTEMPATH/Router/Router.php(219): CodeIgniter\Router\Router->checkDisallowedChars()
 2 SYSTEMPATH/CodeIgniter.php(829): CodeIgniter\Router\Router->handle()
 3 SYSTEMPATH/CodeIgniter.php(441): CodeIgniter\CodeIgniter->tryToRouteIt()
 4 SYSTEMPATH/CodeIgniter.php(340): CodeIgniter\CodeIgniter->handleRequest()
 5 SYSTEMPATH/Boot.php(417): CodeIgniter\CodeIgniter->run()
 6 SYSTEMPATH/Boot.php(68): CodeIgniter\Boot::runCodeIgniter()
 7 FCPATH/index.php(31): CodeIgniter\Boot::bootWeb()
CRITICAL - 2026-04-29 16:34:19 --> CodeIgniter\HTTP\Exceptions\BadRequestException: The URI you submitted has disallowed characters: "इपेपर"
[Method: GET, Route: category/%E0%A4%87%E0%A4%AA%E0%A5%87%E0%A4%AA%E0%A4%B0/page/3/]
in SYSTEMPATH/Router/Router.php on line 768.
 1 SYSTEMPATH/Router/Router.php(219): CodeIgniter\Router\Router->checkDisallowedChars()
 2 SYSTEMPATH/CodeIgniter.php(829): CodeIgniter\Router\Router->handle()
 3 SYSTEMPATH/CodeIgniter.php(441): CodeIgniter\CodeIgniter->tryToRouteIt()
 4 SYSTEMPATH/CodeIgniter.php(340): CodeIgniter\CodeIgniter->handleRequest()
 5 SYSTEMPATH/Boot.php(417): CodeIgniter\CodeIgniter->run()
 6 SYSTEMPATH/Boot.php(68): CodeIgniter\Boot::runCodeIgniter()
 7 FCPATH/index.php(31): CodeIgniter\Boot::bootWeb()
CRITICAL - 2026-04-29 16:34:20 --> CodeIgniter\HTTP\Exceptions\BadRequestException: The URI you submitted has disallowed characters: "इपेपर"
[Method: GET, Route: category/%E0%A4%87%E0%A4%AA%E0%A5%87%E0%A4%AA%E0%A4%B0/page/3/]
in SYSTEMPATH/Router/Router.php on line 768.
 1 SYSTEMPATH/Router/Router.php(219): CodeIgniter\Router\Router->checkDisallowedChars()
 2 SYSTEMPATH/CodeIgniter.php(829): CodeIgniter\Router\Router->handle()
 3 SYSTEMPATH/CodeIgniter.php(441): CodeIgniter\CodeIgniter->tryToRouteIt()
 4 SYSTEMPATH/CodeIgniter.php(340): CodeIgniter\CodeIgniter->handleRequest()
 5 SYSTEMPATH/Boot.php(417): CodeIgniter\CodeIgniter->run()
 6 SYSTEMPATH/Boot.php(68): CodeIgniter\Boot::runCodeIgniter()
 7 FCPATH/index.php(31): CodeIgniter\Boot::bootWeb()
CRITICAL - 2026-04-29 16:34:24 --> CodeIgniter\HTTP\Exceptions\BadRequestException: The URI you submitted has disallowed characters: "इपेपर"
[Method: GET, Route: category/%E0%A4%87%E0%A4%AA%E0%A5%87%E0%A4%AA%E0%A4%B0/page/4/]
in SYSTEMPATH/Router/Router.php on line 768.
 1 SYSTEMPATH/Router/Router.php(219): CodeIgniter\Router\Router->checkDisallowedChars()
 2 SYSTEMPATH/CodeIgniter.php(829): CodeIgniter\Router\Router->handle()
 3 SYSTEMPATH/CodeIgniter.php(441): CodeIgniter\CodeIgniter->tryToRouteIt()
 4 SYSTEMPATH/CodeIgniter.php(340): CodeIgniter\CodeIgniter->handleRequest()
 5 SYSTEMPATH/Boot.php(417): CodeIgniter\CodeIgniter->run()
 6 SYSTEMPATH/Boot.php(68): CodeIgniter\Boot::runCodeIgniter()
 7 FCPATH/index.php(31): CodeIgniter\Boot::bootWeb()
CRITICAL - 2026-04-29 16:34:26 --> CodeIgniter\HTTP\Exceptions\BadRequestException: The URI you submitted has disallowed characters: "इपेपर"
[Method: GET, Route: category/%E0%A4%87%E0%A4%AA%E0%A5%87%E0%A4%AA%E0%A4%B0/page/4/]
in SYSTEMPATH/Router/Router.php on line 768.
 1 SYSTEMPATH/Router/Router.php(219): CodeIgniter\Router\Router->checkDisallowedChars()
 2 SYSTEMPATH/CodeIgniter.php(829): CodeIgniter\Router\Router->handle()
 3 SYSTEMPATH/CodeIgniter.php(441): CodeIgniter\CodeIgniter->tryToRouteIt()
 4 SYSTEMPATH/CodeIgniter.php(340): CodeIgniter\CodeIgniter->handleRequest()
 5 SYSTEMPATH/Boot.php(417): CodeIgniter\CodeIgniter->run()
 6 SYSTEMPATH/Boot.php(68): CodeIgniter\Boot::runCodeIgniter()
 7 FCPATH/index.php(31): CodeIgniter\Boot::bootWeb()
CRITICAL - 2026-04-29 16:34:29 --> CodeIgniter\HTTP\Exceptions\BadRequestException: The URI you submitted has disallowed characters: "इपेपर"
[Method: GET, Route: category/%E0%A4%87%E0%A4%AA%E0%A5%87%E0%A4%AA%E0%A4%B0/page/5/]
in SYSTEMPATH/Router/Router.php on line 768.
 1 SYSTEMPATH/Router/Router.php(219): CodeIgniter\Router\Router->checkDisallowedChars()
 2 SYSTEMPATH/CodeIgniter.php(829): CodeIgniter\Router\Router->handle()
 3 SYSTEMPATH/CodeIgniter.php(441): CodeIgniter\CodeIgniter->tryToRouteIt()
 4 SYSTEMPATH/CodeIgniter.php(340): CodeIgniter\CodeIgniter->handleRequest()
 5 SYSTEMPATH/Boot.php(417): CodeIgniter\CodeIgniter->run()
 6 SYSTEMPATH/Boot.php(68): CodeIgniter\Boot::runCodeIgniter()
 7 FCPATH/index.php(31): CodeIgniter\Boot::bootWeb()
CRITICAL - 2026-04-29 16:34:31 --> CodeIgniter\HTTP\Exceptions\BadRequestException: The URI you submitted has disallowed characters: "इपेपर"
[Method: GET, Route: category/%E0%A4%87%E0%A4%AA%E0%A5%87%E0%A4%AA%E0%A4%B0/page/5/]
in SYSTEMPATH/Router/Router.php on line 768.
 1 SYSTEMPATH/Router/Router.php(219): CodeIgniter\Router\Router->checkDisallowedChars()
 2 SYSTEMPATH/CodeIgniter.php(829): CodeIgniter\Router\Router->handle()
 3 SYSTEMPATH/CodeIgniter.php(441): CodeIgniter\CodeIgniter->tryToRouteIt()
 4 SYSTEMPATH/CodeIgniter.php(340): CodeIgniter\CodeIgniter->handleRequest()
 5 SYSTEMPATH/Boot.php(417): CodeIgniter\CodeIgniter->run()
 6 SYSTEMPATH/Boot.php(68): CodeIgniter\Boot::runCodeIgniter()
 7 FCPATH/index.php(31): CodeIgniter\Boot::bootWeb()
CRITICAL - 2026-04-29 16:34:35 --> CodeIgniter\HTTP\Exceptions\BadRequestException: The URI you submitted has disallowed characters: "इपेपर"
[Method: GET, Route: category/%E0%A4%87%E0%A4%AA%E0%A5%87%E0%A4%AA%E0%A4%B0/page/6/]
in SYSTEMPATH/Router/Router.php on line 768.
 1 SYSTEMPATH/Router/Router.php(219): CodeIgniter\Router\Router->checkDisallowedChars()
 2 SYSTEMPATH/CodeIgniter.php(829): CodeIgniter\Router\Router->handle()
 3 SYSTEMPATH/CodeIgniter.php(441): CodeIgniter\CodeIgniter->tryToRouteIt()
 4 SYSTEMPATH/CodeIgniter.php(340): CodeIgniter\CodeIgniter->handleRequest()
 5 SYSTEMPATH/Boot.php(417): CodeIgniter\CodeIgniter->run()
 6 SYSTEMPATH/Boot.php(68): CodeIgniter\Boot::runCodeIgniter()
 7 FCPATH/index.php(31): CodeIgniter\Boot::bootWeb()
CRITICAL - 2026-04-29 16:34:37 --> CodeIgniter\HTTP\Exceptions\BadRequestException: The URI you submitted has disallowed characters: "इपेपर"
[Method: GET, Route: category/%E0%A4%87%E0%A4%AA%E0%A5%87%E0%A4%AA%E0%A4%B0/page/6/]
in SYSTEMPATH/Router/Router.php on line 768.
 1 SYSTEMPATH/Router/Router.php(219): CodeIgniter\Router\Router->checkDisallowedChars()
 2 SYSTEMPATH/CodeIgniter.php(829): CodeIgniter\Router\Router->handle()
 3 SYSTEMPATH/CodeIgniter.php(441): CodeIgniter\CodeIgniter->tryToRouteIt()
 4 SYSTEMPATH/CodeIgniter.php(340): CodeIgniter\CodeIgniter->handleRequest()
 5 SYSTEMPATH/Boot.php(417): CodeIgniter\CodeIgniter->run()
 6 SYSTEMPATH/Boot.php(68): CodeIgniter\Boot::runCodeIgniter()
 7 FCPATH/index.php(31): CodeIgniter\Boot::bootWeb()
CRITICAL - 2026-04-29 16:34:40 --> CodeIgniter\HTTP\Exceptions\BadRequestException: The URI you submitted has disallowed characters: "इपेपर"
[Method: GET, Route: category/%E0%A4%87%E0%A4%AA%E0%A5%87%E0%A4%AA%E0%A4%B0/page/7/]
in SYSTEMPATH/Router/Router.php on line 768.
 1 SYSTEMPATH/Router/Router.php(219): CodeIgniter\Router\Router->checkDisallowedChars()
 2 SYSTEMPATH/CodeIgniter.php(829): CodeIgniter\Router\Router->handle()
 3 SYSTEMPATH/CodeIgniter.php(441): CodeIgniter\CodeIgniter->tryToRouteIt()
 4 SYSTEMPATH/CodeIgniter.php(340): CodeIgniter\CodeIgniter->handleRequest()
 5 SYSTEMPATH/Boot.php(417): CodeIgniter\CodeIgniter->run()
 6 SYSTEMPATH/Boot.php(68): CodeIgniter\Boot::runCodeIgniter()
 7 FCPATH/index.php(31): CodeIgniter\Boot::bootWeb()
CRITICAL - 2026-04-29 16:34:42 --> CodeIgniter\HTTP\Exceptions\BadRequestException: The URI you submitted has disallowed characters: "इपेपर"
[Method: GET, Route: category/%E0%A4%87%E0%A4%AA%E0%A5%87%E0%A4%AA%E0%A4%B0/page/7/]
in SYSTEMPATH/Router/Router.php on line 768.
 1 SYSTEMPATH/Router/Router.php(219): CodeIgniter\Router\Router->checkDisallowedChars()
 2 SYSTEMPATH/CodeIgniter.php(829): CodeIgniter\Router\Router->handle()
 3 SYSTEMPATH/CodeIgniter.php(441): CodeIgniter\CodeIgniter->tryToRouteIt()
 4 SYSTEMPATH/CodeIgniter.php(340): CodeIgniter\CodeIgniter->handleRequest()
 5 SYSTEMPATH/Boot.php(417): CodeIgniter\CodeIgniter->run()
 6 SYSTEMPATH/Boot.php(68): CodeIgniter\Boot::runCodeIgniter()
 7 FCPATH/index.php(31): CodeIgniter\Boot::bootWeb()
CRITICAL - 2026-04-29 16:34:46 --> CodeIgniter\HTTP\Exceptions\BadRequestException: The URI you submitted has disallowed characters: "पत्रपत्रिका"
[Method: GET, Route: category/%E0%A4%AA%E0%A4%A4%E0%A5%8D%E0%A4%B0%E0%A4%AA%E0%A4%A4%E0%A5%8D%E0%A4%B0%E0%A4%BF%E0%A4%95%E0%A4%BE/]
in SYSTEMPATH/Router/Router.php on line 768.
 1 SYSTEMPATH/Router/Router.php(219): CodeIgniter\Router\Router->checkDisallowedChars()
 2 SYSTEMPATH/CodeIgniter.php(829): CodeIgniter\Router\Router->handle()
 3 SYSTEMPATH/CodeIgniter.php(441): CodeIgniter\CodeIgniter->tryToRouteIt()
 4 SYSTEMPATH/CodeIgniter.php(340): CodeIgniter\CodeIgniter->handleRequest()
 5 SYSTEMPATH/Boot.php(417): CodeIgniter\CodeIgniter->run()
 6 SYSTEMPATH/Boot.php(68): CodeIgniter\Boot::runCodeIgniter()
 7 FCPATH/index.php(31): CodeIgniter\Boot::bootWeb()
CRITICAL - 2026-04-29 16:34:48 --> CodeIgniter\HTTP\Exceptions\BadRequestException: The URI you submitted has disallowed characters: "पत्रपत्रिका"
[Method: GET, Route: category/%E0%A4%AA%E0%A4%A4%E0%A5%8D%E0%A4%B0%E0%A4%AA%E0%A4%A4%E0%A5%8D%E0%A4%B0%E0%A4%BF%E0%A4%95%E0%A4%BE/]
in SYSTEMPATH/Router/Router.php on line 768.
 1 SYSTEMPATH/Router/Router.php(219): CodeIgniter\Router\Router->checkDisallowedChars()
 2 SYSTEMPATH/CodeIgniter.php(829): CodeIgniter\Router\Router->handle()
 3 SYSTEMPATH/CodeIgniter.php(441): CodeIgniter\CodeIgniter->tryToRouteIt()
 4 SYSTEMPATH/CodeIgniter.php(340): CodeIgniter\CodeIgniter->handleRequest()
 5 SYSTEMPATH/Boot.php(417): CodeIgniter\CodeIgniter->run()
 6 SYSTEMPATH/Boot.php(68): CodeIgniter\Boot::runCodeIgniter()
 7 FCPATH/index.php(31): CodeIgniter\Boot::bootWeb()
CRITICAL - 2026-04-29 16:34:51 --> CodeIgniter\HTTP\Exceptions\BadRequestException: The URI you submitted has disallowed characters: "पत्रपत्रिका"
[Method: GET, Route: category/%E0%A4%AA%E0%A4%A4%E0%A5%8D%E0%A4%B0%E0%A4%AA%E0%A4%A4%E0%A5%8D%E0%A4%B0%E0%A4%BF%E0%A4%95%E0%A4%BE/page/10/]
in SYSTEMPATH/Router/Router.php on line 768.
 1 SYSTEMPATH/Router/Router.php(219): CodeIgniter\Router\Router->checkDisallowedChars()
 2 SYSTEMPATH/CodeIgniter.php(829): CodeIgniter\Router\Router->handle()
 3 SYSTEMPATH/CodeIgniter.php(441): CodeIgniter\CodeIgniter->tryToRouteIt()
 4 SYSTEMPATH/CodeIgniter.php(340): CodeIgniter\CodeIgniter->handleRequest()
 5 SYSTEMPATH/Boot.php(417): CodeIgniter\CodeIgniter->run()
 6 SYSTEMPATH/Boot.php(68): CodeIgniter\Boot::runCodeIgniter()
 7 FCPATH/index.php(31): CodeIgniter\Boot::bootWeb()
CRITICAL - 2026-04-29 16:34:53 --> CodeIgniter\HTTP\Exceptions\BadRequestException: The URI you submitted has disallowed characters: "पत्रपत्रिका"
[Method: GET, Route: category/%E0%A4%AA%E0%A4%A4%E0%A5%8D%E0%A4%B0%E0%A4%AA%E0%A4%A4%E0%A5%8D%E0%A4%B0%E0%A4%BF%E0%A4%95%E0%A4%BE/page/10/]
in SYSTEMPATH/Router/Router.php on line 768.
 1 SYSTEMPATH/Router/Router.php(219): CodeIgniter\Router\Router->checkDisallowedChars()
 2 SYSTEMPATH/CodeIgniter.php(829): CodeIgniter\Router\Router->handle()
 3 SYSTEMPATH/CodeIgniter.php(441): CodeIgniter\CodeIgniter->tryToRouteIt()
 4 SYSTEMPATH/CodeIgniter.php(340): CodeIgniter\CodeIgniter->handleRequest()
 5 SYSTEMPATH/Boot.php(417): CodeIgniter\CodeIgniter->run()
 6 SYSTEMPATH/Boot.php(68): CodeIgniter\Boot::runCodeIgniter()
 7 FCPATH/index.php(31): CodeIgniter\Boot::bootWeb()
CRITICAL - 2026-04-29 16:34:57 --> CodeIgniter\HTTP\Exceptions\BadRequestException: The URI you submitted has disallowed characters: "पत्रपत्रिका"
[Method: GET, Route: category/%E0%A4%AA%E0%A4%A4%E0%A5%8D%E0%A4%B0%E0%A4%AA%E0%A4%A4%E0%A5%8D%E0%A4%B0%E0%A4%BF%E0%A4%95%E0%A4%BE/page/2/]
in SYSTEMPATH/Router/Router.php on line 768.
 1 SYSTEMPATH/Router/Router.php(219): CodeIgniter\Router\Router->checkDisallowedChars()
 2 SYSTEMPATH/CodeIgniter.php(829): CodeIgniter\Router\Router->handle()
 3 SYSTEMPATH/CodeIgniter.php(441): CodeIgniter\CodeIgniter->tryToRouteIt()
 4 SYSTEMPATH/CodeIgniter.php(340): CodeIgniter\CodeIgniter->handleRequest()
 5 SYSTEMPATH/Boot.php(417): CodeIgniter\CodeIgniter->run()
 6 SYSTEMPATH/Boot.php(68): CodeIgniter\Boot::runCodeIgniter()
 7 FCPATH/index.php(31): CodeIgniter\Boot::bootWeb()
CRITICAL - 2026-04-29 16:34:59 --> CodeIgniter\HTTP\Exceptions\BadRequestException: The URI you submitted has disallowed characters: "पत्रपत्रिका"
[Method: GET, Route: category/%E0%A4%AA%E0%A4%A4%E0%A5%8D%E0%A4%B0%E0%A4%AA%E0%A4%A4%E0%A5%8D%E0%A4%B0%E0%A4%BF%E0%A4%95%E0%A4%BE/page/2/]
in SYSTEMPATH/Router/Router.php on line 768.
 1 SYSTEMPATH/Router/Router.php(219): CodeIgniter\Router\Router->checkDisallowedChars()
 2 SYSTEMPATH/CodeIgniter.php(829): CodeIgniter\Router\Router->handle()
 3 SYSTEMPATH/CodeIgniter.php(441): CodeIgniter\CodeIgniter->tryToRouteIt()
 4 SYSTEMPATH/CodeIgniter.php(340): CodeIgniter\CodeIgniter->handleRequest()
 5 SYSTEMPATH/Boot.php(417): CodeIgniter\CodeIgniter->run()
 6 SYSTEMPATH/Boot.php(68): CodeIgniter\Boot::runCodeIgniter()
 7 FCPATH/index.php(31): CodeIgniter\Boot::bootWeb()
CRITICAL - 2026-04-29 16:35:01 --> CodeIgniter\HTTP\Exceptions\BadRequestException: The URI you submitted has disallowed characters: "पत्रपत्रिका"
[Method: GET, Route: category/%E0%A4%AA%E0%A4%A4%E0%A5%8D%E0%A4%B0%E0%A4%AA%E0%A4%A4%E0%A5%8D%E0%A4%B0%E0%A4%BF%E0%A4%95%E0%A4%BE/page/3/]
in SYSTEMPATH/Router/Router.php on line 768.
 1 SYSTEMPATH/Router/Router.php(219): CodeIgniter\Router\Router->checkDisallowedChars()
 2 SYSTEMPATH/CodeIgniter.php(829): CodeIgniter\Router\Router->handle()
 3 SYSTEMPATH/CodeIgniter.php(441): CodeIgniter\CodeIgniter->tryToRouteIt()
 4 SYSTEMPATH/CodeIgniter.php(340): CodeIgniter\CodeIgniter->handleRequest()
 5 SYSTEMPATH/Boot.php(417): CodeIgniter\CodeIgniter->run()
 6 SYSTEMPATH/Boot.php(68): CodeIgniter\Boot::runCodeIgniter()
 7 FCPATH/index.php(31): CodeIgniter\Boot::bootWeb()
CRITICAL - 2026-04-29 16:35:05 --> CodeIgniter\HTTP\Exceptions\BadRequestException: The URI you submitted has disallowed characters: "पत्रपत्रिका"
[Method: GET, Route: category/%E0%A4%AA%E0%A4%A4%E0%A5%8D%E0%A4%B0%E0%A4%AA%E0%A4%A4%E0%A5%8D%E0%A4%B0%E0%A4%BF%E0%A4%95%E0%A4%BE/page/4/]
in SYSTEMPATH/Router/Router.php on line 768.
 1 SYSTEMPATH/Router/Router.php(219): CodeIgniter\Router\Router->checkDisallowedChars()
 2 SYSTEMPATH/CodeIgniter.php(829): CodeIgniter\Router\Router->handle()
 3 SYSTEMPATH/CodeIgniter.php(441): CodeIgniter\CodeIgniter->tryToRouteIt()
 4 SYSTEMPATH/CodeIgniter.php(340): CodeIgniter\CodeIgniter->handleRequest()
 5 SYSTEMPATH/Boot.php(417): CodeIgniter\CodeIgniter->run()
 6 SYSTEMPATH/Boot.php(68): CodeIgniter\Boot::runCodeIgniter()
 7 FCPATH/index.php(31): CodeIgniter\Boot::bootWeb()
CRITICAL - 2026-04-29 16:35:07 --> CodeIgniter\HTTP\Exceptions\BadRequestException: The URI you submitted has disallowed characters: "पत्रपत्रिका"
[Method: GET, Route: category/%E0%A4%AA%E0%A4%A4%E0%A5%8D%E0%A4%B0%E0%A4%AA%E0%A4%A4%E0%A5%8D%E0%A4%B0%E0%A4%BF%E0%A4%95%E0%A4%BE/page/4/]
in SYSTEMPATH/Router/Router.php on line 768.
 1 SYSTEMPATH/Router/Router.php(219): CodeIgniter\Router\Router->checkDisallowedChars()
 2 SYSTEMPATH/CodeIgniter.php(829): CodeIgniter\Router\Router->handle()
 3 SYSTEMPATH/CodeIgniter.php(441): CodeIgniter\CodeIgniter->tryToRouteIt()
 4 SYSTEMPATH/CodeIgniter.php(340): CodeIgniter\CodeIgniter->handleRequest()
 5 SYSTEMPATH/Boot.php(417): CodeIgniter\CodeIgniter->run()
 6 SYSTEMPATH/Boot.php(68): CodeIgniter\Boot::runCodeIgniter()
 7 FCPATH/index.php(31): CodeIgniter\Boot::bootWeb()
CRITICAL - 2026-04-29 16:35:09 --> CodeIgniter\HTTP\Exceptions\BadRequestException: The URI you submitted has disallowed characters: "पत्रपत्रिका"
[Method: GET, Route: category/%E0%A4%AA%E0%A4%A4%E0%A5%8D%E0%A4%B0%E0%A4%AA%E0%A4%A4%E0%A5%8D%E0%A4%B0%E0%A4%BF%E0%A4%95%E0%A4%BE/page/5/]
in SYSTEMPATH/Router/Router.php on line 768.
 1 SYSTEMPATH/Router/Router.php(219): CodeIgniter\Router\Router->checkDisallowedChars()
 2 SYSTEMPATH/CodeIgniter.php(829): CodeIgniter\Router\Router->handle()
 3 SYSTEMPATH/CodeIgniter.php(441): CodeIgniter\CodeIgniter->tryToRouteIt()
 4 SYSTEMPATH/CodeIgniter.php(340): CodeIgniter\CodeIgniter->handleRequest()
 5 SYSTEMPATH/Boot.php(417): CodeIgniter\CodeIgniter->run()
 6 SYSTEMPATH/Boot.php(68): CodeIgniter\Boot::runCodeIgniter()
 7 FCPATH/index.php(31): CodeIgniter\Boot::bootWeb()
CRITICAL - 2026-04-29 16:35:11 --> CodeIgniter\HTTP\Exceptions\BadRequestException: The URI you submitted has disallowed characters: "पत्रपत्रिका"
[Method: GET, Route: category/%E0%A4%AA%E0%A4%A4%E0%A5%8D%E0%A4%B0%E0%A4%AA%E0%A4%A4%E0%A5%8D%E0%A4%B0%E0%A4%BF%E0%A4%95%E0%A4%BE/page/6/]
in SYSTEMPATH/Router/Router.php on line 768.
 1 SYSTEMPATH/Router/Router.php(219): CodeIgniter\Router\Router->checkDisallowedChars()
 2 SYSTEMPATH/CodeIgniter.php(829): CodeIgniter\Router\Router->handle()
 3 SYSTEMPATH/CodeIgniter.php(441): CodeIgniter\CodeIgniter->tryToRouteIt()
 4 SYSTEMPATH/CodeIgniter.php(340): CodeIgniter\CodeIgniter->handleRequest()
 5 SYSTEMPATH/Boot.php(417): CodeIgniter\CodeIgniter->run()
 6 SYSTEMPATH/Boot.php(68): CodeIgniter\Boot::runCodeIgniter()
 7 FCPATH/index.php(31): CodeIgniter\Boot::bootWeb()
CRITICAL - 2026-04-29 16:35:12 --> CodeIgniter\HTTP\Exceptions\BadRequestException: The URI you submitted has disallowed characters: "पत्रपत्रिका"
[Method: GET, Route: category/%E0%A4%AA%E0%A4%A4%E0%A5%8D%E0%A4%B0%E0%A4%AA%E0%A4%A4%E0%A5%8D%E0%A4%B0%E0%A4%BF%E0%A4%95%E0%A4%BE/page/7/]
in SYSTEMPATH/Router/Router.php on line 768.
 1 SYSTEMPATH/Router/Router.php(219): CodeIgniter\Router\Router->checkDisallowedChars()
 2 SYSTEMPATH/CodeIgniter.php(829): CodeIgniter\Router\Router->handle()
 3 SYSTEMPATH/CodeIgniter.php(441): CodeIgniter\CodeIgniter->tryToRouteIt()
 4 SYSTEMPATH/CodeIgniter.php(340): CodeIgniter\CodeIgniter->handleRequest()
 5 SYSTEMPATH/Boot.php(417): CodeIgniter\CodeIgniter->run()
 6 SYSTEMPATH/Boot.php(68): CodeIgniter\Boot::runCodeIgniter()
 7 FCPATH/index.php(31): CodeIgniter\Boot::bootWeb()
CRITICAL - 2026-04-29 16:35:14 --> CodeIgniter\HTTP\Exceptions\BadRequestException: The URI you submitted has disallowed characters: "पत्रपत्रिका"
[Method: GET, Route: category/%E0%A4%AA%E0%A4%A4%E0%A5%8D%E0%A4%B0%E0%A4%AA%E0%A4%A4%E0%A5%8D%E0%A4%B0%E0%A4%BF%E0%A4%95%E0%A4%BE/page/8/]
in SYSTEMPATH/Router/Router.php on line 768.
 1 SYSTEMPATH/Router/Router.php(219): CodeIgniter\Router\Router->checkDisallowedChars()
 2 SYSTEMPATH/CodeIgniter.php(829): CodeIgniter\Router\Router->handle()
 3 SYSTEMPATH/CodeIgniter.php(441): CodeIgniter\CodeIgniter->tryToRouteIt()
 4 SYSTEMPATH/CodeIgniter.php(340): CodeIgniter\CodeIgniter->handleRequest()
 5 SYSTEMPATH/Boot.php(417): CodeIgniter\CodeIgniter->run()
 6 SYSTEMPATH/Boot.php(68): CodeIgniter\Boot::runCodeIgniter()
 7 FCPATH/index.php(31): CodeIgniter\Boot::bootWeb()
CRITICAL - 2026-04-29 16:35:16 --> CodeIgniter\HTTP\Exceptions\BadRequestException: The URI you submitted has disallowed characters: "पत्रपत्रिका"
[Method: GET, Route: category/%E0%A4%AA%E0%A4%A4%E0%A5%8D%E0%A4%B0%E0%A4%AA%E0%A4%A4%E0%A5%8D%E0%A4%B0%E0%A4%BF%E0%A4%95%E0%A4%BE/page/9/]
in SYSTEMPATH/Router/Router.php on line 768.
 1 SYSTEMPATH/Router/Router.php(219): CodeIgniter\Router\Router->checkDisallowedChars()
 2 SYSTEMPATH/CodeIgniter.php(829): CodeIgniter\Router\Router->handle()
 3 SYSTEMPATH/CodeIgniter.php(441): CodeIgniter\CodeIgniter->tryToRouteIt()
 4 SYSTEMPATH/CodeIgniter.php(340): CodeIgniter\CodeIgniter->handleRequest()
 5 SYSTEMPATH/Boot.php(417): CodeIgniter\CodeIgniter->run()
 6 SYSTEMPATH/Boot.php(68): CodeIgniter\Boot::runCodeIgniter()
 7 FCPATH/index.php(31): CodeIgniter\Boot::bootWeb()
CRITICAL - 2026-04-29 16:35:18 --> CodeIgniter\HTTP\Exceptions\BadRequestException: The URI you submitted has disallowed characters: "प्रदेश-१"
[Method: GET, Route: category/%E0%A4%AA%E0%A5%8D%E0%A4%B0%E0%A4%A6%E0%A5%87%E0%A4%B6-%E0%A5%A7/]
in SYSTEMPATH/Router/Router.php on line 768.
 1 SYSTEMPATH/Router/Router.php(219): CodeIgniter\Router\Router->checkDisallowedChars()
 2 SYSTEMPATH/CodeIgniter.php(829): CodeIgniter\Router\Router->handle()
 3 SYSTEMPATH/CodeIgniter.php(441): CodeIgniter\CodeIgniter->tryToRouteIt()
 4 SYSTEMPATH/CodeIgniter.php(340): CodeIgniter\CodeIgniter->handleRequest()
 5 SYSTEMPATH/Boot.php(417): CodeIgniter\CodeIgniter->run()
 6 SYSTEMPATH/Boot.php(68): CodeIgniter\Boot::runCodeIgniter()
 7 FCPATH/index.php(31): CodeIgniter\Boot::bootWeb()
CRITICAL - 2026-04-29 16:35:20 --> CodeIgniter\HTTP\Exceptions\BadRequestException: The URI you submitted has disallowed characters: "प्रदेश-१"
[Method: GET, Route: category/%E0%A4%AA%E0%A5%8D%E0%A4%B0%E0%A4%A6%E0%A5%87%E0%A4%B6-%E0%A5%A7/page/2/]
in SYSTEMPATH/Router/Router.php on line 768.
 1 SYSTEMPATH/Router/Router.php(219): CodeIgniter\Router\Router->checkDisallowedChars()
 2 SYSTEMPATH/CodeIgniter.php(829): CodeIgniter\Router\Router->handle()
 3 SYSTEMPATH/CodeIgniter.php(441): CodeIgniter\CodeIgniter->tryToRouteIt()
 4 SYSTEMPATH/CodeIgniter.php(340): CodeIgniter\CodeIgniter->handleRequest()
 5 SYSTEMPATH/Boot.php(417): CodeIgniter\CodeIgniter->run()
 6 SYSTEMPATH/Boot.php(68): CodeIgniter\Boot::runCodeIgniter()
 7 FCPATH/index.php(31): CodeIgniter\Boot::bootWeb()
CRITICAL - 2026-04-29 16:35:22 --> CodeIgniter\HTTP\Exceptions\BadRequestException: The URI you submitted has disallowed characters: "प्रदेश-१"
[Method: GET, Route: category/%E0%A4%AA%E0%A5%8D%E0%A4%B0%E0%A4%A6%E0%A5%87%E0%A4%B6-%E0%A5%A7/page/3/]
in SYSTEMPATH/Router/Router.php on line 768.
 1 SYSTEMPATH/Router/Router.php(219): CodeIgniter\Router\Router->checkDisallowedChars()
 2 SYSTEMPATH/CodeIgniter.php(829): CodeIgniter\Router\Router->handle()
 3 SYSTEMPATH/CodeIgniter.php(441): CodeIgniter\CodeIgniter->tryToRouteIt()
 4 SYSTEMPATH/CodeIgniter.php(340): CodeIgniter\CodeIgniter->handleRequest()
 5 SYSTEMPATH/Boot.php(417): CodeIgniter\CodeIgniter->run()
 6 SYSTEMPATH/Boot.php(68): CodeIgniter\Boot::runCodeIgniter()
 7 FCPATH/index.php(31): CodeIgniter\Boot::bootWeb()
CRITICAL - 2026-04-29 16:35:24 --> CodeIgniter\HTTP\Exceptions\BadRequestException: The URI you submitted has disallowed characters: "प्रदेश-१"
[Method: GET, Route: category/%E0%A4%AA%E0%A5%8D%E0%A4%B0%E0%A4%A6%E0%A5%87%E0%A4%B6-%E0%A5%A7/page/4/]
in SYSTEMPATH/Router/Router.php on line 768.
 1 SYSTEMPATH/Router/Router.php(219): CodeIgniter\Router\Router->checkDisallowedChars()
 2 SYSTEMPATH/CodeIgniter.php(829): CodeIgniter\Router\Router->handle()
 3 SYSTEMPATH/CodeIgniter.php(441): CodeIgniter\CodeIgniter->tryToRouteIt()
 4 SYSTEMPATH/CodeIgniter.php(340): CodeIgniter\CodeIgniter->handleRequest()
 5 SYSTEMPATH/Boot.php(417): CodeIgniter\CodeIgniter->run()
 6 SYSTEMPATH/Boot.php(68): CodeIgniter\Boot::runCodeIgniter()
 7 FCPATH/index.php(31): CodeIgniter\Boot::bootWeb()
CRITICAL - 2026-04-29 16:35:26 --> CodeIgniter\HTTP\Exceptions\BadRequestException: The URI you submitted has disallowed characters: "प्रदेश-१"
[Method: GET, Route: category/%E0%A4%AA%E0%A5%8D%E0%A4%B0%E0%A4%A6%E0%A5%87%E0%A4%B6-%E0%A5%A7/page/5/]
in SYSTEMPATH/Router/Router.php on line 768.
 1 SYSTEMPATH/Router/Router.php(219): CodeIgniter\Router\Router->checkDisallowedChars()
 2 SYSTEMPATH/CodeIgniter.php(829): CodeIgniter\Router\Router->handle()
 3 SYSTEMPATH/CodeIgniter.php(441): CodeIgniter\CodeIgniter->tryToRouteIt()
 4 SYSTEMPATH/CodeIgniter.php(340): CodeIgniter\CodeIgniter->handleRequest()
 5 SYSTEMPATH/Boot.php(417): CodeIgniter\CodeIgniter->run()
 6 SYSTEMPATH/Boot.php(68): CodeIgniter\Boot::runCodeIgniter()
 7 FCPATH/index.php(31): CodeIgniter\Boot::bootWeb()
CRITICAL - 2026-04-29 16:35:27 --> CodeIgniter\HTTP\Exceptions\BadRequestException: The URI you submitted has disallowed characters: "प्रदेश-१"
[Method: GET, Route: category/%E0%A4%AA%E0%A5%8D%E0%A4%B0%E0%A4%A6%E0%A5%87%E0%A4%B6-%E0%A5%A7/page/6/]
in SYSTEMPATH/Router/Router.php on line 768.
 1 SYSTEMPATH/Router/Router.php(219): CodeIgniter\Router\Router->checkDisallowedChars()
 2 SYSTEMPATH/CodeIgniter.php(829): CodeIgniter\Router\Router->handle()
 3 SYSTEMPATH/CodeIgniter.php(441): CodeIgniter\CodeIgniter->tryToRouteIt()
 4 SYSTEMPATH/CodeIgniter.php(340): CodeIgniter\CodeIgniter->handleRequest()
 5 SYSTEMPATH/Boot.php(417): CodeIgniter\CodeIgniter->run()
 6 SYSTEMPATH/Boot.php(68): CodeIgniter\Boot::runCodeIgniter()
 7 FCPATH/index.php(31): CodeIgniter\Boot::bootWeb()
CRITICAL - 2026-04-29 16:35:31 --> CodeIgniter\HTTP\Exceptions\BadRequestException: The URI you submitted has disallowed characters: "प्रदेश-१"
[Method: GET, Route: category/%E0%A4%AA%E0%A5%8D%E0%A4%B0%E0%A4%A6%E0%A5%87%E0%A4%B6-%E0%A5%A7/page/7/]
in SYSTEMPATH/Router/Router.php on line 768.
 1 SYSTEMPATH/Router/Router.php(219): CodeIgniter\Router\Router->checkDisallowedChars()
 2 SYSTEMPATH/CodeIgniter.php(829): CodeIgniter\Router\Router->handle()
 3 SYSTEMPATH/CodeIgniter.php(441): CodeIgniter\CodeIgniter->tryToRouteIt()
 4 SYSTEMPATH/CodeIgniter.php(340): CodeIgniter\CodeIgniter->handleRequest()
 5 SYSTEMPATH/Boot.php(417): CodeIgniter\CodeIgniter->run()
 6 SYSTEMPATH/Boot.php(68): CodeIgniter\Boot::runCodeIgniter()
 7 FCPATH/index.php(31): CodeIgniter\Boot::bootWeb()
CRITICAL - 2026-04-29 16:35:33 --> CodeIgniter\HTTP\Exceptions\BadRequestException: The URI you submitted has disallowed characters: "प्रदेश-१"
[Method: GET, Route: category/%E0%A4%AA%E0%A5%8D%E0%A4%B0%E0%A4%A6%E0%A5%87%E0%A4%B6-%E0%A5%A7/page/7/]
in SYSTEMPATH/Router/Router.php on line 768.
 1 SYSTEMPATH/Router/Router.php(219): CodeIgniter\Router\Router->checkDisallowedChars()
 2 SYSTEMPATH/CodeIgniter.php(829): CodeIgniter\Router\Router->handle()
 3 SYSTEMPATH/CodeIgniter.php(441): CodeIgniter\CodeIgniter->tryToRouteIt()
 4 SYSTEMPATH/CodeIgniter.php(340): CodeIgniter\CodeIgniter->handleRequest()
 5 SYSTEMPATH/Boot.php(417): CodeIgniter\CodeIgniter->run()
 6 SYSTEMPATH/Boot.php(68): CodeIgniter\Boot::runCodeIgniter()
 7 FCPATH/index.php(31): CodeIgniter\Boot::bootWeb()
CRITICAL - 2026-04-29 16:35:36 --> CodeIgniter\HTTP\Exceptions\BadRequestException: The URI you submitted has disallowed characters: "प्रदेश-१"
[Method: GET, Route: category/%E0%A4%AA%E0%A5%8D%E0%A4%B0%E0%A4%A6%E0%A5%87%E0%A4%B6-%E0%A5%A7/page/8/]
in SYSTEMPATH/Router/Router.php on line 768.
 1 SYSTEMPATH/Router/Router.php(219): CodeIgniter\Router\Router->checkDisallowedChars()
 2 SYSTEMPATH/CodeIgniter.php(829): CodeIgniter\Router\Router->handle()
 3 SYSTEMPATH/CodeIgniter.php(441): CodeIgniter\CodeIgniter->tryToRouteIt()
 4 SYSTEMPATH/CodeIgniter.php(340): CodeIgniter\CodeIgniter->handleRequest()
 5 SYSTEMPATH/Boot.php(417): CodeIgniter\CodeIgniter->run()
 6 SYSTEMPATH/Boot.php(68): CodeIgniter\Boot::runCodeIgniter()
 7 FCPATH/index.php(31): CodeIgniter\Boot::bootWeb()
CRITICAL - 2026-04-29 16:35:38 --> CodeIgniter\HTTP\Exceptions\BadRequestException: The URI you submitted has disallowed characters: "प्रदेश-१"
[Method: GET, Route: category/%E0%A4%AA%E0%A5%8D%E0%A4%B0%E0%A4%A6%E0%A5%87%E0%A4%B6-%E0%A5%A7/page/8/]
in SYSTEMPATH/Router/Router.php on line 768.
 1 SYSTEMPATH/Router/Router.php(219): CodeIgniter\Router\Router->checkDisallowedChars()
 2 SYSTEMPATH/CodeIgniter.php(829): CodeIgniter\Router\Router->handle()
 3 SYSTEMPATH/CodeIgniter.php(441): CodeIgniter\CodeIgniter->tryToRouteIt()
 4 SYSTEMPATH/CodeIgniter.php(340): CodeIgniter\CodeIgniter->handleRequest()
 5 SYSTEMPATH/Boot.php(417): CodeIgniter\CodeIgniter->run()
 6 SYSTEMPATH/Boot.php(68): CodeIgniter\Boot::runCodeIgniter()
 7 FCPATH/index.php(31): CodeIgniter\Boot::bootWeb()
CRITICAL - 2026-04-29 16:35:42 --> CodeIgniter\HTTP\Exceptions\BadRequestException: The URI you submitted has disallowed characters: "प्रदेश-१"
[Method: GET, Route: category/%E0%A4%AA%E0%A5%8D%E0%A4%B0%E0%A4%A6%E0%A5%87%E0%A4%B6-%E0%A5%A7/page/9/]
in SYSTEMPATH/Router/Router.php on line 768.
 1 SYSTEMPATH/Router/Router.php(219): CodeIgniter\Router\Router->checkDisallowedChars()
 2 SYSTEMPATH/CodeIgniter.php(829): CodeIgniter\Router\Router->handle()
 3 SYSTEMPATH/CodeIgniter.php(441): CodeIgniter\CodeIgniter->tryToRouteIt()
 4 SYSTEMPATH/CodeIgniter.php(340): CodeIgniter\CodeIgniter->handleRequest()
 5 SYSTEMPATH/Boot.php(417): CodeIgniter\CodeIgniter->run()
 6 SYSTEMPATH/Boot.php(68): CodeIgniter\Boot::runCodeIgniter()
 7 FCPATH/index.php(31): CodeIgniter\Boot::bootWeb()
CRITICAL - 2026-04-29 16:35:44 --> CodeIgniter\HTTP\Exceptions\BadRequestException: The URI you submitted has disallowed characters: "प्रदेश-१"
[Method: GET, Route: category/%E0%A4%AA%E0%A5%8D%E0%A4%B0%E0%A4%A6%E0%A5%87%E0%A4%B6-%E0%A5%A7/page/9/]
in SYSTEMPATH/Router/Router.php on line 768.
 1 SYSTEMPATH/Router/Router.php(219): CodeIgniter\Router\Router->checkDisallowedChars()
 2 SYSTEMPATH/CodeIgniter.php(829): CodeIgniter\Router\Router->handle()
 3 SYSTEMPATH/CodeIgniter.php(441): CodeIgniter\CodeIgniter->tryToRouteIt()
 4 SYSTEMPATH/CodeIgniter.php(340): CodeIgniter\CodeIgniter->handleRequest()
 5 SYSTEMPATH/Boot.php(417): CodeIgniter\CodeIgniter->run()
 6 SYSTEMPATH/Boot.php(68): CodeIgniter\Boot::runCodeIgniter()
 7 FCPATH/index.php(31): CodeIgniter\Boot::bootWeb()
CRITICAL - 2026-04-29 16:35:48 --> CodeIgniter\HTTP\Exceptions\BadRequestException: The URI you submitted has disallowed characters: "प्रदेश-२"
[Method: GET, Route: category/%E0%A4%AA%E0%A5%8D%E0%A4%B0%E0%A4%A6%E0%A5%87%E0%A4%B6-%E0%A5%A8/]
in SYSTEMPATH/Router/Router.php on line 768.
 1 SYSTEMPATH/Router/Router.php(219): CodeIgniter\Router\Router->checkDisallowedChars()
 2 SYSTEMPATH/CodeIgniter.php(829): CodeIgniter\Router\Router->handle()
 3 SYSTEMPATH/CodeIgniter.php(441): CodeIgniter\CodeIgniter->tryToRouteIt()
 4 SYSTEMPATH/CodeIgniter.php(340): CodeIgniter\CodeIgniter->handleRequest()
 5 SYSTEMPATH/Boot.php(417): CodeIgniter\CodeIgniter->run()
 6 SYSTEMPATH/Boot.php(68): CodeIgniter\Boot::runCodeIgniter()
 7 FCPATH/index.php(31): CodeIgniter\Boot::bootWeb()
CRITICAL - 2026-04-29 16:35:50 --> CodeIgniter\HTTP\Exceptions\BadRequestException: The URI you submitted has disallowed characters: "प्रदेश-२"
[Method: GET, Route: category/%E0%A4%AA%E0%A5%8D%E0%A4%B0%E0%A4%A6%E0%A5%87%E0%A4%B6-%E0%A5%A8/]
in SYSTEMPATH/Router/Router.php on line 768.
 1 SYSTEMPATH/Router/Router.php(219): CodeIgniter\Router\Router->checkDisallowedChars()
 2 SYSTEMPATH/CodeIgniter.php(829): CodeIgniter\Router\Router->handle()
 3 SYSTEMPATH/CodeIgniter.php(441): CodeIgniter\CodeIgniter->tryToRouteIt()
 4 SYSTEMPATH/CodeIgniter.php(340): CodeIgniter\CodeIgniter->handleRequest()
 5 SYSTEMPATH/Boot.php(417): CodeIgniter\CodeIgniter->run()
 6 SYSTEMPATH/Boot.php(68): CodeIgniter\Boot::runCodeIgniter()
 7 FCPATH/index.php(31): CodeIgniter\Boot::bootWeb()
CRITICAL - 2026-04-29 16:35:53 --> CodeIgniter\HTTP\Exceptions\BadRequestException: The URI you submitted has disallowed characters: "प्रदेश-२"
[Method: GET, Route: category/%E0%A4%AA%E0%A5%8D%E0%A4%B0%E0%A4%A6%E0%A5%87%E0%A4%B6-%E0%A5%A8/page/10/]
in SYSTEMPATH/Router/Router.php on line 768.
 1 SYSTEMPATH/Router/Router.php(219): CodeIgniter\Router\Router->checkDisallowedChars()
 2 SYSTEMPATH/CodeIgniter.php(829): CodeIgniter\Router\Router->handle()
 3 SYSTEMPATH/CodeIgniter.php(441): CodeIgniter\CodeIgniter->tryToRouteIt()
 4 SYSTEMPATH/CodeIgniter.php(340): CodeIgniter\CodeIgniter->handleRequest()
 5 SYSTEMPATH/Boot.php(417): CodeIgniter\CodeIgniter->run()
 6 SYSTEMPATH/Boot.php(68): CodeIgniter\Boot::runCodeIgniter()
 7 FCPATH/index.php(31): CodeIgniter\Boot::bootWeb()
CRITICAL - 2026-04-29 16:35:55 --> CodeIgniter\HTTP\Exceptions\BadRequestException: The URI you submitted has disallowed characters: "प्रदेश-२"
[Method: GET, Route: category/%E0%A4%AA%E0%A5%8D%E0%A4%B0%E0%A4%A6%E0%A5%87%E0%A4%B6-%E0%A5%A8/page/10/]
in SYSTEMPATH/Router/Router.php on line 768.
 1 SYSTEMPATH/Router/Router.php(219): CodeIgniter\Router\Router->checkDisallowedChars()
 2 SYSTEMPATH/CodeIgniter.php(829): CodeIgniter\Router\Router->handle()
 3 SYSTEMPATH/CodeIgniter.php(441): CodeIgniter\CodeIgniter->tryToRouteIt()
 4 SYSTEMPATH/CodeIgniter.php(340): CodeIgniter\CodeIgniter->handleRequest()
 5 SYSTEMPATH/Boot.php(417): CodeIgniter\CodeIgniter->run()
 6 SYSTEMPATH/Boot.php(68): CodeIgniter\Boot::runCodeIgniter()
 7 FCPATH/index.php(31): CodeIgniter\Boot::bootWeb()
CRITICAL - 2026-04-29 16:35:59 --> CodeIgniter\HTTP\Exceptions\BadRequestException: The URI you submitted has disallowed characters: "प्रदेश-२"
[Method: GET, Route: category/%E0%A4%AA%E0%A5%8D%E0%A4%B0%E0%A4%A6%E0%A5%87%E0%A4%B6-%E0%A5%A8/page/11/]
in SYSTEMPATH/Router/Router.php on line 768.
 1 SYSTEMPATH/Router/Router.php(219): CodeIgniter\Router\Router->checkDisallowedChars()
 2 SYSTEMPATH/CodeIgniter.php(829): CodeIgniter\Router\Router->handle()
 3 SYSTEMPATH/CodeIgniter.php(441): CodeIgniter\CodeIgniter->tryToRouteIt()
 4 SYSTEMPATH/CodeIgniter.php(340): CodeIgniter\CodeIgniter->handleRequest()
 5 SYSTEMPATH/Boot.php(417): CodeIgniter\CodeIgniter->run()
 6 SYSTEMPATH/Boot.php(68): CodeIgniter\Boot::runCodeIgniter()
 7 FCPATH/index.php(31): CodeIgniter\Boot::bootWeb()
CRITICAL - 2026-04-29 16:36:01 --> CodeIgniter\HTTP\Exceptions\BadRequestException: The URI you submitted has disallowed characters: "प्रदेश-२"
[Method: GET, Route: category/%E0%A4%AA%E0%A5%8D%E0%A4%B0%E0%A4%A6%E0%A5%87%E0%A4%B6-%E0%A5%A8/page/11/]
in SYSTEMPATH/Router/Router.php on line 768.
 1 SYSTEMPATH/Router/Router.php(219): CodeIgniter\Router\Router->checkDisallowedChars()
 2 SYSTEMPATH/CodeIgniter.php(829): CodeIgniter\Router\Router->handle()
 3 SYSTEMPATH/CodeIgniter.php(441): CodeIgniter\CodeIgniter->tryToRouteIt()
 4 SYSTEMPATH/CodeIgniter.php(340): CodeIgniter\CodeIgniter->handleRequest()
 5 SYSTEMPATH/Boot.php(417): CodeIgniter\CodeIgniter->run()
 6 SYSTEMPATH/Boot.php(68): CodeIgniter\Boot::runCodeIgniter()
 7 FCPATH/index.php(31): CodeIgniter\Boot::bootWeb()
CRITICAL - 2026-04-29 16:36:04 --> CodeIgniter\HTTP\Exceptions\BadRequestException: The URI you submitted has disallowed characters: "प्रदेश-२"
[Method: GET, Route: category/%E0%A4%AA%E0%A5%8D%E0%A4%B0%E0%A4%A6%E0%A5%87%E0%A4%B6-%E0%A5%A8/page/12/]
in SYSTEMPATH/Router/Router.php on line 768.
 1 SYSTEMPATH/Router/Router.php(219): CodeIgniter\Router\Router->checkDisallowedChars()
 2 SYSTEMPATH/CodeIgniter.php(829): CodeIgniter\Router\Router->handle()
 3 SYSTEMPATH/CodeIgniter.php(441): CodeIgniter\CodeIgniter->tryToRouteIt()
 4 SYSTEMPATH/CodeIgniter.php(340): CodeIgniter\CodeIgniter->handleRequest()
 5 SYSTEMPATH/Boot.php(417): CodeIgniter\CodeIgniter->run()
 6 SYSTEMPATH/Boot.php(68): CodeIgniter\Boot::runCodeIgniter()
 7 FCPATH/index.php(31): CodeIgniter\Boot::bootWeb()
CRITICAL - 2026-04-29 16:36:06 --> CodeIgniter\HTTP\Exceptions\BadRequestException: The URI you submitted has disallowed characters: "प्रदेश-२"
[Method: GET, Route: category/%E0%A4%AA%E0%A5%8D%E0%A4%B0%E0%A4%A6%E0%A5%87%E0%A4%B6-%E0%A5%A8/page/12/]
in SYSTEMPATH/Router/Router.php on line 768.
 1 SYSTEMPATH/Router/Router.php(219): CodeIgniter\Router\Router->checkDisallowedChars()
 2 SYSTEMPATH/CodeIgniter.php(829): CodeIgniter\Router\Router->handle()
 3 SYSTEMPATH/CodeIgniter.php(441): CodeIgniter\CodeIgniter->tryToRouteIt()
 4 SYSTEMPATH/CodeIgniter.php(340): CodeIgniter\CodeIgniter->handleRequest()
 5 SYSTEMPATH/Boot.php(417): CodeIgniter\CodeIgniter->run()
 6 SYSTEMPATH/Boot.php(68): CodeIgniter\Boot::runCodeIgniter()
 7 FCPATH/index.php(31): CodeIgniter\Boot::bootWeb()
CRITICAL - 2026-04-29 16:36:09 --> CodeIgniter\HTTP\Exceptions\BadRequestException: The URI you submitted has disallowed characters: "प्रदेश-२"
[Method: GET, Route: category/%E0%A4%AA%E0%A5%8D%E0%A4%B0%E0%A4%A6%E0%A5%87%E0%A4%B6-%E0%A5%A8/page/2/]
in SYSTEMPATH/Router/Router.php on line 768.
 1 SYSTEMPATH/Router/Router.php(219): CodeIgniter\Router\Router->checkDisallowedChars()
 2 SYSTEMPATH/CodeIgniter.php(829): CodeIgniter\Router\Router->handle()
 3 SYSTEMPATH/CodeIgniter.php(441): CodeIgniter\CodeIgniter->tryToRouteIt()
 4 SYSTEMPATH/CodeIgniter.php(340): CodeIgniter\CodeIgniter->handleRequest()
 5 SYSTEMPATH/Boot.php(417): CodeIgniter\CodeIgniter->run()
 6 SYSTEMPATH/Boot.php(68): CodeIgniter\Boot::runCodeIgniter()
 7 FCPATH/index.php(31): CodeIgniter\Boot::bootWeb()
CRITICAL - 2026-04-29 16:36:11 --> CodeIgniter\HTTP\Exceptions\BadRequestException: The URI you submitted has disallowed characters: "प्रदेश-२"
[Method: GET, Route: category/%E0%A4%AA%E0%A5%8D%E0%A4%B0%E0%A4%A6%E0%A5%87%E0%A4%B6-%E0%A5%A8/page/2/]
in SYSTEMPATH/Router/Router.php on line 768.
 1 SYSTEMPATH/Router/Router.php(219): CodeIgniter\Router\Router->checkDisallowedChars()
 2 SYSTEMPATH/CodeIgniter.php(829): CodeIgniter\Router\Router->handle()
 3 SYSTEMPATH/CodeIgniter.php(441): CodeIgniter\CodeIgniter->tryToRouteIt()
 4 SYSTEMPATH/CodeIgniter.php(340): CodeIgniter\CodeIgniter->handleRequest()
 5 SYSTEMPATH/Boot.php(417): CodeIgniter\CodeIgniter->run()
 6 SYSTEMPATH/Boot.php(68): CodeIgniter\Boot::runCodeIgniter()
 7 FCPATH/index.php(31): CodeIgniter\Boot::bootWeb()
CRITICAL - 2026-04-29 16:36:13 --> CodeIgniter\HTTP\Exceptions\BadRequestException: The URI you submitted has disallowed characters: "प्रदेश-२"
[Method: GET, Route: category/%E0%A4%AA%E0%A5%8D%E0%A4%B0%E0%A4%A6%E0%A5%87%E0%A4%B6-%E0%A5%A8/page/3/]
in SYSTEMPATH/Router/Router.php on line 768.
 1 SYSTEMPATH/Router/Router.php(219): CodeIgniter\Router\Router->checkDisallowedChars()
 2 SYSTEMPATH/CodeIgniter.php(829): CodeIgniter\Router\Router->handle()
 3 SYSTEMPATH/CodeIgniter.php(441): CodeIgniter\CodeIgniter->tryToRouteIt()
 4 SYSTEMPATH/CodeIgniter.php(340): CodeIgniter\CodeIgniter->handleRequest()
 5 SYSTEMPATH/Boot.php(417): CodeIgniter\CodeIgniter->run()
 6 SYSTEMPATH/Boot.php(68): CodeIgniter\Boot::runCodeIgniter()
 7 FCPATH/index.php(31): CodeIgniter\Boot::bootWeb()
CRITICAL - 2026-04-29 16:36:15 --> CodeIgniter\HTTP\Exceptions\BadRequestException: The URI you submitted has disallowed characters: "प्रदेश-२"
[Method: GET, Route: category/%E0%A4%AA%E0%A5%8D%E0%A4%B0%E0%A4%A6%E0%A5%87%E0%A4%B6-%E0%A5%A8/page/4/]
in SYSTEMPATH/Router/Router.php on line 768.
 1 SYSTEMPATH/Router/Router.php(219): CodeIgniter\Router\Router->checkDisallowedChars()
 2 SYSTEMPATH/CodeIgniter.php(829): CodeIgniter\Router\Router->handle()
 3 SYSTEMPATH/CodeIgniter.php(441): CodeIgniter\CodeIgniter->tryToRouteIt()
 4 SYSTEMPATH/CodeIgniter.php(340): CodeIgniter\CodeIgniter->handleRequest()
 5 SYSTEMPATH/Boot.php(417): CodeIgniter\CodeIgniter->run()
 6 SYSTEMPATH/Boot.php(68): CodeIgniter\Boot::runCodeIgniter()
 7 FCPATH/index.php(31): CodeIgniter\Boot::bootWeb()
CRITICAL - 2026-04-29 16:36:17 --> CodeIgniter\HTTP\Exceptions\BadRequestException: The URI you submitted has disallowed characters: "प्रदेश-२"
[Method: GET, Route: category/%E0%A4%AA%E0%A5%8D%E0%A4%B0%E0%A4%A6%E0%A5%87%E0%A4%B6-%E0%A5%A8/page/5/]
in SYSTEMPATH/Router/Router.php on line 768.
 1 SYSTEMPATH/Router/Router.php(219): CodeIgniter\Router\Router->checkDisallowedChars()
 2 SYSTEMPATH/CodeIgniter.php(829): CodeIgniter\Router\Router->handle()
 3 SYSTEMPATH/CodeIgniter.php(441): CodeIgniter\CodeIgniter->tryToRouteIt()
 4 SYSTEMPATH/CodeIgniter.php(340): CodeIgniter\CodeIgniter->handleRequest()
 5 SYSTEMPATH/Boot.php(417): CodeIgniter\CodeIgniter->run()
 6 SYSTEMPATH/Boot.php(68): CodeIgniter\Boot::runCodeIgniter()
 7 FCPATH/index.php(31): CodeIgniter\Boot::bootWeb()
CRITICAL - 2026-04-29 16:36:19 --> CodeIgniter\HTTP\Exceptions\BadRequestException: The URI you submitted has disallowed characters: "प्रदेश-२"
[Method: GET, Route: category/%E0%A4%AA%E0%A5%8D%E0%A4%B0%E0%A4%A6%E0%A5%87%E0%A4%B6-%E0%A5%A8/page/6/]
in SYSTEMPATH/Router/Router.php on line 768.
 1 SYSTEMPATH/Router/Router.php(219): CodeIgniter\Router\Router->checkDisallowedChars()
 2 SYSTEMPATH/CodeIgniter.php(829): CodeIgniter\Router\Router->handle()
 3 SYSTEMPATH/CodeIgniter.php(441): CodeIgniter\CodeIgniter->tryToRouteIt()
 4 SYSTEMPATH/CodeIgniter.php(340): CodeIgniter\CodeIgniter->handleRequest()
 5 SYSTEMPATH/Boot.php(417): CodeIgniter\CodeIgniter->run()
 6 SYSTEMPATH/Boot.php(68): CodeIgniter\Boot::runCodeIgniter()
 7 FCPATH/index.php(31): CodeIgniter\Boot::bootWeb()
CRITICAL - 2026-04-29 16:36:20 --> CodeIgniter\HTTP\Exceptions\BadRequestException: The URI you submitted has disallowed characters: "प्रदेश-२"
[Method: GET, Route: category/%E0%A4%AA%E0%A5%8D%E0%A4%B0%E0%A4%A6%E0%A5%87%E0%A4%B6-%E0%A5%A8/page/7/]
in SYSTEMPATH/Router/Router.php on line 768.
 1 SYSTEMPATH/Router/Router.php(219): CodeIgniter\Router\Router->checkDisallowedChars()
 2 SYSTEMPATH/CodeIgniter.php(829): CodeIgniter\Router\Router->handle()
 3 SYSTEMPATH/CodeIgniter.php(441): CodeIgniter\CodeIgniter->tryToRouteIt()
 4 SYSTEMPATH/CodeIgniter.php(340): CodeIgniter\CodeIgniter->handleRequest()
 5 SYSTEMPATH/Boot.php(417): CodeIgniter\CodeIgniter->run()
 6 SYSTEMPATH/Boot.php(68): CodeIgniter\Boot::runCodeIgniter()
 7 FCPATH/index.php(31): CodeIgniter\Boot::bootWeb()
CRITICAL - 2026-04-29 16:36:22 --> CodeIgniter\HTTP\Exceptions\BadRequestException: The URI you submitted has disallowed characters: "प्रदेश-२"
[Method: GET, Route: category/%E0%A4%AA%E0%A5%8D%E0%A4%B0%E0%A4%A6%E0%A5%87%E0%A4%B6-%E0%A5%A8/page/8/]
in SYSTEMPATH/Router/Router.php on line 768.
 1 SYSTEMPATH/Router/Router.php(219): CodeIgniter\Router\Router->checkDisallowedChars()
 2 SYSTEMPATH/CodeIgniter.php(829): CodeIgniter\Router\Router->handle()
 3 SYSTEMPATH/CodeIgniter.php(441): CodeIgniter\CodeIgniter->tryToRouteIt()
 4 SYSTEMPATH/CodeIgniter.php(340): CodeIgniter\CodeIgniter->handleRequest()
 5 SYSTEMPATH/Boot.php(417): CodeIgniter\CodeIgniter->run()
 6 SYSTEMPATH/Boot.php(68): CodeIgniter\Boot::runCodeIgniter()
 7 FCPATH/index.php(31): CodeIgniter\Boot::bootWeb()
CRITICAL - 2026-04-29 16:36:24 --> CodeIgniter\HTTP\Exceptions\BadRequestException: The URI you submitted has disallowed characters: "प्रदेश-२"
[Method: GET, Route: category/%E0%A4%AA%E0%A5%8D%E0%A4%B0%E0%A4%A6%E0%A5%87%E0%A4%B6-%E0%A5%A8/page/9/]
in SYSTEMPATH/Router/Router.php on line 768.
 1 SYSTEMPATH/Router/Router.php(219): CodeIgniter\Router\Router->checkDisallowedChars()
 2 SYSTEMPATH/CodeIgniter.php(829): CodeIgniter\Router\Router->handle()
 3 SYSTEMPATH/CodeIgniter.php(441): CodeIgniter\CodeIgniter->tryToRouteIt()
 4 SYSTEMPATH/CodeIgniter.php(340): CodeIgniter\CodeIgniter->handleRequest()
 5 SYSTEMPATH/Boot.php(417): CodeIgniter\CodeIgniter->run()
 6 SYSTEMPATH/Boot.php(68): CodeIgniter\Boot::runCodeIgniter()
 7 FCPATH/index.php(31): CodeIgniter\Boot::bootWeb()
CRITICAL - 2026-04-29 16:36:26 --> CodeIgniter\HTTP\Exceptions\BadRequestException: The URI you submitted has disallowed characters: "प्रदेश-३"
[Method: GET, Route: category/%E0%A4%AA%E0%A5%8D%E0%A4%B0%E0%A4%A6%E0%A5%87%E0%A4%B6-%E0%A5%A9/]
in SYSTEMPATH/Router/Router.php on line 768.
 1 SYSTEMPATH/Router/Router.php(219): CodeIgniter\Router\Router->checkDisallowedChars()
 2 SYSTEMPATH/CodeIgniter.php(829): CodeIgniter\Router\Router->handle()
 3 SYSTEMPATH/CodeIgniter.php(441): CodeIgniter\CodeIgniter->tryToRouteIt()
 4 SYSTEMPATH/CodeIgniter.php(340): CodeIgniter\CodeIgniter->handleRequest()
 5 SYSTEMPATH/Boot.php(417): CodeIgniter\CodeIgniter->run()
 6 SYSTEMPATH/Boot.php(68): CodeIgniter\Boot::runCodeIgniter()
 7 FCPATH/index.php(31): CodeIgniter\Boot::bootWeb()
CRITICAL - 2026-04-29 16:36:28 --> CodeIgniter\HTTP\Exceptions\BadRequestException: The URI you submitted has disallowed characters: "प्रदेश-३"
[Method: GET, Route: category/%E0%A4%AA%E0%A5%8D%E0%A4%B0%E0%A4%A6%E0%A5%87%E0%A4%B6-%E0%A5%A9/page/2/]
in SYSTEMPATH/Router/Router.php on line 768.
 1 SYSTEMPATH/Router/Router.php(219): CodeIgniter\Router\Router->checkDisallowedChars()
 2 SYSTEMPATH/CodeIgniter.php(829): CodeIgniter\Router\Router->handle()
 3 SYSTEMPATH/CodeIgniter.php(441): CodeIgniter\CodeIgniter->tryToRouteIt()
 4 SYSTEMPATH/CodeIgniter.php(340): CodeIgniter\CodeIgniter->handleRequest()
 5 SYSTEMPATH/Boot.php(417): CodeIgniter\CodeIgniter->run()
 6 SYSTEMPATH/Boot.php(68): CodeIgniter\Boot::runCodeIgniter()
 7 FCPATH/index.php(31): CodeIgniter\Boot::bootWeb()
CRITICAL - 2026-04-29 16:36:29 --> CodeIgniter\HTTP\Exceptions\BadRequestException: The URI you submitted has disallowed characters: "प्रदेश-३"
[Method: GET, Route: category/%E0%A4%AA%E0%A5%8D%E0%A4%B0%E0%A4%A6%E0%A5%87%E0%A4%B6-%E0%A5%A9/page/3/]
in SYSTEMPATH/Router/Router.php on line 768.
 1 SYSTEMPATH/Router/Router.php(219): CodeIgniter\Router\Router->checkDisallowedChars()
 2 SYSTEMPATH/CodeIgniter.php(829): CodeIgniter\Router\Router->handle()
 3 SYSTEMPATH/CodeIgniter.php(441): CodeIgniter\CodeIgniter->tryToRouteIt()
 4 SYSTEMPATH/CodeIgniter.php(340): CodeIgniter\CodeIgniter->handleRequest()
 5 SYSTEMPATH/Boot.php(417): CodeIgniter\CodeIgniter->run()
 6 SYSTEMPATH/Boot.php(68): CodeIgniter\Boot::runCodeIgniter()
 7 FCPATH/index.php(31): CodeIgniter\Boot::bootWeb()
CRITICAL - 2026-04-29 16:36:31 --> CodeIgniter\HTTP\Exceptions\BadRequestException: The URI you submitted has disallowed characters: "प्रदेश-३"
[Method: GET, Route: category/%E0%A4%AA%E0%A5%8D%E0%A4%B0%E0%A4%A6%E0%A5%87%E0%A4%B6-%E0%A5%A9/page/4/]
in SYSTEMPATH/Router/Router.php on line 768.
 1 SYSTEMPATH/Router/Router.php(219): CodeIgniter\Router\Router->checkDisallowedChars()
 2 SYSTEMPATH/CodeIgniter.php(829): CodeIgniter\Router\Router->handle()
 3 SYSTEMPATH/CodeIgniter.php(441): CodeIgniter\CodeIgniter->tryToRouteIt()
 4 SYSTEMPATH/CodeIgniter.php(340): CodeIgniter\CodeIgniter->handleRequest()
 5 SYSTEMPATH/Boot.php(417): CodeIgniter\CodeIgniter->run()
 6 SYSTEMPATH/Boot.php(68): CodeIgniter\Boot::runCodeIgniter()
 7 FCPATH/index.php(31): CodeIgniter\Boot::bootWeb()
CRITICAL - 2026-04-29 16:36:33 --> CodeIgniter\HTTP\Exceptions\BadRequestException: The URI you submitted has disallowed characters: "प्रदेश-३"
[Method: GET, Route: category/%E0%A4%AA%E0%A5%8D%E0%A4%B0%E0%A4%A6%E0%A5%87%E0%A4%B6-%E0%A5%A9/page/5/]
in SYSTEMPATH/Router/Router.php on line 768.
 1 SYSTEMPATH/Router/Router.php(219): CodeIgniter\Router\Router->checkDisallowedChars()
 2 SYSTEMPATH/CodeIgniter.php(829): CodeIgniter\Router\Router->handle()
 3 SYSTEMPATH/CodeIgniter.php(441): CodeIgniter\CodeIgniter->tryToRouteIt()
 4 SYSTEMPATH/CodeIgniter.php(340): CodeIgniter\CodeIgniter->handleRequest()
 5 SYSTEMPATH/Boot.php(417): CodeIgniter\CodeIgniter->run()
 6 SYSTEMPATH/Boot.php(68): CodeIgniter\Boot::runCodeIgniter()
 7 FCPATH/index.php(31): CodeIgniter\Boot::bootWeb()
CRITICAL - 2026-04-29 16:36:36 --> CodeIgniter\HTTP\Exceptions\BadRequestException: The URI you submitted has disallowed characters: "प्रदेश-३"
[Method: GET, Route: category/%E0%A4%AA%E0%A5%8D%E0%A4%B0%E0%A4%A6%E0%A5%87%E0%A4%B6-%E0%A5%A9/page/6/]
in SYSTEMPATH/Router/Router.php on line 768.
 1 SYSTEMPATH/Router/Router.php(219): CodeIgniter\Router\Router->checkDisallowedChars()
 2 SYSTEMPATH/CodeIgniter.php(829): CodeIgniter\Router\Router->handle()
 3 SYSTEMPATH/CodeIgniter.php(441): CodeIgniter\CodeIgniter->tryToRouteIt()
 4 SYSTEMPATH/CodeIgniter.php(340): CodeIgniter\CodeIgniter->handleRequest()
 5 SYSTEMPATH/Boot.php(417): CodeIgniter\CodeIgniter->run()
 6 SYSTEMPATH/Boot.php(68): CodeIgniter\Boot::runCodeIgniter()
 7 FCPATH/index.php(31): CodeIgniter\Boot::bootWeb()
CRITICAL - 2026-04-29 16:36:38 --> CodeIgniter\HTTP\Exceptions\BadRequestException: The URI you submitted has disallowed characters: "प्रदेश-३"
[Method: GET, Route: category/%E0%A4%AA%E0%A5%8D%E0%A4%B0%E0%A4%A6%E0%A5%87%E0%A4%B6-%E0%A5%A9/page/7/]
in SYSTEMPATH/Router/Router.php on line 768.
 1 SYSTEMPATH/Router/Router.php(219): CodeIgniter\Router\Router->checkDisallowedChars()
 2 SYSTEMPATH/CodeIgniter.php(829): CodeIgniter\Router\Router->handle()
 3 SYSTEMPATH/CodeIgniter.php(441): CodeIgniter\CodeIgniter->tryToRouteIt()
 4 SYSTEMPATH/CodeIgniter.php(340): CodeIgniter\CodeIgniter->handleRequest()
 5 SYSTEMPATH/Boot.php(417): CodeIgniter\CodeIgniter->run()
 6 SYSTEMPATH/Boot.php(68): CodeIgniter\Boot::runCodeIgniter()
 7 FCPATH/index.php(31): CodeIgniter\Boot::bootWeb()
CRITICAL - 2026-04-29 16:36:40 --> CodeIgniter\HTTP\Exceptions\BadRequestException: The URI you submitted has disallowed characters: "प्रदेश-३"
[Method: GET, Route: category/%E0%A4%AA%E0%A5%8D%E0%A4%B0%E0%A4%A6%E0%A5%87%E0%A4%B6-%E0%A5%A9/page/8/]
in SYSTEMPATH/Router/Router.php on line 768.
 1 SYSTEMPATH/Router/Router.php(219): CodeIgniter\Router\Router->checkDisallowedChars()
 2 SYSTEMPATH/CodeIgniter.php(829): CodeIgniter\Router\Router->handle()
 3 SYSTEMPATH/CodeIgniter.php(441): CodeIgniter\CodeIgniter->tryToRouteIt()
 4 SYSTEMPATH/CodeIgniter.php(340): CodeIgniter\CodeIgniter->handleRequest()
 5 SYSTEMPATH/Boot.php(417): CodeIgniter\CodeIgniter->run()
 6 SYSTEMPATH/Boot.php(68): CodeIgniter\Boot::runCodeIgniter()
 7 FCPATH/index.php(31): CodeIgniter\Boot::bootWeb()
CRITICAL - 2026-04-29 16:36:42 --> CodeIgniter\HTTP\Exceptions\BadRequestException: The URI you submitted has disallowed characters: "प्रदेश-३"
[Method: GET, Route: category/%E0%A4%AA%E0%A5%8D%E0%A4%B0%E0%A4%A6%E0%A5%87%E0%A4%B6-%E0%A5%A9/page/9/]
in SYSTEMPATH/Router/Router.php on line 768.
 1 SYSTEMPATH/Router/Router.php(219): CodeIgniter\Router\Router->checkDisallowedChars()
 2 SYSTEMPATH/CodeIgniter.php(829): CodeIgniter\Router\Router->handle()
 3 SYSTEMPATH/CodeIgniter.php(441): CodeIgniter\CodeIgniter->tryToRouteIt()
 4 SYSTEMPATH/CodeIgniter.php(340): CodeIgniter\CodeIgniter->handleRequest()
 5 SYSTEMPATH/Boot.php(417): CodeIgniter\CodeIgniter->run()
 6 SYSTEMPATH/Boot.php(68): CodeIgniter\Boot::runCodeIgniter()
 7 FCPATH/index.php(31): CodeIgniter\Boot::bootWeb()
CRITICAL - 2026-04-29 16:36:44 --> CodeIgniter\HTTP\Exceptions\BadRequestException: The URI you submitted has disallowed characters: "प्रदेश-४"
[Method: GET, Route: category/%E0%A4%AA%E0%A5%8D%E0%A4%B0%E0%A4%A6%E0%A5%87%E0%A4%B6-%E0%A5%AA/]
in SYSTEMPATH/Router/Router.php on line 768.
 1 SYSTEMPATH/Router/Router.php(219): CodeIgniter\Router\Router->checkDisallowedChars()
 2 SYSTEMPATH/CodeIgniter.php(829): CodeIgniter\Router\Router->handle()
 3 SYSTEMPATH/CodeIgniter.php(441): CodeIgniter\CodeIgniter->tryToRouteIt()
 4 SYSTEMPATH/CodeIgniter.php(340): CodeIgniter\CodeIgniter->handleRequest()
 5 SYSTEMPATH/Boot.php(417): CodeIgniter\CodeIgniter->run()
 6 SYSTEMPATH/Boot.php(68): CodeIgniter\Boot::runCodeIgniter()
 7 FCPATH/index.php(31): CodeIgniter\Boot::bootWeb()
CRITICAL - 2026-04-29 16:36:47 --> CodeIgniter\HTTP\Exceptions\BadRequestException: The URI you submitted has disallowed characters: "प्रदेश-४"
[Method: GET, Route: category/%E0%A4%AA%E0%A5%8D%E0%A4%B0%E0%A4%A6%E0%A5%87%E0%A4%B6-%E0%A5%AA/page/2/]
in SYSTEMPATH/Router/Router.php on line 768.
 1 SYSTEMPATH/Router/Router.php(219): CodeIgniter\Router\Router->checkDisallowedChars()
 2 SYSTEMPATH/CodeIgniter.php(829): CodeIgniter\Router\Router->handle()
 3 SYSTEMPATH/CodeIgniter.php(441): CodeIgniter\CodeIgniter->tryToRouteIt()
 4 SYSTEMPATH/CodeIgniter.php(340): CodeIgniter\CodeIgniter->handleRequest()
 5 SYSTEMPATH/Boot.php(417): CodeIgniter\CodeIgniter->run()
 6 SYSTEMPATH/Boot.php(68): CodeIgniter\Boot::runCodeIgniter()
 7 FCPATH/index.php(31): CodeIgniter\Boot::bootWeb()
CRITICAL - 2026-04-29 16:36:49 --> CodeIgniter\HTTP\Exceptions\BadRequestException: The URI you submitted has disallowed characters: "प्रदेश-४"
[Method: GET, Route: category/%E0%A4%AA%E0%A5%8D%E0%A4%B0%E0%A4%A6%E0%A5%87%E0%A4%B6-%E0%A5%AA/page/3/]
in SYSTEMPATH/Router/Router.php on line 768.
 1 SYSTEMPATH/Router/Router.php(219): CodeIgniter\Router\Router->checkDisallowedChars()
 2 SYSTEMPATH/CodeIgniter.php(829): CodeIgniter\Router\Router->handle()
 3 SYSTEMPATH/CodeIgniter.php(441): CodeIgniter\CodeIgniter->tryToRouteIt()
 4 SYSTEMPATH/CodeIgniter.php(340): CodeIgniter\CodeIgniter->handleRequest()
 5 SYSTEMPATH/Boot.php(417): CodeIgniter\CodeIgniter->run()
 6 SYSTEMPATH/Boot.php(68): CodeIgniter\Boot::runCodeIgniter()
 7 FCPATH/index.php(31): CodeIgniter\Boot::bootWeb()
CRITICAL - 2026-04-29 16:36:51 --> CodeIgniter\HTTP\Exceptions\BadRequestException: The URI you submitted has disallowed characters: "प्रदेश-४"
[Method: GET, Route: category/%E0%A4%AA%E0%A5%8D%E0%A4%B0%E0%A4%A6%E0%A5%87%E0%A4%B6-%E0%A5%AA/page/4/]
in SYSTEMPATH/Router/Router.php on line 768.
 1 SYSTEMPATH/Router/Router.php(219): CodeIgniter\Router\Router->checkDisallowedChars()
 2 SYSTEMPATH/CodeIgniter.php(829): CodeIgniter\Router\Router->handle()
 3 SYSTEMPATH/CodeIgniter.php(441): CodeIgniter\CodeIgniter->tryToRouteIt()
 4 SYSTEMPATH/CodeIgniter.php(340): CodeIgniter\CodeIgniter->handleRequest()
 5 SYSTEMPATH/Boot.php(417): CodeIgniter\CodeIgniter->run()
 6 SYSTEMPATH/Boot.php(68): CodeIgniter\Boot::runCodeIgniter()
 7 FCPATH/index.php(31): CodeIgniter\Boot::bootWeb()
CRITICAL - 2026-04-29 16:36:53 --> CodeIgniter\HTTP\Exceptions\BadRequestException: The URI you submitted has disallowed characters: "प्रदेश-४"
[Method: GET, Route: category/%E0%A4%AA%E0%A5%8D%E0%A4%B0%E0%A4%A6%E0%A5%87%E0%A4%B6-%E0%A5%AA/page/5/]
in SYSTEMPATH/Router/Router.php on line 768.
 1 SYSTEMPATH/Router/Router.php(219): CodeIgniter\Router\Router->checkDisallowedChars()
 2 SYSTEMPATH/CodeIgniter.php(829): CodeIgniter\Router\Router->handle()
 3 SYSTEMPATH/CodeIgniter.php(441): CodeIgniter\CodeIgniter->tryToRouteIt()
 4 SYSTEMPATH/CodeIgniter.php(340): CodeIgniter\CodeIgniter->handleRequest()
 5 SYSTEMPATH/Boot.php(417): CodeIgniter\CodeIgniter->run()
 6 SYSTEMPATH/Boot.php(68): CodeIgniter\Boot::runCodeIgniter()
 7 FCPATH/index.php(31): CodeIgniter\Boot::bootWeb()
CRITICAL - 2026-04-29 16:36:56 --> CodeIgniter\HTTP\Exceptions\BadRequestException: The URI you submitted has disallowed characters: "प्रदेश-४"
[Method: GET, Route: category/%E0%A4%AA%E0%A5%8D%E0%A4%B0%E0%A4%A6%E0%A5%87%E0%A4%B6-%E0%A5%AA/page/6/]
in SYSTEMPATH/Router/Router.php on line 768.
 1 SYSTEMPATH/Router/Router.php(219): CodeIgniter\Router\Router->checkDisallowedChars()
 2 SYSTEMPATH/CodeIgniter.php(829): CodeIgniter\Router\Router->handle()
 3 SYSTEMPATH/CodeIgniter.php(441): CodeIgniter\CodeIgniter->tryToRouteIt()
 4 SYSTEMPATH/CodeIgniter.php(340): CodeIgniter\CodeIgniter->handleRequest()
 5 SYSTEMPATH/Boot.php(417): CodeIgniter\CodeIgniter->run()
 6 SYSTEMPATH/Boot.php(68): CodeIgniter\Boot::runCodeIgniter()
 7 FCPATH/index.php(31): CodeIgniter\Boot::bootWeb()
CRITICAL - 2026-04-29 16:36:58 --> CodeIgniter\HTTP\Exceptions\BadRequestException: The URI you submitted has disallowed characters: "प्रदेश-४"
[Method: GET, Route: category/%E0%A4%AA%E0%A5%8D%E0%A4%B0%E0%A4%A6%E0%A5%87%E0%A4%B6-%E0%A5%AA/page/7/]
in SYSTEMPATH/Router/Router.php on line 768.
 1 SYSTEMPATH/Router/Router.php(219): CodeIgniter\Router\Router->checkDisallowedChars()
 2 SYSTEMPATH/CodeIgniter.php(829): CodeIgniter\Router\Router->handle()
 3 SYSTEMPATH/CodeIgniter.php(441): CodeIgniter\CodeIgniter->tryToRouteIt()
 4 SYSTEMPATH/CodeIgniter.php(340): CodeIgniter\CodeIgniter->handleRequest()
 5 SYSTEMPATH/Boot.php(417): CodeIgniter\CodeIgniter->run()
 6 SYSTEMPATH/Boot.php(68): CodeIgniter\Boot::runCodeIgniter()
 7 FCPATH/index.php(31): CodeIgniter\Boot::bootWeb()
CRITICAL - 2026-04-29 16:37:02 --> CodeIgniter\HTTP\Exceptions\BadRequestException: The URI you submitted has disallowed characters: "प्रदेश-४"
[Method: GET, Route: category/%E0%A4%AA%E0%A5%8D%E0%A4%B0%E0%A4%A6%E0%A5%87%E0%A4%B6-%E0%A5%AA/page/8/]
in SYSTEMPATH/Router/Router.php on line 768.
 1 SYSTEMPATH/Router/Router.php(219): CodeIgniter\Router\Router->checkDisallowedChars()
 2 SYSTEMPATH/CodeIgniter.php(829): CodeIgniter\Router\Router->handle()
 3 SYSTEMPATH/CodeIgniter.php(441): CodeIgniter\CodeIgniter->tryToRouteIt()
 4 SYSTEMPATH/CodeIgniter.php(340): CodeIgniter\CodeIgniter->handleRequest()
 5 SYSTEMPATH/Boot.php(417): CodeIgniter\CodeIgniter->run()
 6 SYSTEMPATH/Boot.php(68): CodeIgniter\Boot::runCodeIgniter()
 7 FCPATH/index.php(31): CodeIgniter\Boot::bootWeb()
CRITICAL - 2026-04-29 16:37:05 --> CodeIgniter\HTTP\Exceptions\BadRequestException: The URI you submitted has disallowed characters: "प्रदेश-४"
[Method: GET, Route: category/%E0%A4%AA%E0%A5%8D%E0%A4%B0%E0%A4%A6%E0%A5%87%E0%A4%B6-%E0%A5%AA/page/8/]
in SYSTEMPATH/Router/Router.php on line 768.
 1 SYSTEMPATH/Router/Router.php(219): CodeIgniter\Router\Router->checkDisallowedChars()
 2 SYSTEMPATH/CodeIgniter.php(829): CodeIgniter\Router\Router->handle()
 3 SYSTEMPATH/CodeIgniter.php(441): CodeIgniter\CodeIgniter->tryToRouteIt()
 4 SYSTEMPATH/CodeIgniter.php(340): CodeIgniter\CodeIgniter->handleRequest()
 5 SYSTEMPATH/Boot.php(417): CodeIgniter\CodeIgniter->run()
 6 SYSTEMPATH/Boot.php(68): CodeIgniter\Boot::runCodeIgniter()
 7 FCPATH/index.php(31): CodeIgniter\Boot::bootWeb()
CRITICAL - 2026-04-29 16:37:06 --> CodeIgniter\HTTP\Exceptions\BadRequestException: The URI you submitted has disallowed characters: "प्रदेश-४"
[Method: GET, Route: category/%E0%A4%AA%E0%A5%8D%E0%A4%B0%E0%A4%A6%E0%A5%87%E0%A4%B6-%E0%A5%AA/page/9/]
in SYSTEMPATH/Router/Router.php on line 768.
 1 SYSTEMPATH/Router/Router.php(219): CodeIgniter\Router\Router->checkDisallowedChars()
 2 SYSTEMPATH/CodeIgniter.php(829): CodeIgniter\Router\Router->handle()
 3 SYSTEMPATH/CodeIgniter.php(441): CodeIgniter\CodeIgniter->tryToRouteIt()
 4 SYSTEMPATH/CodeIgniter.php(340): CodeIgniter\CodeIgniter->handleRequest()
 5 SYSTEMPATH/Boot.php(417): CodeIgniter\CodeIgniter->run()
 6 SYSTEMPATH/Boot.php(68): CodeIgniter\Boot::runCodeIgniter()
 7 FCPATH/index.php(31): CodeIgniter\Boot::bootWeb()
CRITICAL - 2026-04-29 16:37:10 --> CodeIgniter\HTTP\Exceptions\BadRequestException: The URI you submitted has disallowed characters: "प्रदेश-५"
[Method: GET, Route: category/%E0%A4%AA%E0%A5%8D%E0%A4%B0%E0%A4%A6%E0%A5%87%E0%A4%B6-%E0%A5%AB/]
in SYSTEMPATH/Router/Router.php on line 768.
 1 SYSTEMPATH/Router/Router.php(219): CodeIgniter\Router\Router->checkDisallowedChars()
 2 SYSTEMPATH/CodeIgniter.php(829): CodeIgniter\Router\Router->handle()
 3 SYSTEMPATH/CodeIgniter.php(441): CodeIgniter\CodeIgniter->tryToRouteIt()
 4 SYSTEMPATH/CodeIgniter.php(340): CodeIgniter\CodeIgniter->handleRequest()
 5 SYSTEMPATH/Boot.php(417): CodeIgniter\CodeIgniter->run()
 6 SYSTEMPATH/Boot.php(68): CodeIgniter\Boot::runCodeIgniter()
 7 FCPATH/index.php(31): CodeIgniter\Boot::bootWeb()
CRITICAL - 2026-04-29 16:37:12 --> CodeIgniter\HTTP\Exceptions\BadRequestException: The URI you submitted has disallowed characters: "प्रदेश-५"
[Method: GET, Route: category/%E0%A4%AA%E0%A5%8D%E0%A4%B0%E0%A4%A6%E0%A5%87%E0%A4%B6-%E0%A5%AB/]
in SYSTEMPATH/Router/Router.php on line 768.
 1 SYSTEMPATH/Router/Router.php(219): CodeIgniter\Router\Router->checkDisallowedChars()
 2 SYSTEMPATH/CodeIgniter.php(829): CodeIgniter\Router\Router->handle()
 3 SYSTEMPATH/CodeIgniter.php(441): CodeIgniter\CodeIgniter->tryToRouteIt()
 4 SYSTEMPATH/CodeIgniter.php(340): CodeIgniter\CodeIgniter->handleRequest()
 5 SYSTEMPATH/Boot.php(417): CodeIgniter\CodeIgniter->run()
 6 SYSTEMPATH/Boot.php(68): CodeIgniter\Boot::runCodeIgniter()
 7 FCPATH/index.php(31): CodeIgniter\Boot::bootWeb()
CRITICAL - 2026-04-29 16:37:15 --> CodeIgniter\HTTP\Exceptions\BadRequestException: The URI you submitted has disallowed characters: "प्रदेश-५"
[Method: GET, Route: category/%E0%A4%AA%E0%A5%8D%E0%A4%B0%E0%A4%A6%E0%A5%87%E0%A4%B6-%E0%A5%AB/page/2/]
in SYSTEMPATH/Router/Router.php on line 768.
 1 SYSTEMPATH/Router/Router.php(219): CodeIgniter\Router\Router->checkDisallowedChars()
 2 SYSTEMPATH/CodeIgniter.php(829): CodeIgniter\Router\Router->handle()
 3 SYSTEMPATH/CodeIgniter.php(441): CodeIgniter\CodeIgniter->tryToRouteIt()
 4 SYSTEMPATH/CodeIgniter.php(340): CodeIgniter\CodeIgniter->handleRequest()
 5 SYSTEMPATH/Boot.php(417): CodeIgniter\CodeIgniter->run()
 6 SYSTEMPATH/Boot.php(68): CodeIgniter\Boot::runCodeIgniter()
 7 FCPATH/index.php(31): CodeIgniter\Boot::bootWeb()
CRITICAL - 2026-04-29 16:37:17 --> CodeIgniter\HTTP\Exceptions\BadRequestException: The URI you submitted has disallowed characters: "प्रदेश-५"
[Method: GET, Route: category/%E0%A4%AA%E0%A5%8D%E0%A4%B0%E0%A4%A6%E0%A5%87%E0%A4%B6-%E0%A5%AB/page/2/]
in SYSTEMPATH/Router/Router.php on line 768.
 1 SYSTEMPATH/Router/Router.php(219): CodeIgniter\Router\Router->checkDisallowedChars()
 2 SYSTEMPATH/CodeIgniter.php(829): CodeIgniter\Router\Router->handle()
 3 SYSTEMPATH/CodeIgniter.php(441): CodeIgniter\CodeIgniter->tryToRouteIt()
 4 SYSTEMPATH/CodeIgniter.php(340): CodeIgniter\CodeIgniter->handleRequest()
 5 SYSTEMPATH/Boot.php(417): CodeIgniter\CodeIgniter->run()
 6 SYSTEMPATH/Boot.php(68): CodeIgniter\Boot::runCodeIgniter()
 7 FCPATH/index.php(31): CodeIgniter\Boot::bootWeb()
CRITICAL - 2026-04-29 16:37:19 --> CodeIgniter\HTTP\Exceptions\BadRequestException: The URI you submitted has disallowed characters: "प्रदेश-५"
[Method: GET, Route: category/%E0%A4%AA%E0%A5%8D%E0%A4%B0%E0%A4%A6%E0%A5%87%E0%A4%B6-%E0%A5%AB/page/3/]
in SYSTEMPATH/Router/Router.php on line 768.
 1 SYSTEMPATH/Router/Router.php(219): CodeIgniter\Router\Router->checkDisallowedChars()
 2 SYSTEMPATH/CodeIgniter.php(829): CodeIgniter\Router\Router->handle()
 3 SYSTEMPATH/CodeIgniter.php(441): CodeIgniter\CodeIgniter->tryToRouteIt()
 4 SYSTEMPATH/CodeIgniter.php(340): CodeIgniter\CodeIgniter->handleRequest()
 5 SYSTEMPATH/Boot.php(417): CodeIgniter\CodeIgniter->run()
 6 SYSTEMPATH/Boot.php(68): CodeIgniter\Boot::runCodeIgniter()
 7 FCPATH/index.php(31): CodeIgniter\Boot::bootWeb()
CRITICAL - 2026-04-29 16:37:21 --> CodeIgniter\HTTP\Exceptions\BadRequestException: The URI you submitted has disallowed characters: "प्रदेश-५"
[Method: GET, Route: category/%E0%A4%AA%E0%A5%8D%E0%A4%B0%E0%A4%A6%E0%A5%87%E0%A4%B6-%E0%A5%AB/page/4/]
in SYSTEMPATH/Router/Router.php on line 768.
 1 SYSTEMPATH/Router/Router.php(219): CodeIgniter\Router\Router->checkDisallowedChars()
 2 SYSTEMPATH/CodeIgniter.php(829): CodeIgniter\Router\Router->handle()
 3 SYSTEMPATH/CodeIgniter.php(441): CodeIgniter\CodeIgniter->tryToRouteIt()
 4 SYSTEMPATH/CodeIgniter.php(340): CodeIgniter\CodeIgniter->handleRequest()
 5 SYSTEMPATH/Boot.php(417): CodeIgniter\CodeIgniter->run()
 6 SYSTEMPATH/Boot.php(68): CodeIgniter\Boot::runCodeIgniter()
 7 FCPATH/index.php(31): CodeIgniter\Boot::bootWeb()
CRITICAL - 2026-04-29 16:37:23 --> CodeIgniter\HTTP\Exceptions\BadRequestException: The URI you submitted has disallowed characters: "प्रदेश-५"
[Method: GET, Route: category/%E0%A4%AA%E0%A5%8D%E0%A4%B0%E0%A4%A6%E0%A5%87%E0%A4%B6-%E0%A5%AB/page/5/]
in SYSTEMPATH/Router/Router.php on line 768.
 1 SYSTEMPATH/Router/Router.php(219): CodeIgniter\Router\Router->checkDisallowedChars()
 2 SYSTEMPATH/CodeIgniter.php(829): CodeIgniter\Router\Router->handle()
 3 SYSTEMPATH/CodeIgniter.php(441): CodeIgniter\CodeIgniter->tryToRouteIt()
 4 SYSTEMPATH/CodeIgniter.php(340): CodeIgniter\CodeIgniter->handleRequest()
 5 SYSTEMPATH/Boot.php(417): CodeIgniter\CodeIgniter->run()
 6 SYSTEMPATH/Boot.php(68): CodeIgniter\Boot::runCodeIgniter()
 7 FCPATH/index.php(31): CodeIgniter\Boot::bootWeb()
CRITICAL - 2026-04-29 16:37:26 --> CodeIgniter\HTTP\Exceptions\BadRequestException: The URI you submitted has disallowed characters: "प्रदेश-५"
[Method: GET, Route: category/%E0%A4%AA%E0%A5%8D%E0%A4%B0%E0%A4%A6%E0%A5%87%E0%A4%B6-%E0%A5%AB/page/6/]
in SYSTEMPATH/Router/Router.php on line 768.
 1 SYSTEMPATH/Router/Router.php(219): CodeIgniter\Router\Router->checkDisallowedChars()
 2 SYSTEMPATH/CodeIgniter.php(829): CodeIgniter\Router\Router->handle()
 3 SYSTEMPATH/CodeIgniter.php(441): CodeIgniter\CodeIgniter->tryToRouteIt()
 4 SYSTEMPATH/CodeIgniter.php(340): CodeIgniter\CodeIgniter->handleRequest()
 5 SYSTEMPATH/Boot.php(417): CodeIgniter\CodeIgniter->run()
 6 SYSTEMPATH/Boot.php(68): CodeIgniter\Boot::runCodeIgniter()
 7 FCPATH/index.php(31): CodeIgniter\Boot::bootWeb()
CRITICAL - 2026-04-29 16:37:28 --> CodeIgniter\HTTP\Exceptions\BadRequestException: The URI you submitted has disallowed characters: "प्रदेश-५"
[Method: GET, Route: category/%E0%A4%AA%E0%A5%8D%E0%A4%B0%E0%A4%A6%E0%A5%87%E0%A4%B6-%E0%A5%AB/page/6/]
in SYSTEMPATH/Router/Router.php on line 768.
 1 SYSTEMPATH/Router/Router.php(219): CodeIgniter\Router\Router->checkDisallowedChars()
 2 SYSTEMPATH/CodeIgniter.php(829): CodeIgniter\Router\Router->handle()
 3 SYSTEMPATH/CodeIgniter.php(441): CodeIgniter\CodeIgniter->tryToRouteIt()
 4 SYSTEMPATH/CodeIgniter.php(340): CodeIgniter\CodeIgniter->handleRequest()
 5 SYSTEMPATH/Boot.php(417): CodeIgniter\CodeIgniter->run()
 6 SYSTEMPATH/Boot.php(68): CodeIgniter\Boot::runCodeIgniter()
 7 FCPATH/index.php(31): CodeIgniter\Boot::bootWeb()
CRITICAL - 2026-04-29 16:37:31 --> CodeIgniter\HTTP\Exceptions\BadRequestException: The URI you submitted has disallowed characters: "प्रदेश-५"
[Method: GET, Route: category/%E0%A4%AA%E0%A5%8D%E0%A4%B0%E0%A4%A6%E0%A5%87%E0%A4%B6-%E0%A5%AB/page/7/]
in SYSTEMPATH/Router/Router.php on line 768.
 1 SYSTEMPATH/Router/Router.php(219): CodeIgniter\Router\Router->checkDisallowedChars()
 2 SYSTEMPATH/CodeIgniter.php(829): CodeIgniter\Router\Router->handle()
 3 SYSTEMPATH/CodeIgniter.php(441): CodeIgniter\CodeIgniter->tryToRouteIt()
 4 SYSTEMPATH/CodeIgniter.php(340): CodeIgniter\CodeIgniter->handleRequest()
 5 SYSTEMPATH/Boot.php(417): CodeIgniter\CodeIgniter->run()
 6 SYSTEMPATH/Boot.php(68): CodeIgniter\Boot::runCodeIgniter()
 7 FCPATH/index.php(31): CodeIgniter\Boot::bootWeb()
CRITICAL - 2026-04-29 16:37:33 --> CodeIgniter\HTTP\Exceptions\BadRequestException: The URI you submitted has disallowed characters: "प्रदेश-५"
[Method: GET, Route: category/%E0%A4%AA%E0%A5%8D%E0%A4%B0%E0%A4%A6%E0%A5%87%E0%A4%B6-%E0%A5%AB/page/7/]
in SYSTEMPATH/Router/Router.php on line 768.
 1 SYSTEMPATH/Router/Router.php(219): CodeIgniter\Router\Router->checkDisallowedChars()
 2 SYSTEMPATH/CodeIgniter.php(829): CodeIgniter\Router\Router->handle()
 3 SYSTEMPATH/CodeIgniter.php(441): CodeIgniter\CodeIgniter->tryToRouteIt()
 4 SYSTEMPATH/CodeIgniter.php(340): CodeIgniter\CodeIgniter->handleRequest()
 5 SYSTEMPATH/Boot.php(417): CodeIgniter\CodeIgniter->run()
 6 SYSTEMPATH/Boot.php(68): CodeIgniter\Boot::runCodeIgniter()
 7 FCPATH/index.php(31): CodeIgniter\Boot::bootWeb()
CRITICAL - 2026-04-29 16:37:37 --> CodeIgniter\HTTP\Exceptions\BadRequestException: The URI you submitted has disallowed characters: "प्रदेश-५"
[Method: GET, Route: category/%E0%A4%AA%E0%A5%8D%E0%A4%B0%E0%A4%A6%E0%A5%87%E0%A4%B6-%E0%A5%AB/page/8/]
in SYSTEMPATH/Router/Router.php on line 768.
 1 SYSTEMPATH/Router/Router.php(219): CodeIgniter\Router\Router->checkDisallowedChars()
 2 SYSTEMPATH/CodeIgniter.php(829): CodeIgniter\Router\Router->handle()
 3 SYSTEMPATH/CodeIgniter.php(441): CodeIgniter\CodeIgniter->tryToRouteIt()
 4 SYSTEMPATH/CodeIgniter.php(340): CodeIgniter\CodeIgniter->handleRequest()
 5 SYSTEMPATH/Boot.php(417): CodeIgniter\CodeIgniter->run()
 6 SYSTEMPATH/Boot.php(68): CodeIgniter\Boot::runCodeIgniter()
 7 FCPATH/index.php(31): CodeIgniter\Boot::bootWeb()
CRITICAL - 2026-04-29 16:37:39 --> CodeIgniter\HTTP\Exceptions\BadRequestException: The URI you submitted has disallowed characters: "प्रदेश-५"
[Method: GET, Route: category/%E0%A4%AA%E0%A5%8D%E0%A4%B0%E0%A4%A6%E0%A5%87%E0%A4%B6-%E0%A5%AB/page/8/]
in SYSTEMPATH/Router/Router.php on line 768.
 1 SYSTEMPATH/Router/Router.php(219): CodeIgniter\Router\Router->checkDisallowedChars()
 2 SYSTEMPATH/CodeIgniter.php(829): CodeIgniter\Router\Router->handle()
 3 SYSTEMPATH/CodeIgniter.php(441): CodeIgniter\CodeIgniter->tryToRouteIt()
 4 SYSTEMPATH/CodeIgniter.php(340): CodeIgniter\CodeIgniter->handleRequest()
 5 SYSTEMPATH/Boot.php(417): CodeIgniter\CodeIgniter->run()
 6 SYSTEMPATH/Boot.php(68): CodeIgniter\Boot::runCodeIgniter()
 7 FCPATH/index.php(31): CodeIgniter\Boot::bootWeb()
CRITICAL - 2026-04-29 16:37:42 --> CodeIgniter\HTTP\Exceptions\BadRequestException: The URI you submitted has disallowed characters: "प्रदेश-५"
[Method: GET, Route: category/%E0%A4%AA%E0%A5%8D%E0%A4%B0%E0%A4%A6%E0%A5%87%E0%A4%B6-%E0%A5%AB/page/9/]
in SYSTEMPATH/Router/Router.php on line 768.
 1 SYSTEMPATH/Router/Router.php(219): CodeIgniter\Router\Router->checkDisallowedChars()
 2 SYSTEMPATH/CodeIgniter.php(829): CodeIgniter\Router\Router->handle()
 3 SYSTEMPATH/CodeIgniter.php(441): CodeIgniter\CodeIgniter->tryToRouteIt()
 4 SYSTEMPATH/CodeIgniter.php(340): CodeIgniter\CodeIgniter->handleRequest()
 5 SYSTEMPATH/Boot.php(417): CodeIgniter\CodeIgniter->run()
 6 SYSTEMPATH/Boot.php(68): CodeIgniter\Boot::runCodeIgniter()
 7 FCPATH/index.php(31): CodeIgniter\Boot::bootWeb()
CRITICAL - 2026-04-29 16:37:44 --> CodeIgniter\HTTP\Exceptions\BadRequestException: The URI you submitted has disallowed characters: "प्रदेश-५"
[Method: GET, Route: category/%E0%A4%AA%E0%A5%8D%E0%A4%B0%E0%A4%A6%E0%A5%87%E0%A4%B6-%E0%A5%AB/page/9/]
in SYSTEMPATH/Router/Router.php on line 768.
 1 SYSTEMPATH/Router/Router.php(219): CodeIgniter\Router\Router->checkDisallowedChars()
 2 SYSTEMPATH/CodeIgniter.php(829): CodeIgniter\Router\Router->handle()
 3 SYSTEMPATH/CodeIgniter.php(441): CodeIgniter\CodeIgniter->tryToRouteIt()
 4 SYSTEMPATH/CodeIgniter.php(340): CodeIgniter\CodeIgniter->handleRequest()
 5 SYSTEMPATH/Boot.php(417): CodeIgniter\CodeIgniter->run()
 6 SYSTEMPATH/Boot.php(68): CodeIgniter\Boot::runCodeIgniter()
 7 FCPATH/index.php(31): CodeIgniter\Boot::bootWeb()
CRITICAL - 2026-04-29 16:37:48 --> CodeIgniter\HTTP\Exceptions\BadRequestException: The URI you submitted has disallowed characters: "प्रदेश-६"
[Method: GET, Route: category/%E0%A4%AA%E0%A5%8D%E0%A4%B0%E0%A4%A6%E0%A5%87%E0%A4%B6-%E0%A5%AC/]
in SYSTEMPATH/Router/Router.php on line 768.
 1 SYSTEMPATH/Router/Router.php(219): CodeIgniter\Router\Router->checkDisallowedChars()
 2 SYSTEMPATH/CodeIgniter.php(829): CodeIgniter\Router\Router->handle()
 3 SYSTEMPATH/CodeIgniter.php(441): CodeIgniter\CodeIgniter->tryToRouteIt()
 4 SYSTEMPATH/CodeIgniter.php(340): CodeIgniter\CodeIgniter->handleRequest()
 5 SYSTEMPATH/Boot.php(417): CodeIgniter\CodeIgniter->run()
 6 SYSTEMPATH/Boot.php(68): CodeIgniter\Boot::runCodeIgniter()
 7 FCPATH/index.php(31): CodeIgniter\Boot::bootWeb()
CRITICAL - 2026-04-29 16:37:49 --> CodeIgniter\HTTP\Exceptions\BadRequestException: The URI you submitted has disallowed characters: "प्रदेश-६"
[Method: GET, Route: category/%E0%A4%AA%E0%A5%8D%E0%A4%B0%E0%A4%A6%E0%A5%87%E0%A4%B6-%E0%A5%AC/]
in SYSTEMPATH/Router/Router.php on line 768.
 1 SYSTEMPATH/Router/Router.php(219): CodeIgniter\Router\Router->checkDisallowedChars()
 2 SYSTEMPATH/CodeIgniter.php(829): CodeIgniter\Router\Router->handle()
 3 SYSTEMPATH/CodeIgniter.php(441): CodeIgniter\CodeIgniter->tryToRouteIt()
 4 SYSTEMPATH/CodeIgniter.php(340): CodeIgniter\CodeIgniter->handleRequest()
 5 SYSTEMPATH/Boot.php(417): CodeIgniter\CodeIgniter->run()
 6 SYSTEMPATH/Boot.php(68): CodeIgniter\Boot::runCodeIgniter()
 7 FCPATH/index.php(31): CodeIgniter\Boot::bootWeb()
CRITICAL - 2026-04-29 16:37:53 --> CodeIgniter\HTTP\Exceptions\BadRequestException: The URI you submitted has disallowed characters: "प्रदेश-६"
[Method: GET, Route: category/%E0%A4%AA%E0%A5%8D%E0%A4%B0%E0%A4%A6%E0%A5%87%E0%A4%B6-%E0%A5%AC/page/2/]
in SYSTEMPATH/Router/Router.php on line 768.
 1 SYSTEMPATH/Router/Router.php(219): CodeIgniter\Router\Router->checkDisallowedChars()
 2 SYSTEMPATH/CodeIgniter.php(829): CodeIgniter\Router\Router->handle()
 3 SYSTEMPATH/CodeIgniter.php(441): CodeIgniter\CodeIgniter->tryToRouteIt()
 4 SYSTEMPATH/CodeIgniter.php(340): CodeIgniter\CodeIgniter->handleRequest()
 5 SYSTEMPATH/Boot.php(417): CodeIgniter\CodeIgniter->run()
 6 SYSTEMPATH/Boot.php(68): CodeIgniter\Boot::runCodeIgniter()
 7 FCPATH/index.php(31): CodeIgniter\Boot::bootWeb()
CRITICAL - 2026-04-29 16:37:55 --> CodeIgniter\HTTP\Exceptions\BadRequestException: The URI you submitted has disallowed characters: "प्रदेश-६"
[Method: GET, Route: category/%E0%A4%AA%E0%A5%8D%E0%A4%B0%E0%A4%A6%E0%A5%87%E0%A4%B6-%E0%A5%AC/page/2/]
in SYSTEMPATH/Router/Router.php on line 768.
 1 SYSTEMPATH/Router/Router.php(219): CodeIgniter\Router\Router->checkDisallowedChars()
 2 SYSTEMPATH/CodeIgniter.php(829): CodeIgniter\Router\Router->handle()
 3 SYSTEMPATH/CodeIgniter.php(441): CodeIgniter\CodeIgniter->tryToRouteIt()
 4 SYSTEMPATH/CodeIgniter.php(340): CodeIgniter\CodeIgniter->handleRequest()
 5 SYSTEMPATH/Boot.php(417): CodeIgniter\CodeIgniter->run()
 6 SYSTEMPATH/Boot.php(68): CodeIgniter\Boot::runCodeIgniter()
 7 FCPATH/index.php(31): CodeIgniter\Boot::bootWeb()
CRITICAL - 2026-04-29 16:37:57 --> CodeIgniter\HTTP\Exceptions\BadRequestException: The URI you submitted has disallowed characters: "प्रदेश-६"
[Method: GET, Route: category/%E0%A4%AA%E0%A5%8D%E0%A4%B0%E0%A4%A6%E0%A5%87%E0%A4%B6-%E0%A5%AC/page/3/]
in SYSTEMPATH/Router/Router.php on line 768.
 1 SYSTEMPATH/Router/Router.php(219): CodeIgniter\Router\Router->checkDisallowedChars()
 2 SYSTEMPATH/CodeIgniter.php(829): CodeIgniter\Router\Router->handle()
 3 SYSTEMPATH/CodeIgniter.php(441): CodeIgniter\CodeIgniter->tryToRouteIt()
 4 SYSTEMPATH/CodeIgniter.php(340): CodeIgniter\CodeIgniter->handleRequest()
 5 SYSTEMPATH/Boot.php(417): CodeIgniter\CodeIgniter->run()
 6 SYSTEMPATH/Boot.php(68): CodeIgniter\Boot::runCodeIgniter()
 7 FCPATH/index.php(31): CodeIgniter\Boot::bootWeb()
CRITICAL - 2026-04-29 16:38:00 --> CodeIgniter\HTTP\Exceptions\BadRequestException: The URI you submitted has disallowed characters: "प्रदेश-६"
[Method: GET, Route: category/%E0%A4%AA%E0%A5%8D%E0%A4%B0%E0%A4%A6%E0%A5%87%E0%A4%B6-%E0%A5%AC/page/4/]
in SYSTEMPATH/Router/Router.php on line 768.
 1 SYSTEMPATH/Router/Router.php(219): CodeIgniter\Router\Router->checkDisallowedChars()
 2 SYSTEMPATH/CodeIgniter.php(829): CodeIgniter\Router\Router->handle()
 3 SYSTEMPATH/CodeIgniter.php(441): CodeIgniter\CodeIgniter->tryToRouteIt()
 4 SYSTEMPATH/CodeIgniter.php(340): CodeIgniter\CodeIgniter->handleRequest()
 5 SYSTEMPATH/Boot.php(417): CodeIgniter\CodeIgniter->run()
 6 SYSTEMPATH/Boot.php(68): CodeIgniter\Boot::runCodeIgniter()
 7 FCPATH/index.php(31): CodeIgniter\Boot::bootWeb()
CRITICAL - 2026-04-29 16:38:02 --> CodeIgniter\HTTP\Exceptions\BadRequestException: The URI you submitted has disallowed characters: "प्रदेश-६"
[Method: GET, Route: category/%E0%A4%AA%E0%A5%8D%E0%A4%B0%E0%A4%A6%E0%A5%87%E0%A4%B6-%E0%A5%AC/page/4/]
in SYSTEMPATH/Router/Router.php on line 768.
 1 SYSTEMPATH/Router/Router.php(219): CodeIgniter\Router\Router->checkDisallowedChars()
 2 SYSTEMPATH/CodeIgniter.php(829): CodeIgniter\Router\Router->handle()
 3 SYSTEMPATH/CodeIgniter.php(441): CodeIgniter\CodeIgniter->tryToRouteIt()
 4 SYSTEMPATH/CodeIgniter.php(340): CodeIgniter\CodeIgniter->handleRequest()
 5 SYSTEMPATH/Boot.php(417): CodeIgniter\CodeIgniter->run()
 6 SYSTEMPATH/Boot.php(68): CodeIgniter\Boot::runCodeIgniter()
 7 FCPATH/index.php(31): CodeIgniter\Boot::bootWeb()
CRITICAL - 2026-04-29 16:38:04 --> CodeIgniter\HTTP\Exceptions\BadRequestException: The URI you submitted has disallowed characters: "प्रदेश-६"
[Method: GET, Route: category/%E0%A4%AA%E0%A5%8D%E0%A4%B0%E0%A4%A6%E0%A5%87%E0%A4%B6-%E0%A5%AC/page/5/]
in SYSTEMPATH/Router/Router.php on line 768.
 1 SYSTEMPATH/Router/Router.php(219): CodeIgniter\Router\Router->checkDisallowedChars()
 2 SYSTEMPATH/CodeIgniter.php(829): CodeIgniter\Router\Router->handle()
 3 SYSTEMPATH/CodeIgniter.php(441): CodeIgniter\CodeIgniter->tryToRouteIt()
 4 SYSTEMPATH/CodeIgniter.php(340): CodeIgniter\CodeIgniter->handleRequest()
 5 SYSTEMPATH/Boot.php(417): CodeIgniter\CodeIgniter->run()
 6 SYSTEMPATH/Boot.php(68): CodeIgniter\Boot::runCodeIgniter()
 7 FCPATH/index.php(31): CodeIgniter\Boot::bootWeb()
CRITICAL - 2026-04-29 16:38:05 --> CodeIgniter\HTTP\Exceptions\BadRequestException: The URI you submitted has disallowed characters: "प्रदेश-६"
[Method: GET, Route: category/%E0%A4%AA%E0%A5%8D%E0%A4%B0%E0%A4%A6%E0%A5%87%E0%A4%B6-%E0%A5%AC/page/6/]
in SYSTEMPATH/Router/Router.php on line 768.
 1 SYSTEMPATH/Router/Router.php(219): CodeIgniter\Router\Router->checkDisallowedChars()
 2 SYSTEMPATH/CodeIgniter.php(829): CodeIgniter\Router\Router->handle()
 3 SYSTEMPATH/CodeIgniter.php(441): CodeIgniter\CodeIgniter->tryToRouteIt()
 4 SYSTEMPATH/CodeIgniter.php(340): CodeIgniter\CodeIgniter->handleRequest()
 5 SYSTEMPATH/Boot.php(417): CodeIgniter\CodeIgniter->run()
 6 SYSTEMPATH/Boot.php(68): CodeIgniter\Boot::runCodeIgniter()
 7 FCPATH/index.php(31): CodeIgniter\Boot::bootWeb()
CRITICAL - 2026-04-29 16:38:07 --> CodeIgniter\HTTP\Exceptions\BadRequestException: The URI you submitted has disallowed characters: "प्रदेश-६"
[Method: GET, Route: category/%E0%A4%AA%E0%A5%8D%E0%A4%B0%E0%A4%A6%E0%A5%87%E0%A4%B6-%E0%A5%AC/page/7/]
in SYSTEMPATH/Router/Router.php on line 768.
 1 SYSTEMPATH/Router/Router.php(219): CodeIgniter\Router\Router->checkDisallowedChars()
 2 SYSTEMPATH/CodeIgniter.php(829): CodeIgniter\Router\Router->handle()
 3 SYSTEMPATH/CodeIgniter.php(441): CodeIgniter\CodeIgniter->tryToRouteIt()
 4 SYSTEMPATH/CodeIgniter.php(340): CodeIgniter\CodeIgniter->handleRequest()
 5 SYSTEMPATH/Boot.php(417): CodeIgniter\CodeIgniter->run()
 6 SYSTEMPATH/Boot.php(68): CodeIgniter\Boot::runCodeIgniter()
 7 FCPATH/index.php(31): CodeIgniter\Boot::bootWeb()
CRITICAL - 2026-04-29 16:38:09 --> CodeIgniter\HTTP\Exceptions\BadRequestException: The URI you submitted has disallowed characters: "प्रदेश-६"
[Method: GET, Route: category/%E0%A4%AA%E0%A5%8D%E0%A4%B0%E0%A4%A6%E0%A5%87%E0%A4%B6-%E0%A5%AC/page/8/]
in SYSTEMPATH/Router/Router.php on line 768.
 1 SYSTEMPATH/Router/Router.php(219): CodeIgniter\Router\Router->checkDisallowedChars()
 2 SYSTEMPATH/CodeIgniter.php(829): CodeIgniter\Router\Router->handle()
 3 SYSTEMPATH/CodeIgniter.php(441): CodeIgniter\CodeIgniter->tryToRouteIt()
 4 SYSTEMPATH/CodeIgniter.php(340): CodeIgniter\CodeIgniter->handleRequest()
 5 SYSTEMPATH/Boot.php(417): CodeIgniter\CodeIgniter->run()
 6 SYSTEMPATH/Boot.php(68): CodeIgniter\Boot::runCodeIgniter()
 7 FCPATH/index.php(31): CodeIgniter\Boot::bootWeb()
CRITICAL - 2026-04-29 16:38:11 --> CodeIgniter\HTTP\Exceptions\BadRequestException: The URI you submitted has disallowed characters: "प्रदेश-६"
[Method: GET, Route: category/%E0%A4%AA%E0%A5%8D%E0%A4%B0%E0%A4%A6%E0%A5%87%E0%A4%B6-%E0%A5%AC/page/9/]
in SYSTEMPATH/Router/Router.php on line 768.
 1 SYSTEMPATH/Router/Router.php(219): CodeIgniter\Router\Router->checkDisallowedChars()
 2 SYSTEMPATH/CodeIgniter.php(829): CodeIgniter\Router\Router->handle()
 3 SYSTEMPATH/CodeIgniter.php(441): CodeIgniter\CodeIgniter->tryToRouteIt()
 4 SYSTEMPATH/CodeIgniter.php(340): CodeIgniter\CodeIgniter->handleRequest()
 5 SYSTEMPATH/Boot.php(417): CodeIgniter\CodeIgniter->run()
 6 SYSTEMPATH/Boot.php(68): CodeIgniter\Boot::runCodeIgniter()
 7 FCPATH/index.php(31): CodeIgniter\Boot::bootWeb()
CRITICAL - 2026-04-29 16:38:13 --> CodeIgniter\HTTP\Exceptions\BadRequestException: The URI you submitted has disallowed characters: "प्रदेश-७"
[Method: GET, Route: category/%E0%A4%AA%E0%A5%8D%E0%A4%B0%E0%A4%A6%E0%A5%87%E0%A4%B6-%E0%A5%AD/]
in SYSTEMPATH/Router/Router.php on line 768.
 1 SYSTEMPATH/Router/Router.php(219): CodeIgniter\Router\Router->checkDisallowedChars()
 2 SYSTEMPATH/CodeIgniter.php(829): CodeIgniter\Router\Router->handle()
 3 SYSTEMPATH/CodeIgniter.php(441): CodeIgniter\CodeIgniter->tryToRouteIt()
 4 SYSTEMPATH/CodeIgniter.php(340): CodeIgniter\CodeIgniter->handleRequest()
 5 SYSTEMPATH/Boot.php(417): CodeIgniter\CodeIgniter->run()
 6 SYSTEMPATH/Boot.php(68): CodeIgniter\Boot::runCodeIgniter()
 7 FCPATH/index.php(31): CodeIgniter\Boot::bootWeb()
CRITICAL - 2026-04-29 16:38:15 --> CodeIgniter\HTTP\Exceptions\BadRequestException: The URI you submitted has disallowed characters: "प्रदेश-७"
[Method: GET, Route: category/%E0%A4%AA%E0%A5%8D%E0%A4%B0%E0%A4%A6%E0%A5%87%E0%A4%B6-%E0%A5%AD/page/2/]
in SYSTEMPATH/Router/Router.php on line 768.
 1 SYSTEMPATH/Router/Router.php(219): CodeIgniter\Router\Router->checkDisallowedChars()
 2 SYSTEMPATH/CodeIgniter.php(829): CodeIgniter\Router\Router->handle()
 3 SYSTEMPATH/CodeIgniter.php(441): CodeIgniter\CodeIgniter->tryToRouteIt()
 4 SYSTEMPATH/CodeIgniter.php(340): CodeIgniter\CodeIgniter->handleRequest()
 5 SYSTEMPATH/Boot.php(417): CodeIgniter\CodeIgniter->run()
 6 SYSTEMPATH/Boot.php(68): CodeIgniter\Boot::runCodeIgniter()
 7 FCPATH/index.php(31): CodeIgniter\Boot::bootWeb()
CRITICAL - 2026-04-29 16:38:17 --> CodeIgniter\HTTP\Exceptions\BadRequestException: The URI you submitted has disallowed characters: "प्रदेश-७"
[Method: GET, Route: category/%E0%A4%AA%E0%A5%8D%E0%A4%B0%E0%A4%A6%E0%A5%87%E0%A4%B6-%E0%A5%AD/page/3/]
in SYSTEMPATH/Router/Router.php on line 768.
 1 SYSTEMPATH/Router/Router.php(219): CodeIgniter\Router\Router->checkDisallowedChars()
 2 SYSTEMPATH/CodeIgniter.php(829): CodeIgniter\Router\Router->handle()
 3 SYSTEMPATH/CodeIgniter.php(441): CodeIgniter\CodeIgniter->tryToRouteIt()
 4 SYSTEMPATH/CodeIgniter.php(340): CodeIgniter\CodeIgniter->handleRequest()
 5 SYSTEMPATH/Boot.php(417): CodeIgniter\CodeIgniter->run()
 6 SYSTEMPATH/Boot.php(68): CodeIgniter\Boot::runCodeIgniter()
 7 FCPATH/index.php(31): CodeIgniter\Boot::bootWeb()
CRITICAL - 2026-04-29 16:38:19 --> CodeIgniter\HTTP\Exceptions\BadRequestException: The URI you submitted has disallowed characters: "प्रदेश-७"
[Method: GET, Route: category/%E0%A4%AA%E0%A5%8D%E0%A4%B0%E0%A4%A6%E0%A5%87%E0%A4%B6-%E0%A5%AD/page/4/]
in SYSTEMPATH/Router/Router.php on line 768.
 1 SYSTEMPATH/Router/Router.php(219): CodeIgniter\Router\Router->checkDisallowedChars()
 2 SYSTEMPATH/CodeIgniter.php(829): CodeIgniter\Router\Router->handle()
 3 SYSTEMPATH/CodeIgniter.php(441): CodeIgniter\CodeIgniter->tryToRouteIt()
 4 SYSTEMPATH/CodeIgniter.php(340): CodeIgniter\CodeIgniter->handleRequest()
 5 SYSTEMPATH/Boot.php(417): CodeIgniter\CodeIgniter->run()
 6 SYSTEMPATH/Boot.php(68): CodeIgniter\Boot::runCodeIgniter()
 7 FCPATH/index.php(31): CodeIgniter\Boot::bootWeb()
CRITICAL - 2026-04-29 16:38:21 --> CodeIgniter\HTTP\Exceptions\BadRequestException: The URI you submitted has disallowed characters: "प्रदेश-७"
[Method: GET, Route: category/%E0%A4%AA%E0%A5%8D%E0%A4%B0%E0%A4%A6%E0%A5%87%E0%A4%B6-%E0%A5%AD/page/5/]
in SYSTEMPATH/Router/Router.php on line 768.
 1 SYSTEMPATH/Router/Router.php(219): CodeIgniter\Router\Router->checkDisallowedChars()
 2 SYSTEMPATH/CodeIgniter.php(829): CodeIgniter\Router\Router->handle()
 3 SYSTEMPATH/CodeIgniter.php(441): CodeIgniter\CodeIgniter->tryToRouteIt()
 4 SYSTEMPATH/CodeIgniter.php(340): CodeIgniter\CodeIgniter->handleRequest()
 5 SYSTEMPATH/Boot.php(417): CodeIgniter\CodeIgniter->run()
 6 SYSTEMPATH/Boot.php(68): CodeIgniter\Boot::runCodeIgniter()
 7 FCPATH/index.php(31): CodeIgniter\Boot::bootWeb()
CRITICAL - 2026-04-29 16:38:22 --> CodeIgniter\HTTP\Exceptions\BadRequestException: The URI you submitted has disallowed characters: "प्रदेश-७"
[Method: GET, Route: category/%E0%A4%AA%E0%A5%8D%E0%A4%B0%E0%A4%A6%E0%A5%87%E0%A4%B6-%E0%A5%AD/page/6/]
in SYSTEMPATH/Router/Router.php on line 768.
 1 SYSTEMPATH/Router/Router.php(219): CodeIgniter\Router\Router->checkDisallowedChars()
 2 SYSTEMPATH/CodeIgniter.php(829): CodeIgniter\Router\Router->handle()
 3 SYSTEMPATH/CodeIgniter.php(441): CodeIgniter\CodeIgniter->tryToRouteIt()
 4 SYSTEMPATH/CodeIgniter.php(340): CodeIgniter\CodeIgniter->handleRequest()
 5 SYSTEMPATH/Boot.php(417): CodeIgniter\CodeIgniter->run()
 6 SYSTEMPATH/Boot.php(68): CodeIgniter\Boot::runCodeIgniter()
 7 FCPATH/index.php(31): CodeIgniter\Boot::bootWeb()
CRITICAL - 2026-04-29 16:38:24 --> CodeIgniter\HTTP\Exceptions\BadRequestException: The URI you submitted has disallowed characters: "प्रदेश-७"
[Method: GET, Route: category/%E0%A4%AA%E0%A5%8D%E0%A4%B0%E0%A4%A6%E0%A5%87%E0%A4%B6-%E0%A5%AD/page/7/]
in SYSTEMPATH/Router/Router.php on line 768.
 1 SYSTEMPATH/Router/Router.php(219): CodeIgniter\Router\Router->checkDisallowedChars()
 2 SYSTEMPATH/CodeIgniter.php(829): CodeIgniter\Router\Router->handle()
 3 SYSTEMPATH/CodeIgniter.php(441): CodeIgniter\CodeIgniter->tryToRouteIt()
 4 SYSTEMPATH/CodeIgniter.php(340): CodeIgniter\CodeIgniter->handleRequest()
 5 SYSTEMPATH/Boot.php(417): CodeIgniter\CodeIgniter->run()
 6 SYSTEMPATH/Boot.php(68): CodeIgniter\Boot::runCodeIgniter()
 7 FCPATH/index.php(31): CodeIgniter\Boot::bootWeb()
CRITICAL - 2026-04-29 16:38:26 --> CodeIgniter\HTTP\Exceptions\BadRequestException: The URI you submitted has disallowed characters: "प्रदेश-७"
[Method: GET, Route: category/%E0%A4%AA%E0%A5%8D%E0%A4%B0%E0%A4%A6%E0%A5%87%E0%A4%B6-%E0%A5%AD/page/8/]
in SYSTEMPATH/Router/Router.php on line 768.
 1 SYSTEMPATH/Router/Router.php(219): CodeIgniter\Router\Router->checkDisallowedChars()
 2 SYSTEMPATH/CodeIgniter.php(829): CodeIgniter\Router\Router->handle()
 3 SYSTEMPATH/CodeIgniter.php(441): CodeIgniter\CodeIgniter->tryToRouteIt()
 4 SYSTEMPATH/CodeIgniter.php(340): CodeIgniter\CodeIgniter->handleRequest()
 5 SYSTEMPATH/Boot.php(417): CodeIgniter\CodeIgniter->run()
 6 SYSTEMPATH/Boot.php(68): CodeIgniter\Boot::runCodeIgniter()
 7 FCPATH/index.php(31): CodeIgniter\Boot::bootWeb()
CRITICAL - 2026-04-29 16:38:28 --> CodeIgniter\HTTP\Exceptions\BadRequestException: The URI you submitted has disallowed characters: "प्रदेश-७"
[Method: GET, Route: category/%E0%A4%AA%E0%A5%8D%E0%A4%B0%E0%A4%A6%E0%A5%87%E0%A4%B6-%E0%A5%AD/page/9/]
in SYSTEMPATH/Router/Router.php on line 768.
 1 SYSTEMPATH/Router/Router.php(219): CodeIgniter\Router\Router->checkDisallowedChars()
 2 SYSTEMPATH/CodeIgniter.php(829): CodeIgniter\Router\Router->handle()
 3 SYSTEMPATH/CodeIgniter.php(441): CodeIgniter\CodeIgniter->tryToRouteIt()
 4 SYSTEMPATH/CodeIgniter.php(340): CodeIgniter\CodeIgniter->handleRequest()
 5 SYSTEMPATH/Boot.php(417): CodeIgniter\CodeIgniter->run()
 6 SYSTEMPATH/Boot.php(68): CodeIgniter\Boot::runCodeIgniter()
 7 FCPATH/index.php(31): CodeIgniter\Boot::bootWeb()
CRITICAL - 2026-04-29 16:38:30 --> CodeIgniter\HTTP\Exceptions\BadRequestException: The URI you submitted has disallowed characters: "प्रमुख-समाचार"
[Method: GET, Route: category/%E0%A4%AA%E0%A5%8D%E0%A4%B0%E0%A4%AE%E0%A5%81%E0%A4%96-%E0%A4%B8%E0%A4%AE%E0%A4%BE%E0%A4%9A%E0%A4%BE%E0%A4%B0/]
in SYSTEMPATH/Router/Router.php on line 768.
 1 SYSTEMPATH/Router/Router.php(219): CodeIgniter\Router\Router->checkDisallowedChars()
 2 SYSTEMPATH/CodeIgniter.php(829): CodeIgniter\Router\Router->handle()
 3 SYSTEMPATH/CodeIgniter.php(441): CodeIgniter\CodeIgniter->tryToRouteIt()
 4 SYSTEMPATH/CodeIgniter.php(340): CodeIgniter\CodeIgniter->handleRequest()
 5 SYSTEMPATH/Boot.php(417): CodeIgniter\CodeIgniter->run()
 6 SYSTEMPATH/Boot.php(68): CodeIgniter\Boot::runCodeIgniter()
 7 FCPATH/index.php(31): CodeIgniter\Boot::bootWeb()
CRITICAL - 2026-04-29 16:38:31 --> CodeIgniter\HTTP\Exceptions\BadRequestException: The URI you submitted has disallowed characters: "प्रमुख-समाचार"
[Method: GET, Route: category/%E0%A4%AA%E0%A5%8D%E0%A4%B0%E0%A4%AE%E0%A5%81%E0%A4%96-%E0%A4%B8%E0%A4%AE%E0%A4%BE%E0%A4%9A%E0%A4%BE%E0%A4%B0/page/10/]
in SYSTEMPATH/Router/Router.php on line 768.
 1 SYSTEMPATH/Router/Router.php(219): CodeIgniter\Router\Router->checkDisallowedChars()
 2 SYSTEMPATH/CodeIgniter.php(829): CodeIgniter\Router\Router->handle()
 3 SYSTEMPATH/CodeIgniter.php(441): CodeIgniter\CodeIgniter->tryToRouteIt()
 4 SYSTEMPATH/CodeIgniter.php(340): CodeIgniter\CodeIgniter->handleRequest()
 5 SYSTEMPATH/Boot.php(417): CodeIgniter\CodeIgniter->run()
 6 SYSTEMPATH/Boot.php(68): CodeIgniter\Boot::runCodeIgniter()
 7 FCPATH/index.php(31): CodeIgniter\Boot::bootWeb()
CRITICAL - 2026-04-29 16:38:34 --> CodeIgniter\HTTP\Exceptions\BadRequestException: The URI you submitted has disallowed characters: "प्रमुख-समाचार"
[Method: GET, Route: category/%E0%A4%AA%E0%A5%8D%E0%A4%B0%E0%A4%AE%E0%A5%81%E0%A4%96-%E0%A4%B8%E0%A4%AE%E0%A4%BE%E0%A4%9A%E0%A4%BE%E0%A4%B0/page/11/]
in SYSTEMPATH/Router/Router.php on line 768.
 1 SYSTEMPATH/Router/Router.php(219): CodeIgniter\Router\Router->checkDisallowedChars()
 2 SYSTEMPATH/CodeIgniter.php(829): CodeIgniter\Router\Router->handle()
 3 SYSTEMPATH/CodeIgniter.php(441): CodeIgniter\CodeIgniter->tryToRouteIt()
 4 SYSTEMPATH/CodeIgniter.php(340): CodeIgniter\CodeIgniter->handleRequest()
 5 SYSTEMPATH/Boot.php(417): CodeIgniter\CodeIgniter->run()
 6 SYSTEMPATH/Boot.php(68): CodeIgniter\Boot::runCodeIgniter()
 7 FCPATH/index.php(31): CodeIgniter\Boot::bootWeb()
CRITICAL - 2026-04-29 16:38:36 --> CodeIgniter\HTTP\Exceptions\BadRequestException: The URI you submitted has disallowed characters: "प्रमुख-समाचार"
[Method: GET, Route: category/%E0%A4%AA%E0%A5%8D%E0%A4%B0%E0%A4%AE%E0%A5%81%E0%A4%96-%E0%A4%B8%E0%A4%AE%E0%A4%BE%E0%A4%9A%E0%A4%BE%E0%A4%B0/page/12/]
in SYSTEMPATH/Router/Router.php on line 768.
 1 SYSTEMPATH/Router/Router.php(219): CodeIgniter\Router\Router->checkDisallowedChars()
 2 SYSTEMPATH/CodeIgniter.php(829): CodeIgniter\Router\Router->handle()
 3 SYSTEMPATH/CodeIgniter.php(441): CodeIgniter\CodeIgniter->tryToRouteIt()
 4 SYSTEMPATH/CodeIgniter.php(340): CodeIgniter\CodeIgniter->handleRequest()
 5 SYSTEMPATH/Boot.php(417): CodeIgniter\CodeIgniter->run()
 6 SYSTEMPATH/Boot.php(68): CodeIgniter\Boot::runCodeIgniter()
 7 FCPATH/index.php(31): CodeIgniter\Boot::bootWeb()
CRITICAL - 2026-04-29 16:38:37 --> CodeIgniter\HTTP\Exceptions\BadRequestException: The URI you submitted has disallowed characters: "प्रमुख-समाचार"
[Method: GET, Route: category/%E0%A4%AA%E0%A5%8D%E0%A4%B0%E0%A4%AE%E0%A5%81%E0%A4%96-%E0%A4%B8%E0%A4%AE%E0%A4%BE%E0%A4%9A%E0%A4%BE%E0%A4%B0/page/13/]
in SYSTEMPATH/Router/Router.php on line 768.
 1 SYSTEMPATH/Router/Router.php(219): CodeIgniter\Router\Router->checkDisallowedChars()
 2 SYSTEMPATH/CodeIgniter.php(829): CodeIgniter\Router\Router->handle()
 3 SYSTEMPATH/CodeIgniter.php(441): CodeIgniter\CodeIgniter->tryToRouteIt()
 4 SYSTEMPATH/CodeIgniter.php(340): CodeIgniter\CodeIgniter->handleRequest()
 5 SYSTEMPATH/Boot.php(417): CodeIgniter\CodeIgniter->run()
 6 SYSTEMPATH/Boot.php(68): CodeIgniter\Boot::runCodeIgniter()
 7 FCPATH/index.php(31): CodeIgniter\Boot::bootWeb()
CRITICAL - 2026-04-29 16:38:39 --> CodeIgniter\HTTP\Exceptions\BadRequestException: The URI you submitted has disallowed characters: "प्रमुख-समाचार"
[Method: GET, Route: category/%E0%A4%AA%E0%A5%8D%E0%A4%B0%E0%A4%AE%E0%A5%81%E0%A4%96-%E0%A4%B8%E0%A4%AE%E0%A4%BE%E0%A4%9A%E0%A4%BE%E0%A4%B0/page/2/]
in SYSTEMPATH/Router/Router.php on line 768.
 1 SYSTEMPATH/Router/Router.php(219): CodeIgniter\Router\Router->checkDisallowedChars()
 2 SYSTEMPATH/CodeIgniter.php(829): CodeIgniter\Router\Router->handle()
 3 SYSTEMPATH/CodeIgniter.php(441): CodeIgniter\CodeIgniter->tryToRouteIt()
 4 SYSTEMPATH/CodeIgniter.php(340): CodeIgniter\CodeIgniter->handleRequest()
 5 SYSTEMPATH/Boot.php(417): CodeIgniter\CodeIgniter->run()
 6 SYSTEMPATH/Boot.php(68): CodeIgniter\Boot::runCodeIgniter()
 7 FCPATH/index.php(31): CodeIgniter\Boot::bootWeb()
CRITICAL - 2026-04-29 16:38:41 --> CodeIgniter\HTTP\Exceptions\BadRequestException: The URI you submitted has disallowed characters: "प्रमुख-समाचार"
[Method: GET, Route: category/%E0%A4%AA%E0%A5%8D%E0%A4%B0%E0%A4%AE%E0%A5%81%E0%A4%96-%E0%A4%B8%E0%A4%AE%E0%A4%BE%E0%A4%9A%E0%A4%BE%E0%A4%B0/page/3/]
in SYSTEMPATH/Router/Router.php on line 768.
 1 SYSTEMPATH/Router/Router.php(219): CodeIgniter\Router\Router->checkDisallowedChars()
 2 SYSTEMPATH/CodeIgniter.php(829): CodeIgniter\Router\Router->handle()
 3 SYSTEMPATH/CodeIgniter.php(441): CodeIgniter\CodeIgniter->tryToRouteIt()
 4 SYSTEMPATH/CodeIgniter.php(340): CodeIgniter\CodeIgniter->handleRequest()
 5 SYSTEMPATH/Boot.php(417): CodeIgniter\CodeIgniter->run()
 6 SYSTEMPATH/Boot.php(68): CodeIgniter\Boot::runCodeIgniter()
 7 FCPATH/index.php(31): CodeIgniter\Boot::bootWeb()
CRITICAL - 2026-04-29 16:38:43 --> CodeIgniter\HTTP\Exceptions\BadRequestException: The URI you submitted has disallowed characters: "प्रमुख-समाचार"
[Method: GET, Route: category/%E0%A4%AA%E0%A5%8D%E0%A4%B0%E0%A4%AE%E0%A5%81%E0%A4%96-%E0%A4%B8%E0%A4%AE%E0%A4%BE%E0%A4%9A%E0%A4%BE%E0%A4%B0/page/4/]
in SYSTEMPATH/Router/Router.php on line 768.
 1 SYSTEMPATH/Router/Router.php(219): CodeIgniter\Router\Router->checkDisallowedChars()
 2 SYSTEMPATH/CodeIgniter.php(829): CodeIgniter\Router\Router->handle()
 3 SYSTEMPATH/CodeIgniter.php(441): CodeIgniter\CodeIgniter->tryToRouteIt()
 4 SYSTEMPATH/CodeIgniter.php(340): CodeIgniter\CodeIgniter->handleRequest()
 5 SYSTEMPATH/Boot.php(417): CodeIgniter\CodeIgniter->run()
 6 SYSTEMPATH/Boot.php(68): CodeIgniter\Boot::runCodeIgniter()
 7 FCPATH/index.php(31): CodeIgniter\Boot::bootWeb()
CRITICAL - 2026-04-29 16:38:44 --> CodeIgniter\HTTP\Exceptions\BadRequestException: The URI you submitted has disallowed characters: "प्रमुख-समाचार"
[Method: GET, Route: category/%E0%A4%AA%E0%A5%8D%E0%A4%B0%E0%A4%AE%E0%A5%81%E0%A4%96-%E0%A4%B8%E0%A4%AE%E0%A4%BE%E0%A4%9A%E0%A4%BE%E0%A4%B0/page/5/]
in SYSTEMPATH/Router/Router.php on line 768.
 1 SYSTEMPATH/Router/Router.php(219): CodeIgniter\Router\Router->checkDisallowedChars()
 2 SYSTEMPATH/CodeIgniter.php(829): CodeIgniter\Router\Router->handle()
 3 SYSTEMPATH/CodeIgniter.php(441): CodeIgniter\CodeIgniter->tryToRouteIt()
 4 SYSTEMPATH/CodeIgniter.php(340): CodeIgniter\CodeIgniter->handleRequest()
 5 SYSTEMPATH/Boot.php(417): CodeIgniter\CodeIgniter->run()
 6 SYSTEMPATH/Boot.php(68): CodeIgniter\Boot::runCodeIgniter()
 7 FCPATH/index.php(31): CodeIgniter\Boot::bootWeb()
CRITICAL - 2026-04-29 16:38:46 --> CodeIgniter\HTTP\Exceptions\BadRequestException: The URI you submitted has disallowed characters: "प्रमुख-समाचार"
[Method: GET, Route: category/%E0%A4%AA%E0%A5%8D%E0%A4%B0%E0%A4%AE%E0%A5%81%E0%A4%96-%E0%A4%B8%E0%A4%AE%E0%A4%BE%E0%A4%9A%E0%A4%BE%E0%A4%B0/page/6/]
in SYSTEMPATH/Router/Router.php on line 768.
 1 SYSTEMPATH/Router/Router.php(219): CodeIgniter\Router\Router->checkDisallowedChars()
 2 SYSTEMPATH/CodeIgniter.php(829): CodeIgniter\Router\Router->handle()
 3 SYSTEMPATH/CodeIgniter.php(441): CodeIgniter\CodeIgniter->tryToRouteIt()
 4 SYSTEMPATH/CodeIgniter.php(340): CodeIgniter\CodeIgniter->handleRequest()
 5 SYSTEMPATH/Boot.php(417): CodeIgniter\CodeIgniter->run()
 6 SYSTEMPATH/Boot.php(68): CodeIgniter\Boot::runCodeIgniter()
 7 FCPATH/index.php(31): CodeIgniter\Boot::bootWeb()
CRITICAL - 2026-04-29 16:38:48 --> CodeIgniter\HTTP\Exceptions\BadRequestException: The URI you submitted has disallowed characters: "प्रमुख-समाचार"
[Method: GET, Route: category/%E0%A4%AA%E0%A5%8D%E0%A4%B0%E0%A4%AE%E0%A5%81%E0%A4%96-%E0%A4%B8%E0%A4%AE%E0%A4%BE%E0%A4%9A%E0%A4%BE%E0%A4%B0/page/9/]
in SYSTEMPATH/Router/Router.php on line 768.
 1 SYSTEMPATH/Router/Router.php(219): CodeIgniter\Router\Router->checkDisallowedChars()
 2 SYSTEMPATH/CodeIgniter.php(829): CodeIgniter\Router\Router->handle()
 3 SYSTEMPATH/CodeIgniter.php(441): CodeIgniter\CodeIgniter->tryToRouteIt()
 4 SYSTEMPATH/CodeIgniter.php(340): CodeIgniter\CodeIgniter->handleRequest()
 5 SYSTEMPATH/Boot.php(417): CodeIgniter\CodeIgniter->run()
 6 SYSTEMPATH/Boot.php(68): CodeIgniter\Boot::runCodeIgniter()
 7 FCPATH/index.php(31): CodeIgniter\Boot::bootWeb()
CRITICAL - 2026-04-29 16:38:50 --> CodeIgniter\HTTP\Exceptions\BadRequestException: The URI you submitted has disallowed characters: "मनोरञ्जन"
[Method: GET, Route: category/%E0%A4%AE%E0%A4%A8%E0%A5%8B%E0%A4%B0%E0%A4%9E%E0%A5%8D%E0%A4%9C%E0%A4%A8/]
in SYSTEMPATH/Router/Router.php on line 768.
 1 SYSTEMPATH/Router/Router.php(219): CodeIgniter\Router\Router->checkDisallowedChars()
 2 SYSTEMPATH/CodeIgniter.php(829): CodeIgniter\Router\Router->handle()
 3 SYSTEMPATH/CodeIgniter.php(441): CodeIgniter\CodeIgniter->tryToRouteIt()
 4 SYSTEMPATH/CodeIgniter.php(340): CodeIgniter\CodeIgniter->handleRequest()
 5 SYSTEMPATH/Boot.php(417): CodeIgniter\CodeIgniter->run()
 6 SYSTEMPATH/Boot.php(68): CodeIgniter\Boot::runCodeIgniter()
 7 FCPATH/index.php(31): CodeIgniter\Boot::bootWeb()
CRITICAL - 2026-04-29 16:38:52 --> CodeIgniter\HTTP\Exceptions\BadRequestException: The URI you submitted has disallowed characters: "मनोरञ्जन"
[Method: GET, Route: category/%E0%A4%AE%E0%A4%A8%E0%A5%8B%E0%A4%B0%E0%A4%9E%E0%A5%8D%E0%A4%9C%E0%A4%A8/page/2/]
in SYSTEMPATH/Router/Router.php on line 768.
 1 SYSTEMPATH/Router/Router.php(219): CodeIgniter\Router\Router->checkDisallowedChars()
 2 SYSTEMPATH/CodeIgniter.php(829): CodeIgniter\Router\Router->handle()
 3 SYSTEMPATH/CodeIgniter.php(441): CodeIgniter\CodeIgniter->tryToRouteIt()
 4 SYSTEMPATH/CodeIgniter.php(340): CodeIgniter\CodeIgniter->handleRequest()
 5 SYSTEMPATH/Boot.php(417): CodeIgniter\CodeIgniter->run()
 6 SYSTEMPATH/Boot.php(68): CodeIgniter\Boot::runCodeIgniter()
 7 FCPATH/index.php(31): CodeIgniter\Boot::bootWeb()
CRITICAL - 2026-04-29 16:38:56 --> CodeIgniter\HTTP\Exceptions\BadRequestException: The URI you submitted has disallowed characters: "मनोरञ्जन"
[Method: GET, Route: category/%E0%A4%AE%E0%A4%A8%E0%A5%8B%E0%A4%B0%E0%A4%9E%E0%A5%8D%E0%A4%9C%E0%A4%A8/page/3/]
in SYSTEMPATH/Router/Router.php on line 768.
 1 SYSTEMPATH/Router/Router.php(219): CodeIgniter\Router\Router->checkDisallowedChars()
 2 SYSTEMPATH/CodeIgniter.php(829): CodeIgniter\Router\Router->handle()
 3 SYSTEMPATH/CodeIgniter.php(441): CodeIgniter\CodeIgniter->tryToRouteIt()
 4 SYSTEMPATH/CodeIgniter.php(340): CodeIgniter\CodeIgniter->handleRequest()
 5 SYSTEMPATH/Boot.php(417): CodeIgniter\CodeIgniter->run()
 6 SYSTEMPATH/Boot.php(68): CodeIgniter\Boot::runCodeIgniter()
 7 FCPATH/index.php(31): CodeIgniter\Boot::bootWeb()
CRITICAL - 2026-04-29 16:38:58 --> CodeIgniter\HTTP\Exceptions\BadRequestException: The URI you submitted has disallowed characters: "मनोरञ्जन"
[Method: GET, Route: category/%E0%A4%AE%E0%A4%A8%E0%A5%8B%E0%A4%B0%E0%A4%9E%E0%A5%8D%E0%A4%9C%E0%A4%A8/page/3/]
in SYSTEMPATH/Router/Router.php on line 768.
 1 SYSTEMPATH/Router/Router.php(219): CodeIgniter\Router\Router->checkDisallowedChars()
 2 SYSTEMPATH/CodeIgniter.php(829): CodeIgniter\Router\Router->handle()
 3 SYSTEMPATH/CodeIgniter.php(441): CodeIgniter\CodeIgniter->tryToRouteIt()
 4 SYSTEMPATH/CodeIgniter.php(340): CodeIgniter\CodeIgniter->handleRequest()
 5 SYSTEMPATH/Boot.php(417): CodeIgniter\CodeIgniter->run()
 6 SYSTEMPATH/Boot.php(68): CodeIgniter\Boot::runCodeIgniter()
 7 FCPATH/index.php(31): CodeIgniter\Boot::bootWeb()
CRITICAL - 2026-04-29 16:39:01 --> CodeIgniter\HTTP\Exceptions\BadRequestException: The URI you submitted has disallowed characters: "मनोरञ्जन"
[Method: GET, Route: category/%E0%A4%AE%E0%A4%A8%E0%A5%8B%E0%A4%B0%E0%A4%9E%E0%A5%8D%E0%A4%9C%E0%A4%A8/page/4/]
in SYSTEMPATH/Router/Router.php on line 768.
 1 SYSTEMPATH/Router/Router.php(219): CodeIgniter\Router\Router->checkDisallowedChars()
 2 SYSTEMPATH/CodeIgniter.php(829): CodeIgniter\Router\Router->handle()
 3 SYSTEMPATH/CodeIgniter.php(441): CodeIgniter\CodeIgniter->tryToRouteIt()
 4 SYSTEMPATH/CodeIgniter.php(340): CodeIgniter\CodeIgniter->handleRequest()
 5 SYSTEMPATH/Boot.php(417): CodeIgniter\CodeIgniter->run()
 6 SYSTEMPATH/Boot.php(68): CodeIgniter\Boot::runCodeIgniter()
 7 FCPATH/index.php(31): CodeIgniter\Boot::bootWeb()
CRITICAL - 2026-04-29 16:39:03 --> CodeIgniter\HTTP\Exceptions\BadRequestException: The URI you submitted has disallowed characters: "मनोरञ्जन"
[Method: GET, Route: category/%E0%A4%AE%E0%A4%A8%E0%A5%8B%E0%A4%B0%E0%A4%9E%E0%A5%8D%E0%A4%9C%E0%A4%A8/page/4/]
in SYSTEMPATH/Router/Router.php on line 768.
 1 SYSTEMPATH/Router/Router.php(219): CodeIgniter\Router\Router->checkDisallowedChars()
 2 SYSTEMPATH/CodeIgniter.php(829): CodeIgniter\Router\Router->handle()
 3 SYSTEMPATH/CodeIgniter.php(441): CodeIgniter\CodeIgniter->tryToRouteIt()
 4 SYSTEMPATH/CodeIgniter.php(340): CodeIgniter\CodeIgniter->handleRequest()
 5 SYSTEMPATH/Boot.php(417): CodeIgniter\CodeIgniter->run()
 6 SYSTEMPATH/Boot.php(68): CodeIgniter\Boot::runCodeIgniter()
 7 FCPATH/index.php(31): CodeIgniter\Boot::bootWeb()
CRITICAL - 2026-04-29 16:39:06 --> CodeIgniter\HTTP\Exceptions\BadRequestException: The URI you submitted has disallowed characters: "मनोरञ्जन"
[Method: GET, Route: category/%E0%A4%AE%E0%A4%A8%E0%A5%8B%E0%A4%B0%E0%A4%9E%E0%A5%8D%E0%A4%9C%E0%A4%A8/page/5/]
in SYSTEMPATH/Router/Router.php on line 768.
 1 SYSTEMPATH/Router/Router.php(219): CodeIgniter\Router\Router->checkDisallowedChars()
 2 SYSTEMPATH/CodeIgniter.php(829): CodeIgniter\Router\Router->handle()
 3 SYSTEMPATH/CodeIgniter.php(441): CodeIgniter\CodeIgniter->tryToRouteIt()
 4 SYSTEMPATH/CodeIgniter.php(340): CodeIgniter\CodeIgniter->handleRequest()
 5 SYSTEMPATH/Boot.php(417): CodeIgniter\CodeIgniter->run()
 6 SYSTEMPATH/Boot.php(68): CodeIgniter\Boot::runCodeIgniter()
 7 FCPATH/index.php(31): CodeIgniter\Boot::bootWeb()
CRITICAL - 2026-04-29 16:39:08 --> CodeIgniter\HTTP\Exceptions\BadRequestException: The URI you submitted has disallowed characters: "मनोरञ्जन"
[Method: GET, Route: category/%E0%A4%AE%E0%A4%A8%E0%A5%8B%E0%A4%B0%E0%A4%9E%E0%A5%8D%E0%A4%9C%E0%A4%A8/page/5/]
in SYSTEMPATH/Router/Router.php on line 768.
 1 SYSTEMPATH/Router/Router.php(219): CodeIgniter\Router\Router->checkDisallowedChars()
 2 SYSTEMPATH/CodeIgniter.php(829): CodeIgniter\Router\Router->handle()
 3 SYSTEMPATH/CodeIgniter.php(441): CodeIgniter\CodeIgniter->tryToRouteIt()
 4 SYSTEMPATH/CodeIgniter.php(340): CodeIgniter\CodeIgniter->handleRequest()
 5 SYSTEMPATH/Boot.php(417): CodeIgniter\CodeIgniter->run()
 6 SYSTEMPATH/Boot.php(68): CodeIgniter\Boot::runCodeIgniter()
 7 FCPATH/index.php(31): CodeIgniter\Boot::bootWeb()
CRITICAL - 2026-04-29 16:39:11 --> CodeIgniter\HTTP\Exceptions\BadRequestException: The URI you submitted has disallowed characters: "मनोरञ्जन"
[Method: GET, Route: category/%E0%A4%AE%E0%A4%A8%E0%A5%8B%E0%A4%B0%E0%A4%9E%E0%A5%8D%E0%A4%9C%E0%A4%A8/page/6/]
in SYSTEMPATH/Router/Router.php on line 768.
 1 SYSTEMPATH/Router/Router.php(219): CodeIgniter\Router\Router->checkDisallowedChars()
 2 SYSTEMPATH/CodeIgniter.php(829): CodeIgniter\Router\Router->handle()
 3 SYSTEMPATH/CodeIgniter.php(441): CodeIgniter\CodeIgniter->tryToRouteIt()
 4 SYSTEMPATH/CodeIgniter.php(340): CodeIgniter\CodeIgniter->handleRequest()
 5 SYSTEMPATH/Boot.php(417): CodeIgniter\CodeIgniter->run()
 6 SYSTEMPATH/Boot.php(68): CodeIgniter\Boot::runCodeIgniter()
 7 FCPATH/index.php(31): CodeIgniter\Boot::bootWeb()
CRITICAL - 2026-04-29 16:39:13 --> CodeIgniter\HTTP\Exceptions\BadRequestException: The URI you submitted has disallowed characters: "मनोरञ्जन"
[Method: GET, Route: category/%E0%A4%AE%E0%A4%A8%E0%A5%8B%E0%A4%B0%E0%A4%9E%E0%A5%8D%E0%A4%9C%E0%A4%A8/page/6/]
in SYSTEMPATH/Router/Router.php on line 768.
 1 SYSTEMPATH/Router/Router.php(219): CodeIgniter\Router\Router->checkDisallowedChars()
 2 SYSTEMPATH/CodeIgniter.php(829): CodeIgniter\Router\Router->handle()
 3 SYSTEMPATH/CodeIgniter.php(441): CodeIgniter\CodeIgniter->tryToRouteIt()
 4 SYSTEMPATH/CodeIgniter.php(340): CodeIgniter\CodeIgniter->handleRequest()
 5 SYSTEMPATH/Boot.php(417): CodeIgniter\CodeIgniter->run()
 6 SYSTEMPATH/Boot.php(68): CodeIgniter\Boot::runCodeIgniter()
 7 FCPATH/index.php(31): CodeIgniter\Boot::bootWeb()
CRITICAL - 2026-04-29 16:39:17 --> CodeIgniter\HTTP\Exceptions\BadRequestException: The URI you submitted has disallowed characters: "मनोरञ्जन"
[Method: GET, Route: category/%E0%A4%AE%E0%A4%A8%E0%A5%8B%E0%A4%B0%E0%A4%9E%E0%A5%8D%E0%A4%9C%E0%A4%A8/page/7/]
in SYSTEMPATH/Router/Router.php on line 768.
 1 SYSTEMPATH/Router/Router.php(219): CodeIgniter\Router\Router->checkDisallowedChars()
 2 SYSTEMPATH/CodeIgniter.php(829): CodeIgniter\Router\Router->handle()
 3 SYSTEMPATH/CodeIgniter.php(441): CodeIgniter\CodeIgniter->tryToRouteIt()
 4 SYSTEMPATH/CodeIgniter.php(340): CodeIgniter\CodeIgniter->handleRequest()
 5 SYSTEMPATH/Boot.php(417): CodeIgniter\CodeIgniter->run()
 6 SYSTEMPATH/Boot.php(68): CodeIgniter\Boot::runCodeIgniter()
 7 FCPATH/index.php(31): CodeIgniter\Boot::bootWeb()
CRITICAL - 2026-04-29 16:39:18 --> CodeIgniter\HTTP\Exceptions\BadRequestException: The URI you submitted has disallowed characters: "मनोरञ्जन"
[Method: GET, Route: category/%E0%A4%AE%E0%A4%A8%E0%A5%8B%E0%A4%B0%E0%A4%9E%E0%A5%8D%E0%A4%9C%E0%A4%A8/page/7/]
in SYSTEMPATH/Router/Router.php on line 768.
 1 SYSTEMPATH/Router/Router.php(219): CodeIgniter\Router\Router->checkDisallowedChars()
 2 SYSTEMPATH/CodeIgniter.php(829): CodeIgniter\Router\Router->handle()
 3 SYSTEMPATH/CodeIgniter.php(441): CodeIgniter\CodeIgniter->tryToRouteIt()
 4 SYSTEMPATH/CodeIgniter.php(340): CodeIgniter\CodeIgniter->handleRequest()
 5 SYSTEMPATH/Boot.php(417): CodeIgniter\CodeIgniter->run()
 6 SYSTEMPATH/Boot.php(68): CodeIgniter\Boot::runCodeIgniter()
 7 FCPATH/index.php(31): CodeIgniter\Boot::bootWeb()
CRITICAL - 2026-04-29 16:39:22 --> CodeIgniter\HTTP\Exceptions\BadRequestException: The URI you submitted has disallowed characters: "मनोरञ्जन"
[Method: GET, Route: category/%E0%A4%AE%E0%A4%A8%E0%A5%8B%E0%A4%B0%E0%A4%9E%E0%A5%8D%E0%A4%9C%E0%A4%A8/page/8/]
in SYSTEMPATH/Router/Router.php on line 768.
 1 SYSTEMPATH/Router/Router.php(219): CodeIgniter\Router\Router->checkDisallowedChars()
 2 SYSTEMPATH/CodeIgniter.php(829): CodeIgniter\Router\Router->handle()
 3 SYSTEMPATH/CodeIgniter.php(441): CodeIgniter\CodeIgniter->tryToRouteIt()
 4 SYSTEMPATH/CodeIgniter.php(340): CodeIgniter\CodeIgniter->handleRequest()
 5 SYSTEMPATH/Boot.php(417): CodeIgniter\CodeIgniter->run()
 6 SYSTEMPATH/Boot.php(68): CodeIgniter\Boot::runCodeIgniter()
 7 FCPATH/index.php(31): CodeIgniter\Boot::bootWeb()
CRITICAL - 2026-04-29 16:39:24 --> CodeIgniter\HTTP\Exceptions\BadRequestException: The URI you submitted has disallowed characters: "मनोरञ्जन"
[Method: GET, Route: category/%E0%A4%AE%E0%A4%A8%E0%A5%8B%E0%A4%B0%E0%A4%9E%E0%A5%8D%E0%A4%9C%E0%A4%A8/page/8/]
in SYSTEMPATH/Router/Router.php on line 768.
 1 SYSTEMPATH/Router/Router.php(219): CodeIgniter\Router\Router->checkDisallowedChars()
 2 SYSTEMPATH/CodeIgniter.php(829): CodeIgniter\Router\Router->handle()
 3 SYSTEMPATH/CodeIgniter.php(441): CodeIgniter\CodeIgniter->tryToRouteIt()
 4 SYSTEMPATH/CodeIgniter.php(340): CodeIgniter\CodeIgniter->handleRequest()
 5 SYSTEMPATH/Boot.php(417): CodeIgniter\CodeIgniter->run()
 6 SYSTEMPATH/Boot.php(68): CodeIgniter\Boot::runCodeIgniter()
 7 FCPATH/index.php(31): CodeIgniter\Boot::bootWeb()
CRITICAL - 2026-04-29 16:39:27 --> CodeIgniter\HTTP\Exceptions\BadRequestException: The URI you submitted has disallowed characters: "मनोरञ्जन"
[Method: GET, Route: category/%E0%A4%AE%E0%A4%A8%E0%A5%8B%E0%A4%B0%E0%A4%9E%E0%A5%8D%E0%A4%9C%E0%A4%A8/page/9/]
in SYSTEMPATH/Router/Router.php on line 768.
 1 SYSTEMPATH/Router/Router.php(219): CodeIgniter\Router\Router->checkDisallowedChars()
 2 SYSTEMPATH/CodeIgniter.php(829): CodeIgniter\Router\Router->handle()
 3 SYSTEMPATH/CodeIgniter.php(441): CodeIgniter\CodeIgniter->tryToRouteIt()
 4 SYSTEMPATH/CodeIgniter.php(340): CodeIgniter\CodeIgniter->handleRequest()
 5 SYSTEMPATH/Boot.php(417): CodeIgniter\CodeIgniter->run()
 6 SYSTEMPATH/Boot.php(68): CodeIgniter\Boot::runCodeIgniter()
 7 FCPATH/index.php(31): CodeIgniter\Boot::bootWeb()
CRITICAL - 2026-04-29 16:39:29 --> CodeIgniter\HTTP\Exceptions\BadRequestException: The URI you submitted has disallowed characters: "मनोरञ्जन"
[Method: GET, Route: category/%E0%A4%AE%E0%A4%A8%E0%A5%8B%E0%A4%B0%E0%A4%9E%E0%A5%8D%E0%A4%9C%E0%A4%A8/page/9/]
in SYSTEMPATH/Router/Router.php on line 768.
 1 SYSTEMPATH/Router/Router.php(219): CodeIgniter\Router\Router->checkDisallowedChars()
 2 SYSTEMPATH/CodeIgniter.php(829): CodeIgniter\Router\Router->handle()
 3 SYSTEMPATH/CodeIgniter.php(441): CodeIgniter\CodeIgniter->tryToRouteIt()
 4 SYSTEMPATH/CodeIgniter.php(340): CodeIgniter\CodeIgniter->handleRequest()
 5 SYSTEMPATH/Boot.php(417): CodeIgniter\CodeIgniter->run()
 6 SYSTEMPATH/Boot.php(68): CodeIgniter\Boot::runCodeIgniter()
 7 FCPATH/index.php(31): CodeIgniter\Boot::bootWeb()
CRITICAL - 2026-04-29 16:39:31 --> CodeIgniter\HTTP\Exceptions\BadRequestException: The URI you submitted has disallowed characters: "राजनीति"
[Method: GET, Route: category/%E0%A4%B0%E0%A4%BE%E0%A4%9C%E0%A4%A8%E0%A5%80%E0%A4%A4%E0%A4%BF/]
in SYSTEMPATH/Router/Router.php on line 768.
 1 SYSTEMPATH/Router/Router.php(219): CodeIgniter\Router\Router->checkDisallowedChars()
 2 SYSTEMPATH/CodeIgniter.php(829): CodeIgniter\Router\Router->handle()
 3 SYSTEMPATH/CodeIgniter.php(441): CodeIgniter\CodeIgniter->tryToRouteIt()
 4 SYSTEMPATH/CodeIgniter.php(340): CodeIgniter\CodeIgniter->handleRequest()
 5 SYSTEMPATH/Boot.php(417): CodeIgniter\CodeIgniter->run()
 6 SYSTEMPATH/Boot.php(68): CodeIgniter\Boot::runCodeIgniter()
 7 FCPATH/index.php(31): CodeIgniter\Boot::bootWeb()
CRITICAL - 2026-04-29 16:39:34 --> CodeIgniter\HTTP\Exceptions\BadRequestException: The URI you submitted has disallowed characters: "राजनीति"
[Method: GET, Route: category/%E0%A4%B0%E0%A4%BE%E0%A4%9C%E0%A4%A8%E0%A5%80%E0%A4%A4%E0%A4%BF/page/10/]
in SYSTEMPATH/Router/Router.php on line 768.
 1 SYSTEMPATH/Router/Router.php(219): CodeIgniter\Router\Router->checkDisallowedChars()
 2 SYSTEMPATH/CodeIgniter.php(829): CodeIgniter\Router\Router->handle()
 3 SYSTEMPATH/CodeIgniter.php(441): CodeIgniter\CodeIgniter->tryToRouteIt()
 4 SYSTEMPATH/CodeIgniter.php(340): CodeIgniter\CodeIgniter->handleRequest()
 5 SYSTEMPATH/Boot.php(417): CodeIgniter\CodeIgniter->run()
 6 SYSTEMPATH/Boot.php(68): CodeIgniter\Boot::runCodeIgniter()
 7 FCPATH/index.php(31): CodeIgniter\Boot::bootWeb()
CRITICAL - 2026-04-29 16:39:36 --> CodeIgniter\HTTP\Exceptions\BadRequestException: The URI you submitted has disallowed characters: "राजनीति"
[Method: GET, Route: category/%E0%A4%B0%E0%A4%BE%E0%A4%9C%E0%A4%A8%E0%A5%80%E0%A4%A4%E0%A4%BF/page/10/]
in SYSTEMPATH/Router/Router.php on line 768.
 1 SYSTEMPATH/Router/Router.php(219): CodeIgniter\Router\Router->checkDisallowedChars()
 2 SYSTEMPATH/CodeIgniter.php(829): CodeIgniter\Router\Router->handle()
 3 SYSTEMPATH/CodeIgniter.php(441): CodeIgniter\CodeIgniter->tryToRouteIt()
 4 SYSTEMPATH/CodeIgniter.php(340): CodeIgniter\CodeIgniter->handleRequest()
 5 SYSTEMPATH/Boot.php(417): CodeIgniter\CodeIgniter->run()
 6 SYSTEMPATH/Boot.php(68): CodeIgniter\Boot::runCodeIgniter()
 7 FCPATH/index.php(31): CodeIgniter\Boot::bootWeb()
CRITICAL - 2026-04-29 16:39:39 --> CodeIgniter\HTTP\Exceptions\BadRequestException: The URI you submitted has disallowed characters: "राजनीति"
[Method: GET, Route: category/%E0%A4%B0%E0%A4%BE%E0%A4%9C%E0%A4%A8%E0%A5%80%E0%A4%A4%E0%A4%BF/page/2/]
in SYSTEMPATH/Router/Router.php on line 768.
 1 SYSTEMPATH/Router/Router.php(219): CodeIgniter\Router\Router->checkDisallowedChars()
 2 SYSTEMPATH/CodeIgniter.php(829): CodeIgniter\Router\Router->handle()
 3 SYSTEMPATH/CodeIgniter.php(441): CodeIgniter\CodeIgniter->tryToRouteIt()
 4 SYSTEMPATH/CodeIgniter.php(340): CodeIgniter\CodeIgniter->handleRequest()
 5 SYSTEMPATH/Boot.php(417): CodeIgniter\CodeIgniter->run()
 6 SYSTEMPATH/Boot.php(68): CodeIgniter\Boot::runCodeIgniter()
 7 FCPATH/index.php(31): CodeIgniter\Boot::bootWeb()
CRITICAL - 2026-04-29 16:39:41 --> CodeIgniter\HTTP\Exceptions\BadRequestException: The URI you submitted has disallowed characters: "राजनीति"
[Method: GET, Route: category/%E0%A4%B0%E0%A4%BE%E0%A4%9C%E0%A4%A8%E0%A5%80%E0%A4%A4%E0%A4%BF/page/2/]
in SYSTEMPATH/Router/Router.php on line 768.
 1 SYSTEMPATH/Router/Router.php(219): CodeIgniter\Router\Router->checkDisallowedChars()
 2 SYSTEMPATH/CodeIgniter.php(829): CodeIgniter\Router\Router->handle()
 3 SYSTEMPATH/CodeIgniter.php(441): CodeIgniter\CodeIgniter->tryToRouteIt()
 4 SYSTEMPATH/CodeIgniter.php(340): CodeIgniter\CodeIgniter->handleRequest()
 5 SYSTEMPATH/Boot.php(417): CodeIgniter\CodeIgniter->run()
 6 SYSTEMPATH/Boot.php(68): CodeIgniter\Boot::runCodeIgniter()
 7 FCPATH/index.php(31): CodeIgniter\Boot::bootWeb()
CRITICAL - 2026-04-29 16:39:45 --> CodeIgniter\HTTP\Exceptions\BadRequestException: The URI you submitted has disallowed characters: "राजनीति"
[Method: GET, Route: category/%E0%A4%B0%E0%A4%BE%E0%A4%9C%E0%A4%A8%E0%A5%80%E0%A4%A4%E0%A4%BF/page/3/]
in SYSTEMPATH/Router/Router.php on line 768.
 1 SYSTEMPATH/Router/Router.php(219): CodeIgniter\Router\Router->checkDisallowedChars()
 2 SYSTEMPATH/CodeIgniter.php(829): CodeIgniter\Router\Router->handle()
 3 SYSTEMPATH/CodeIgniter.php(441): CodeIgniter\CodeIgniter->tryToRouteIt()
 4 SYSTEMPATH/CodeIgniter.php(340): CodeIgniter\CodeIgniter->handleRequest()
 5 SYSTEMPATH/Boot.php(417): CodeIgniter\CodeIgniter->run()
 6 SYSTEMPATH/Boot.php(68): CodeIgniter\Boot::runCodeIgniter()
 7 FCPATH/index.php(31): CodeIgniter\Boot::bootWeb()
CRITICAL - 2026-04-29 16:39:47 --> CodeIgniter\HTTP\Exceptions\BadRequestException: The URI you submitted has disallowed characters: "राजनीति"
[Method: GET, Route: category/%E0%A4%B0%E0%A4%BE%E0%A4%9C%E0%A4%A8%E0%A5%80%E0%A4%A4%E0%A4%BF/page/3/]
in SYSTEMPATH/Router/Router.php on line 768.
 1 SYSTEMPATH/Router/Router.php(219): CodeIgniter\Router\Router->checkDisallowedChars()
 2 SYSTEMPATH/CodeIgniter.php(829): CodeIgniter\Router\Router->handle()
 3 SYSTEMPATH/CodeIgniter.php(441): CodeIgniter\CodeIgniter->tryToRouteIt()
 4 SYSTEMPATH/CodeIgniter.php(340): CodeIgniter\CodeIgniter->handleRequest()
 5 SYSTEMPATH/Boot.php(417): CodeIgniter\CodeIgniter->run()
 6 SYSTEMPATH/Boot.php(68): CodeIgniter\Boot::runCodeIgniter()
 7 FCPATH/index.php(31): CodeIgniter\Boot::bootWeb()
CRITICAL - 2026-04-29 16:39:50 --> CodeIgniter\HTTP\Exceptions\BadRequestException: The URI you submitted has disallowed characters: "राजनीति"
[Method: GET, Route: category/%E0%A4%B0%E0%A4%BE%E0%A4%9C%E0%A4%A8%E0%A5%80%E0%A4%A4%E0%A4%BF/page/4/]
in SYSTEMPATH/Router/Router.php on line 768.
 1 SYSTEMPATH/Router/Router.php(219): CodeIgniter\Router\Router->checkDisallowedChars()
 2 SYSTEMPATH/CodeIgniter.php(829): CodeIgniter\Router\Router->handle()
 3 SYSTEMPATH/CodeIgniter.php(441): CodeIgniter\CodeIgniter->tryToRouteIt()
 4 SYSTEMPATH/CodeIgniter.php(340): CodeIgniter\CodeIgniter->handleRequest()
 5 SYSTEMPATH/Boot.php(417): CodeIgniter\CodeIgniter->run()
 6 SYSTEMPATH/Boot.php(68): CodeIgniter\Boot::runCodeIgniter()
 7 FCPATH/index.php(31): CodeIgniter\Boot::bootWeb()
CRITICAL - 2026-04-29 16:39:52 --> CodeIgniter\HTTP\Exceptions\BadRequestException: The URI you submitted has disallowed characters: "राजनीति"
[Method: GET, Route: category/%E0%A4%B0%E0%A4%BE%E0%A4%9C%E0%A4%A8%E0%A5%80%E0%A4%A4%E0%A4%BF/page/4/]
in SYSTEMPATH/Router/Router.php on line 768.
 1 SYSTEMPATH/Router/Router.php(219): CodeIgniter\Router\Router->checkDisallowedChars()
 2 SYSTEMPATH/CodeIgniter.php(829): CodeIgniter\Router\Router->handle()
 3 SYSTEMPATH/CodeIgniter.php(441): CodeIgniter\CodeIgniter->tryToRouteIt()
 4 SYSTEMPATH/CodeIgniter.php(340): CodeIgniter\CodeIgniter->handleRequest()
 5 SYSTEMPATH/Boot.php(417): CodeIgniter\CodeIgniter->run()
 6 SYSTEMPATH/Boot.php(68): CodeIgniter\Boot::runCodeIgniter()
 7 FCPATH/index.php(31): CodeIgniter\Boot::bootWeb()
CRITICAL - 2026-04-29 16:39:55 --> CodeIgniter\HTTP\Exceptions\BadRequestException: The URI you submitted has disallowed characters: "राजनीति"
[Method: GET, Route: category/%E0%A4%B0%E0%A4%BE%E0%A4%9C%E0%A4%A8%E0%A5%80%E0%A4%A4%E0%A4%BF/page/5/]
in SYSTEMPATH/Router/Router.php on line 768.
 1 SYSTEMPATH/Router/Router.php(219): CodeIgniter\Router\Router->checkDisallowedChars()
 2 SYSTEMPATH/CodeIgniter.php(829): CodeIgniter\Router\Router->handle()
 3 SYSTEMPATH/CodeIgniter.php(441): CodeIgniter\CodeIgniter->tryToRouteIt()
 4 SYSTEMPATH/CodeIgniter.php(340): CodeIgniter\CodeIgniter->handleRequest()
 5 SYSTEMPATH/Boot.php(417): CodeIgniter\CodeIgniter->run()
 6 SYSTEMPATH/Boot.php(68): CodeIgniter\Boot::runCodeIgniter()
 7 FCPATH/index.php(31): CodeIgniter\Boot::bootWeb()
CRITICAL - 2026-04-29 16:39:57 --> CodeIgniter\HTTP\Exceptions\BadRequestException: The URI you submitted has disallowed characters: "राजनीति"
[Method: GET, Route: category/%E0%A4%B0%E0%A4%BE%E0%A4%9C%E0%A4%A8%E0%A5%80%E0%A4%A4%E0%A4%BF/page/5/]
in SYSTEMPATH/Router/Router.php on line 768.
 1 SYSTEMPATH/Router/Router.php(219): CodeIgniter\Router\Router->checkDisallowedChars()
 2 SYSTEMPATH/CodeIgniter.php(829): CodeIgniter\Router\Router->handle()
 3 SYSTEMPATH/CodeIgniter.php(441): CodeIgniter\CodeIgniter->tryToRouteIt()
 4 SYSTEMPATH/CodeIgniter.php(340): CodeIgniter\CodeIgniter->handleRequest()
 5 SYSTEMPATH/Boot.php(417): CodeIgniter\CodeIgniter->run()
 6 SYSTEMPATH/Boot.php(68): CodeIgniter\Boot::runCodeIgniter()
 7 FCPATH/index.php(31): CodeIgniter\Boot::bootWeb()
CRITICAL - 2026-04-29 16:40:01 --> CodeIgniter\HTTP\Exceptions\BadRequestException: The URI you submitted has disallowed characters: "राजनीति"
[Method: GET, Route: category/%E0%A4%B0%E0%A4%BE%E0%A4%9C%E0%A4%A8%E0%A5%80%E0%A4%A4%E0%A4%BF/page/6/]
in SYSTEMPATH/Router/Router.php on line 768.
 1 SYSTEMPATH/Router/Router.php(219): CodeIgniter\Router\Router->checkDisallowedChars()
 2 SYSTEMPATH/CodeIgniter.php(829): CodeIgniter\Router\Router->handle()
 3 SYSTEMPATH/CodeIgniter.php(441): CodeIgniter\CodeIgniter->tryToRouteIt()
 4 SYSTEMPATH/CodeIgniter.php(340): CodeIgniter\CodeIgniter->handleRequest()
 5 SYSTEMPATH/Boot.php(417): CodeIgniter\CodeIgniter->run()
 6 SYSTEMPATH/Boot.php(68): CodeIgniter\Boot::runCodeIgniter()
 7 FCPATH/index.php(31): CodeIgniter\Boot::bootWeb()
CRITICAL - 2026-04-29 16:40:03 --> CodeIgniter\HTTP\Exceptions\BadRequestException: The URI you submitted has disallowed characters: "राजनीति"
[Method: GET, Route: category/%E0%A4%B0%E0%A4%BE%E0%A4%9C%E0%A4%A8%E0%A5%80%E0%A4%A4%E0%A4%BF/page/6/]
in SYSTEMPATH/Router/Router.php on line 768.
 1 SYSTEMPATH/Router/Router.php(219): CodeIgniter\Router\Router->checkDisallowedChars()
 2 SYSTEMPATH/CodeIgniter.php(829): CodeIgniter\Router\Router->handle()
 3 SYSTEMPATH/CodeIgniter.php(441): CodeIgniter\CodeIgniter->tryToRouteIt()
 4 SYSTEMPATH/CodeIgniter.php(340): CodeIgniter\CodeIgniter->handleRequest()
 5 SYSTEMPATH/Boot.php(417): CodeIgniter\CodeIgniter->run()
 6 SYSTEMPATH/Boot.php(68): CodeIgniter\Boot::runCodeIgniter()
 7 FCPATH/index.php(31): CodeIgniter\Boot::bootWeb()
CRITICAL - 2026-04-29 16:40:06 --> CodeIgniter\HTTP\Exceptions\BadRequestException: The URI you submitted has disallowed characters: "राजनीति"
[Method: GET, Route: category/%E0%A4%B0%E0%A4%BE%E0%A4%9C%E0%A4%A8%E0%A5%80%E0%A4%A4%E0%A4%BF/page/7/]
in SYSTEMPATH/Router/Router.php on line 768.
 1 SYSTEMPATH/Router/Router.php(219): CodeIgniter\Router\Router->checkDisallowedChars()
 2 SYSTEMPATH/CodeIgniter.php(829): CodeIgniter\Router\Router->handle()
 3 SYSTEMPATH/CodeIgniter.php(441): CodeIgniter\CodeIgniter->tryToRouteIt()
 4 SYSTEMPATH/CodeIgniter.php(340): CodeIgniter\CodeIgniter->handleRequest()
 5 SYSTEMPATH/Boot.php(417): CodeIgniter\CodeIgniter->run()
 6 SYSTEMPATH/Boot.php(68): CodeIgniter\Boot::runCodeIgniter()
 7 FCPATH/index.php(31): CodeIgniter\Boot::bootWeb()
CRITICAL - 2026-04-29 16:40:08 --> CodeIgniter\HTTP\Exceptions\BadRequestException: The URI you submitted has disallowed characters: "राजनीति"
[Method: GET, Route: category/%E0%A4%B0%E0%A4%BE%E0%A4%9C%E0%A4%A8%E0%A5%80%E0%A4%A4%E0%A4%BF/page/7/]
in SYSTEMPATH/Router/Router.php on line 768.
 1 SYSTEMPATH/Router/Router.php(219): CodeIgniter\Router\Router->checkDisallowedChars()
 2 SYSTEMPATH/CodeIgniter.php(829): CodeIgniter\Router\Router->handle()
 3 SYSTEMPATH/CodeIgniter.php(441): CodeIgniter\CodeIgniter->tryToRouteIt()
 4 SYSTEMPATH/CodeIgniter.php(340): CodeIgniter\CodeIgniter->handleRequest()
 5 SYSTEMPATH/Boot.php(417): CodeIgniter\CodeIgniter->run()
 6 SYSTEMPATH/Boot.php(68): CodeIgniter\Boot::runCodeIgniter()
 7 FCPATH/index.php(31): CodeIgniter\Boot::bootWeb()
CRITICAL - 2026-04-29 16:40:12 --> CodeIgniter\HTTP\Exceptions\BadRequestException: The URI you submitted has disallowed characters: "राजनीति"
[Method: GET, Route: category/%E0%A4%B0%E0%A4%BE%E0%A4%9C%E0%A4%A8%E0%A5%80%E0%A4%A4%E0%A4%BF/page/8/]
in SYSTEMPATH/Router/Router.php on line 768.
 1 SYSTEMPATH/Router/Router.php(219): CodeIgniter\Router\Router->checkDisallowedChars()
 2 SYSTEMPATH/CodeIgniter.php(829): CodeIgniter\Router\Router->handle()
 3 SYSTEMPATH/CodeIgniter.php(441): CodeIgniter\CodeIgniter->tryToRouteIt()
 4 SYSTEMPATH/CodeIgniter.php(340): CodeIgniter\CodeIgniter->handleRequest()
 5 SYSTEMPATH/Boot.php(417): CodeIgniter\CodeIgniter->run()
 6 SYSTEMPATH/Boot.php(68): CodeIgniter\Boot::runCodeIgniter()
 7 FCPATH/index.php(31): CodeIgniter\Boot::bootWeb()
CRITICAL - 2026-04-29 16:40:13 --> CodeIgniter\HTTP\Exceptions\BadRequestException: The URI you submitted has disallowed characters: "राजनीति"
[Method: GET, Route: category/%E0%A4%B0%E0%A4%BE%E0%A4%9C%E0%A4%A8%E0%A5%80%E0%A4%A4%E0%A4%BF/page/8/]
in SYSTEMPATH/Router/Router.php on line 768.
 1 SYSTEMPATH/Router/Router.php(219): CodeIgniter\Router\Router->checkDisallowedChars()
 2 SYSTEMPATH/CodeIgniter.php(829): CodeIgniter\Router\Router->handle()
 3 SYSTEMPATH/CodeIgniter.php(441): CodeIgniter\CodeIgniter->tryToRouteIt()
 4 SYSTEMPATH/CodeIgniter.php(340): CodeIgniter\CodeIgniter->handleRequest()
 5 SYSTEMPATH/Boot.php(417): CodeIgniter\CodeIgniter->run()
 6 SYSTEMPATH/Boot.php(68): CodeIgniter\Boot::runCodeIgniter()
 7 FCPATH/index.php(31): CodeIgniter\Boot::bootWeb()
CRITICAL - 2026-04-29 16:40:17 --> CodeIgniter\HTTP\Exceptions\BadRequestException: The URI you submitted has disallowed characters: "राजनीति"
[Method: GET, Route: category/%E0%A4%B0%E0%A4%BE%E0%A4%9C%E0%A4%A8%E0%A5%80%E0%A4%A4%E0%A4%BF/page/9/]
in SYSTEMPATH/Router/Router.php on line 768.
 1 SYSTEMPATH/Router/Router.php(219): CodeIgniter\Router\Router->checkDisallowedChars()
 2 SYSTEMPATH/CodeIgniter.php(829): CodeIgniter\Router\Router->handle()
 3 SYSTEMPATH/CodeIgniter.php(441): CodeIgniter\CodeIgniter->tryToRouteIt()
 4 SYSTEMPATH/CodeIgniter.php(340): CodeIgniter\CodeIgniter->handleRequest()
 5 SYSTEMPATH/Boot.php(417): CodeIgniter\CodeIgniter->run()
 6 SYSTEMPATH/Boot.php(68): CodeIgniter\Boot::runCodeIgniter()
 7 FCPATH/index.php(31): CodeIgniter\Boot::bootWeb()
CRITICAL - 2026-04-29 16:40:19 --> CodeIgniter\HTTP\Exceptions\BadRequestException: The URI you submitted has disallowed characters: "राजनीति"
[Method: GET, Route: category/%E0%A4%B0%E0%A4%BE%E0%A4%9C%E0%A4%A8%E0%A5%80%E0%A4%A4%E0%A4%BF/page/9/]
in SYSTEMPATH/Router/Router.php on line 768.
 1 SYSTEMPATH/Router/Router.php(219): CodeIgniter\Router\Router->checkDisallowedChars()
 2 SYSTEMPATH/CodeIgniter.php(829): CodeIgniter\Router\Router->handle()
 3 SYSTEMPATH/CodeIgniter.php(441): CodeIgniter\CodeIgniter->tryToRouteIt()
 4 SYSTEMPATH/CodeIgniter.php(340): CodeIgniter\CodeIgniter->handleRequest()
 5 SYSTEMPATH/Boot.php(417): CodeIgniter\CodeIgniter->run()
 6 SYSTEMPATH/Boot.php(68): CodeIgniter\Boot::runCodeIgniter()
 7 FCPATH/index.php(31): CodeIgniter\Boot::bootWeb()
CRITICAL - 2026-04-29 17:11:05 --> CodeIgniter\HTTP\Exceptions\BadRequestException: The URI you submitted has disallowed characters: "लकडाउन"
[Method: GET, Route: tag/%E0%A4%B2%E0%A4%95%E0%A4%A1%E0%A4%BE%E0%A4%89%E0%A4%A8/feed/]
in SYSTEMPATH/Router/Router.php on line 768.
 1 SYSTEMPATH/Router/Router.php(219): CodeIgniter\Router\Router->checkDisallowedChars()
 2 SYSTEMPATH/CodeIgniter.php(829): CodeIgniter\Router\Router->handle()
 3 SYSTEMPATH/CodeIgniter.php(441): CodeIgniter\CodeIgniter->tryToRouteIt()
 4 SYSTEMPATH/CodeIgniter.php(340): CodeIgniter\CodeIgniter->handleRequest()
 5 SYSTEMPATH/Boot.php(417): CodeIgniter\CodeIgniter->run()
 6 SYSTEMPATH/Boot.php(68): CodeIgniter\Boot::runCodeIgniter()
 7 FCPATH/index.php(31): CodeIgniter\Boot::bootWeb()
CRITICAL - 2026-04-29 17:17:28 --> CodeIgniter\HTTP\Exceptions\BadRequestException: The URI you submitted has disallowed characters: "खाद्यवस्तु"
[Method: GET, Route: tag/%E0%A4%96%E0%A4%BE%E0%A4%A6%E0%A5%8D%E0%A4%AF%E0%A4%B5%E0%A4%B8%E0%A5%8D%E0%A4%A4%E0%A5%81/feed/]
in SYSTEMPATH/Router/Router.php on line 768.
 1 SYSTEMPATH/Router/Router.php(219): CodeIgniter\Router\Router->checkDisallowedChars()
 2 SYSTEMPATH/CodeIgniter.php(829): CodeIgniter\Router\Router->handle()
 3 SYSTEMPATH/CodeIgniter.php(441): CodeIgniter\CodeIgniter->tryToRouteIt()
 4 SYSTEMPATH/CodeIgniter.php(340): CodeIgniter\CodeIgniter->handleRequest()
 5 SYSTEMPATH/Boot.php(417): CodeIgniter\CodeIgniter->run()
 6 SYSTEMPATH/Boot.php(68): CodeIgniter\Boot::runCodeIgniter()
 7 FCPATH/index.php(31): CodeIgniter\Boot::bootWeb()
CRITICAL - 2026-04-29 17:44:18 --> CodeIgniter\HTTP\Exceptions\BadRequestException: The URI you submitted has disallowed characters: "प्रदेश-७"
[Method: GET, Route: category/%E0%A4%AA%E0%A5%8D%E0%A4%B0%E0%A4%A6%E0%A5%87%E0%A4%B6-%E0%A5%AD/page/3/]
in SYSTEMPATH/Router/Router.php on line 768.
 1 SYSTEMPATH/Router/Router.php(219): CodeIgniter\Router\Router->checkDisallowedChars()
 2 SYSTEMPATH/CodeIgniter.php(829): CodeIgniter\Router\Router->handle()
 3 SYSTEMPATH/CodeIgniter.php(441): CodeIgniter\CodeIgniter->tryToRouteIt()
 4 SYSTEMPATH/CodeIgniter.php(340): CodeIgniter\CodeIgniter->handleRequest()
 5 SYSTEMPATH/Boot.php(417): CodeIgniter\CodeIgniter->run()
 6 SYSTEMPATH/Boot.php(68): CodeIgniter\Boot::runCodeIgniter()
 7 FCPATH/index.php(31): CodeIgniter\Boot::bootWeb()
CRITICAL - 2026-04-29 17:46:41 --> CodeIgniter\HTTP\Exceptions\BadRequestException: The URI you submitted has disallowed characters: "इपेपर"
[Method: GET, Route: category/%E0%A4%87%E0%A4%AA%E0%A5%87%E0%A4%AA%E0%A4%B0/]
in SYSTEMPATH/Router/Router.php on line 768.
 1 SYSTEMPATH/Router/Router.php(219): CodeIgniter\Router\Router->checkDisallowedChars()
 2 SYSTEMPATH/CodeIgniter.php(829): CodeIgniter\Router\Router->handle()
 3 SYSTEMPATH/CodeIgniter.php(441): CodeIgniter\CodeIgniter->tryToRouteIt()
 4 SYSTEMPATH/CodeIgniter.php(340): CodeIgniter\CodeIgniter->handleRequest()
 5 SYSTEMPATH/Boot.php(417): CodeIgniter\CodeIgniter->run()
 6 SYSTEMPATH/Boot.php(68): CodeIgniter\Boot::runCodeIgniter()
 7 FCPATH/index.php(31): CodeIgniter\Boot::bootWeb()
CRITICAL - 2026-04-29 17:46:45 --> CodeIgniter\HTTP\Exceptions\BadRequestException: The URI you submitted has disallowed characters: "पत्रपत्रिका"
[Method: GET, Route: category/%E0%A4%AA%E0%A4%A4%E0%A5%8D%E0%A4%B0%E0%A4%AA%E0%A4%A4%E0%A5%8D%E0%A4%B0%E0%A4%BF%E0%A4%95%E0%A4%BE/]
in SYSTEMPATH/Router/Router.php on line 768.
 1 SYSTEMPATH/Router/Router.php(219): CodeIgniter\Router\Router->checkDisallowedChars()
 2 SYSTEMPATH/CodeIgniter.php(829): CodeIgniter\Router\Router->handle()
 3 SYSTEMPATH/CodeIgniter.php(441): CodeIgniter\CodeIgniter->tryToRouteIt()
 4 SYSTEMPATH/CodeIgniter.php(340): CodeIgniter\CodeIgniter->handleRequest()
 5 SYSTEMPATH/Boot.php(417): CodeIgniter\CodeIgniter->run()
 6 SYSTEMPATH/Boot.php(68): CodeIgniter\Boot::runCodeIgniter()
 7 FCPATH/index.php(31): CodeIgniter\Boot::bootWeb()
CRITICAL - 2026-04-29 17:46:48 --> CodeIgniter\HTTP\Exceptions\BadRequestException: The URI you submitted has disallowed characters: "प्रदेश-१"
[Method: GET, Route: category/%E0%A4%AA%E0%A5%8D%E0%A4%B0%E0%A4%A6%E0%A5%87%E0%A4%B6-%E0%A5%A7/]
in SYSTEMPATH/Router/Router.php on line 768.
 1 SYSTEMPATH/Router/Router.php(219): CodeIgniter\Router\Router->checkDisallowedChars()
 2 SYSTEMPATH/CodeIgniter.php(829): CodeIgniter\Router\Router->handle()
 3 SYSTEMPATH/CodeIgniter.php(441): CodeIgniter\CodeIgniter->tryToRouteIt()
 4 SYSTEMPATH/CodeIgniter.php(340): CodeIgniter\CodeIgniter->handleRequest()
 5 SYSTEMPATH/Boot.php(417): CodeIgniter\CodeIgniter->run()
 6 SYSTEMPATH/Boot.php(68): CodeIgniter\Boot::runCodeIgniter()
 7 FCPATH/index.php(31): CodeIgniter\Boot::bootWeb()
CRITICAL - 2026-04-29 17:46:52 --> CodeIgniter\HTTP\Exceptions\BadRequestException: The URI you submitted has disallowed characters: "प्रदेश-२"
[Method: GET, Route: category/%E0%A4%AA%E0%A5%8D%E0%A4%B0%E0%A4%A6%E0%A5%87%E0%A4%B6-%E0%A5%A8/]
in SYSTEMPATH/Router/Router.php on line 768.
 1 SYSTEMPATH/Router/Router.php(219): CodeIgniter\Router\Router->checkDisallowedChars()
 2 SYSTEMPATH/CodeIgniter.php(829): CodeIgniter\Router\Router->handle()
 3 SYSTEMPATH/CodeIgniter.php(441): CodeIgniter\CodeIgniter->tryToRouteIt()
 4 SYSTEMPATH/CodeIgniter.php(340): CodeIgniter\CodeIgniter->handleRequest()
 5 SYSTEMPATH/Boot.php(417): CodeIgniter\CodeIgniter->run()
 6 SYSTEMPATH/Boot.php(68): CodeIgniter\Boot::runCodeIgniter()
 7 FCPATH/index.php(31): CodeIgniter\Boot::bootWeb()
CRITICAL - 2026-04-29 17:46:56 --> CodeIgniter\HTTP\Exceptions\BadRequestException: The URI you submitted has disallowed characters: "प्रदेश-३"
[Method: GET, Route: category/%E0%A4%AA%E0%A5%8D%E0%A4%B0%E0%A4%A6%E0%A5%87%E0%A4%B6-%E0%A5%A9/]
in SYSTEMPATH/Router/Router.php on line 768.
 1 SYSTEMPATH/Router/Router.php(219): CodeIgniter\Router\Router->checkDisallowedChars()
 2 SYSTEMPATH/CodeIgniter.php(829): CodeIgniter\Router\Router->handle()
 3 SYSTEMPATH/CodeIgniter.php(441): CodeIgniter\CodeIgniter->tryToRouteIt()
 4 SYSTEMPATH/CodeIgniter.php(340): CodeIgniter\CodeIgniter->handleRequest()
 5 SYSTEMPATH/Boot.php(417): CodeIgniter\CodeIgniter->run()
 6 SYSTEMPATH/Boot.php(68): CodeIgniter\Boot::runCodeIgniter()
 7 FCPATH/index.php(31): CodeIgniter\Boot::bootWeb()
CRITICAL - 2026-04-29 17:46:59 --> CodeIgniter\HTTP\Exceptions\BadRequestException: The URI you submitted has disallowed characters: "प्रदेश-४"
[Method: GET, Route: category/%E0%A4%AA%E0%A5%8D%E0%A4%B0%E0%A4%A6%E0%A5%87%E0%A4%B6-%E0%A5%AA/]
in SYSTEMPATH/Router/Router.php on line 768.
 1 SYSTEMPATH/Router/Router.php(219): CodeIgniter\Router\Router->checkDisallowedChars()
 2 SYSTEMPATH/CodeIgniter.php(829): CodeIgniter\Router\Router->handle()
 3 SYSTEMPATH/CodeIgniter.php(441): CodeIgniter\CodeIgniter->tryToRouteIt()
 4 SYSTEMPATH/CodeIgniter.php(340): CodeIgniter\CodeIgniter->handleRequest()
 5 SYSTEMPATH/Boot.php(417): CodeIgniter\CodeIgniter->run()
 6 SYSTEMPATH/Boot.php(68): CodeIgniter\Boot::runCodeIgniter()
 7 FCPATH/index.php(31): CodeIgniter\Boot::bootWeb()
CRITICAL - 2026-04-29 17:47:03 --> CodeIgniter\HTTP\Exceptions\BadRequestException: The URI you submitted has disallowed characters: "प्रदेश-५"
[Method: GET, Route: category/%E0%A4%AA%E0%A5%8D%E0%A4%B0%E0%A4%A6%E0%A5%87%E0%A4%B6-%E0%A5%AB/]
in SYSTEMPATH/Router/Router.php on line 768.
 1 SYSTEMPATH/Router/Router.php(219): CodeIgniter\Router\Router->checkDisallowedChars()
 2 SYSTEMPATH/CodeIgniter.php(829): CodeIgniter\Router\Router->handle()
 3 SYSTEMPATH/CodeIgniter.php(441): CodeIgniter\CodeIgniter->tryToRouteIt()
 4 SYSTEMPATH/CodeIgniter.php(340): CodeIgniter\CodeIgniter->handleRequest()
 5 SYSTEMPATH/Boot.php(417): CodeIgniter\CodeIgniter->run()
 6 SYSTEMPATH/Boot.php(68): CodeIgniter\Boot::runCodeIgniter()
 7 FCPATH/index.php(31): CodeIgniter\Boot::bootWeb()
CRITICAL - 2026-04-29 17:47:06 --> CodeIgniter\HTTP\Exceptions\BadRequestException: The URI you submitted has disallowed characters: "प्रदेश-६"
[Method: GET, Route: category/%E0%A4%AA%E0%A5%8D%E0%A4%B0%E0%A4%A6%E0%A5%87%E0%A4%B6-%E0%A5%AC/]
in SYSTEMPATH/Router/Router.php on line 768.
 1 SYSTEMPATH/Router/Router.php(219): CodeIgniter\Router\Router->checkDisallowedChars()
 2 SYSTEMPATH/CodeIgniter.php(829): CodeIgniter\Router\Router->handle()
 3 SYSTEMPATH/CodeIgniter.php(441): CodeIgniter\CodeIgniter->tryToRouteIt()
 4 SYSTEMPATH/CodeIgniter.php(340): CodeIgniter\CodeIgniter->handleRequest()
 5 SYSTEMPATH/Boot.php(417): CodeIgniter\CodeIgniter->run()
 6 SYSTEMPATH/Boot.php(68): CodeIgniter\Boot::runCodeIgniter()
 7 FCPATH/index.php(31): CodeIgniter\Boot::bootWeb()
CRITICAL - 2026-04-29 17:47:10 --> CodeIgniter\HTTP\Exceptions\BadRequestException: The URI you submitted has disallowed characters: "प्रदेश-७"
[Method: GET, Route: category/%E0%A4%AA%E0%A5%8D%E0%A4%B0%E0%A4%A6%E0%A5%87%E0%A4%B6-%E0%A5%AD/]
in SYSTEMPATH/Router/Router.php on line 768.
 1 SYSTEMPATH/Router/Router.php(219): CodeIgniter\Router\Router->checkDisallowedChars()
 2 SYSTEMPATH/CodeIgniter.php(829): CodeIgniter\Router\Router->handle()
 3 SYSTEMPATH/CodeIgniter.php(441): CodeIgniter\CodeIgniter->tryToRouteIt()
 4 SYSTEMPATH/CodeIgniter.php(340): CodeIgniter\CodeIgniter->handleRequest()
 5 SYSTEMPATH/Boot.php(417): CodeIgniter\CodeIgniter->run()
 6 SYSTEMPATH/Boot.php(68): CodeIgniter\Boot::runCodeIgniter()
 7 FCPATH/index.php(31): CodeIgniter\Boot::bootWeb()
CRITICAL - 2026-04-29 17:47:13 --> CodeIgniter\HTTP\Exceptions\BadRequestException: The URI you submitted has disallowed characters: "प्रमुख-समाचार"
[Method: GET, Route: category/%E0%A4%AA%E0%A5%8D%E0%A4%B0%E0%A4%AE%E0%A5%81%E0%A4%96-%E0%A4%B8%E0%A4%AE%E0%A4%BE%E0%A4%9A%E0%A4%BE%E0%A4%B0/]
in SYSTEMPATH/Router/Router.php on line 768.
 1 SYSTEMPATH/Router/Router.php(219): CodeIgniter\Router\Router->checkDisallowedChars()
 2 SYSTEMPATH/CodeIgniter.php(829): CodeIgniter\Router\Router->handle()
 3 SYSTEMPATH/CodeIgniter.php(441): CodeIgniter\CodeIgniter->tryToRouteIt()
 4 SYSTEMPATH/CodeIgniter.php(340): CodeIgniter\CodeIgniter->handleRequest()
 5 SYSTEMPATH/Boot.php(417): CodeIgniter\CodeIgniter->run()
 6 SYSTEMPATH/Boot.php(68): CodeIgniter\Boot::runCodeIgniter()
 7 FCPATH/index.php(31): CodeIgniter\Boot::bootWeb()
CRITICAL - 2026-04-29 17:47:17 --> CodeIgniter\HTTP\Exceptions\BadRequestException: The URI you submitted has disallowed characters: "मनोरञ्जन"
[Method: GET, Route: category/%E0%A4%AE%E0%A4%A8%E0%A5%8B%E0%A4%B0%E0%A4%9E%E0%A5%8D%E0%A4%9C%E0%A4%A8/]
in SYSTEMPATH/Router/Router.php on line 768.
 1 SYSTEMPATH/Router/Router.php(219): CodeIgniter\Router\Router->checkDisallowedChars()
 2 SYSTEMPATH/CodeIgniter.php(829): CodeIgniter\Router\Router->handle()
 3 SYSTEMPATH/CodeIgniter.php(441): CodeIgniter\CodeIgniter->tryToRouteIt()
 4 SYSTEMPATH/CodeIgniter.php(340): CodeIgniter\CodeIgniter->handleRequest()
 5 SYSTEMPATH/Boot.php(417): CodeIgniter\CodeIgniter->run()
 6 SYSTEMPATH/Boot.php(68): CodeIgniter\Boot::runCodeIgniter()
 7 FCPATH/index.php(31): CodeIgniter\Boot::bootWeb()
CRITICAL - 2026-04-29 17:47:21 --> CodeIgniter\HTTP\Exceptions\BadRequestException: The URI you submitted has disallowed characters: "राजनीति"
[Method: GET, Route: category/%E0%A4%B0%E0%A4%BE%E0%A4%9C%E0%A4%A8%E0%A5%80%E0%A4%A4%E0%A4%BF/]
in SYSTEMPATH/Router/Router.php on line 768.
 1 SYSTEMPATH/Router/Router.php(219): CodeIgniter\Router\Router->checkDisallowedChars()
 2 SYSTEMPATH/CodeIgniter.php(829): CodeIgniter\Router\Router->handle()
 3 SYSTEMPATH/CodeIgniter.php(441): CodeIgniter\CodeIgniter->tryToRouteIt()
 4 SYSTEMPATH/CodeIgniter.php(340): CodeIgniter\CodeIgniter->handleRequest()
 5 SYSTEMPATH/Boot.php(417): CodeIgniter\CodeIgniter->run()
 6 SYSTEMPATH/Boot.php(68): CodeIgniter\Boot::runCodeIgniter()
 7 FCPATH/index.php(31): CodeIgniter\Boot::bootWeb()
CRITICAL - 2026-04-29 18:22:44 --> CodeIgniter\HTTP\Exceptions\BadRequestException: The URI you submitted has disallowed characters: "प्रदेश-२"
[Method: GET, Route: category/%E0%A4%AA%E0%A5%8D%E0%A4%B0%E0%A4%A6%E0%A5%87%E0%A4%B6-%E0%A5%A8/page/12/]
in SYSTEMPATH/Router/Router.php on line 768.
 1 SYSTEMPATH/Router/Router.php(219): CodeIgniter\Router\Router->checkDisallowedChars()
 2 SYSTEMPATH/CodeIgniter.php(829): CodeIgniter\Router\Router->handle()
 3 SYSTEMPATH/CodeIgniter.php(441): CodeIgniter\CodeIgniter->tryToRouteIt()
 4 SYSTEMPATH/CodeIgniter.php(340): CodeIgniter\CodeIgniter->handleRequest()
 5 SYSTEMPATH/Boot.php(417): CodeIgniter\CodeIgniter->run()
 6 SYSTEMPATH/Boot.php(68): CodeIgniter\Boot::runCodeIgniter()
 7 FCPATH/index.php(31): CodeIgniter\Boot::bootWeb()
CRITICAL - 2026-04-29 18:45:56 --> CodeIgniter\HTTP\Exceptions\BadRequestException: The URI you submitted has disallowed characters: "सूचनाप्रति"
[Method: GET, Route: tag/%E0%A4%B8%E0%A5%82%E0%A4%9A%E0%A4%A8%E0%A4%BE%E0%A4%AA%E0%A5%8D%E0%A4%B0%E0%A4%A4%E0%A4%BF/feed/]
in SYSTEMPATH/Router/Router.php on line 768.
 1 SYSTEMPATH/Router/Router.php(219): CodeIgniter\Router\Router->checkDisallowedChars()
 2 SYSTEMPATH/CodeIgniter.php(829): CodeIgniter\Router\Router->handle()
 3 SYSTEMPATH/CodeIgniter.php(441): CodeIgniter\CodeIgniter->tryToRouteIt()
 4 SYSTEMPATH/CodeIgniter.php(340): CodeIgniter\CodeIgniter->handleRequest()
 5 SYSTEMPATH/Boot.php(417): CodeIgniter\CodeIgniter->run()
 6 SYSTEMPATH/Boot.php(68): CodeIgniter\Boot::runCodeIgniter()
 7 FCPATH/index.php(31): CodeIgniter\Boot::bootWeb()
CRITICAL - 2026-04-29 19:07:54 --> CodeIgniter\HTTP\Exceptions\BadRequestException: The URI you submitted has disallowed characters: "केन्द्र"
[Method: GET, Route: tag/%E0%A4%95%E0%A5%87%E0%A4%A8%E0%A5%8D%E0%A4%A6%E0%A5%8D%E0%A4%B0/feed/]
in SYSTEMPATH/Router/Router.php on line 768.
 1 SYSTEMPATH/Router/Router.php(219): CodeIgniter\Router\Router->checkDisallowedChars()
 2 SYSTEMPATH/CodeIgniter.php(829): CodeIgniter\Router\Router->handle()
 3 SYSTEMPATH/CodeIgniter.php(441): CodeIgniter\CodeIgniter->tryToRouteIt()
 4 SYSTEMPATH/CodeIgniter.php(340): CodeIgniter\CodeIgniter->handleRequest()
 5 SYSTEMPATH/Boot.php(417): CodeIgniter\CodeIgniter->run()
 6 SYSTEMPATH/Boot.php(68): CodeIgniter\Boot::runCodeIgniter()
 7 FCPATH/index.php(31): CodeIgniter\Boot::bootWeb()
CRITICAL - 2026-04-29 19:10:32 --> CodeIgniter\HTTP\Exceptions\BadRequestException: The URI you submitted has disallowed characters: "प्रदेश-४"
[Method: GET, Route: category/%E0%A4%AA%E0%A5%8D%E0%A4%B0%E0%A4%A6%E0%A5%87%E0%A4%B6-%E0%A5%AA/page/3/]
in SYSTEMPATH/Router/Router.php on line 768.
 1 SYSTEMPATH/Router/Router.php(219): CodeIgniter\Router\Router->checkDisallowedChars()
 2 SYSTEMPATH/CodeIgniter.php(829): CodeIgniter\Router\Router->handle()
 3 SYSTEMPATH/CodeIgniter.php(441): CodeIgniter\CodeIgniter->tryToRouteIt()
 4 SYSTEMPATH/CodeIgniter.php(340): CodeIgniter\CodeIgniter->handleRequest()
 5 SYSTEMPATH/Boot.php(417): CodeIgniter\CodeIgniter->run()
 6 SYSTEMPATH/Boot.php(68): CodeIgniter\Boot::runCodeIgniter()
 7 FCPATH/index.php(31): CodeIgniter\Boot::bootWeb()
CRITICAL - 2026-04-29 19:23:27 --> CodeIgniter\HTTP\Exceptions\BadRequestException: The URI you submitted has disallowed characters: "पत्रपत्रिका"
[Method: GET, Route: category/%E0%A4%AA%E0%A4%A4%E0%A5%8D%E0%A4%B0%E0%A4%AA%E0%A4%A4%E0%A5%8D%E0%A4%B0%E0%A4%BF%E0%A4%95%E0%A4%BE/page/3/]
in SYSTEMPATH/Router/Router.php on line 768.
 1 SYSTEMPATH/Router/Router.php(219): CodeIgniter\Router\Router->checkDisallowedChars()
 2 SYSTEMPATH/CodeIgniter.php(829): CodeIgniter\Router\Router->handle()
 3 SYSTEMPATH/CodeIgniter.php(441): CodeIgniter\CodeIgniter->tryToRouteIt()
 4 SYSTEMPATH/CodeIgniter.php(340): CodeIgniter\CodeIgniter->handleRequest()
 5 SYSTEMPATH/Boot.php(417): CodeIgniter\CodeIgniter->run()
 6 SYSTEMPATH/Boot.php(68): CodeIgniter\Boot::runCodeIgniter()
 7 FCPATH/index.php(31): CodeIgniter\Boot::bootWeb()
CRITICAL - 2026-04-29 19:26:43 --> CodeIgniter\HTTP\Exceptions\BadRequestException: The URI you submitted has disallowed characters: "मधेशका-अर्थमन्त्री-यादवले-पदभार-ग्रहण-गर्दै-दिए-राजश्व-बढाउन-निर्देशन.jpg"
[Method: GET, Route: wp-content/uploads/2023/01/%E0%A4%AE%E0%A4%A7%E0%A5%87%E0%A4%B6%E0%A4%95%E0%A4%BE-%E0%A4%85%E0%A4%B0%E0%A5%8D%E0%A4%A5%E0%A4%AE%E0%A4%A8%E0%A5%8D%E0%A4%A4%E0%A5%8D%E0%A4%B0%E0%A5%80-%E0%A4%AF%E0%A4%BE%E0%A4%A6%E0%A4%B5%E0%A4%B2%E0%A5%87-%E0%A4%AA%E0%A4%A6%E0%A4%AD%E0%A4%BE%E0%A4%B0-%E0%A4%97%E0%A5%8D%E0%A4%B0%E0%A4%B9%E0%A4%A3-%E0%A4%97%E0%A4%B0%E0%A5%8D%E0%A4%A6%E0%A5%88-%E0%A4%A6%E0%A4%BF%E0%A4%8F-%E0%A4%B0%E0%A4%BE%E0%A4%9C%E0%A4%B6%E0%A5%8D%E0%A4%B5-%E0%A4%AC%E0%A4%A2%E0%A4%BE%E0%A4%89%E0%A4%A8-%E0%A4%A8%E0%A4%BF%E0%A4%B0%E0%A5%8D%E0%A4%A6%E0%A5%87%E0%A4%B6%E0%A4%A8.jpg]
in SYSTEMPATH/Router/Router.php on line 768.
 1 SYSTEMPATH/Router/Router.php(219): CodeIgniter\Router\Router->checkDisallowedChars()
 2 SYSTEMPATH/CodeIgniter.php(829): CodeIgniter\Router\Router->handle()
 3 SYSTEMPATH/CodeIgniter.php(441): CodeIgniter\CodeIgniter->tryToRouteIt()
 4 SYSTEMPATH/CodeIgniter.php(340): CodeIgniter\CodeIgniter->handleRequest()
 5 SYSTEMPATH/Boot.php(417): CodeIgniter\CodeIgniter->run()
 6 SYSTEMPATH/Boot.php(68): CodeIgniter\Boot::runCodeIgniter()
 7 FCPATH/index.php(31): CodeIgniter\Boot::bootWeb()
CRITICAL - 2026-04-29 19:26:44 --> CodeIgniter\HTTP\Exceptions\BadRequestException: The URI you submitted has disallowed characters: "मधेशका-अर्थमन्त्री-यादवले-पदभार-ग्रहण-गर्दै-दिए-राजश्व-बढाउन-निर्देशन.jpg"
[Method: GET, Route: wp-content/uploads/2023/01/%E0%A4%AE%E0%A4%A7%E0%A5%87%E0%A4%B6%E0%A4%95%E0%A4%BE-%E0%A4%85%E0%A4%B0%E0%A5%8D%E0%A4%A5%E0%A4%AE%E0%A4%A8%E0%A5%8D%E0%A4%A4%E0%A5%8D%E0%A4%B0%E0%A5%80-%E0%A4%AF%E0%A4%BE%E0%A4%A6%E0%A4%B5%E0%A4%B2%E0%A5%87-%E0%A4%AA%E0%A4%A6%E0%A4%AD%E0%A4%BE%E0%A4%B0-%E0%A4%97%E0%A5%8D%E0%A4%B0%E0%A4%B9%E0%A4%A3-%E0%A4%97%E0%A4%B0%E0%A5%8D%E0%A4%A6%E0%A5%88-%E0%A4%A6%E0%A4%BF%E0%A4%8F-%E0%A4%B0%E0%A4%BE%E0%A4%9C%E0%A4%B6%E0%A5%8D%E0%A4%B5-%E0%A4%AC%E0%A4%A2%E0%A4%BE%E0%A4%89%E0%A4%A8-%E0%A4%A8%E0%A4%BF%E0%A4%B0%E0%A5%8D%E0%A4%A6%E0%A5%87%E0%A4%B6%E0%A4%A8.jpg]
in SYSTEMPATH/Router/Router.php on line 768.
 1 SYSTEMPATH/Router/Router.php(219): CodeIgniter\Router\Router->checkDisallowedChars()
 2 SYSTEMPATH/CodeIgniter.php(829): CodeIgniter\Router\Router->handle()
 3 SYSTEMPATH/CodeIgniter.php(441): CodeIgniter\CodeIgniter->tryToRouteIt()
 4 SYSTEMPATH/CodeIgniter.php(340): CodeIgniter\CodeIgniter->handleRequest()
 5 SYSTEMPATH/Boot.php(417): CodeIgniter\CodeIgniter->run()
 6 SYSTEMPATH/Boot.php(68): CodeIgniter\Boot::runCodeIgniter()
 7 FCPATH/index.php(31): CodeIgniter\Boot::bootWeb()
CRITICAL - 2026-04-29 19:26:46 --> CodeIgniter\HTTP\Exceptions\BadRequestException: The URI you submitted has disallowed characters: "मधेशका-अर्थमन्त्री-यादवले-पदभार-ग्रहण-गर्दै-दिए-राजश्व-बढाउन-निर्देशन.jpg"
[Method: GET, Route: wp-content/uploads/2023/01/%E0%A4%AE%E0%A4%A7%E0%A5%87%E0%A4%B6%E0%A4%95%E0%A4%BE-%E0%A4%85%E0%A4%B0%E0%A5%8D%E0%A4%A5%E0%A4%AE%E0%A4%A8%E0%A5%8D%E0%A4%A4%E0%A5%8D%E0%A4%B0%E0%A5%80-%E0%A4%AF%E0%A4%BE%E0%A4%A6%E0%A4%B5%E0%A4%B2%E0%A5%87-%E0%A4%AA%E0%A4%A6%E0%A4%AD%E0%A4%BE%E0%A4%B0-%E0%A4%97%E0%A5%8D%E0%A4%B0%E0%A4%B9%E0%A4%A3-%E0%A4%97%E0%A4%B0%E0%A5%8D%E0%A4%A6%E0%A5%88-%E0%A4%A6%E0%A4%BF%E0%A4%8F-%E0%A4%B0%E0%A4%BE%E0%A4%9C%E0%A4%B6%E0%A5%8D%E0%A4%B5-%E0%A4%AC%E0%A4%A2%E0%A4%BE%E0%A4%89%E0%A4%A8-%E0%A4%A8%E0%A4%BF%E0%A4%B0%E0%A5%8D%E0%A4%A6%E0%A5%87%E0%A4%B6%E0%A4%A8.jpg]
in SYSTEMPATH/Router/Router.php on line 768.
 1 SYSTEMPATH/Router/Router.php(219): CodeIgniter\Router\Router->checkDisallowedChars()
 2 SYSTEMPATH/CodeIgniter.php(829): CodeIgniter\Router\Router->handle()
 3 SYSTEMPATH/CodeIgniter.php(441): CodeIgniter\CodeIgniter->tryToRouteIt()
 4 SYSTEMPATH/CodeIgniter.php(340): CodeIgniter\CodeIgniter->handleRequest()
 5 SYSTEMPATH/Boot.php(417): CodeIgniter\CodeIgniter->run()
 6 SYSTEMPATH/Boot.php(68): CodeIgniter\Boot::runCodeIgniter()
 7 FCPATH/index.php(31): CodeIgniter\Boot::bootWeb()
CRITICAL - 2026-04-29 19:26:47 --> CodeIgniter\HTTP\Exceptions\BadRequestException: The URI you submitted has disallowed characters: "मधेशका-अर्थमन्त्री-यादवले-पदभार-ग्रहण-गर्दै-दिए-राजश्व-बढाउन-निर्देशन.jpg"
[Method: GET, Route: wp-content/uploads/2023/01/%E0%A4%AE%E0%A4%A7%E0%A5%87%E0%A4%B6%E0%A4%95%E0%A4%BE-%E0%A4%85%E0%A4%B0%E0%A5%8D%E0%A4%A5%E0%A4%AE%E0%A4%A8%E0%A5%8D%E0%A4%A4%E0%A5%8D%E0%A4%B0%E0%A5%80-%E0%A4%AF%E0%A4%BE%E0%A4%A6%E0%A4%B5%E0%A4%B2%E0%A5%87-%E0%A4%AA%E0%A4%A6%E0%A4%AD%E0%A4%BE%E0%A4%B0-%E0%A4%97%E0%A5%8D%E0%A4%B0%E0%A4%B9%E0%A4%A3-%E0%A4%97%E0%A4%B0%E0%A5%8D%E0%A4%A6%E0%A5%88-%E0%A4%A6%E0%A4%BF%E0%A4%8F-%E0%A4%B0%E0%A4%BE%E0%A4%9C%E0%A4%B6%E0%A5%8D%E0%A4%B5-%E0%A4%AC%E0%A4%A2%E0%A4%BE%E0%A4%89%E0%A4%A8-%E0%A4%A8%E0%A4%BF%E0%A4%B0%E0%A5%8D%E0%A4%A6%E0%A5%87%E0%A4%B6%E0%A4%A8.jpg]
in SYSTEMPATH/Router/Router.php on line 768.
 1 SYSTEMPATH/Router/Router.php(219): CodeIgniter\Router\Router->checkDisallowedChars()
 2 SYSTEMPATH/CodeIgniter.php(829): CodeIgniter\Router\Router->handle()
 3 SYSTEMPATH/CodeIgniter.php(441): CodeIgniter\CodeIgniter->tryToRouteIt()
 4 SYSTEMPATH/CodeIgniter.php(340): CodeIgniter\CodeIgniter->handleRequest()
 5 SYSTEMPATH/Boot.php(417): CodeIgniter\CodeIgniter->run()
 6 SYSTEMPATH/Boot.php(68): CodeIgniter\Boot::runCodeIgniter()
 7 FCPATH/index.php(31): CodeIgniter\Boot::bootWeb()
CRITICAL - 2026-04-29 19:26:49 --> CodeIgniter\HTTP\Exceptions\BadRequestException: The URI you submitted has disallowed characters: "मधेशका-अर्थमन्त्री-यादवले-पदभार-ग्रहण-गर्दै-दिए-राजश्व-बढाउन-निर्देशन.jpg"
[Method: GET, Route: wp-content/uploads/2023/01/%E0%A4%AE%E0%A4%A7%E0%A5%87%E0%A4%B6%E0%A4%95%E0%A4%BE-%E0%A4%85%E0%A4%B0%E0%A5%8D%E0%A4%A5%E0%A4%AE%E0%A4%A8%E0%A5%8D%E0%A4%A4%E0%A5%8D%E0%A4%B0%E0%A5%80-%E0%A4%AF%E0%A4%BE%E0%A4%A6%E0%A4%B5%E0%A4%B2%E0%A5%87-%E0%A4%AA%E0%A4%A6%E0%A4%AD%E0%A4%BE%E0%A4%B0-%E0%A4%97%E0%A5%8D%E0%A4%B0%E0%A4%B9%E0%A4%A3-%E0%A4%97%E0%A4%B0%E0%A5%8D%E0%A4%A6%E0%A5%88-%E0%A4%A6%E0%A4%BF%E0%A4%8F-%E0%A4%B0%E0%A4%BE%E0%A4%9C%E0%A4%B6%E0%A5%8D%E0%A4%B5-%E0%A4%AC%E0%A4%A2%E0%A4%BE%E0%A4%89%E0%A4%A8-%E0%A4%A8%E0%A4%BF%E0%A4%B0%E0%A5%8D%E0%A4%A6%E0%A5%87%E0%A4%B6%E0%A4%A8.jpg]
in SYSTEMPATH/Router/Router.php on line 768.
 1 SYSTEMPATH/Router/Router.php(219): CodeIgniter\Router\Router->checkDisallowedChars()
 2 SYSTEMPATH/CodeIgniter.php(829): CodeIgniter\Router\Router->handle()
 3 SYSTEMPATH/CodeIgniter.php(441): CodeIgniter\CodeIgniter->tryToRouteIt()
 4 SYSTEMPATH/CodeIgniter.php(340): CodeIgniter\CodeIgniter->handleRequest()
 5 SYSTEMPATH/Boot.php(417): CodeIgniter\CodeIgniter->run()
 6 SYSTEMPATH/Boot.php(68): CodeIgniter\Boot::runCodeIgniter()
 7 FCPATH/index.php(31): CodeIgniter\Boot::bootWeb()
CRITICAL - 2026-04-29 19:26:51 --> CodeIgniter\HTTP\Exceptions\BadRequestException: The URI you submitted has disallowed characters: "मधेशका-अर्थमन्त्री-यादवले-पदभार-ग्रहण-गर्दै-दिए-राजश्व-बढाउन-निर्देशन.jpg"
[Method: GET, Route: wp-content/uploads/2023/01/%E0%A4%AE%E0%A4%A7%E0%A5%87%E0%A4%B6%E0%A4%95%E0%A4%BE-%E0%A4%85%E0%A4%B0%E0%A5%8D%E0%A4%A5%E0%A4%AE%E0%A4%A8%E0%A5%8D%E0%A4%A4%E0%A5%8D%E0%A4%B0%E0%A5%80-%E0%A4%AF%E0%A4%BE%E0%A4%A6%E0%A4%B5%E0%A4%B2%E0%A5%87-%E0%A4%AA%E0%A4%A6%E0%A4%AD%E0%A4%BE%E0%A4%B0-%E0%A4%97%E0%A5%8D%E0%A4%B0%E0%A4%B9%E0%A4%A3-%E0%A4%97%E0%A4%B0%E0%A5%8D%E0%A4%A6%E0%A5%88-%E0%A4%A6%E0%A4%BF%E0%A4%8F-%E0%A4%B0%E0%A4%BE%E0%A4%9C%E0%A4%B6%E0%A5%8D%E0%A4%B5-%E0%A4%AC%E0%A4%A2%E0%A4%BE%E0%A4%89%E0%A4%A8-%E0%A4%A8%E0%A4%BF%E0%A4%B0%E0%A5%8D%E0%A4%A6%E0%A5%87%E0%A4%B6%E0%A4%A8.jpg]
in SYSTEMPATH/Router/Router.php on line 768.
 1 SYSTEMPATH/Router/Router.php(219): CodeIgniter\Router\Router->checkDisallowedChars()
 2 SYSTEMPATH/CodeIgniter.php(829): CodeIgniter\Router\Router->handle()
 3 SYSTEMPATH/CodeIgniter.php(441): CodeIgniter\CodeIgniter->tryToRouteIt()
 4 SYSTEMPATH/CodeIgniter.php(340): CodeIgniter\CodeIgniter->handleRequest()
 5 SYSTEMPATH/Boot.php(417): CodeIgniter\CodeIgniter->run()
 6 SYSTEMPATH/Boot.php(68): CodeIgniter\Boot::runCodeIgniter()
 7 FCPATH/index.php(31): CodeIgniter\Boot::bootWeb()
CRITICAL - 2026-04-29 19:26:55 --> CodeIgniter\HTTP\Exceptions\BadRequestException: The URI you submitted has disallowed characters: "मधेशका-अर्थमन्त्री-यादवले-पदभार-ग्रहण-गर्दै-दिए-राजश्व-बढाउन-निर्देशन.jpg"
[Method: GET, Route: wp-content/uploads/2023/01/%E0%A4%AE%E0%A4%A7%E0%A5%87%E0%A4%B6%E0%A4%95%E0%A4%BE-%E0%A4%85%E0%A4%B0%E0%A5%8D%E0%A4%A5%E0%A4%AE%E0%A4%A8%E0%A5%8D%E0%A4%A4%E0%A5%8D%E0%A4%B0%E0%A5%80-%E0%A4%AF%E0%A4%BE%E0%A4%A6%E0%A4%B5%E0%A4%B2%E0%A5%87-%E0%A4%AA%E0%A4%A6%E0%A4%AD%E0%A4%BE%E0%A4%B0-%E0%A4%97%E0%A5%8D%E0%A4%B0%E0%A4%B9%E0%A4%A3-%E0%A4%97%E0%A4%B0%E0%A5%8D%E0%A4%A6%E0%A5%88-%E0%A4%A6%E0%A4%BF%E0%A4%8F-%E0%A4%B0%E0%A4%BE%E0%A4%9C%E0%A4%B6%E0%A5%8D%E0%A4%B5-%E0%A4%AC%E0%A4%A2%E0%A4%BE%E0%A4%89%E0%A4%A8-%E0%A4%A8%E0%A4%BF%E0%A4%B0%E0%A5%8D%E0%A4%A6%E0%A5%87%E0%A4%B6%E0%A4%A8.jpg]
in SYSTEMPATH/Router/Router.php on line 768.
 1 SYSTEMPATH/Router/Router.php(219): CodeIgniter\Router\Router->checkDisallowedChars()
 2 SYSTEMPATH/CodeIgniter.php(829): CodeIgniter\Router\Router->handle()
 3 SYSTEMPATH/CodeIgniter.php(441): CodeIgniter\CodeIgniter->tryToRouteIt()
 4 SYSTEMPATH/CodeIgniter.php(340): CodeIgniter\CodeIgniter->handleRequest()
 5 SYSTEMPATH/Boot.php(417): CodeIgniter\CodeIgniter->run()
 6 SYSTEMPATH/Boot.php(68): CodeIgniter\Boot::runCodeIgniter()
 7 FCPATH/index.php(31): CodeIgniter\Boot::bootWeb()
CRITICAL - 2026-04-29 19:27:25 --> CodeIgniter\HTTP\Exceptions\BadRequestException: The URI you submitted has disallowed characters: "मधेशका-अर्थमन्त्री-यादवले-पदभार-ग्रहण-गर्दै-दिए-राजश्व-बढाउन-निर्देशन.jpg"
[Method: GET, Route: wp-content/uploads/2023/01/%E0%A4%AE%E0%A4%A7%E0%A5%87%E0%A4%B6%E0%A4%95%E0%A4%BE-%E0%A4%85%E0%A4%B0%E0%A5%8D%E0%A4%A5%E0%A4%AE%E0%A4%A8%E0%A5%8D%E0%A4%A4%E0%A5%8D%E0%A4%B0%E0%A5%80-%E0%A4%AF%E0%A4%BE%E0%A4%A6%E0%A4%B5%E0%A4%B2%E0%A5%87-%E0%A4%AA%E0%A4%A6%E0%A4%AD%E0%A4%BE%E0%A4%B0-%E0%A4%97%E0%A5%8D%E0%A4%B0%E0%A4%B9%E0%A4%A3-%E0%A4%97%E0%A4%B0%E0%A5%8D%E0%A4%A6%E0%A5%88-%E0%A4%A6%E0%A4%BF%E0%A4%8F-%E0%A4%B0%E0%A4%BE%E0%A4%9C%E0%A4%B6%E0%A5%8D%E0%A4%B5-%E0%A4%AC%E0%A4%A2%E0%A4%BE%E0%A4%89%E0%A4%A8-%E0%A4%A8%E0%A4%BF%E0%A4%B0%E0%A5%8D%E0%A4%A6%E0%A5%87%E0%A4%B6%E0%A4%A8.jpg]
in SYSTEMPATH/Router/Router.php on line 768.
 1 SYSTEMPATH/Router/Router.php(219): CodeIgniter\Router\Router->checkDisallowedChars()
 2 SYSTEMPATH/CodeIgniter.php(829): CodeIgniter\Router\Router->handle()
 3 SYSTEMPATH/CodeIgniter.php(441): CodeIgniter\CodeIgniter->tryToRouteIt()
 4 SYSTEMPATH/CodeIgniter.php(340): CodeIgniter\CodeIgniter->handleRequest()
 5 SYSTEMPATH/Boot.php(417): CodeIgniter\CodeIgniter->run()
 6 SYSTEMPATH/Boot.php(68): CodeIgniter\Boot::runCodeIgniter()
 7 FCPATH/index.php(31): CodeIgniter\Boot::bootWeb()
CRITICAL - 2026-04-29 19:27:25 --> CodeIgniter\HTTP\Exceptions\BadRequestException: The URI you submitted has disallowed characters: "इपेपर"
[Method: GET, Route: category/%E0%A4%87%E0%A4%AA%E0%A5%87%E0%A4%AA%E0%A4%B0/]
in SYSTEMPATH/Router/Router.php on line 768.
 1 SYSTEMPATH/Router/Router.php(219): CodeIgniter\Router\Router->checkDisallowedChars()
 2 SYSTEMPATH/CodeIgniter.php(829): CodeIgniter\Router\Router->handle()
 3 SYSTEMPATH/CodeIgniter.php(441): CodeIgniter\CodeIgniter->tryToRouteIt()
 4 SYSTEMPATH/CodeIgniter.php(340): CodeIgniter\CodeIgniter->handleRequest()
 5 SYSTEMPATH/Boot.php(417): CodeIgniter\CodeIgniter->run()
 6 SYSTEMPATH/Boot.php(68): CodeIgniter\Boot::runCodeIgniter()
 7 FCPATH/index.php(31): CodeIgniter\Boot::bootWeb()
CRITICAL - 2026-04-29 19:38:44 --> CodeIgniter\HTTP\Exceptions\BadRequestException: The URI you submitted has disallowed characters: "मतदान"
[Method: GET, Route: tag/%E0%A4%AE%E0%A4%A4%E0%A4%A6%E0%A4%BE%E0%A4%A8]
in SYSTEMPATH/Router/Router.php on line 768.
 1 SYSTEMPATH/Router/Router.php(219): CodeIgniter\Router\Router->checkDisallowedChars()
 2 SYSTEMPATH/CodeIgniter.php(829): CodeIgniter\Router\Router->handle()
 3 SYSTEMPATH/CodeIgniter.php(441): CodeIgniter\CodeIgniter->tryToRouteIt()
 4 SYSTEMPATH/CodeIgniter.php(340): CodeIgniter\CodeIgniter->handleRequest()
 5 SYSTEMPATH/Boot.php(417): CodeIgniter\CodeIgniter->run()
 6 SYSTEMPATH/Boot.php(68): CodeIgniter\Boot::runCodeIgniter()
 7 FCPATH/index.php(31): CodeIgniter\Boot::bootWeb()
CRITICAL - 2026-04-29 19:57:12 --> CodeIgniter\HTTP\Exceptions\BadRequestException: The URI you submitted has disallowed characters: "प्रदेश-३"
[Method: GET, Route: category/%E0%A4%AA%E0%A5%8D%E0%A4%B0%E0%A4%A6%E0%A5%87%E0%A4%B6-%E0%A5%A9/page/3/]
in SYSTEMPATH/Router/Router.php on line 768.
 1 SYSTEMPATH/Router/Router.php(219): CodeIgniter\Router\Router->checkDisallowedChars()
 2 SYSTEMPATH/CodeIgniter.php(829): CodeIgniter\Router\Router->handle()
 3 SYSTEMPATH/CodeIgniter.php(441): CodeIgniter\CodeIgniter->tryToRouteIt()
 4 SYSTEMPATH/CodeIgniter.php(340): CodeIgniter\CodeIgniter->handleRequest()
 5 SYSTEMPATH/Boot.php(417): CodeIgniter\CodeIgniter->run()
 6 SYSTEMPATH/Boot.php(68): CodeIgniter\Boot::runCodeIgniter()
 7 FCPATH/index.php(31): CodeIgniter\Boot::bootWeb()
CRITICAL - 2026-04-29 20:06:47 --> CodeIgniter\HTTP\Exceptions\BadRequestException: The URI you submitted has disallowed characters: "स्वास्थ्य-खबरपत्रिका"
[Method: GET, Route: tag/%E0%A4%B8%E0%A5%8D%E0%A4%B5%E0%A4%BE%E0%A4%B8%E0%A5%8D%E0%A4%A5%E0%A5%8D%E0%A4%AF-%E0%A4%96%E0%A4%AC%E0%A4%B0%E0%A4%AA%E0%A4%A4%E0%A5%8D%E0%A4%B0%E0%A4%BF%E0%A4%95%E0%A4%BE/feed/]
in SYSTEMPATH/Router/Router.php on line 768.
 1 SYSTEMPATH/Router/Router.php(219): CodeIgniter\Router\Router->checkDisallowedChars()
 2 SYSTEMPATH/CodeIgniter.php(829): CodeIgniter\Router\Router->handle()
 3 SYSTEMPATH/CodeIgniter.php(441): CodeIgniter\CodeIgniter->tryToRouteIt()
 4 SYSTEMPATH/CodeIgniter.php(340): CodeIgniter\CodeIgniter->handleRequest()
 5 SYSTEMPATH/Boot.php(417): CodeIgniter\CodeIgniter->run()
 6 SYSTEMPATH/Boot.php(68): CodeIgniter\Boot::runCodeIgniter()
 7 FCPATH/index.php(31): CodeIgniter\Boot::bootWeb()
CRITICAL - 2026-04-29 20:14:08 --> CodeIgniter\HTTP\Exceptions\BadRequestException: The URI you submitted has disallowed characters: "महत्व"
[Method: GET, Route: tag/%E0%A4%AE%E0%A4%B9%E0%A4%A4%E0%A5%8D%E0%A4%B5/feed/]
in SYSTEMPATH/Router/Router.php on line 768.
 1 SYSTEMPATH/Router/Router.php(219): CodeIgniter\Router\Router->checkDisallowedChars()
 2 SYSTEMPATH/CodeIgniter.php(829): CodeIgniter\Router\Router->handle()
 3 SYSTEMPATH/CodeIgniter.php(441): CodeIgniter\CodeIgniter->tryToRouteIt()
 4 SYSTEMPATH/CodeIgniter.php(340): CodeIgniter\CodeIgniter->handleRequest()
 5 SYSTEMPATH/Boot.php(417): CodeIgniter\CodeIgniter->run()
 6 SYSTEMPATH/Boot.php(68): CodeIgniter\Boot::runCodeIgniter()
 7 FCPATH/index.php(31): CodeIgniter\Boot::bootWeb()
CRITICAL - 2026-04-29 21:41:59 --> CodeIgniter\HTTP\Exceptions\BadRequestException: The URI you submitted has disallowed characters: "काउन्सिल"
[Method: GET, Route: tag/%E0%A4%95%E0%A4%BE%E0%A4%89%E0%A4%A8%E0%A5%8D%E0%A4%B8%E0%A4%BF%E0%A4%B2/feed/]
in SYSTEMPATH/Router/Router.php on line 768.
 1 SYSTEMPATH/Router/Router.php(219): CodeIgniter\Router\Router->checkDisallowedChars()
 2 SYSTEMPATH/CodeIgniter.php(829): CodeIgniter\Router\Router->handle()
 3 SYSTEMPATH/CodeIgniter.php(441): CodeIgniter\CodeIgniter->tryToRouteIt()
 4 SYSTEMPATH/CodeIgniter.php(340): CodeIgniter\CodeIgniter->handleRequest()
 5 SYSTEMPATH/Boot.php(417): CodeIgniter\CodeIgniter->run()
 6 SYSTEMPATH/Boot.php(68): CodeIgniter\Boot::runCodeIgniter()
 7 FCPATH/index.php(31): CodeIgniter\Boot::bootWeb()
CRITICAL - 2026-04-29 22:03:05 --> CodeIgniter\HTTP\Exceptions\BadRequestException: The URI you submitted has disallowed characters: "काठमाडौं"
[Method: GET, Route: tag/%E0%A4%95%E0%A4%BE%E0%A4%A0%E0%A4%AE%E0%A4%BE%E0%A4%A1%E0%A5%8C%E0%A4%82/feed/]
in SYSTEMPATH/Router/Router.php on line 768.
 1 SYSTEMPATH/Router/Router.php(219): CodeIgniter\Router\Router->checkDisallowedChars()
 2 SYSTEMPATH/CodeIgniter.php(829): CodeIgniter\Router\Router->handle()
 3 SYSTEMPATH/CodeIgniter.php(441): CodeIgniter\CodeIgniter->tryToRouteIt()
 4 SYSTEMPATH/CodeIgniter.php(340): CodeIgniter\CodeIgniter->handleRequest()
 5 SYSTEMPATH/Boot.php(417): CodeIgniter\CodeIgniter->run()
 6 SYSTEMPATH/Boot.php(68): CodeIgniter\Boot::runCodeIgniter()
 7 FCPATH/index.php(31): CodeIgniter\Boot::bootWeb()
CRITICAL - 2026-04-29 22:04:23 --> CodeIgniter\HTTP\Exceptions\BadRequestException: The URI you submitted has disallowed characters: "प्रदेश-१"
[Method: GET, Route: category/%E0%A4%AA%E0%A5%8D%E0%A4%B0%E0%A4%A6%E0%A5%87%E0%A4%B6-%E0%A5%A7/]
in SYSTEMPATH/Router/Router.php on line 768.
 1 SYSTEMPATH/Router/Router.php(219): CodeIgniter\Router\Router->checkDisallowedChars()
 2 SYSTEMPATH/CodeIgniter.php(829): CodeIgniter\Router\Router->handle()
 3 SYSTEMPATH/CodeIgniter.php(441): CodeIgniter\CodeIgniter->tryToRouteIt()
 4 SYSTEMPATH/CodeIgniter.php(340): CodeIgniter\CodeIgniter->handleRequest()
 5 SYSTEMPATH/Boot.php(417): CodeIgniter\CodeIgniter->run()
 6 SYSTEMPATH/Boot.php(68): CodeIgniter\Boot::runCodeIgniter()
 7 FCPATH/index.php(31): CodeIgniter\Boot::bootWeb()
CRITICAL - 2026-04-29 22:09:24 --> CodeIgniter\HTTP\Exceptions\BadRequestException: The URI you submitted has disallowed characters: "प्रदेश-२"
[Method: GET, Route: category/%E0%A4%AA%E0%A5%8D%E0%A4%B0%E0%A4%A6%E0%A5%87%E0%A4%B6-%E0%A5%A8/]
in SYSTEMPATH/Router/Router.php on line 768.
 1 SYSTEMPATH/Router/Router.php(219): CodeIgniter\Router\Router->checkDisallowedChars()
 2 SYSTEMPATH/CodeIgniter.php(829): CodeIgniter\Router\Router->handle()
 3 SYSTEMPATH/CodeIgniter.php(441): CodeIgniter\CodeIgniter->tryToRouteIt()
 4 SYSTEMPATH/CodeIgniter.php(340): CodeIgniter\CodeIgniter->handleRequest()
 5 SYSTEMPATH/Boot.php(417): CodeIgniter\CodeIgniter->run()
 6 SYSTEMPATH/Boot.php(68): CodeIgniter\Boot::runCodeIgniter()
 7 FCPATH/index.php(31): CodeIgniter\Boot::bootWeb()
CRITICAL - 2026-04-29 22:13:20 --> CodeIgniter\HTTP\Exceptions\BadRequestException: The URI you submitted has disallowed characters: "जाँच"
[Method: GET, Route: tag/%E0%A4%9C%E0%A4%BE%E0%A4%81%E0%A4%9A/feed/]
in SYSTEMPATH/Router/Router.php on line 768.
 1 SYSTEMPATH/Router/Router.php(219): CodeIgniter\Router\Router->checkDisallowedChars()
 2 SYSTEMPATH/CodeIgniter.php(829): CodeIgniter\Router\Router->handle()
 3 SYSTEMPATH/CodeIgniter.php(441): CodeIgniter\CodeIgniter->tryToRouteIt()
 4 SYSTEMPATH/CodeIgniter.php(340): CodeIgniter\CodeIgniter->handleRequest()
 5 SYSTEMPATH/Boot.php(417): CodeIgniter\CodeIgniter->run()
 6 SYSTEMPATH/Boot.php(68): CodeIgniter\Boot::runCodeIgniter()
 7 FCPATH/index.php(31): CodeIgniter\Boot::bootWeb()
CRITICAL - 2026-04-29 22:23:53 --> CodeIgniter\HTTP\Exceptions\BadRequestException: The URI you submitted has disallowed characters: "प्रदेश-१"
[Method: GET, Route: category/%E0%A4%AA%E0%A5%8D%E0%A4%B0%E0%A4%A6%E0%A5%87%E0%A4%B6-%E0%A5%A7/page/5/]
in SYSTEMPATH/Router/Router.php on line 768.
 1 SYSTEMPATH/Router/Router.php(219): CodeIgniter\Router\Router->checkDisallowedChars()
 2 SYSTEMPATH/CodeIgniter.php(829): CodeIgniter\Router\Router->handle()
 3 SYSTEMPATH/CodeIgniter.php(441): CodeIgniter\CodeIgniter->tryToRouteIt()
 4 SYSTEMPATH/CodeIgniter.php(340): CodeIgniter\CodeIgniter->handleRequest()
 5 SYSTEMPATH/Boot.php(417): CodeIgniter\CodeIgniter->run()
 6 SYSTEMPATH/Boot.php(68): CodeIgniter\Boot::runCodeIgniter()
 7 FCPATH/index.php(31): CodeIgniter\Boot::bootWeb()
CRITICAL - 2026-04-29 22:27:12 --> CodeIgniter\HTTP\Exceptions\BadRequestException: The URI you submitted has disallowed characters: "प्रदेश-१"
[Method: GET, Route: category/%E0%A4%AA%E0%A5%8D%E0%A4%B0%E0%A4%A6%E0%A5%87%E0%A4%B6-%E0%A5%A7/page/8/]
in SYSTEMPATH/Router/Router.php on line 768.
 1 SYSTEMPATH/Router/Router.php(219): CodeIgniter\Router\Router->checkDisallowedChars()
 2 SYSTEMPATH/CodeIgniter.php(829): CodeIgniter\Router\Router->handle()
 3 SYSTEMPATH/CodeIgniter.php(441): CodeIgniter\CodeIgniter->tryToRouteIt()
 4 SYSTEMPATH/CodeIgniter.php(340): CodeIgniter\CodeIgniter->handleRequest()
 5 SYSTEMPATH/Boot.php(417): CodeIgniter\CodeIgniter->run()
 6 SYSTEMPATH/Boot.php(68): CodeIgniter\Boot::runCodeIgniter()
 7 FCPATH/index.php(31): CodeIgniter\Boot::bootWeb()
CRITICAL - 2026-04-29 23:26:09 --> CodeIgniter\HTTP\Exceptions\BadRequestException: The URI you submitted has disallowed characters: "प्रदेश-५"
[Method: GET, Route: category/%E0%A4%AA%E0%A5%8D%E0%A4%B0%E0%A4%A6%E0%A5%87%E0%A4%B6-%E0%A5%AB/page/8/]
in SYSTEMPATH/Router/Router.php on line 768.
 1 SYSTEMPATH/Router/Router.php(219): CodeIgniter\Router\Router->checkDisallowedChars()
 2 SYSTEMPATH/CodeIgniter.php(829): CodeIgniter\Router\Router->handle()
 3 SYSTEMPATH/CodeIgniter.php(441): CodeIgniter\CodeIgniter->tryToRouteIt()
 4 SYSTEMPATH/CodeIgniter.php(340): CodeIgniter\CodeIgniter->handleRequest()
 5 SYSTEMPATH/Boot.php(417): CodeIgniter\CodeIgniter->run()
 6 SYSTEMPATH/Boot.php(68): CodeIgniter\Boot::runCodeIgniter()
 7 FCPATH/index.php(31): CodeIgniter\Boot::bootWeb()
