CRITICAL - 2026-05-29 00:29:34 --> CodeIgniter\HTTP\Exceptions\BadRequestException: The URI you submitted has disallowed characters: "महोत्तरीबाट-२-ट्रक-सालको-काठ-बरामद.jpg"
[Method: GET, Route: wp-content/uploads/2023/05/%E0%A4%AE%E0%A4%B9%E0%A5%8B%E0%A4%A4%E0%A5%8D%E0%A4%A4%E0%A4%B0%E0%A5%80%E0%A4%AC%E0%A4%BE%E0%A4%9F-%E0%A5%A8-%E0%A4%9F%E0%A5%8D%E0%A4%B0%E0%A4%95-%E0%A4%B8%E0%A4%BE%E0%A4%B2%E0%A4%95%E0%A5%8B-%E0%A4%95%E0%A4%BE%E0%A4%A0-%E0%A4%AC%E0%A4%B0%E0%A4%BE%E0%A4%AE%E0%A4%A6.jpg]
in SYSTEMPATH/Router/Router.php on line 768.
 1 SYSTEMPATH/Router/Router.php(219): CodeIgniter\Router\Router->checkDisallowedChars()
 2 SYSTEMPATH/CodeIgniter.php(829): CodeIgniter\Router\Router->handle()
 3 SYSTEMPATH/CodeIgniter.php(441): CodeIgniter\CodeIgniter->tryToRouteIt()
 4 SYSTEMPATH/CodeIgniter.php(340): CodeIgniter\CodeIgniter->handleRequest()
 5 SYSTEMPATH/Boot.php(417): CodeIgniter\CodeIgniter->run()
 6 SYSTEMPATH/Boot.php(68): CodeIgniter\Boot::runCodeIgniter()
 7 FCPATH/index.php(31): CodeIgniter\Boot::bootWeb()
CRITICAL - 2026-05-29 02:37:04 --> CodeIgniter\HTTP\Exceptions\BadRequestException: The URI you submitted has disallowed characters: "अर्थ"
[Method: GET, Route: category/%E0%A4%85%E0%A4%B0%E0%A5%8D%E0%A4%A5/]
in SYSTEMPATH/Router/Router.php on line 768.
 1 SYSTEMPATH/Router/Router.php(219): CodeIgniter\Router\Router->checkDisallowedChars()
 2 SYSTEMPATH/CodeIgniter.php(829): CodeIgniter\Router\Router->handle()
 3 SYSTEMPATH/CodeIgniter.php(441): CodeIgniter\CodeIgniter->tryToRouteIt()
 4 SYSTEMPATH/CodeIgniter.php(340): CodeIgniter\CodeIgniter->handleRequest()
 5 SYSTEMPATH/Boot.php(417): CodeIgniter\CodeIgniter->run()
 6 SYSTEMPATH/Boot.php(68): CodeIgniter\Boot::runCodeIgniter()
 7 FCPATH/index.php(31): CodeIgniter\Boot::bootWeb()
CRITICAL - 2026-05-29 04:18:28 --> CodeIgniter\HTTP\Exceptions\BadRequestException: The URI you submitted has disallowed characters: "मधेशमा-नाम-फेरिँदा-४-मन्त्री-मन्त्रालयविहीन.jpg"
[Method: GET, Route: wp-content/uploads/2023/05/%E0%A4%AE%E0%A4%A7%E0%A5%87%E0%A4%B6%E0%A4%AE%E0%A4%BE-%E0%A4%A8%E0%A4%BE%E0%A4%AE-%E0%A4%AB%E0%A5%87%E0%A4%B0%E0%A4%BF%E0%A4%81%E0%A4%A6%E0%A4%BE-%E0%A5%AA-%E0%A4%AE%E0%A4%A8%E0%A5%8D%E0%A4%A4%E0%A5%8D%E0%A4%B0%E0%A5%80-%E0%A4%AE%E0%A4%A8%E0%A5%8D%E0%A4%A4%E0%A5%8D%E0%A4%B0%E0%A4%BE%E0%A4%B2%E0%A4%AF%E0%A4%B5%E0%A4%BF%E0%A4%B9%E0%A5%80%E0%A4%A8.jpg]
in SYSTEMPATH/Router/Router.php on line 768.
 1 SYSTEMPATH/Router/Router.php(219): CodeIgniter\Router\Router->checkDisallowedChars()
 2 SYSTEMPATH/CodeIgniter.php(829): CodeIgniter\Router\Router->handle()
 3 SYSTEMPATH/CodeIgniter.php(441): CodeIgniter\CodeIgniter->tryToRouteIt()
 4 SYSTEMPATH/CodeIgniter.php(340): CodeIgniter\CodeIgniter->handleRequest()
 5 SYSTEMPATH/Boot.php(417): CodeIgniter\CodeIgniter->run()
 6 SYSTEMPATH/Boot.php(68): CodeIgniter\Boot::runCodeIgniter()
 7 FCPATH/index.php(31): CodeIgniter\Boot::bootWeb()
CRITICAL - 2026-05-29 05:53:25 --> CodeIgniter\HTTP\Exceptions\BadRequestException: The URI you submitted has disallowed characters: "प्रदेश-१"
[Method: GET, Route: category/%E0%A4%AA%E0%A5%8D%E0%A4%B0%E0%A4%A6%E0%A5%87%E0%A4%B6-%E0%A5%A7/feed/]
in SYSTEMPATH/Router/Router.php on line 768.
 1 SYSTEMPATH/Router/Router.php(219): CodeIgniter\Router\Router->checkDisallowedChars()
 2 SYSTEMPATH/CodeIgniter.php(829): CodeIgniter\Router\Router->handle()
 3 SYSTEMPATH/CodeIgniter.php(441): CodeIgniter\CodeIgniter->tryToRouteIt()
 4 SYSTEMPATH/CodeIgniter.php(340): CodeIgniter\CodeIgniter->handleRequest()
 5 SYSTEMPATH/Boot.php(417): CodeIgniter\CodeIgniter->run()
 6 SYSTEMPATH/Boot.php(68): CodeIgniter\Boot::runCodeIgniter()
 7 FCPATH/index.php(31): CodeIgniter\Boot::bootWeb()
CRITICAL - 2026-05-29 06:11:03 --> CodeIgniter\HTTP\Exceptions\BadRequestException: The URI you submitted has disallowed characters: "समाचार"
[Method: GET, Route: category/%E0%A4%B8%E0%A4%AE%E0%A4%BE%E0%A4%9A%E0%A4%BE%E0%A4%B0/]
in SYSTEMPATH/Router/Router.php on line 768.
 1 SYSTEMPATH/Router/Router.php(219): CodeIgniter\Router\Router->checkDisallowedChars()
 2 SYSTEMPATH/CodeIgniter.php(829): CodeIgniter\Router\Router->handle()
 3 SYSTEMPATH/CodeIgniter.php(441): CodeIgniter\CodeIgniter->tryToRouteIt()
 4 SYSTEMPATH/CodeIgniter.php(340): CodeIgniter\CodeIgniter->handleRequest()
 5 SYSTEMPATH/Boot.php(417): CodeIgniter\CodeIgniter->run()
 6 SYSTEMPATH/Boot.php(68): CodeIgniter\Boot::runCodeIgniter()
 7 FCPATH/index.php(31): CodeIgniter\Boot::bootWeb()
CRITICAL - 2026-05-29 06:26:06 --> CodeIgniter\HTTP\Exceptions\BadRequestException: The URI you submitted has disallowed characters: "वीरगञ्जमा-गुठीको-जग्गामा-पोखरी-खनेपछि-विवाद.jpg"
[Method: GET, Route: storage/2023/03/%E0%A4%B5%E0%A5%80%E0%A4%B0%E0%A4%97%E0%A4%9E%E0%A5%8D%E0%A4%9C%E0%A4%AE%E0%A4%BE-%E0%A4%97%E0%A5%81%E0%A4%A0%E0%A5%80%E0%A4%95%E0%A5%8B-%E0%A4%9C%E0%A4%97%E0%A5%8D%E0%A4%97%E0%A4%BE%E0%A4%AE%E0%A4%BE-%E0%A4%AA%E0%A5%8B%E0%A4%96%E0%A4%B0%E0%A5%80-%E0%A4%96%E0%A4%A8%E0%A5%87%E0%A4%AA%E0%A4%9B%E0%A4%BF-%E0%A4%B5%E0%A4%BF%E0%A4%B5%E0%A4%BE%E0%A4%A6.jpg]
in SYSTEMPATH/Router/Router.php on line 768.
 1 SYSTEMPATH/Router/Router.php(219): CodeIgniter\Router\Router->checkDisallowedChars()
 2 SYSTEMPATH/CodeIgniter.php(829): CodeIgniter\Router\Router->handle()
 3 SYSTEMPATH/CodeIgniter.php(441): CodeIgniter\CodeIgniter->tryToRouteIt()
 4 SYSTEMPATH/CodeIgniter.php(340): CodeIgniter\CodeIgniter->handleRequest()
 5 SYSTEMPATH/Boot.php(417): CodeIgniter\CodeIgniter->run()
 6 SYSTEMPATH/Boot.php(68): CodeIgniter\Boot::runCodeIgniter()
 7 FCPATH/index.php(31): CodeIgniter\Boot::bootWeb()
CRITICAL - 2026-05-29 07:31:17 --> CodeIgniter\HTTP\Exceptions\BadRequestException: The URI you submitted has disallowed characters: "विशेष"
[Method: GET, Route: category/%E0%A4%B5%E0%A4%BF%E0%A4%B6%E0%A5%87%E0%A4%B7/]
in SYSTEMPATH/Router/Router.php on line 768.
 1 SYSTEMPATH/Router/Router.php(219): CodeIgniter\Router\Router->checkDisallowedChars()
 2 SYSTEMPATH/CodeIgniter.php(829): CodeIgniter\Router\Router->handle()
 3 SYSTEMPATH/CodeIgniter.php(441): CodeIgniter\CodeIgniter->tryToRouteIt()
 4 SYSTEMPATH/CodeIgniter.php(340): CodeIgniter\CodeIgniter->handleRequest()
 5 SYSTEMPATH/Boot.php(417): CodeIgniter\CodeIgniter->run()
 6 SYSTEMPATH/Boot.php(68): CodeIgniter\Boot::runCodeIgniter()
 7 FCPATH/index.php(31): CodeIgniter\Boot::bootWeb()
CRITICAL - 2026-05-29 07:57:14 --> CodeIgniter\HTTP\Exceptions\BadRequestException: The URI you submitted has disallowed characters: "प्रदेश-४"
[Method: GET, Route: category/%E0%A4%AA%E0%A5%8D%E0%A4%B0%E0%A4%A6%E0%A5%87%E0%A4%B6-%E0%A5%AA/]
in SYSTEMPATH/Router/Router.php on line 768.
 1 SYSTEMPATH/Router/Router.php(219): CodeIgniter\Router\Router->checkDisallowedChars()
 2 SYSTEMPATH/CodeIgniter.php(829): CodeIgniter\Router\Router->handle()
 3 SYSTEMPATH/CodeIgniter.php(441): CodeIgniter\CodeIgniter->tryToRouteIt()
 4 SYSTEMPATH/CodeIgniter.php(340): CodeIgniter\CodeIgniter->handleRequest()
 5 SYSTEMPATH/Boot.php(417): CodeIgniter\CodeIgniter->run()
 6 SYSTEMPATH/Boot.php(68): CodeIgniter\Boot::runCodeIgniter()
 7 FCPATH/index.php(31): CodeIgniter\Boot::bootWeb()
CRITICAL - 2026-05-29 08:46:18 --> CodeIgniter\HTTP\Exceptions\BadRequestException: The URI you submitted has disallowed characters: "इपेपर"
[Method: GET, Route: category/%E0%A4%87%E0%A4%AA%E0%A5%87%E0%A4%AA%E0%A4%B0/page/2/]
in SYSTEMPATH/Router/Router.php on line 768.
 1 SYSTEMPATH/Router/Router.php(219): CodeIgniter\Router\Router->checkDisallowedChars()
 2 SYSTEMPATH/CodeIgniter.php(829): CodeIgniter\Router\Router->handle()
 3 SYSTEMPATH/CodeIgniter.php(441): CodeIgniter\CodeIgniter->tryToRouteIt()
 4 SYSTEMPATH/CodeIgniter.php(340): CodeIgniter\CodeIgniter->handleRequest()
 5 SYSTEMPATH/Boot.php(417): CodeIgniter\CodeIgniter->run()
 6 SYSTEMPATH/Boot.php(68): CodeIgniter\Boot::runCodeIgniter()
 7 FCPATH/index.php(31): CodeIgniter\Boot::bootWeb()
CRITICAL - 2026-05-29 09:01:23 --> CodeIgniter\HTTP\Exceptions\BadRequestException: The URI you submitted has disallowed characters: "विशेष"
[Method: GET, Route: category/%E0%A4%B5%E0%A4%BF%E0%A4%B6%E0%A5%87%E0%A4%B7/]
in SYSTEMPATH/Router/Router.php on line 768.
 1 SYSTEMPATH/Router/Router.php(219): CodeIgniter\Router\Router->checkDisallowedChars()
 2 SYSTEMPATH/CodeIgniter.php(829): CodeIgniter\Router\Router->handle()
 3 SYSTEMPATH/CodeIgniter.php(441): CodeIgniter\CodeIgniter->tryToRouteIt()
 4 SYSTEMPATH/CodeIgniter.php(340): CodeIgniter\CodeIgniter->handleRequest()
 5 SYSTEMPATH/Boot.php(417): CodeIgniter\CodeIgniter->run()
 6 SYSTEMPATH/Boot.php(68): CodeIgniter\Boot::runCodeIgniter()
 7 FCPATH/index.php(31): CodeIgniter\Boot::bootWeb()
CRITICAL - 2026-05-29 09:07:16 --> CodeIgniter\HTTP\Exceptions\BadRequestException: The URI you submitted has disallowed characters: "महानगरको-कार्यशैलीप्रति-प्रश्न-उठ्न-थालेपछि-असंयमित-बन्दै-मेयर-बालेन-साह.jpg"
[Method: GET, Route: wp-content/uploads/2023/01/%E0%A4%AE%E0%A4%B9%E0%A4%BE%E0%A4%A8%E0%A4%97%E0%A4%B0%E0%A4%95%E0%A5%8B-%E0%A4%95%E0%A4%BE%E0%A4%B0%E0%A5%8D%E0%A4%AF%E0%A4%B6%E0%A5%88%E0%A4%B2%E0%A5%80%E0%A4%AA%E0%A5%8D%E0%A4%B0%E0%A4%A4%E0%A4%BF-%E0%A4%AA%E0%A5%8D%E0%A4%B0%E0%A4%B6%E0%A5%8D%E0%A4%A8-%E0%A4%89%E0%A4%A0%E0%A5%8D%E0%A4%A8-%E0%A4%A5%E0%A4%BE%E0%A4%B2%E0%A5%87%E0%A4%AA%E0%A4%9B%E0%A4%BF-%E0%A4%85%E0%A4%B8%E0%A4%82%E0%A4%AF%E0%A4%AE%E0%A4%BF%E0%A4%A4-%E0%A4%AC%E0%A4%A8%E0%A5%8D%E0%A4%A6%E0%A5%88-%E0%A4%AE%E0%A5%87%E0%A4%AF%E0%A4%B0-%E0%A4%AC%E0%A4%BE%E0%A4%B2%E0%A5%87%E0%A4%A8-%E0%A4%B8%E0%A4%BE%E0%A4%B9.jpg]
in SYSTEMPATH/Router/Router.php on line 768.
 1 SYSTEMPATH/Router/Router.php(219): CodeIgniter\Router\Router->checkDisallowedChars()
 2 SYSTEMPATH/CodeIgniter.php(829): CodeIgniter\Router\Router->handle()
 3 SYSTEMPATH/CodeIgniter.php(441): CodeIgniter\CodeIgniter->tryToRouteIt()
 4 SYSTEMPATH/CodeIgniter.php(340): CodeIgniter\CodeIgniter->handleRequest()
 5 SYSTEMPATH/Boot.php(417): CodeIgniter\CodeIgniter->run()
 6 SYSTEMPATH/Boot.php(68): CodeIgniter\Boot::runCodeIgniter()
 7 FCPATH/index.php(31): CodeIgniter\Boot::bootWeb()
CRITICAL - 2026-05-29 09:40:11 --> CodeIgniter\HTTP\Exceptions\BadRequestException: The URI you submitted has disallowed characters: "इपेपर"
[Method: GET, Route: 2841/2021/11/%E0%A4%87%E0%A4%AA%E0%A5%87%E0%A4%AA%E0%A4%B0/]
in SYSTEMPATH/Router/Router.php on line 768.
 1 SYSTEMPATH/Router/Router.php(219): CodeIgniter\Router\Router->checkDisallowedChars()
 2 SYSTEMPATH/CodeIgniter.php(829): CodeIgniter\Router\Router->handle()
 3 SYSTEMPATH/CodeIgniter.php(441): CodeIgniter\CodeIgniter->tryToRouteIt()
 4 SYSTEMPATH/CodeIgniter.php(340): CodeIgniter\CodeIgniter->handleRequest()
 5 SYSTEMPATH/Boot.php(417): CodeIgniter\CodeIgniter->run()
 6 SYSTEMPATH/Boot.php(68): CodeIgniter\Boot::runCodeIgniter()
 7 FCPATH/index.php(31): CodeIgniter\Boot::bootWeb()
CRITICAL - 2026-05-29 09:40:11 --> CodeIgniter\HTTP\Exceptions\BadRequestException: The URI you submitted has disallowed characters: "इपेपर"
[Method: GET, Route: 2841/2021/11/%E0%A4%87%E0%A4%AA%E0%A5%87%E0%A4%AA%E0%A4%B0/]
in SYSTEMPATH/Router/Router.php on line 768.
 1 SYSTEMPATH/Router/Router.php(219): CodeIgniter\Router\Router->checkDisallowedChars()
 2 SYSTEMPATH/CodeIgniter.php(829): CodeIgniter\Router\Router->handle()
 3 SYSTEMPATH/CodeIgniter.php(441): CodeIgniter\CodeIgniter->tryToRouteIt()
 4 SYSTEMPATH/CodeIgniter.php(340): CodeIgniter\CodeIgniter->handleRequest()
 5 SYSTEMPATH/Boot.php(417): CodeIgniter\CodeIgniter->run()
 6 SYSTEMPATH/Boot.php(68): CodeIgniter\Boot::runCodeIgniter()
 7 FCPATH/index.php(31): CodeIgniter\Boot::bootWeb()
CRITICAL - 2026-05-29 10:09:03 --> CodeIgniter\HTTP\Exceptions\BadRequestException: The URI you submitted has disallowed characters: "असर"
[Method: GET, Route: tag/%E0%A4%85%E0%A4%B8%E0%A4%B0/feed/]
in SYSTEMPATH/Router/Router.php on line 768.
 1 SYSTEMPATH/Router/Router.php(219): CodeIgniter\Router\Router->checkDisallowedChars()
 2 SYSTEMPATH/CodeIgniter.php(829): CodeIgniter\Router\Router->handle()
 3 SYSTEMPATH/CodeIgniter.php(441): CodeIgniter\CodeIgniter->tryToRouteIt()
 4 SYSTEMPATH/CodeIgniter.php(340): CodeIgniter\CodeIgniter->handleRequest()
 5 SYSTEMPATH/Boot.php(417): CodeIgniter\CodeIgniter->run()
 6 SYSTEMPATH/Boot.php(68): CodeIgniter\Boot::runCodeIgniter()
 7 FCPATH/index.php(31): CodeIgniter\Boot::bootWeb()
CRITICAL - 2026-05-29 11:08:51 --> CodeIgniter\HTTP\Exceptions\BadRequestException: The URI you submitted has disallowed characters: "विशेष"
[Method: GET, Route: category/%E0%A4%B5%E0%A4%BF%E0%A4%B6%E0%A5%87%E0%A4%B7/]
in SYSTEMPATH/Router/Router.php on line 768.
 1 SYSTEMPATH/Router/Router.php(219): CodeIgniter\Router\Router->checkDisallowedChars()
 2 SYSTEMPATH/CodeIgniter.php(829): CodeIgniter\Router\Router->handle()
 3 SYSTEMPATH/CodeIgniter.php(441): CodeIgniter\CodeIgniter->tryToRouteIt()
 4 SYSTEMPATH/CodeIgniter.php(340): CodeIgniter\CodeIgniter->handleRequest()
 5 SYSTEMPATH/Boot.php(417): CodeIgniter\CodeIgniter->run()
 6 SYSTEMPATH/Boot.php(68): CodeIgniter\Boot::runCodeIgniter()
 7 FCPATH/index.php(31): CodeIgniter\Boot::bootWeb()
CRITICAL - 2026-05-29 11:11:26 --> CodeIgniter\HTTP\Exceptions\BadRequestException: The URI you submitted has disallowed characters: "संक्रमितको"
[Method: GET, Route: tag/%E0%A4%B8%E0%A4%82%E0%A4%95%E0%A5%8D%E0%A4%B0%E0%A4%AE%E0%A4%BF%E0%A4%A4%E0%A4%95%E0%A5%8B/]
in SYSTEMPATH/Router/Router.php on line 768.
 1 SYSTEMPATH/Router/Router.php(219): CodeIgniter\Router\Router->checkDisallowedChars()
 2 SYSTEMPATH/CodeIgniter.php(829): CodeIgniter\Router\Router->handle()
 3 SYSTEMPATH/CodeIgniter.php(441): CodeIgniter\CodeIgniter->tryToRouteIt()
 4 SYSTEMPATH/CodeIgniter.php(340): CodeIgniter\CodeIgniter->handleRequest()
 5 SYSTEMPATH/Boot.php(417): CodeIgniter\CodeIgniter->run()
 6 SYSTEMPATH/Boot.php(68): CodeIgniter\Boot::runCodeIgniter()
 7 FCPATH/index.php(31): CodeIgniter\Boot::bootWeb()
CRITICAL - 2026-05-29 11:14:09 --> CodeIgniter\HTTP\Exceptions\BadRequestException: The URI you submitted has disallowed characters: "महानगरबाट"
[Method: GET, Route: tag/%E0%A4%AE%E0%A4%B9%E0%A4%BE%E0%A4%A8%E0%A4%97%E0%A4%B0%E0%A4%AC%E0%A4%BE%E0%A4%9F/]
in SYSTEMPATH/Router/Router.php on line 768.
 1 SYSTEMPATH/Router/Router.php(219): CodeIgniter\Router\Router->checkDisallowedChars()
 2 SYSTEMPATH/CodeIgniter.php(829): CodeIgniter\Router\Router->handle()
 3 SYSTEMPATH/CodeIgniter.php(441): CodeIgniter\CodeIgniter->tryToRouteIt()
 4 SYSTEMPATH/CodeIgniter.php(340): CodeIgniter\CodeIgniter->handleRequest()
 5 SYSTEMPATH/Boot.php(417): CodeIgniter\CodeIgniter->run()
 6 SYSTEMPATH/Boot.php(68): CodeIgniter\Boot::runCodeIgniter()
 7 FCPATH/index.php(31): CodeIgniter\Boot::bootWeb()
CRITICAL - 2026-05-29 11:16:47 --> CodeIgniter\HTTP\Exceptions\BadRequestException: The URI you submitted has disallowed characters: "देशभर"
[Method: GET, Route: tag/%E0%A4%A6%E0%A5%87%E0%A4%B6%E0%A4%AD%E0%A4%B0/]
in SYSTEMPATH/Router/Router.php on line 768.
 1 SYSTEMPATH/Router/Router.php(219): CodeIgniter\Router\Router->checkDisallowedChars()
 2 SYSTEMPATH/CodeIgniter.php(829): CodeIgniter\Router\Router->handle()
 3 SYSTEMPATH/CodeIgniter.php(441): CodeIgniter\CodeIgniter->tryToRouteIt()
 4 SYSTEMPATH/CodeIgniter.php(340): CodeIgniter\CodeIgniter->handleRequest()
 5 SYSTEMPATH/Boot.php(417): CodeIgniter\CodeIgniter->run()
 6 SYSTEMPATH/Boot.php(68): CodeIgniter\Boot::runCodeIgniter()
 7 FCPATH/index.php(31): CodeIgniter\Boot::bootWeb()
CRITICAL - 2026-05-29 11:19:29 --> CodeIgniter\HTTP\Exceptions\BadRequestException: The URI you submitted has disallowed characters: "निर्माणका"
[Method: GET, Route: tag/%E0%A4%A8%E0%A4%BF%E0%A4%B0%E0%A5%8D%E0%A4%AE%E0%A4%BE%E0%A4%A3%E0%A4%95%E0%A4%BE/]
in SYSTEMPATH/Router/Router.php on line 768.
 1 SYSTEMPATH/Router/Router.php(219): CodeIgniter\Router\Router->checkDisallowedChars()
 2 SYSTEMPATH/CodeIgniter.php(829): CodeIgniter\Router\Router->handle()
 3 SYSTEMPATH/CodeIgniter.php(441): CodeIgniter\CodeIgniter->tryToRouteIt()
 4 SYSTEMPATH/CodeIgniter.php(340): CodeIgniter\CodeIgniter->handleRequest()
 5 SYSTEMPATH/Boot.php(417): CodeIgniter\CodeIgniter->run()
 6 SYSTEMPATH/Boot.php(68): CodeIgniter\Boot::runCodeIgniter()
 7 FCPATH/index.php(31): CodeIgniter\Boot::bootWeb()
CRITICAL - 2026-05-29 11:22:42 --> CodeIgniter\HTTP\Exceptions\BadRequestException: The URI you submitted has disallowed characters: "करोड"
[Method: GET, Route: tag/%E0%A4%95%E0%A4%B0%E0%A5%8B%E0%A4%A1/]
in SYSTEMPATH/Router/Router.php on line 768.
 1 SYSTEMPATH/Router/Router.php(219): CodeIgniter\Router\Router->checkDisallowedChars()
 2 SYSTEMPATH/CodeIgniter.php(829): CodeIgniter\Router\Router->handle()
 3 SYSTEMPATH/CodeIgniter.php(441): CodeIgniter\CodeIgniter->tryToRouteIt()
 4 SYSTEMPATH/CodeIgniter.php(340): CodeIgniter\CodeIgniter->handleRequest()
 5 SYSTEMPATH/Boot.php(417): CodeIgniter\CodeIgniter->run()
 6 SYSTEMPATH/Boot.php(68): CodeIgniter\Boot::runCodeIgniter()
 7 FCPATH/index.php(31): CodeIgniter\Boot::bootWeb()
CRITICAL - 2026-05-29 11:25:19 --> CodeIgniter\HTTP\Exceptions\BadRequestException: The URI you submitted has disallowed characters: "नबेच्नू"
[Method: GET, Route: tag/%E0%A4%A8%E0%A4%AC%E0%A5%87%E0%A4%9A%E0%A5%8D%E0%A4%A8%E0%A5%82/]
in SYSTEMPATH/Router/Router.php on line 768.
 1 SYSTEMPATH/Router/Router.php(219): CodeIgniter\Router\Router->checkDisallowedChars()
 2 SYSTEMPATH/CodeIgniter.php(829): CodeIgniter\Router\Router->handle()
 3 SYSTEMPATH/CodeIgniter.php(441): CodeIgniter\CodeIgniter->tryToRouteIt()
 4 SYSTEMPATH/CodeIgniter.php(340): CodeIgniter\CodeIgniter->handleRequest()
 5 SYSTEMPATH/Boot.php(417): CodeIgniter\CodeIgniter->run()
 6 SYSTEMPATH/Boot.php(68): CodeIgniter\Boot::runCodeIgniter()
 7 FCPATH/index.php(31): CodeIgniter\Boot::bootWeb()
CRITICAL - 2026-05-29 11:27:47 --> CodeIgniter\HTTP\Exceptions\BadRequestException: The URI you submitted has disallowed characters: "निर्वाचनका"
[Method: GET, Route: tag/%E0%A4%A8%E0%A4%BF%E0%A4%B0%E0%A5%8D%E0%A4%B5%E0%A4%BE%E0%A4%9A%E0%A4%A8%E0%A4%95%E0%A4%BE/]
in SYSTEMPATH/Router/Router.php on line 768.
 1 SYSTEMPATH/Router/Router.php(219): CodeIgniter\Router\Router->checkDisallowedChars()
 2 SYSTEMPATH/CodeIgniter.php(829): CodeIgniter\Router\Router->handle()
 3 SYSTEMPATH/CodeIgniter.php(441): CodeIgniter\CodeIgniter->tryToRouteIt()
 4 SYSTEMPATH/CodeIgniter.php(340): CodeIgniter\CodeIgniter->handleRequest()
 5 SYSTEMPATH/Boot.php(417): CodeIgniter\CodeIgniter->run()
 6 SYSTEMPATH/Boot.php(68): CodeIgniter\Boot::runCodeIgniter()
 7 FCPATH/index.php(31): CodeIgniter\Boot::bootWeb()
CRITICAL - 2026-05-29 11:30:10 --> CodeIgniter\HTTP\Exceptions\BadRequestException: The URI you submitted has disallowed characters: "संख्या"
[Method: GET, Route: tag/%E0%A4%B8%E0%A4%82%E0%A4%96%E0%A5%8D%E0%A4%AF%E0%A4%BE/]
in SYSTEMPATH/Router/Router.php on line 768.
 1 SYSTEMPATH/Router/Router.php(219): CodeIgniter\Router\Router->checkDisallowedChars()
 2 SYSTEMPATH/CodeIgniter.php(829): CodeIgniter\Router\Router->handle()
 3 SYSTEMPATH/CodeIgniter.php(441): CodeIgniter\CodeIgniter->tryToRouteIt()
 4 SYSTEMPATH/CodeIgniter.php(340): CodeIgniter\CodeIgniter->handleRequest()
 5 SYSTEMPATH/Boot.php(417): CodeIgniter\CodeIgniter->run()
 6 SYSTEMPATH/Boot.php(68): CodeIgniter\Boot::runCodeIgniter()
 7 FCPATH/index.php(31): CodeIgniter\Boot::bootWeb()
CRITICAL - 2026-05-29 11:32:20 --> CodeIgniter\HTTP\Exceptions\BadRequestException: The URI you submitted has disallowed characters: "२४"
[Method: GET, Route: tag/%E0%A5%A8%E0%A5%AA/]
in SYSTEMPATH/Router/Router.php on line 768.
 1 SYSTEMPATH/Router/Router.php(219): CodeIgniter\Router\Router->checkDisallowedChars()
 2 SYSTEMPATH/CodeIgniter.php(829): CodeIgniter\Router\Router->handle()
 3 SYSTEMPATH/CodeIgniter.php(441): CodeIgniter\CodeIgniter->tryToRouteIt()
 4 SYSTEMPATH/CodeIgniter.php(340): CodeIgniter\CodeIgniter->handleRequest()
 5 SYSTEMPATH/Boot.php(417): CodeIgniter\CodeIgniter->run()
 6 SYSTEMPATH/Boot.php(68): CodeIgniter\Boot::runCodeIgniter()
 7 FCPATH/index.php(31): CodeIgniter\Boot::bootWeb()
CRITICAL - 2026-05-29 11:34:31 --> CodeIgniter\HTTP\Exceptions\BadRequestException: The URI you submitted has disallowed characters: "भन्ने"
[Method: GET, Route: tag/%E0%A4%AD%E0%A4%A8%E0%A5%8D%E0%A4%A8%E0%A5%87/]
in SYSTEMPATH/Router/Router.php on line 768.
 1 SYSTEMPATH/Router/Router.php(219): CodeIgniter\Router\Router->checkDisallowedChars()
 2 SYSTEMPATH/CodeIgniter.php(829): CodeIgniter\Router\Router->handle()
 3 SYSTEMPATH/CodeIgniter.php(441): CodeIgniter\CodeIgniter->tryToRouteIt()
 4 SYSTEMPATH/CodeIgniter.php(340): CodeIgniter\CodeIgniter->handleRequest()
 5 SYSTEMPATH/Boot.php(417): CodeIgniter\CodeIgniter->run()
 6 SYSTEMPATH/Boot.php(68): CodeIgniter\Boot::runCodeIgniter()
 7 FCPATH/index.php(31): CodeIgniter\Boot::bootWeb()
CRITICAL - 2026-05-29 11:36:20 --> CodeIgniter\HTTP\Exceptions\BadRequestException: The URI you submitted has disallowed characters: "निर्देशन"
[Method: GET, Route: tag/%E0%A4%A8%E0%A4%BF%E0%A4%B0%E0%A5%8D%E0%A4%A6%E0%A5%87%E0%A4%B6%E0%A4%A8/]
in SYSTEMPATH/Router/Router.php on line 768.
 1 SYSTEMPATH/Router/Router.php(219): CodeIgniter\Router\Router->checkDisallowedChars()
 2 SYSTEMPATH/CodeIgniter.php(829): CodeIgniter\Router\Router->handle()
 3 SYSTEMPATH/CodeIgniter.php(441): CodeIgniter\CodeIgniter->tryToRouteIt()
 4 SYSTEMPATH/CodeIgniter.php(340): CodeIgniter\CodeIgniter->handleRequest()
 5 SYSTEMPATH/Boot.php(417): CodeIgniter\CodeIgniter->run()
 6 SYSTEMPATH/Boot.php(68): CodeIgniter\Boot::runCodeIgniter()
 7 FCPATH/index.php(31): CodeIgniter\Boot::bootWeb()
CRITICAL - 2026-05-29 11:38:00 --> CodeIgniter\HTTP\Exceptions\BadRequestException: The URI you submitted has disallowed characters: "डेटा"
[Method: GET, Route: tag/%E0%A4%A1%E0%A5%87%E0%A4%9F%E0%A4%BE/]
in SYSTEMPATH/Router/Router.php on line 768.
 1 SYSTEMPATH/Router/Router.php(219): CodeIgniter\Router\Router->checkDisallowedChars()
 2 SYSTEMPATH/CodeIgniter.php(829): CodeIgniter\Router\Router->handle()
 3 SYSTEMPATH/CodeIgniter.php(441): CodeIgniter\CodeIgniter->tryToRouteIt()
 4 SYSTEMPATH/CodeIgniter.php(340): CodeIgniter\CodeIgniter->handleRequest()
 5 SYSTEMPATH/Boot.php(417): CodeIgniter\CodeIgniter->run()
 6 SYSTEMPATH/Boot.php(68): CodeIgniter\Boot::runCodeIgniter()
 7 FCPATH/index.php(31): CodeIgniter\Boot::bootWeb()
CRITICAL - 2026-05-29 11:39:30 --> CodeIgniter\HTTP\Exceptions\BadRequestException: The URI you submitted has disallowed characters: "निःशुल्क"
[Method: GET, Route: tag/%E0%A4%A8%E0%A4%BF%E0%A4%83%E0%A4%B6%E0%A5%81%E0%A4%B2%E0%A5%8D%E0%A4%95/]
in SYSTEMPATH/Router/Router.php on line 768.
 1 SYSTEMPATH/Router/Router.php(219): CodeIgniter\Router\Router->checkDisallowedChars()
 2 SYSTEMPATH/CodeIgniter.php(829): CodeIgniter\Router\Router->handle()
 3 SYSTEMPATH/CodeIgniter.php(441): CodeIgniter\CodeIgniter->tryToRouteIt()
 4 SYSTEMPATH/CodeIgniter.php(340): CodeIgniter\CodeIgniter->handleRequest()
 5 SYSTEMPATH/Boot.php(417): CodeIgniter\CodeIgniter->run()
 6 SYSTEMPATH/Boot.php(68): CodeIgniter\Boot::runCodeIgniter()
 7 FCPATH/index.php(31): CodeIgniter\Boot::bootWeb()
CRITICAL - 2026-05-29 11:41:07 --> CodeIgniter\HTTP\Exceptions\BadRequestException: The URI you submitted has disallowed characters: "प्रतिकूल"
[Method: GET, Route: tag/%E0%A4%AA%E0%A5%8D%E0%A4%B0%E0%A4%A4%E0%A4%BF%E0%A4%95%E0%A5%82%E0%A4%B2/]
in SYSTEMPATH/Router/Router.php on line 768.
 1 SYSTEMPATH/Router/Router.php(219): CodeIgniter\Router\Router->checkDisallowedChars()
 2 SYSTEMPATH/CodeIgniter.php(829): CodeIgniter\Router\Router->handle()
 3 SYSTEMPATH/CodeIgniter.php(441): CodeIgniter\CodeIgniter->tryToRouteIt()
 4 SYSTEMPATH/CodeIgniter.php(340): CodeIgniter\CodeIgniter->handleRequest()
 5 SYSTEMPATH/Boot.php(417): CodeIgniter\CodeIgniter->run()
 6 SYSTEMPATH/Boot.php(68): CodeIgniter\Boot::runCodeIgniter()
 7 FCPATH/index.php(31): CodeIgniter\Boot::bootWeb()
CRITICAL - 2026-05-29 11:42:35 --> CodeIgniter\HTTP\Exceptions\BadRequestException: The URI you submitted has disallowed characters: "कोरोना"
[Method: GET, Route: tag/%E0%A4%95%E0%A5%8B%E0%A4%B0%E0%A5%8B%E0%A4%A8%E0%A4%BE/]
in SYSTEMPATH/Router/Router.php on line 768.
 1 SYSTEMPATH/Router/Router.php(219): CodeIgniter\Router\Router->checkDisallowedChars()
 2 SYSTEMPATH/CodeIgniter.php(829): CodeIgniter\Router\Router->handle()
 3 SYSTEMPATH/CodeIgniter.php(441): CodeIgniter\CodeIgniter->tryToRouteIt()
 4 SYSTEMPATH/CodeIgniter.php(340): CodeIgniter\CodeIgniter->handleRequest()
 5 SYSTEMPATH/Boot.php(417): CodeIgniter\CodeIgniter->run()
 6 SYSTEMPATH/Boot.php(68): CodeIgniter\Boot::runCodeIgniter()
 7 FCPATH/index.php(31): CodeIgniter\Boot::bootWeb()
CRITICAL - 2026-05-29 11:43:52 --> CodeIgniter\HTTP\Exceptions\BadRequestException: The URI you submitted has disallowed characters: "जोड"
[Method: GET, Route: tag/%E0%A4%9C%E0%A5%8B%E0%A4%A1/]
in SYSTEMPATH/Router/Router.php on line 768.
 1 SYSTEMPATH/Router/Router.php(219): CodeIgniter\Router\Router->checkDisallowedChars()
 2 SYSTEMPATH/CodeIgniter.php(829): CodeIgniter\Router\Router->handle()
 3 SYSTEMPATH/CodeIgniter.php(441): CodeIgniter\CodeIgniter->tryToRouteIt()
 4 SYSTEMPATH/CodeIgniter.php(340): CodeIgniter\CodeIgniter->handleRequest()
 5 SYSTEMPATH/Boot.php(417): CodeIgniter\CodeIgniter->run()
 6 SYSTEMPATH/Boot.php(68): CodeIgniter\Boot::runCodeIgniter()
 7 FCPATH/index.php(31): CodeIgniter\Boot::bootWeb()
CRITICAL - 2026-05-29 11:45:51 --> CodeIgniter\HTTP\Exceptions\BadRequestException: The URI you submitted has disallowed characters: "आर्थिक"
[Method: GET, Route: tag/%E0%A4%86%E0%A4%B0%E0%A5%8D%E0%A4%A5%E0%A4%BF%E0%A4%95/]
in SYSTEMPATH/Router/Router.php on line 768.
 1 SYSTEMPATH/Router/Router.php(219): CodeIgniter\Router\Router->checkDisallowedChars()
 2 SYSTEMPATH/CodeIgniter.php(829): CodeIgniter\Router\Router->handle()
 3 SYSTEMPATH/CodeIgniter.php(441): CodeIgniter\CodeIgniter->tryToRouteIt()
 4 SYSTEMPATH/CodeIgniter.php(340): CodeIgniter\CodeIgniter->handleRequest()
 5 SYSTEMPATH/Boot.php(417): CodeIgniter\CodeIgniter->run()
 6 SYSTEMPATH/Boot.php(68): CodeIgniter\Boot::runCodeIgniter()
 7 FCPATH/index.php(31): CodeIgniter\Boot::bootWeb()
CRITICAL - 2026-05-29 11:47:29 --> CodeIgniter\HTTP\Exceptions\BadRequestException: The URI you submitted has disallowed characters: "सहयोग"
[Method: GET, Route: tag/%E0%A4%B8%E0%A4%B9%E0%A4%AF%E0%A5%8B%E0%A4%97/]
in SYSTEMPATH/Router/Router.php on line 768.
 1 SYSTEMPATH/Router/Router.php(219): CodeIgniter\Router\Router->checkDisallowedChars()
 2 SYSTEMPATH/CodeIgniter.php(829): CodeIgniter\Router\Router->handle()
 3 SYSTEMPATH/CodeIgniter.php(441): CodeIgniter\CodeIgniter->tryToRouteIt()
 4 SYSTEMPATH/CodeIgniter.php(340): CodeIgniter\CodeIgniter->handleRequest()
 5 SYSTEMPATH/Boot.php(417): CodeIgniter\CodeIgniter->run()
 6 SYSTEMPATH/Boot.php(68): CodeIgniter\Boot::runCodeIgniter()
 7 FCPATH/index.php(31): CodeIgniter\Boot::bootWeb()
CRITICAL - 2026-05-29 11:47:31 --> CodeIgniter\HTTP\Exceptions\BadRequestException: The URI you submitted has disallowed characters: "इपेपर"
[Method: GET, Route: category/%E0%A4%87%E0%A4%AA%E0%A5%87%E0%A4%AA%E0%A4%B0/feed/]
in SYSTEMPATH/Router/Router.php on line 768.
 1 SYSTEMPATH/Router/Router.php(219): CodeIgniter\Router\Router->checkDisallowedChars()
 2 SYSTEMPATH/CodeIgniter.php(829): CodeIgniter\Router\Router->handle()
 3 SYSTEMPATH/CodeIgniter.php(441): CodeIgniter\CodeIgniter->tryToRouteIt()
 4 SYSTEMPATH/CodeIgniter.php(340): CodeIgniter\CodeIgniter->handleRequest()
 5 SYSTEMPATH/Boot.php(417): CodeIgniter\CodeIgniter->run()
 6 SYSTEMPATH/Boot.php(68): CodeIgniter\Boot::runCodeIgniter()
 7 FCPATH/index.php(31): CodeIgniter\Boot::bootWeb()
CRITICAL - 2026-05-29 11:47:34 --> CodeIgniter\HTTP\Exceptions\BadRequestException: The URI you submitted has disallowed characters: "पत्रपत्रिका"
[Method: GET, Route: category/%E0%A4%AA%E0%A4%A4%E0%A5%8D%E0%A4%B0%E0%A4%AA%E0%A4%A4%E0%A5%8D%E0%A4%B0%E0%A4%BF%E0%A4%95%E0%A4%BE/feed/]
in SYSTEMPATH/Router/Router.php on line 768.
 1 SYSTEMPATH/Router/Router.php(219): CodeIgniter\Router\Router->checkDisallowedChars()
 2 SYSTEMPATH/CodeIgniter.php(829): CodeIgniter\Router\Router->handle()
 3 SYSTEMPATH/CodeIgniter.php(441): CodeIgniter\CodeIgniter->tryToRouteIt()
 4 SYSTEMPATH/CodeIgniter.php(340): CodeIgniter\CodeIgniter->handleRequest()
 5 SYSTEMPATH/Boot.php(417): CodeIgniter\CodeIgniter->run()
 6 SYSTEMPATH/Boot.php(68): CodeIgniter\Boot::runCodeIgniter()
 7 FCPATH/index.php(31): CodeIgniter\Boot::bootWeb()
CRITICAL - 2026-05-29 11:48:20 --> CodeIgniter\HTTP\Exceptions\BadRequestException: The URI you submitted has disallowed characters: "प्रदेश-१"
[Method: GET, Route: category/%E0%A4%AA%E0%A5%8D%E0%A4%B0%E0%A4%A6%E0%A5%87%E0%A4%B6-%E0%A5%A7/feed/]
in SYSTEMPATH/Router/Router.php on line 768.
 1 SYSTEMPATH/Router/Router.php(219): CodeIgniter\Router\Router->checkDisallowedChars()
 2 SYSTEMPATH/CodeIgniter.php(829): CodeIgniter\Router\Router->handle()
 3 SYSTEMPATH/CodeIgniter.php(441): CodeIgniter\CodeIgniter->tryToRouteIt()
 4 SYSTEMPATH/CodeIgniter.php(340): CodeIgniter\CodeIgniter->handleRequest()
 5 SYSTEMPATH/Boot.php(417): CodeIgniter\CodeIgniter->run()
 6 SYSTEMPATH/Boot.php(68): CodeIgniter\Boot::runCodeIgniter()
 7 FCPATH/index.php(31): CodeIgniter\Boot::bootWeb()
CRITICAL - 2026-05-29 11:48:22 --> CodeIgniter\HTTP\Exceptions\BadRequestException: The URI you submitted has disallowed characters: "प्रदेश-२"
[Method: GET, Route: category/%E0%A4%AA%E0%A5%8D%E0%A4%B0%E0%A4%A6%E0%A5%87%E0%A4%B6-%E0%A5%A8/feed/]
in SYSTEMPATH/Router/Router.php on line 768.
 1 SYSTEMPATH/Router/Router.php(219): CodeIgniter\Router\Router->checkDisallowedChars()
 2 SYSTEMPATH/CodeIgniter.php(829): CodeIgniter\Router\Router->handle()
 3 SYSTEMPATH/CodeIgniter.php(441): CodeIgniter\CodeIgniter->tryToRouteIt()
 4 SYSTEMPATH/CodeIgniter.php(340): CodeIgniter\CodeIgniter->handleRequest()
 5 SYSTEMPATH/Boot.php(417): CodeIgniter\CodeIgniter->run()
 6 SYSTEMPATH/Boot.php(68): CodeIgniter\Boot::runCodeIgniter()
 7 FCPATH/index.php(31): CodeIgniter\Boot::bootWeb()
CRITICAL - 2026-05-29 11:48:24 --> CodeIgniter\HTTP\Exceptions\BadRequestException: The URI you submitted has disallowed characters: "प्रदेश-३"
[Method: GET, Route: category/%E0%A4%AA%E0%A5%8D%E0%A4%B0%E0%A4%A6%E0%A5%87%E0%A4%B6-%E0%A5%A9/feed/]
in SYSTEMPATH/Router/Router.php on line 768.
 1 SYSTEMPATH/Router/Router.php(219): CodeIgniter\Router\Router->checkDisallowedChars()
 2 SYSTEMPATH/CodeIgniter.php(829): CodeIgniter\Router\Router->handle()
 3 SYSTEMPATH/CodeIgniter.php(441): CodeIgniter\CodeIgniter->tryToRouteIt()
 4 SYSTEMPATH/CodeIgniter.php(340): CodeIgniter\CodeIgniter->handleRequest()
 5 SYSTEMPATH/Boot.php(417): CodeIgniter\CodeIgniter->run()
 6 SYSTEMPATH/Boot.php(68): CodeIgniter\Boot::runCodeIgniter()
 7 FCPATH/index.php(31): CodeIgniter\Boot::bootWeb()
CRITICAL - 2026-05-29 11:48:27 --> CodeIgniter\HTTP\Exceptions\BadRequestException: The URI you submitted has disallowed characters: "प्रदेश-४"
[Method: GET, Route: category/%E0%A4%AA%E0%A5%8D%E0%A4%B0%E0%A4%A6%E0%A5%87%E0%A4%B6-%E0%A5%AA/feed/]
in SYSTEMPATH/Router/Router.php on line 768.
 1 SYSTEMPATH/Router/Router.php(219): CodeIgniter\Router\Router->checkDisallowedChars()
 2 SYSTEMPATH/CodeIgniter.php(829): CodeIgniter\Router\Router->handle()
 3 SYSTEMPATH/CodeIgniter.php(441): CodeIgniter\CodeIgniter->tryToRouteIt()
 4 SYSTEMPATH/CodeIgniter.php(340): CodeIgniter\CodeIgniter->handleRequest()
 5 SYSTEMPATH/Boot.php(417): CodeIgniter\CodeIgniter->run()
 6 SYSTEMPATH/Boot.php(68): CodeIgniter\Boot::runCodeIgniter()
 7 FCPATH/index.php(31): CodeIgniter\Boot::bootWeb()
CRITICAL - 2026-05-29 11:48:29 --> CodeIgniter\HTTP\Exceptions\BadRequestException: The URI you submitted has disallowed characters: "प्रदेश-५"
[Method: GET, Route: category/%E0%A4%AA%E0%A5%8D%E0%A4%B0%E0%A4%A6%E0%A5%87%E0%A4%B6-%E0%A5%AB/feed/]
in SYSTEMPATH/Router/Router.php on line 768.
 1 SYSTEMPATH/Router/Router.php(219): CodeIgniter\Router\Router->checkDisallowedChars()
 2 SYSTEMPATH/CodeIgniter.php(829): CodeIgniter\Router\Router->handle()
 3 SYSTEMPATH/CodeIgniter.php(441): CodeIgniter\CodeIgniter->tryToRouteIt()
 4 SYSTEMPATH/CodeIgniter.php(340): CodeIgniter\CodeIgniter->handleRequest()
 5 SYSTEMPATH/Boot.php(417): CodeIgniter\CodeIgniter->run()
 6 SYSTEMPATH/Boot.php(68): CodeIgniter\Boot::runCodeIgniter()
 7 FCPATH/index.php(31): CodeIgniter\Boot::bootWeb()
CRITICAL - 2026-05-29 11:48:32 --> CodeIgniter\HTTP\Exceptions\BadRequestException: The URI you submitted has disallowed characters: "प्रदेश-६"
[Method: GET, Route: category/%E0%A4%AA%E0%A5%8D%E0%A4%B0%E0%A4%A6%E0%A5%87%E0%A4%B6-%E0%A5%AC/feed/]
in SYSTEMPATH/Router/Router.php on line 768.
 1 SYSTEMPATH/Router/Router.php(219): CodeIgniter\Router\Router->checkDisallowedChars()
 2 SYSTEMPATH/CodeIgniter.php(829): CodeIgniter\Router\Router->handle()
 3 SYSTEMPATH/CodeIgniter.php(441): CodeIgniter\CodeIgniter->tryToRouteIt()
 4 SYSTEMPATH/CodeIgniter.php(340): CodeIgniter\CodeIgniter->handleRequest()
 5 SYSTEMPATH/Boot.php(417): CodeIgniter\CodeIgniter->run()
 6 SYSTEMPATH/Boot.php(68): CodeIgniter\Boot::runCodeIgniter()
 7 FCPATH/index.php(31): CodeIgniter\Boot::bootWeb()
CRITICAL - 2026-05-29 11:48:34 --> CodeIgniter\HTTP\Exceptions\BadRequestException: The URI you submitted has disallowed characters: "प्रदेश-७"
[Method: GET, Route: category/%E0%A4%AA%E0%A5%8D%E0%A4%B0%E0%A4%A6%E0%A5%87%E0%A4%B6-%E0%A5%AD/feed/]
in SYSTEMPATH/Router/Router.php on line 768.
 1 SYSTEMPATH/Router/Router.php(219): CodeIgniter\Router\Router->checkDisallowedChars()
 2 SYSTEMPATH/CodeIgniter.php(829): CodeIgniter\Router\Router->handle()
 3 SYSTEMPATH/CodeIgniter.php(441): CodeIgniter\CodeIgniter->tryToRouteIt()
 4 SYSTEMPATH/CodeIgniter.php(340): CodeIgniter\CodeIgniter->handleRequest()
 5 SYSTEMPATH/Boot.php(417): CodeIgniter\CodeIgniter->run()
 6 SYSTEMPATH/Boot.php(68): CodeIgniter\Boot::runCodeIgniter()
 7 FCPATH/index.php(31): CodeIgniter\Boot::bootWeb()
CRITICAL - 2026-05-29 11:48:36 --> CodeIgniter\HTTP\Exceptions\BadRequestException: The URI you submitted has disallowed characters: "प्रमुख-समाचार"
[Method: GET, Route: category/%E0%A4%AA%E0%A5%8D%E0%A4%B0%E0%A4%AE%E0%A5%81%E0%A4%96-%E0%A4%B8%E0%A4%AE%E0%A4%BE%E0%A4%9A%E0%A4%BE%E0%A4%B0/feed/]
in SYSTEMPATH/Router/Router.php on line 768.
 1 SYSTEMPATH/Router/Router.php(219): CodeIgniter\Router\Router->checkDisallowedChars()
 2 SYSTEMPATH/CodeIgniter.php(829): CodeIgniter\Router\Router->handle()
 3 SYSTEMPATH/CodeIgniter.php(441): CodeIgniter\CodeIgniter->tryToRouteIt()
 4 SYSTEMPATH/CodeIgniter.php(340): CodeIgniter\CodeIgniter->handleRequest()
 5 SYSTEMPATH/Boot.php(417): CodeIgniter\CodeIgniter->run()
 6 SYSTEMPATH/Boot.php(68): CodeIgniter\Boot::runCodeIgniter()
 7 FCPATH/index.php(31): CodeIgniter\Boot::bootWeb()
CRITICAL - 2026-05-29 11:48:38 --> CodeIgniter\HTTP\Exceptions\BadRequestException: The URI you submitted has disallowed characters: "मनोरञ्जन"
[Method: GET, Route: category/%E0%A4%AE%E0%A4%A8%E0%A5%8B%E0%A4%B0%E0%A4%9E%E0%A5%8D%E0%A4%9C%E0%A4%A8/feed/]
in SYSTEMPATH/Router/Router.php on line 768.
 1 SYSTEMPATH/Router/Router.php(219): CodeIgniter\Router\Router->checkDisallowedChars()
 2 SYSTEMPATH/CodeIgniter.php(829): CodeIgniter\Router\Router->handle()
 3 SYSTEMPATH/CodeIgniter.php(441): CodeIgniter\CodeIgniter->tryToRouteIt()
 4 SYSTEMPATH/CodeIgniter.php(340): CodeIgniter\CodeIgniter->handleRequest()
 5 SYSTEMPATH/Boot.php(417): CodeIgniter\CodeIgniter->run()
 6 SYSTEMPATH/Boot.php(68): CodeIgniter\Boot::runCodeIgniter()
 7 FCPATH/index.php(31): CodeIgniter\Boot::bootWeb()
CRITICAL - 2026-05-29 11:48:41 --> CodeIgniter\HTTP\Exceptions\BadRequestException: The URI you submitted has disallowed characters: "राजनीति"
[Method: GET, Route: category/%E0%A4%B0%E0%A4%BE%E0%A4%9C%E0%A4%A8%E0%A5%80%E0%A4%A4%E0%A4%BF/feed/]
in SYSTEMPATH/Router/Router.php on line 768.
 1 SYSTEMPATH/Router/Router.php(219): CodeIgniter\Router\Router->checkDisallowedChars()
 2 SYSTEMPATH/CodeIgniter.php(829): CodeIgniter\Router\Router->handle()
 3 SYSTEMPATH/CodeIgniter.php(441): CodeIgniter\CodeIgniter->tryToRouteIt()
 4 SYSTEMPATH/CodeIgniter.php(340): CodeIgniter\CodeIgniter->handleRequest()
 5 SYSTEMPATH/Boot.php(417): CodeIgniter\CodeIgniter->run()
 6 SYSTEMPATH/Boot.php(68): CodeIgniter\Boot::runCodeIgniter()
 7 FCPATH/index.php(31): CodeIgniter\Boot::bootWeb()
CRITICAL - 2026-05-29 11:48:43 --> CodeIgniter\HTTP\Exceptions\BadRequestException: The URI you submitted has disallowed characters: "इपेपर"
[Method: GET, Route: category/%E0%A4%87%E0%A4%AA%E0%A5%87%E0%A4%AA%E0%A4%B0/]
in SYSTEMPATH/Router/Router.php on line 768.
 1 SYSTEMPATH/Router/Router.php(219): CodeIgniter\Router\Router->checkDisallowedChars()
 2 SYSTEMPATH/CodeIgniter.php(829): CodeIgniter\Router\Router->handle()
 3 SYSTEMPATH/CodeIgniter.php(441): CodeIgniter\CodeIgniter->tryToRouteIt()
 4 SYSTEMPATH/CodeIgniter.php(340): CodeIgniter\CodeIgniter->handleRequest()
 5 SYSTEMPATH/Boot.php(417): CodeIgniter\CodeIgniter->run()
 6 SYSTEMPATH/Boot.php(68): CodeIgniter\Boot::runCodeIgniter()
 7 FCPATH/index.php(31): CodeIgniter\Boot::bootWeb()
CRITICAL - 2026-05-29 11:48:49 --> CodeIgniter\HTTP\Exceptions\BadRequestException: The URI you submitted has disallowed characters: "इपेपर"
[Method: GET, Route: category/%E0%A4%87%E0%A4%AA%E0%A5%87%E0%A4%AA%E0%A4%B0/page/2/]
in SYSTEMPATH/Router/Router.php on line 768.
 1 SYSTEMPATH/Router/Router.php(219): CodeIgniter\Router\Router->checkDisallowedChars()
 2 SYSTEMPATH/CodeIgniter.php(829): CodeIgniter\Router\Router->handle()
 3 SYSTEMPATH/CodeIgniter.php(441): CodeIgniter\CodeIgniter->tryToRouteIt()
 4 SYSTEMPATH/CodeIgniter.php(340): CodeIgniter\CodeIgniter->handleRequest()
 5 SYSTEMPATH/Boot.php(417): CodeIgniter\CodeIgniter->run()
 6 SYSTEMPATH/Boot.php(68): CodeIgniter\Boot::runCodeIgniter()
 7 FCPATH/index.php(31): CodeIgniter\Boot::bootWeb()
CRITICAL - 2026-05-29 11:48:56 --> CodeIgniter\HTTP\Exceptions\BadRequestException: The URI you submitted has disallowed characters: "इपेपर"
[Method: GET, Route: category/%E0%A4%87%E0%A4%AA%E0%A5%87%E0%A4%AA%E0%A4%B0/page/2/]
in SYSTEMPATH/Router/Router.php on line 768.
 1 SYSTEMPATH/Router/Router.php(219): CodeIgniter\Router\Router->checkDisallowedChars()
 2 SYSTEMPATH/CodeIgniter.php(829): CodeIgniter\Router\Router->handle()
 3 SYSTEMPATH/CodeIgniter.php(441): CodeIgniter\CodeIgniter->tryToRouteIt()
 4 SYSTEMPATH/CodeIgniter.php(340): CodeIgniter\CodeIgniter->handleRequest()
 5 SYSTEMPATH/Boot.php(417): CodeIgniter\CodeIgniter->run()
 6 SYSTEMPATH/Boot.php(68): CodeIgniter\Boot::runCodeIgniter()
 7 FCPATH/index.php(31): CodeIgniter\Boot::bootWeb()
CRITICAL - 2026-05-29 11:49:00 --> CodeIgniter\HTTP\Exceptions\BadRequestException: The URI you submitted has disallowed characters: "इपेपर"
[Method: GET, Route: category/%E0%A4%87%E0%A4%AA%E0%A5%87%E0%A4%AA%E0%A4%B0/page/3/]
in SYSTEMPATH/Router/Router.php on line 768.
 1 SYSTEMPATH/Router/Router.php(219): CodeIgniter\Router\Router->checkDisallowedChars()
 2 SYSTEMPATH/CodeIgniter.php(829): CodeIgniter\Router\Router->handle()
 3 SYSTEMPATH/CodeIgniter.php(441): CodeIgniter\CodeIgniter->tryToRouteIt()
 4 SYSTEMPATH/CodeIgniter.php(340): CodeIgniter\CodeIgniter->handleRequest()
 5 SYSTEMPATH/Boot.php(417): CodeIgniter\CodeIgniter->run()
 6 SYSTEMPATH/Boot.php(68): CodeIgniter\Boot::runCodeIgniter()
 7 FCPATH/index.php(31): CodeIgniter\Boot::bootWeb()
CRITICAL - 2026-05-29 11:49:03 --> CodeIgniter\HTTP\Exceptions\BadRequestException: The URI you submitted has disallowed characters: "इपेपर"
[Method: GET, Route: category/%E0%A4%87%E0%A4%AA%E0%A5%87%E0%A4%AA%E0%A4%B0/page/3/]
in SYSTEMPATH/Router/Router.php on line 768.
 1 SYSTEMPATH/Router/Router.php(219): CodeIgniter\Router\Router->checkDisallowedChars()
 2 SYSTEMPATH/CodeIgniter.php(829): CodeIgniter\Router\Router->handle()
 3 SYSTEMPATH/CodeIgniter.php(441): CodeIgniter\CodeIgniter->tryToRouteIt()
 4 SYSTEMPATH/CodeIgniter.php(340): CodeIgniter\CodeIgniter->handleRequest()
 5 SYSTEMPATH/Boot.php(417): CodeIgniter\CodeIgniter->run()
 6 SYSTEMPATH/Boot.php(68): CodeIgniter\Boot::runCodeIgniter()
 7 FCPATH/index.php(31): CodeIgniter\Boot::bootWeb()
CRITICAL - 2026-05-29 11:49:06 --> CodeIgniter\HTTP\Exceptions\BadRequestException: The URI you submitted has disallowed characters: "४"
[Method: GET, Route: tag/%E0%A5%AA/]
in SYSTEMPATH/Router/Router.php on line 768.
 1 SYSTEMPATH/Router/Router.php(219): CodeIgniter\Router\Router->checkDisallowedChars()
 2 SYSTEMPATH/CodeIgniter.php(829): CodeIgniter\Router\Router->handle()
 3 SYSTEMPATH/CodeIgniter.php(441): CodeIgniter\CodeIgniter->tryToRouteIt()
 4 SYSTEMPATH/CodeIgniter.php(340): CodeIgniter\CodeIgniter->handleRequest()
 5 SYSTEMPATH/Boot.php(417): CodeIgniter\CodeIgniter->run()
 6 SYSTEMPATH/Boot.php(68): CodeIgniter\Boot::runCodeIgniter()
 7 FCPATH/index.php(31): CodeIgniter\Boot::bootWeb()
CRITICAL - 2026-05-29 11:49:07 --> CodeIgniter\HTTP\Exceptions\BadRequestException: The URI you submitted has disallowed characters: "इपेपर"
[Method: GET, Route: category/%E0%A4%87%E0%A4%AA%E0%A5%87%E0%A4%AA%E0%A4%B0/page/4/]
in SYSTEMPATH/Router/Router.php on line 768.
 1 SYSTEMPATH/Router/Router.php(219): CodeIgniter\Router\Router->checkDisallowedChars()
 2 SYSTEMPATH/CodeIgniter.php(829): CodeIgniter\Router\Router->handle()
 3 SYSTEMPATH/CodeIgniter.php(441): CodeIgniter\CodeIgniter->tryToRouteIt()
 4 SYSTEMPATH/CodeIgniter.php(340): CodeIgniter\CodeIgniter->handleRequest()
 5 SYSTEMPATH/Boot.php(417): CodeIgniter\CodeIgniter->run()
 6 SYSTEMPATH/Boot.php(68): CodeIgniter\Boot::runCodeIgniter()
 7 FCPATH/index.php(31): CodeIgniter\Boot::bootWeb()
CRITICAL - 2026-05-29 11:49:10 --> CodeIgniter\HTTP\Exceptions\BadRequestException: The URI you submitted has disallowed characters: "इपेपर"
[Method: GET, Route: category/%E0%A4%87%E0%A4%AA%E0%A5%87%E0%A4%AA%E0%A4%B0/page/4/]
in SYSTEMPATH/Router/Router.php on line 768.
 1 SYSTEMPATH/Router/Router.php(219): CodeIgniter\Router\Router->checkDisallowedChars()
 2 SYSTEMPATH/CodeIgniter.php(829): CodeIgniter\Router\Router->handle()
 3 SYSTEMPATH/CodeIgniter.php(441): CodeIgniter\CodeIgniter->tryToRouteIt()
 4 SYSTEMPATH/CodeIgniter.php(340): CodeIgniter\CodeIgniter->handleRequest()
 5 SYSTEMPATH/Boot.php(417): CodeIgniter\CodeIgniter->run()
 6 SYSTEMPATH/Boot.php(68): CodeIgniter\Boot::runCodeIgniter()
 7 FCPATH/index.php(31): CodeIgniter\Boot::bootWeb()
CRITICAL - 2026-05-29 11:49:14 --> CodeIgniter\HTTP\Exceptions\BadRequestException: The URI you submitted has disallowed characters: "इपेपर"
[Method: GET, Route: category/%E0%A4%87%E0%A4%AA%E0%A5%87%E0%A4%AA%E0%A4%B0/page/5/]
in SYSTEMPATH/Router/Router.php on line 768.
 1 SYSTEMPATH/Router/Router.php(219): CodeIgniter\Router\Router->checkDisallowedChars()
 2 SYSTEMPATH/CodeIgniter.php(829): CodeIgniter\Router\Router->handle()
 3 SYSTEMPATH/CodeIgniter.php(441): CodeIgniter\CodeIgniter->tryToRouteIt()
 4 SYSTEMPATH/CodeIgniter.php(340): CodeIgniter\CodeIgniter->handleRequest()
 5 SYSTEMPATH/Boot.php(417): CodeIgniter\CodeIgniter->run()
 6 SYSTEMPATH/Boot.php(68): CodeIgniter\Boot::runCodeIgniter()
 7 FCPATH/index.php(31): CodeIgniter\Boot::bootWeb()
CRITICAL - 2026-05-29 11:49:16 --> CodeIgniter\HTTP\Exceptions\BadRequestException: The URI you submitted has disallowed characters: "इपेपर"
[Method: GET, Route: category/%E0%A4%87%E0%A4%AA%E0%A5%87%E0%A4%AA%E0%A4%B0/page/5/]
in SYSTEMPATH/Router/Router.php on line 768.
 1 SYSTEMPATH/Router/Router.php(219): CodeIgniter\Router\Router->checkDisallowedChars()
 2 SYSTEMPATH/CodeIgniter.php(829): CodeIgniter\Router\Router->handle()
 3 SYSTEMPATH/CodeIgniter.php(441): CodeIgniter\CodeIgniter->tryToRouteIt()
 4 SYSTEMPATH/CodeIgniter.php(340): CodeIgniter\CodeIgniter->handleRequest()
 5 SYSTEMPATH/Boot.php(417): CodeIgniter\CodeIgniter->run()
 6 SYSTEMPATH/Boot.php(68): CodeIgniter\Boot::runCodeIgniter()
 7 FCPATH/index.php(31): CodeIgniter\Boot::bootWeb()
CRITICAL - 2026-05-29 11:49:21 --> CodeIgniter\HTTP\Exceptions\BadRequestException: The URI you submitted has disallowed characters: "इपेपर"
[Method: GET, Route: category/%E0%A4%87%E0%A4%AA%E0%A5%87%E0%A4%AA%E0%A4%B0/page/6/]
in SYSTEMPATH/Router/Router.php on line 768.
 1 SYSTEMPATH/Router/Router.php(219): CodeIgniter\Router\Router->checkDisallowedChars()
 2 SYSTEMPATH/CodeIgniter.php(829): CodeIgniter\Router\Router->handle()
 3 SYSTEMPATH/CodeIgniter.php(441): CodeIgniter\CodeIgniter->tryToRouteIt()
 4 SYSTEMPATH/CodeIgniter.php(340): CodeIgniter\CodeIgniter->handleRequest()
 5 SYSTEMPATH/Boot.php(417): CodeIgniter\CodeIgniter->run()
 6 SYSTEMPATH/Boot.php(68): CodeIgniter\Boot::runCodeIgniter()
 7 FCPATH/index.php(31): CodeIgniter\Boot::bootWeb()
CRITICAL - 2026-05-29 11:49:23 --> CodeIgniter\HTTP\Exceptions\BadRequestException: The URI you submitted has disallowed characters: "इपेपर"
[Method: GET, Route: category/%E0%A4%87%E0%A4%AA%E0%A5%87%E0%A4%AA%E0%A4%B0/page/6/]
in SYSTEMPATH/Router/Router.php on line 768.
 1 SYSTEMPATH/Router/Router.php(219): CodeIgniter\Router\Router->checkDisallowedChars()
 2 SYSTEMPATH/CodeIgniter.php(829): CodeIgniter\Router\Router->handle()
 3 SYSTEMPATH/CodeIgniter.php(441): CodeIgniter\CodeIgniter->tryToRouteIt()
 4 SYSTEMPATH/CodeIgniter.php(340): CodeIgniter\CodeIgniter->handleRequest()
 5 SYSTEMPATH/Boot.php(417): CodeIgniter\CodeIgniter->run()
 6 SYSTEMPATH/Boot.php(68): CodeIgniter\Boot::runCodeIgniter()
 7 FCPATH/index.php(31): CodeIgniter\Boot::bootWeb()
CRITICAL - 2026-05-29 11:49:28 --> CodeIgniter\HTTP\Exceptions\BadRequestException: The URI you submitted has disallowed characters: "इपेपर"
[Method: GET, Route: category/%E0%A4%87%E0%A4%AA%E0%A5%87%E0%A4%AA%E0%A4%B0/page/7/]
in SYSTEMPATH/Router/Router.php on line 768.
 1 SYSTEMPATH/Router/Router.php(219): CodeIgniter\Router\Router->checkDisallowedChars()
 2 SYSTEMPATH/CodeIgniter.php(829): CodeIgniter\Router\Router->handle()
 3 SYSTEMPATH/CodeIgniter.php(441): CodeIgniter\CodeIgniter->tryToRouteIt()
 4 SYSTEMPATH/CodeIgniter.php(340): CodeIgniter\CodeIgniter->handleRequest()
 5 SYSTEMPATH/Boot.php(417): CodeIgniter\CodeIgniter->run()
 6 SYSTEMPATH/Boot.php(68): CodeIgniter\Boot::runCodeIgniter()
 7 FCPATH/index.php(31): CodeIgniter\Boot::bootWeb()
CRITICAL - 2026-05-29 11:49:30 --> CodeIgniter\HTTP\Exceptions\BadRequestException: The URI you submitted has disallowed characters: "इपेपर"
[Method: GET, Route: category/%E0%A4%87%E0%A4%AA%E0%A5%87%E0%A4%AA%E0%A4%B0/page/7/]
in SYSTEMPATH/Router/Router.php on line 768.
 1 SYSTEMPATH/Router/Router.php(219): CodeIgniter\Router\Router->checkDisallowedChars()
 2 SYSTEMPATH/CodeIgniter.php(829): CodeIgniter\Router\Router->handle()
 3 SYSTEMPATH/CodeIgniter.php(441): CodeIgniter\CodeIgniter->tryToRouteIt()
 4 SYSTEMPATH/CodeIgniter.php(340): CodeIgniter\CodeIgniter->handleRequest()
 5 SYSTEMPATH/Boot.php(417): CodeIgniter\CodeIgniter->run()
 6 SYSTEMPATH/Boot.php(68): CodeIgniter\Boot::runCodeIgniter()
 7 FCPATH/index.php(31): CodeIgniter\Boot::bootWeb()
CRITICAL - 2026-05-29 11:49:34 --> CodeIgniter\HTTP\Exceptions\BadRequestException: The URI you submitted has disallowed characters: "पत्रपत्रिका"
[Method: GET, Route: category/%E0%A4%AA%E0%A4%A4%E0%A5%8D%E0%A4%B0%E0%A4%AA%E0%A4%A4%E0%A5%8D%E0%A4%B0%E0%A4%BF%E0%A4%95%E0%A4%BE/]
in SYSTEMPATH/Router/Router.php on line 768.
 1 SYSTEMPATH/Router/Router.php(219): CodeIgniter\Router\Router->checkDisallowedChars()
 2 SYSTEMPATH/CodeIgniter.php(829): CodeIgniter\Router\Router->handle()
 3 SYSTEMPATH/CodeIgniter.php(441): CodeIgniter\CodeIgniter->tryToRouteIt()
 4 SYSTEMPATH/CodeIgniter.php(340): CodeIgniter\CodeIgniter->handleRequest()
 5 SYSTEMPATH/Boot.php(417): CodeIgniter\CodeIgniter->run()
 6 SYSTEMPATH/Boot.php(68): CodeIgniter\Boot::runCodeIgniter()
 7 FCPATH/index.php(31): CodeIgniter\Boot::bootWeb()
CRITICAL - 2026-05-29 11:49:37 --> CodeIgniter\HTTP\Exceptions\BadRequestException: The URI you submitted has disallowed characters: "पत्रपत्रिका"
[Method: GET, Route: category/%E0%A4%AA%E0%A4%A4%E0%A5%8D%E0%A4%B0%E0%A4%AA%E0%A4%A4%E0%A5%8D%E0%A4%B0%E0%A4%BF%E0%A4%95%E0%A4%BE/]
in SYSTEMPATH/Router/Router.php on line 768.
 1 SYSTEMPATH/Router/Router.php(219): CodeIgniter\Router\Router->checkDisallowedChars()
 2 SYSTEMPATH/CodeIgniter.php(829): CodeIgniter\Router\Router->handle()
 3 SYSTEMPATH/CodeIgniter.php(441): CodeIgniter\CodeIgniter->tryToRouteIt()
 4 SYSTEMPATH/CodeIgniter.php(340): CodeIgniter\CodeIgniter->handleRequest()
 5 SYSTEMPATH/Boot.php(417): CodeIgniter\CodeIgniter->run()
 6 SYSTEMPATH/Boot.php(68): CodeIgniter\Boot::runCodeIgniter()
 7 FCPATH/index.php(31): CodeIgniter\Boot::bootWeb()
CRITICAL - 2026-05-29 11:49:39 --> CodeIgniter\HTTP\Exceptions\BadRequestException: The URI you submitted has disallowed characters: "पत्रपत्रिका"
[Method: GET, Route: category/%E0%A4%AA%E0%A4%A4%E0%A5%8D%E0%A4%B0%E0%A4%AA%E0%A4%A4%E0%A5%8D%E0%A4%B0%E0%A4%BF%E0%A4%95%E0%A4%BE/page/2/]
in SYSTEMPATH/Router/Router.php on line 768.
 1 SYSTEMPATH/Router/Router.php(219): CodeIgniter\Router\Router->checkDisallowedChars()
 2 SYSTEMPATH/CodeIgniter.php(829): CodeIgniter\Router\Router->handle()
 3 SYSTEMPATH/CodeIgniter.php(441): CodeIgniter\CodeIgniter->tryToRouteIt()
 4 SYSTEMPATH/CodeIgniter.php(340): CodeIgniter\CodeIgniter->handleRequest()
 5 SYSTEMPATH/Boot.php(417): CodeIgniter\CodeIgniter->run()
 6 SYSTEMPATH/Boot.php(68): CodeIgniter\Boot::runCodeIgniter()
 7 FCPATH/index.php(31): CodeIgniter\Boot::bootWeb()
CRITICAL - 2026-05-29 11:49:42 --> CodeIgniter\HTTP\Exceptions\BadRequestException: The URI you submitted has disallowed characters: "पत्रपत्रिका"
[Method: GET, Route: category/%E0%A4%AA%E0%A4%A4%E0%A5%8D%E0%A4%B0%E0%A4%AA%E0%A4%A4%E0%A5%8D%E0%A4%B0%E0%A4%BF%E0%A4%95%E0%A4%BE/page/3/]
in SYSTEMPATH/Router/Router.php on line 768.
 1 SYSTEMPATH/Router/Router.php(219): CodeIgniter\Router\Router->checkDisallowedChars()
 2 SYSTEMPATH/CodeIgniter.php(829): CodeIgniter\Router\Router->handle()
 3 SYSTEMPATH/CodeIgniter.php(441): CodeIgniter\CodeIgniter->tryToRouteIt()
 4 SYSTEMPATH/CodeIgniter.php(340): CodeIgniter\CodeIgniter->handleRequest()
 5 SYSTEMPATH/Boot.php(417): CodeIgniter\CodeIgniter->run()
 6 SYSTEMPATH/Boot.php(68): CodeIgniter\Boot::runCodeIgniter()
 7 FCPATH/index.php(31): CodeIgniter\Boot::bootWeb()
CRITICAL - 2026-05-29 11:49:45 --> CodeIgniter\HTTP\Exceptions\BadRequestException: The URI you submitted has disallowed characters: "पत्रपत्रिका"
[Method: GET, Route: category/%E0%A4%AA%E0%A4%A4%E0%A5%8D%E0%A4%B0%E0%A4%AA%E0%A4%A4%E0%A5%8D%E0%A4%B0%E0%A4%BF%E0%A4%95%E0%A4%BE/page/4/]
in SYSTEMPATH/Router/Router.php on line 768.
 1 SYSTEMPATH/Router/Router.php(219): CodeIgniter\Router\Router->checkDisallowedChars()
 2 SYSTEMPATH/CodeIgniter.php(829): CodeIgniter\Router\Router->handle()
 3 SYSTEMPATH/CodeIgniter.php(441): CodeIgniter\CodeIgniter->tryToRouteIt()
 4 SYSTEMPATH/CodeIgniter.php(340): CodeIgniter\CodeIgniter->handleRequest()
 5 SYSTEMPATH/Boot.php(417): CodeIgniter\CodeIgniter->run()
 6 SYSTEMPATH/Boot.php(68): CodeIgniter\Boot::runCodeIgniter()
 7 FCPATH/index.php(31): CodeIgniter\Boot::bootWeb()
CRITICAL - 2026-05-29 11:49:47 --> CodeIgniter\HTTP\Exceptions\BadRequestException: The URI you submitted has disallowed characters: "पत्रपत्रिका"
[Method: GET, Route: category/%E0%A4%AA%E0%A4%A4%E0%A5%8D%E0%A4%B0%E0%A4%AA%E0%A4%A4%E0%A5%8D%E0%A4%B0%E0%A4%BF%E0%A4%95%E0%A4%BE/page/5/]
in SYSTEMPATH/Router/Router.php on line 768.
 1 SYSTEMPATH/Router/Router.php(219): CodeIgniter\Router\Router->checkDisallowedChars()
 2 SYSTEMPATH/CodeIgniter.php(829): CodeIgniter\Router\Router->handle()
 3 SYSTEMPATH/CodeIgniter.php(441): CodeIgniter\CodeIgniter->tryToRouteIt()
 4 SYSTEMPATH/CodeIgniter.php(340): CodeIgniter\CodeIgniter->handleRequest()
 5 SYSTEMPATH/Boot.php(417): CodeIgniter\CodeIgniter->run()
 6 SYSTEMPATH/Boot.php(68): CodeIgniter\Boot::runCodeIgniter()
 7 FCPATH/index.php(31): CodeIgniter\Boot::bootWeb()
CRITICAL - 2026-05-29 11:49:50 --> CodeIgniter\HTTP\Exceptions\BadRequestException: The URI you submitted has disallowed characters: "पत्रपत्रिका"
[Method: GET, Route: category/%E0%A4%AA%E0%A4%A4%E0%A5%8D%E0%A4%B0%E0%A4%AA%E0%A4%A4%E0%A5%8D%E0%A4%B0%E0%A4%BF%E0%A4%95%E0%A4%BE/page/6/]
in SYSTEMPATH/Router/Router.php on line 768.
 1 SYSTEMPATH/Router/Router.php(219): CodeIgniter\Router\Router->checkDisallowedChars()
 2 SYSTEMPATH/CodeIgniter.php(829): CodeIgniter\Router\Router->handle()
 3 SYSTEMPATH/CodeIgniter.php(441): CodeIgniter\CodeIgniter->tryToRouteIt()
 4 SYSTEMPATH/CodeIgniter.php(340): CodeIgniter\CodeIgniter->handleRequest()
 5 SYSTEMPATH/Boot.php(417): CodeIgniter\CodeIgniter->run()
 6 SYSTEMPATH/Boot.php(68): CodeIgniter\Boot::runCodeIgniter()
 7 FCPATH/index.php(31): CodeIgniter\Boot::bootWeb()
CRITICAL - 2026-05-29 11:49:52 --> CodeIgniter\HTTP\Exceptions\BadRequestException: The URI you submitted has disallowed characters: "पत्रपत्रिका"
[Method: GET, Route: category/%E0%A4%AA%E0%A4%A4%E0%A5%8D%E0%A4%B0%E0%A4%AA%E0%A4%A4%E0%A5%8D%E0%A4%B0%E0%A4%BF%E0%A4%95%E0%A4%BE/page/7/]
in SYSTEMPATH/Router/Router.php on line 768.
 1 SYSTEMPATH/Router/Router.php(219): CodeIgniter\Router\Router->checkDisallowedChars()
 2 SYSTEMPATH/CodeIgniter.php(829): CodeIgniter\Router\Router->handle()
 3 SYSTEMPATH/CodeIgniter.php(441): CodeIgniter\CodeIgniter->tryToRouteIt()
 4 SYSTEMPATH/CodeIgniter.php(340): CodeIgniter\CodeIgniter->handleRequest()
 5 SYSTEMPATH/Boot.php(417): CodeIgniter\CodeIgniter->run()
 6 SYSTEMPATH/Boot.php(68): CodeIgniter\Boot::runCodeIgniter()
 7 FCPATH/index.php(31): CodeIgniter\Boot::bootWeb()
CRITICAL - 2026-05-29 11:49:57 --> CodeIgniter\HTTP\Exceptions\BadRequestException: The URI you submitted has disallowed characters: "पत्रपत्रिका"
[Method: GET, Route: category/%E0%A4%AA%E0%A4%A4%E0%A5%8D%E0%A4%B0%E0%A4%AA%E0%A4%A4%E0%A5%8D%E0%A4%B0%E0%A4%BF%E0%A4%95%E0%A4%BE/page/8/]
in SYSTEMPATH/Router/Router.php on line 768.
 1 SYSTEMPATH/Router/Router.php(219): CodeIgniter\Router\Router->checkDisallowedChars()
 2 SYSTEMPATH/CodeIgniter.php(829): CodeIgniter\Router\Router->handle()
 3 SYSTEMPATH/CodeIgniter.php(441): CodeIgniter\CodeIgniter->tryToRouteIt()
 4 SYSTEMPATH/CodeIgniter.php(340): CodeIgniter\CodeIgniter->handleRequest()
 5 SYSTEMPATH/Boot.php(417): CodeIgniter\CodeIgniter->run()
 6 SYSTEMPATH/Boot.php(68): CodeIgniter\Boot::runCodeIgniter()
 7 FCPATH/index.php(31): CodeIgniter\Boot::bootWeb()
CRITICAL - 2026-05-29 11:50:05 --> CodeIgniter\HTTP\Exceptions\BadRequestException: The URI you submitted has disallowed characters: "पत्रपत्रिका"
[Method: GET, Route: category/%E0%A4%AA%E0%A4%A4%E0%A5%8D%E0%A4%B0%E0%A4%AA%E0%A4%A4%E0%A5%8D%E0%A4%B0%E0%A4%BF%E0%A4%95%E0%A4%BE/page/8/]
in SYSTEMPATH/Router/Router.php on line 768.
 1 SYSTEMPATH/Router/Router.php(219): CodeIgniter\Router\Router->checkDisallowedChars()
 2 SYSTEMPATH/CodeIgniter.php(829): CodeIgniter\Router\Router->handle()
 3 SYSTEMPATH/CodeIgniter.php(441): CodeIgniter\CodeIgniter->tryToRouteIt()
 4 SYSTEMPATH/CodeIgniter.php(340): CodeIgniter\CodeIgniter->handleRequest()
 5 SYSTEMPATH/Boot.php(417): CodeIgniter\CodeIgniter->run()
 6 SYSTEMPATH/Boot.php(68): CodeIgniter\Boot::runCodeIgniter()
 7 FCPATH/index.php(31): CodeIgniter\Boot::bootWeb()
CRITICAL - 2026-05-29 11:50:09 --> CodeIgniter\HTTP\Exceptions\BadRequestException: The URI you submitted has disallowed characters: "पत्रपत्रिका"
[Method: GET, Route: category/%E0%A4%AA%E0%A4%A4%E0%A5%8D%E0%A4%B0%E0%A4%AA%E0%A4%A4%E0%A5%8D%E0%A4%B0%E0%A4%BF%E0%A4%95%E0%A4%BE/page/9/]
in SYSTEMPATH/Router/Router.php on line 768.
 1 SYSTEMPATH/Router/Router.php(219): CodeIgniter\Router\Router->checkDisallowedChars()
 2 SYSTEMPATH/CodeIgniter.php(829): CodeIgniter\Router\Router->handle()
 3 SYSTEMPATH/CodeIgniter.php(441): CodeIgniter\CodeIgniter->tryToRouteIt()
 4 SYSTEMPATH/CodeIgniter.php(340): CodeIgniter\CodeIgniter->handleRequest()
 5 SYSTEMPATH/Boot.php(417): CodeIgniter\CodeIgniter->run()
 6 SYSTEMPATH/Boot.php(68): CodeIgniter\Boot::runCodeIgniter()
 7 FCPATH/index.php(31): CodeIgniter\Boot::bootWeb()
CRITICAL - 2026-05-29 11:50:12 --> CodeIgniter\HTTP\Exceptions\BadRequestException: The URI you submitted has disallowed characters: "पत्रपत्रिका"
[Method: GET, Route: category/%E0%A4%AA%E0%A4%A4%E0%A5%8D%E0%A4%B0%E0%A4%AA%E0%A4%A4%E0%A5%8D%E0%A4%B0%E0%A4%BF%E0%A4%95%E0%A4%BE/page/9/]
in SYSTEMPATH/Router/Router.php on line 768.
 1 SYSTEMPATH/Router/Router.php(219): CodeIgniter\Router\Router->checkDisallowedChars()
 2 SYSTEMPATH/CodeIgniter.php(829): CodeIgniter\Router\Router->handle()
 3 SYSTEMPATH/CodeIgniter.php(441): CodeIgniter\CodeIgniter->tryToRouteIt()
 4 SYSTEMPATH/CodeIgniter.php(340): CodeIgniter\CodeIgniter->handleRequest()
 5 SYSTEMPATH/Boot.php(417): CodeIgniter\CodeIgniter->run()
 6 SYSTEMPATH/Boot.php(68): CodeIgniter\Boot::runCodeIgniter()
 7 FCPATH/index.php(31): CodeIgniter\Boot::bootWeb()
CRITICAL - 2026-05-29 11:50:14 --> CodeIgniter\HTTP\Exceptions\BadRequestException: The URI you submitted has disallowed characters: "प्रदेश-१"
[Method: GET, Route: category/%E0%A4%AA%E0%A5%8D%E0%A4%B0%E0%A4%A6%E0%A5%87%E0%A4%B6-%E0%A5%A7/]
in SYSTEMPATH/Router/Router.php on line 768.
 1 SYSTEMPATH/Router/Router.php(219): CodeIgniter\Router\Router->checkDisallowedChars()
 2 SYSTEMPATH/CodeIgniter.php(829): CodeIgniter\Router\Router->handle()
 3 SYSTEMPATH/CodeIgniter.php(441): CodeIgniter\CodeIgniter->tryToRouteIt()
 4 SYSTEMPATH/CodeIgniter.php(340): CodeIgniter\CodeIgniter->handleRequest()
 5 SYSTEMPATH/Boot.php(417): CodeIgniter\CodeIgniter->run()
 6 SYSTEMPATH/Boot.php(68): CodeIgniter\Boot::runCodeIgniter()
 7 FCPATH/index.php(31): CodeIgniter\Boot::bootWeb()
CRITICAL - 2026-05-29 11:50:19 --> CodeIgniter\HTTP\Exceptions\BadRequestException: The URI you submitted has disallowed characters: "प्रदेश-१"
[Method: GET, Route: category/%E0%A4%AA%E0%A5%8D%E0%A4%B0%E0%A4%A6%E0%A5%87%E0%A4%B6-%E0%A5%A7/page/2/]
in SYSTEMPATH/Router/Router.php on line 768.
 1 SYSTEMPATH/Router/Router.php(219): CodeIgniter\Router\Router->checkDisallowedChars()
 2 SYSTEMPATH/CodeIgniter.php(829): CodeIgniter\Router\Router->handle()
 3 SYSTEMPATH/CodeIgniter.php(441): CodeIgniter\CodeIgniter->tryToRouteIt()
 4 SYSTEMPATH/CodeIgniter.php(340): CodeIgniter\CodeIgniter->handleRequest()
 5 SYSTEMPATH/Boot.php(417): CodeIgniter\CodeIgniter->run()
 6 SYSTEMPATH/Boot.php(68): CodeIgniter\Boot::runCodeIgniter()
 7 FCPATH/index.php(31): CodeIgniter\Boot::bootWeb()
CRITICAL - 2026-05-29 11:50:21 --> CodeIgniter\HTTP\Exceptions\BadRequestException: The URI you submitted has disallowed characters: "प्रदेश-१"
[Method: GET, Route: category/%E0%A4%AA%E0%A5%8D%E0%A4%B0%E0%A4%A6%E0%A5%87%E0%A4%B6-%E0%A5%A7/page/2/]
in SYSTEMPATH/Router/Router.php on line 768.
 1 SYSTEMPATH/Router/Router.php(219): CodeIgniter\Router\Router->checkDisallowedChars()
 2 SYSTEMPATH/CodeIgniter.php(829): CodeIgniter\Router\Router->handle()
 3 SYSTEMPATH/CodeIgniter.php(441): CodeIgniter\CodeIgniter->tryToRouteIt()
 4 SYSTEMPATH/CodeIgniter.php(340): CodeIgniter\CodeIgniter->handleRequest()
 5 SYSTEMPATH/Boot.php(417): CodeIgniter\CodeIgniter->run()
 6 SYSTEMPATH/Boot.php(68): CodeIgniter\Boot::runCodeIgniter()
 7 FCPATH/index.php(31): CodeIgniter\Boot::bootWeb()
CRITICAL - 2026-05-29 11:50:24 --> CodeIgniter\HTTP\Exceptions\BadRequestException: The URI you submitted has disallowed characters: "प्रदेश-१"
[Method: GET, Route: category/%E0%A4%AA%E0%A5%8D%E0%A4%B0%E0%A4%A6%E0%A5%87%E0%A4%B6-%E0%A5%A7/page/3/]
in SYSTEMPATH/Router/Router.php on line 768.
 1 SYSTEMPATH/Router/Router.php(219): CodeIgniter\Router\Router->checkDisallowedChars()
 2 SYSTEMPATH/CodeIgniter.php(829): CodeIgniter\Router\Router->handle()
 3 SYSTEMPATH/CodeIgniter.php(441): CodeIgniter\CodeIgniter->tryToRouteIt()
 4 SYSTEMPATH/CodeIgniter.php(340): CodeIgniter\CodeIgniter->handleRequest()
 5 SYSTEMPATH/Boot.php(417): CodeIgniter\CodeIgniter->run()
 6 SYSTEMPATH/Boot.php(68): CodeIgniter\Boot::runCodeIgniter()
 7 FCPATH/index.php(31): CodeIgniter\Boot::bootWeb()
CRITICAL - 2026-05-29 11:50:26 --> CodeIgniter\HTTP\Exceptions\BadRequestException: The URI you submitted has disallowed characters: "प्रदेश-१"
[Method: GET, Route: category/%E0%A4%AA%E0%A5%8D%E0%A4%B0%E0%A4%A6%E0%A5%87%E0%A4%B6-%E0%A5%A7/page/4/]
in SYSTEMPATH/Router/Router.php on line 768.
 1 SYSTEMPATH/Router/Router.php(219): CodeIgniter\Router\Router->checkDisallowedChars()
 2 SYSTEMPATH/CodeIgniter.php(829): CodeIgniter\Router\Router->handle()
 3 SYSTEMPATH/CodeIgniter.php(441): CodeIgniter\CodeIgniter->tryToRouteIt()
 4 SYSTEMPATH/CodeIgniter.php(340): CodeIgniter\CodeIgniter->handleRequest()
 5 SYSTEMPATH/Boot.php(417): CodeIgniter\CodeIgniter->run()
 6 SYSTEMPATH/Boot.php(68): CodeIgniter\Boot::runCodeIgniter()
 7 FCPATH/index.php(31): CodeIgniter\Boot::bootWeb()
CRITICAL - 2026-05-29 11:50:31 --> CodeIgniter\HTTP\Exceptions\BadRequestException: The URI you submitted has disallowed characters: "प्रदेश-१"
[Method: GET, Route: category/%E0%A4%AA%E0%A5%8D%E0%A4%B0%E0%A4%A6%E0%A5%87%E0%A4%B6-%E0%A5%A7/page/5/]
in SYSTEMPATH/Router/Router.php on line 768.
 1 SYSTEMPATH/Router/Router.php(219): CodeIgniter\Router\Router->checkDisallowedChars()
 2 SYSTEMPATH/CodeIgniter.php(829): CodeIgniter\Router\Router->handle()
 3 SYSTEMPATH/CodeIgniter.php(441): CodeIgniter\CodeIgniter->tryToRouteIt()
 4 SYSTEMPATH/CodeIgniter.php(340): CodeIgniter\CodeIgniter->handleRequest()
 5 SYSTEMPATH/Boot.php(417): CodeIgniter\CodeIgniter->run()
 6 SYSTEMPATH/Boot.php(68): CodeIgniter\Boot::runCodeIgniter()
 7 FCPATH/index.php(31): CodeIgniter\Boot::bootWeb()
CRITICAL - 2026-05-29 11:50:33 --> CodeIgniter\HTTP\Exceptions\BadRequestException: The URI you submitted has disallowed characters: "प्रदेश-१"
[Method: GET, Route: category/%E0%A4%AA%E0%A5%8D%E0%A4%B0%E0%A4%A6%E0%A5%87%E0%A4%B6-%E0%A5%A7/page/5/]
in SYSTEMPATH/Router/Router.php on line 768.
 1 SYSTEMPATH/Router/Router.php(219): CodeIgniter\Router\Router->checkDisallowedChars()
 2 SYSTEMPATH/CodeIgniter.php(829): CodeIgniter\Router\Router->handle()
 3 SYSTEMPATH/CodeIgniter.php(441): CodeIgniter\CodeIgniter->tryToRouteIt()
 4 SYSTEMPATH/CodeIgniter.php(340): CodeIgniter\CodeIgniter->handleRequest()
 5 SYSTEMPATH/Boot.php(417): CodeIgniter\CodeIgniter->run()
 6 SYSTEMPATH/Boot.php(68): CodeIgniter\Boot::runCodeIgniter()
 7 FCPATH/index.php(31): CodeIgniter\Boot::bootWeb()
CRITICAL - 2026-05-29 11:50:35 --> CodeIgniter\HTTP\Exceptions\BadRequestException: The URI you submitted has disallowed characters: "प्रदेश-१"
[Method: GET, Route: category/%E0%A4%AA%E0%A5%8D%E0%A4%B0%E0%A4%A6%E0%A5%87%E0%A4%B6-%E0%A5%A7/page/6/]
in SYSTEMPATH/Router/Router.php on line 768.
 1 SYSTEMPATH/Router/Router.php(219): CodeIgniter\Router\Router->checkDisallowedChars()
 2 SYSTEMPATH/CodeIgniter.php(829): CodeIgniter\Router\Router->handle()
 3 SYSTEMPATH/CodeIgniter.php(441): CodeIgniter\CodeIgniter->tryToRouteIt()
 4 SYSTEMPATH/CodeIgniter.php(340): CodeIgniter\CodeIgniter->handleRequest()
 5 SYSTEMPATH/Boot.php(417): CodeIgniter\CodeIgniter->run()
 6 SYSTEMPATH/Boot.php(68): CodeIgniter\Boot::runCodeIgniter()
 7 FCPATH/index.php(31): CodeIgniter\Boot::bootWeb()
CRITICAL - 2026-05-29 11:50:38 --> CodeIgniter\HTTP\Exceptions\BadRequestException: The URI you submitted has disallowed characters: "प्रदेश-१"
[Method: GET, Route: category/%E0%A4%AA%E0%A5%8D%E0%A4%B0%E0%A4%A6%E0%A5%87%E0%A4%B6-%E0%A5%A7/page/7/]
in SYSTEMPATH/Router/Router.php on line 768.
 1 SYSTEMPATH/Router/Router.php(219): CodeIgniter\Router\Router->checkDisallowedChars()
 2 SYSTEMPATH/CodeIgniter.php(829): CodeIgniter\Router\Router->handle()
 3 SYSTEMPATH/CodeIgniter.php(441): CodeIgniter\CodeIgniter->tryToRouteIt()
 4 SYSTEMPATH/CodeIgniter.php(340): CodeIgniter\CodeIgniter->handleRequest()
 5 SYSTEMPATH/Boot.php(417): CodeIgniter\CodeIgniter->run()
 6 SYSTEMPATH/Boot.php(68): CodeIgniter\Boot::runCodeIgniter()
 7 FCPATH/index.php(31): CodeIgniter\Boot::bootWeb()
CRITICAL - 2026-05-29 11:50:42 --> CodeIgniter\HTTP\Exceptions\BadRequestException: The URI you submitted has disallowed characters: "प्रदेश-१"
[Method: GET, Route: category/%E0%A4%AA%E0%A5%8D%E0%A4%B0%E0%A4%A6%E0%A5%87%E0%A4%B6-%E0%A5%A7/page/8/]
in SYSTEMPATH/Router/Router.php on line 768.
 1 SYSTEMPATH/Router/Router.php(219): CodeIgniter\Router\Router->checkDisallowedChars()
 2 SYSTEMPATH/CodeIgniter.php(829): CodeIgniter\Router\Router->handle()
 3 SYSTEMPATH/CodeIgniter.php(441): CodeIgniter\CodeIgniter->tryToRouteIt()
 4 SYSTEMPATH/CodeIgniter.php(340): CodeIgniter\CodeIgniter->handleRequest()
 5 SYSTEMPATH/Boot.php(417): CodeIgniter\CodeIgniter->run()
 6 SYSTEMPATH/Boot.php(68): CodeIgniter\Boot::runCodeIgniter()
 7 FCPATH/index.php(31): CodeIgniter\Boot::bootWeb()
CRITICAL - 2026-05-29 11:50:45 --> CodeIgniter\HTTP\Exceptions\BadRequestException: The URI you submitted has disallowed characters: "प्रदेश-१"
[Method: GET, Route: category/%E0%A4%AA%E0%A5%8D%E0%A4%B0%E0%A4%A6%E0%A5%87%E0%A4%B6-%E0%A5%A7/page/8/]
in SYSTEMPATH/Router/Router.php on line 768.
 1 SYSTEMPATH/Router/Router.php(219): CodeIgniter\Router\Router->checkDisallowedChars()
 2 SYSTEMPATH/CodeIgniter.php(829): CodeIgniter\Router\Router->handle()
 3 SYSTEMPATH/CodeIgniter.php(441): CodeIgniter\CodeIgniter->tryToRouteIt()
 4 SYSTEMPATH/CodeIgniter.php(340): CodeIgniter\CodeIgniter->handleRequest()
 5 SYSTEMPATH/Boot.php(417): CodeIgniter\CodeIgniter->run()
 6 SYSTEMPATH/Boot.php(68): CodeIgniter\Boot::runCodeIgniter()
 7 FCPATH/index.php(31): CodeIgniter\Boot::bootWeb()
CRITICAL - 2026-05-29 11:50:49 --> CodeIgniter\HTTP\Exceptions\BadRequestException: The URI you submitted has disallowed characters: "प्रदेश-१"
[Method: GET, Route: category/%E0%A4%AA%E0%A5%8D%E0%A4%B0%E0%A4%A6%E0%A5%87%E0%A4%B6-%E0%A5%A7/page/9/]
in SYSTEMPATH/Router/Router.php on line 768.
 1 SYSTEMPATH/Router/Router.php(219): CodeIgniter\Router\Router->checkDisallowedChars()
 2 SYSTEMPATH/CodeIgniter.php(829): CodeIgniter\Router\Router->handle()
 3 SYSTEMPATH/CodeIgniter.php(441): CodeIgniter\CodeIgniter->tryToRouteIt()
 4 SYSTEMPATH/CodeIgniter.php(340): CodeIgniter\CodeIgniter->handleRequest()
 5 SYSTEMPATH/Boot.php(417): CodeIgniter\CodeIgniter->run()
 6 SYSTEMPATH/Boot.php(68): CodeIgniter\Boot::runCodeIgniter()
 7 FCPATH/index.php(31): CodeIgniter\Boot::bootWeb()
CRITICAL - 2026-05-29 11:50:52 --> CodeIgniter\HTTP\Exceptions\BadRequestException: The URI you submitted has disallowed characters: "प्रदेश-१"
[Method: GET, Route: category/%E0%A4%AA%E0%A5%8D%E0%A4%B0%E0%A4%A6%E0%A5%87%E0%A4%B6-%E0%A5%A7/page/9/]
in SYSTEMPATH/Router/Router.php on line 768.
 1 SYSTEMPATH/Router/Router.php(219): CodeIgniter\Router\Router->checkDisallowedChars()
 2 SYSTEMPATH/CodeIgniter.php(829): CodeIgniter\Router\Router->handle()
 3 SYSTEMPATH/CodeIgniter.php(441): CodeIgniter\CodeIgniter->tryToRouteIt()
 4 SYSTEMPATH/CodeIgniter.php(340): CodeIgniter\CodeIgniter->handleRequest()
 5 SYSTEMPATH/Boot.php(417): CodeIgniter\CodeIgniter->run()
 6 SYSTEMPATH/Boot.php(68): CodeIgniter\Boot::runCodeIgniter()
 7 FCPATH/index.php(31): CodeIgniter\Boot::bootWeb()
CRITICAL - 2026-05-29 11:50:56 --> CodeIgniter\HTTP\Exceptions\BadRequestException: The URI you submitted has disallowed characters: "प्रदेश-२"
[Method: GET, Route: category/%E0%A4%AA%E0%A5%8D%E0%A4%B0%E0%A4%A6%E0%A5%87%E0%A4%B6-%E0%A5%A8/]
in SYSTEMPATH/Router/Router.php on line 768.
 1 SYSTEMPATH/Router/Router.php(219): CodeIgniter\Router\Router->checkDisallowedChars()
 2 SYSTEMPATH/CodeIgniter.php(829): CodeIgniter\Router\Router->handle()
 3 SYSTEMPATH/CodeIgniter.php(441): CodeIgniter\CodeIgniter->tryToRouteIt()
 4 SYSTEMPATH/CodeIgniter.php(340): CodeIgniter\CodeIgniter->handleRequest()
 5 SYSTEMPATH/Boot.php(417): CodeIgniter\CodeIgniter->run()
 6 SYSTEMPATH/Boot.php(68): CodeIgniter\Boot::runCodeIgniter()
 7 FCPATH/index.php(31): CodeIgniter\Boot::bootWeb()
CRITICAL - 2026-05-29 11:50:59 --> CodeIgniter\HTTP\Exceptions\BadRequestException: The URI you submitted has disallowed characters: "प्रदेश-२"
[Method: GET, Route: category/%E0%A4%AA%E0%A5%8D%E0%A4%B0%E0%A4%A6%E0%A5%87%E0%A4%B6-%E0%A5%A8/]
in SYSTEMPATH/Router/Router.php on line 768.
 1 SYSTEMPATH/Router/Router.php(219): CodeIgniter\Router\Router->checkDisallowedChars()
 2 SYSTEMPATH/CodeIgniter.php(829): CodeIgniter\Router\Router->handle()
 3 SYSTEMPATH/CodeIgniter.php(441): CodeIgniter\CodeIgniter->tryToRouteIt()
 4 SYSTEMPATH/CodeIgniter.php(340): CodeIgniter\CodeIgniter->handleRequest()
 5 SYSTEMPATH/Boot.php(417): CodeIgniter\CodeIgniter->run()
 6 SYSTEMPATH/Boot.php(68): CodeIgniter\Boot::runCodeIgniter()
 7 FCPATH/index.php(31): CodeIgniter\Boot::bootWeb()
CRITICAL - 2026-05-29 11:51:03 --> CodeIgniter\HTTP\Exceptions\BadRequestException: The URI you submitted has disallowed characters: "प्रदेश-२"
[Method: GET, Route: category/%E0%A4%AA%E0%A5%8D%E0%A4%B0%E0%A4%A6%E0%A5%87%E0%A4%B6-%E0%A5%A8/page/10/]
in SYSTEMPATH/Router/Router.php on line 768.
 1 SYSTEMPATH/Router/Router.php(219): CodeIgniter\Router\Router->checkDisallowedChars()
 2 SYSTEMPATH/CodeIgniter.php(829): CodeIgniter\Router\Router->handle()
 3 SYSTEMPATH/CodeIgniter.php(441): CodeIgniter\CodeIgniter->tryToRouteIt()
 4 SYSTEMPATH/CodeIgniter.php(340): CodeIgniter\CodeIgniter->handleRequest()
 5 SYSTEMPATH/Boot.php(417): CodeIgniter\CodeIgniter->run()
 6 SYSTEMPATH/Boot.php(68): CodeIgniter\Boot::runCodeIgniter()
 7 FCPATH/index.php(31): CodeIgniter\Boot::bootWeb()
CRITICAL - 2026-05-29 11:51:05 --> CodeIgniter\HTTP\Exceptions\BadRequestException: The URI you submitted has disallowed characters: "प्रदेश-२"
[Method: GET, Route: category/%E0%A4%AA%E0%A5%8D%E0%A4%B0%E0%A4%A6%E0%A5%87%E0%A4%B6-%E0%A5%A8/page/10/]
in SYSTEMPATH/Router/Router.php on line 768.
 1 SYSTEMPATH/Router/Router.php(219): CodeIgniter\Router\Router->checkDisallowedChars()
 2 SYSTEMPATH/CodeIgniter.php(829): CodeIgniter\Router\Router->handle()
 3 SYSTEMPATH/CodeIgniter.php(441): CodeIgniter\CodeIgniter->tryToRouteIt()
 4 SYSTEMPATH/CodeIgniter.php(340): CodeIgniter\CodeIgniter->handleRequest()
 5 SYSTEMPATH/Boot.php(417): CodeIgniter\CodeIgniter->run()
 6 SYSTEMPATH/Boot.php(68): CodeIgniter\Boot::runCodeIgniter()
 7 FCPATH/index.php(31): CodeIgniter\Boot::bootWeb()
CRITICAL - 2026-05-29 11:51:10 --> CodeIgniter\HTTP\Exceptions\BadRequestException: The URI you submitted has disallowed characters: "प्रदेश-२"
[Method: GET, Route: category/%E0%A4%AA%E0%A5%8D%E0%A4%B0%E0%A4%A6%E0%A5%87%E0%A4%B6-%E0%A5%A8/page/11/]
in SYSTEMPATH/Router/Router.php on line 768.
 1 SYSTEMPATH/Router/Router.php(219): CodeIgniter\Router\Router->checkDisallowedChars()
 2 SYSTEMPATH/CodeIgniter.php(829): CodeIgniter\Router\Router->handle()
 3 SYSTEMPATH/CodeIgniter.php(441): CodeIgniter\CodeIgniter->tryToRouteIt()
 4 SYSTEMPATH/CodeIgniter.php(340): CodeIgniter\CodeIgniter->handleRequest()
 5 SYSTEMPATH/Boot.php(417): CodeIgniter\CodeIgniter->run()
 6 SYSTEMPATH/Boot.php(68): CodeIgniter\Boot::runCodeIgniter()
 7 FCPATH/index.php(31): CodeIgniter\Boot::bootWeb()
CRITICAL - 2026-05-29 11:51:12 --> CodeIgniter\HTTP\Exceptions\BadRequestException: The URI you submitted has disallowed characters: "प्रदेश-२"
[Method: GET, Route: category/%E0%A4%AA%E0%A5%8D%E0%A4%B0%E0%A4%A6%E0%A5%87%E0%A4%B6-%E0%A5%A8/page/11/]
in SYSTEMPATH/Router/Router.php on line 768.
 1 SYSTEMPATH/Router/Router.php(219): CodeIgniter\Router\Router->checkDisallowedChars()
 2 SYSTEMPATH/CodeIgniter.php(829): CodeIgniter\Router\Router->handle()
 3 SYSTEMPATH/CodeIgniter.php(441): CodeIgniter\CodeIgniter->tryToRouteIt()
 4 SYSTEMPATH/CodeIgniter.php(340): CodeIgniter\CodeIgniter->handleRequest()
 5 SYSTEMPATH/Boot.php(417): CodeIgniter\CodeIgniter->run()
 6 SYSTEMPATH/Boot.php(68): CodeIgniter\Boot::runCodeIgniter()
 7 FCPATH/index.php(31): CodeIgniter\Boot::bootWeb()
CRITICAL - 2026-05-29 11:51:16 --> CodeIgniter\HTTP\Exceptions\BadRequestException: The URI you submitted has disallowed characters: "प्रदेश-२"
[Method: GET, Route: category/%E0%A4%AA%E0%A5%8D%E0%A4%B0%E0%A4%A6%E0%A5%87%E0%A4%B6-%E0%A5%A8/page/12/]
in SYSTEMPATH/Router/Router.php on line 768.
 1 SYSTEMPATH/Router/Router.php(219): CodeIgniter\Router\Router->checkDisallowedChars()
 2 SYSTEMPATH/CodeIgniter.php(829): CodeIgniter\Router\Router->handle()
 3 SYSTEMPATH/CodeIgniter.php(441): CodeIgniter\CodeIgniter->tryToRouteIt()
 4 SYSTEMPATH/CodeIgniter.php(340): CodeIgniter\CodeIgniter->handleRequest()
 5 SYSTEMPATH/Boot.php(417): CodeIgniter\CodeIgniter->run()
 6 SYSTEMPATH/Boot.php(68): CodeIgniter\Boot::runCodeIgniter()
 7 FCPATH/index.php(31): CodeIgniter\Boot::bootWeb()
CRITICAL - 2026-05-29 11:51:19 --> CodeIgniter\HTTP\Exceptions\BadRequestException: The URI you submitted has disallowed characters: "प्रदेश-२"
[Method: GET, Route: category/%E0%A4%AA%E0%A5%8D%E0%A4%B0%E0%A4%A6%E0%A5%87%E0%A4%B6-%E0%A5%A8/page/12/]
in SYSTEMPATH/Router/Router.php on line 768.
 1 SYSTEMPATH/Router/Router.php(219): CodeIgniter\Router\Router->checkDisallowedChars()
 2 SYSTEMPATH/CodeIgniter.php(829): CodeIgniter\Router\Router->handle()
 3 SYSTEMPATH/CodeIgniter.php(441): CodeIgniter\CodeIgniter->tryToRouteIt()
 4 SYSTEMPATH/CodeIgniter.php(340): CodeIgniter\CodeIgniter->handleRequest()
 5 SYSTEMPATH/Boot.php(417): CodeIgniter\CodeIgniter->run()
 6 SYSTEMPATH/Boot.php(68): CodeIgniter\Boot::runCodeIgniter()
 7 FCPATH/index.php(31): CodeIgniter\Boot::bootWeb()
CRITICAL - 2026-05-29 11:51:23 --> CodeIgniter\HTTP\Exceptions\BadRequestException: The URI you submitted has disallowed characters: "प्रदेश-२"
[Method: GET, Route: category/%E0%A4%AA%E0%A5%8D%E0%A4%B0%E0%A4%A6%E0%A5%87%E0%A4%B6-%E0%A5%A8/page/2/]
in SYSTEMPATH/Router/Router.php on line 768.
 1 SYSTEMPATH/Router/Router.php(219): CodeIgniter\Router\Router->checkDisallowedChars()
 2 SYSTEMPATH/CodeIgniter.php(829): CodeIgniter\Router\Router->handle()
 3 SYSTEMPATH/CodeIgniter.php(441): CodeIgniter\CodeIgniter->tryToRouteIt()
 4 SYSTEMPATH/CodeIgniter.php(340): CodeIgniter\CodeIgniter->handleRequest()
 5 SYSTEMPATH/Boot.php(417): CodeIgniter\CodeIgniter->run()
 6 SYSTEMPATH/Boot.php(68): CodeIgniter\Boot::runCodeIgniter()
 7 FCPATH/index.php(31): CodeIgniter\Boot::bootWeb()
CRITICAL - 2026-05-29 11:51:26 --> CodeIgniter\HTTP\Exceptions\BadRequestException: The URI you submitted has disallowed characters: "प्रदेश-२"
[Method: GET, Route: category/%E0%A4%AA%E0%A5%8D%E0%A4%B0%E0%A4%A6%E0%A5%87%E0%A4%B6-%E0%A5%A8/page/2/]
in SYSTEMPATH/Router/Router.php on line 768.
 1 SYSTEMPATH/Router/Router.php(219): CodeIgniter\Router\Router->checkDisallowedChars()
 2 SYSTEMPATH/CodeIgniter.php(829): CodeIgniter\Router\Router->handle()
 3 SYSTEMPATH/CodeIgniter.php(441): CodeIgniter\CodeIgniter->tryToRouteIt()
 4 SYSTEMPATH/CodeIgniter.php(340): CodeIgniter\CodeIgniter->handleRequest()
 5 SYSTEMPATH/Boot.php(417): CodeIgniter\CodeIgniter->run()
 6 SYSTEMPATH/Boot.php(68): CodeIgniter\Boot::runCodeIgniter()
 7 FCPATH/index.php(31): CodeIgniter\Boot::bootWeb()
CRITICAL - 2026-05-29 11:51:31 --> CodeIgniter\HTTP\Exceptions\BadRequestException: The URI you submitted has disallowed characters: "प्रदेश-२"
[Method: GET, Route: category/%E0%A4%AA%E0%A5%8D%E0%A4%B0%E0%A4%A6%E0%A5%87%E0%A4%B6-%E0%A5%A8/page/3/]
in SYSTEMPATH/Router/Router.php on line 768.
 1 SYSTEMPATH/Router/Router.php(219): CodeIgniter\Router\Router->checkDisallowedChars()
 2 SYSTEMPATH/CodeIgniter.php(829): CodeIgniter\Router\Router->handle()
 3 SYSTEMPATH/CodeIgniter.php(441): CodeIgniter\CodeIgniter->tryToRouteIt()
 4 SYSTEMPATH/CodeIgniter.php(340): CodeIgniter\CodeIgniter->handleRequest()
 5 SYSTEMPATH/Boot.php(417): CodeIgniter\CodeIgniter->run()
 6 SYSTEMPATH/Boot.php(68): CodeIgniter\Boot::runCodeIgniter()
 7 FCPATH/index.php(31): CodeIgniter\Boot::bootWeb()
CRITICAL - 2026-05-29 11:51:33 --> CodeIgniter\HTTP\Exceptions\BadRequestException: The URI you submitted has disallowed characters: "प्रदेश-२"
[Method: GET, Route: category/%E0%A4%AA%E0%A5%8D%E0%A4%B0%E0%A4%A6%E0%A5%87%E0%A4%B6-%E0%A5%A8/page/3/]
in SYSTEMPATH/Router/Router.php on line 768.
 1 SYSTEMPATH/Router/Router.php(219): CodeIgniter\Router\Router->checkDisallowedChars()
 2 SYSTEMPATH/CodeIgniter.php(829): CodeIgniter\Router\Router->handle()
 3 SYSTEMPATH/CodeIgniter.php(441): CodeIgniter\CodeIgniter->tryToRouteIt()
 4 SYSTEMPATH/CodeIgniter.php(340): CodeIgniter\CodeIgniter->handleRequest()
 5 SYSTEMPATH/Boot.php(417): CodeIgniter\CodeIgniter->run()
 6 SYSTEMPATH/Boot.php(68): CodeIgniter\Boot::runCodeIgniter()
 7 FCPATH/index.php(31): CodeIgniter\Boot::bootWeb()
CRITICAL - 2026-05-29 11:51:37 --> CodeIgniter\HTTP\Exceptions\BadRequestException: The URI you submitted has disallowed characters: "प्रदेश-२"
[Method: GET, Route: category/%E0%A4%AA%E0%A5%8D%E0%A4%B0%E0%A4%A6%E0%A5%87%E0%A4%B6-%E0%A5%A8/page/4/]
in SYSTEMPATH/Router/Router.php on line 768.
 1 SYSTEMPATH/Router/Router.php(219): CodeIgniter\Router\Router->checkDisallowedChars()
 2 SYSTEMPATH/CodeIgniter.php(829): CodeIgniter\Router\Router->handle()
 3 SYSTEMPATH/CodeIgniter.php(441): CodeIgniter\CodeIgniter->tryToRouteIt()
 4 SYSTEMPATH/CodeIgniter.php(340): CodeIgniter\CodeIgniter->handleRequest()
 5 SYSTEMPATH/Boot.php(417): CodeIgniter\CodeIgniter->run()
 6 SYSTEMPATH/Boot.php(68): CodeIgniter\Boot::runCodeIgniter()
 7 FCPATH/index.php(31): CodeIgniter\Boot::bootWeb()
CRITICAL - 2026-05-29 11:51:40 --> CodeIgniter\HTTP\Exceptions\BadRequestException: The URI you submitted has disallowed characters: "प्रदेश-२"
[Method: GET, Route: category/%E0%A4%AA%E0%A5%8D%E0%A4%B0%E0%A4%A6%E0%A5%87%E0%A4%B6-%E0%A5%A8/page/4/]
in SYSTEMPATH/Router/Router.php on line 768.
 1 SYSTEMPATH/Router/Router.php(219): CodeIgniter\Router\Router->checkDisallowedChars()
 2 SYSTEMPATH/CodeIgniter.php(829): CodeIgniter\Router\Router->handle()
 3 SYSTEMPATH/CodeIgniter.php(441): CodeIgniter\CodeIgniter->tryToRouteIt()
 4 SYSTEMPATH/CodeIgniter.php(340): CodeIgniter\CodeIgniter->handleRequest()
 5 SYSTEMPATH/Boot.php(417): CodeIgniter\CodeIgniter->run()
 6 SYSTEMPATH/Boot.php(68): CodeIgniter\Boot::runCodeIgniter()
 7 FCPATH/index.php(31): CodeIgniter\Boot::bootWeb()
CRITICAL - 2026-05-29 11:51:44 --> CodeIgniter\HTTP\Exceptions\BadRequestException: The URI you submitted has disallowed characters: "प्रदेश-२"
[Method: GET, Route: category/%E0%A4%AA%E0%A5%8D%E0%A4%B0%E0%A4%A6%E0%A5%87%E0%A4%B6-%E0%A5%A8/page/5/]
in SYSTEMPATH/Router/Router.php on line 768.
 1 SYSTEMPATH/Router/Router.php(219): CodeIgniter\Router\Router->checkDisallowedChars()
 2 SYSTEMPATH/CodeIgniter.php(829): CodeIgniter\Router\Router->handle()
 3 SYSTEMPATH/CodeIgniter.php(441): CodeIgniter\CodeIgniter->tryToRouteIt()
 4 SYSTEMPATH/CodeIgniter.php(340): CodeIgniter\CodeIgniter->handleRequest()
 5 SYSTEMPATH/Boot.php(417): CodeIgniter\CodeIgniter->run()
 6 SYSTEMPATH/Boot.php(68): CodeIgniter\Boot::runCodeIgniter()
 7 FCPATH/index.php(31): CodeIgniter\Boot::bootWeb()
CRITICAL - 2026-05-29 11:51:46 --> CodeIgniter\HTTP\Exceptions\BadRequestException: The URI you submitted has disallowed characters: "प्रदेश-२"
[Method: GET, Route: category/%E0%A4%AA%E0%A5%8D%E0%A4%B0%E0%A4%A6%E0%A5%87%E0%A4%B6-%E0%A5%A8/page/5/]
in SYSTEMPATH/Router/Router.php on line 768.
 1 SYSTEMPATH/Router/Router.php(219): CodeIgniter\Router\Router->checkDisallowedChars()
 2 SYSTEMPATH/CodeIgniter.php(829): CodeIgniter\Router\Router->handle()
 3 SYSTEMPATH/CodeIgniter.php(441): CodeIgniter\CodeIgniter->tryToRouteIt()
 4 SYSTEMPATH/CodeIgniter.php(340): CodeIgniter\CodeIgniter->handleRequest()
 5 SYSTEMPATH/Boot.php(417): CodeIgniter\CodeIgniter->run()
 6 SYSTEMPATH/Boot.php(68): CodeIgniter\Boot::runCodeIgniter()
 7 FCPATH/index.php(31): CodeIgniter\Boot::bootWeb()
CRITICAL - 2026-05-29 11:51:51 --> CodeIgniter\HTTP\Exceptions\BadRequestException: The URI you submitted has disallowed characters: "प्रदेश-२"
[Method: GET, Route: category/%E0%A4%AA%E0%A5%8D%E0%A4%B0%E0%A4%A6%E0%A5%87%E0%A4%B6-%E0%A5%A8/page/6/]
in SYSTEMPATH/Router/Router.php on line 768.
 1 SYSTEMPATH/Router/Router.php(219): CodeIgniter\Router\Router->checkDisallowedChars()
 2 SYSTEMPATH/CodeIgniter.php(829): CodeIgniter\Router\Router->handle()
 3 SYSTEMPATH/CodeIgniter.php(441): CodeIgniter\CodeIgniter->tryToRouteIt()
 4 SYSTEMPATH/CodeIgniter.php(340): CodeIgniter\CodeIgniter->handleRequest()
 5 SYSTEMPATH/Boot.php(417): CodeIgniter\CodeIgniter->run()
 6 SYSTEMPATH/Boot.php(68): CodeIgniter\Boot::runCodeIgniter()
 7 FCPATH/index.php(31): CodeIgniter\Boot::bootWeb()
CRITICAL - 2026-05-29 11:51:53 --> CodeIgniter\HTTP\Exceptions\BadRequestException: The URI you submitted has disallowed characters: "प्रदेश-२"
[Method: GET, Route: category/%E0%A4%AA%E0%A5%8D%E0%A4%B0%E0%A4%A6%E0%A5%87%E0%A4%B6-%E0%A5%A8/page/6/]
in SYSTEMPATH/Router/Router.php on line 768.
 1 SYSTEMPATH/Router/Router.php(219): CodeIgniter\Router\Router->checkDisallowedChars()
 2 SYSTEMPATH/CodeIgniter.php(829): CodeIgniter\Router\Router->handle()
 3 SYSTEMPATH/CodeIgniter.php(441): CodeIgniter\CodeIgniter->tryToRouteIt()
 4 SYSTEMPATH/CodeIgniter.php(340): CodeIgniter\CodeIgniter->handleRequest()
 5 SYSTEMPATH/Boot.php(417): CodeIgniter\CodeIgniter->run()
 6 SYSTEMPATH/Boot.php(68): CodeIgniter\Boot::runCodeIgniter()
 7 FCPATH/index.php(31): CodeIgniter\Boot::bootWeb()
CRITICAL - 2026-05-29 11:51:57 --> CodeIgniter\HTTP\Exceptions\BadRequestException: The URI you submitted has disallowed characters: "प्रदेश-२"
[Method: GET, Route: category/%E0%A4%AA%E0%A5%8D%E0%A4%B0%E0%A4%A6%E0%A5%87%E0%A4%B6-%E0%A5%A8/page/7/]
in SYSTEMPATH/Router/Router.php on line 768.
 1 SYSTEMPATH/Router/Router.php(219): CodeIgniter\Router\Router->checkDisallowedChars()
 2 SYSTEMPATH/CodeIgniter.php(829): CodeIgniter\Router\Router->handle()
 3 SYSTEMPATH/CodeIgniter.php(441): CodeIgniter\CodeIgniter->tryToRouteIt()
 4 SYSTEMPATH/CodeIgniter.php(340): CodeIgniter\CodeIgniter->handleRequest()
 5 SYSTEMPATH/Boot.php(417): CodeIgniter\CodeIgniter->run()
 6 SYSTEMPATH/Boot.php(68): CodeIgniter\Boot::runCodeIgniter()
 7 FCPATH/index.php(31): CodeIgniter\Boot::bootWeb()
CRITICAL - 2026-05-29 11:52:00 --> CodeIgniter\HTTP\Exceptions\BadRequestException: The URI you submitted has disallowed characters: "प्रदेश-२"
[Method: GET, Route: category/%E0%A4%AA%E0%A5%8D%E0%A4%B0%E0%A4%A6%E0%A5%87%E0%A4%B6-%E0%A5%A8/page/7/]
in SYSTEMPATH/Router/Router.php on line 768.
 1 SYSTEMPATH/Router/Router.php(219): CodeIgniter\Router\Router->checkDisallowedChars()
 2 SYSTEMPATH/CodeIgniter.php(829): CodeIgniter\Router\Router->handle()
 3 SYSTEMPATH/CodeIgniter.php(441): CodeIgniter\CodeIgniter->tryToRouteIt()
 4 SYSTEMPATH/CodeIgniter.php(340): CodeIgniter\CodeIgniter->handleRequest()
 5 SYSTEMPATH/Boot.php(417): CodeIgniter\CodeIgniter->run()
 6 SYSTEMPATH/Boot.php(68): CodeIgniter\Boot::runCodeIgniter()
 7 FCPATH/index.php(31): CodeIgniter\Boot::bootWeb()
CRITICAL - 2026-05-29 11:52:04 --> CodeIgniter\HTTP\Exceptions\BadRequestException: The URI you submitted has disallowed characters: "प्रदेश-२"
[Method: GET, Route: category/%E0%A4%AA%E0%A5%8D%E0%A4%B0%E0%A4%A6%E0%A5%87%E0%A4%B6-%E0%A5%A8/page/8/]
in SYSTEMPATH/Router/Router.php on line 768.
 1 SYSTEMPATH/Router/Router.php(219): CodeIgniter\Router\Router->checkDisallowedChars()
 2 SYSTEMPATH/CodeIgniter.php(829): CodeIgniter\Router\Router->handle()
 3 SYSTEMPATH/CodeIgniter.php(441): CodeIgniter\CodeIgniter->tryToRouteIt()
 4 SYSTEMPATH/CodeIgniter.php(340): CodeIgniter\CodeIgniter->handleRequest()
 5 SYSTEMPATH/Boot.php(417): CodeIgniter\CodeIgniter->run()
 6 SYSTEMPATH/Boot.php(68): CodeIgniter\Boot::runCodeIgniter()
 7 FCPATH/index.php(31): CodeIgniter\Boot::bootWeb()
CRITICAL - 2026-05-29 11:52:07 --> CodeIgniter\HTTP\Exceptions\BadRequestException: The URI you submitted has disallowed characters: "प्रदेश-२"
[Method: GET, Route: category/%E0%A4%AA%E0%A5%8D%E0%A4%B0%E0%A4%A6%E0%A5%87%E0%A4%B6-%E0%A5%A8/page/8/]
in SYSTEMPATH/Router/Router.php on line 768.
 1 SYSTEMPATH/Router/Router.php(219): CodeIgniter\Router\Router->checkDisallowedChars()
 2 SYSTEMPATH/CodeIgniter.php(829): CodeIgniter\Router\Router->handle()
 3 SYSTEMPATH/CodeIgniter.php(441): CodeIgniter\CodeIgniter->tryToRouteIt()
 4 SYSTEMPATH/CodeIgniter.php(340): CodeIgniter\CodeIgniter->handleRequest()
 5 SYSTEMPATH/Boot.php(417): CodeIgniter\CodeIgniter->run()
 6 SYSTEMPATH/Boot.php(68): CodeIgniter\Boot::runCodeIgniter()
 7 FCPATH/index.php(31): CodeIgniter\Boot::bootWeb()
CRITICAL - 2026-05-29 11:52:09 --> CodeIgniter\HTTP\Exceptions\BadRequestException: The URI you submitted has disallowed characters: "प्रदेश-२"
[Method: GET, Route: category/%E0%A4%AA%E0%A5%8D%E0%A4%B0%E0%A4%A6%E0%A5%87%E0%A4%B6-%E0%A5%A8/page/9/]
in SYSTEMPATH/Router/Router.php on line 768.
 1 SYSTEMPATH/Router/Router.php(219): CodeIgniter\Router\Router->checkDisallowedChars()
 2 SYSTEMPATH/CodeIgniter.php(829): CodeIgniter\Router\Router->handle()
 3 SYSTEMPATH/CodeIgniter.php(441): CodeIgniter\CodeIgniter->tryToRouteIt()
 4 SYSTEMPATH/CodeIgniter.php(340): CodeIgniter\CodeIgniter->handleRequest()
 5 SYSTEMPATH/Boot.php(417): CodeIgniter\CodeIgniter->run()
 6 SYSTEMPATH/Boot.php(68): CodeIgniter\Boot::runCodeIgniter()
 7 FCPATH/index.php(31): CodeIgniter\Boot::bootWeb()
CRITICAL - 2026-05-29 11:52:12 --> CodeIgniter\HTTP\Exceptions\BadRequestException: The URI you submitted has disallowed characters: "प्रदेश-३"
[Method: GET, Route: category/%E0%A4%AA%E0%A5%8D%E0%A4%B0%E0%A4%A6%E0%A5%87%E0%A4%B6-%E0%A5%A9/]
in SYSTEMPATH/Router/Router.php on line 768.
 1 SYSTEMPATH/Router/Router.php(219): CodeIgniter\Router\Router->checkDisallowedChars()
 2 SYSTEMPATH/CodeIgniter.php(829): CodeIgniter\Router\Router->handle()
 3 SYSTEMPATH/CodeIgniter.php(441): CodeIgniter\CodeIgniter->tryToRouteIt()
 4 SYSTEMPATH/CodeIgniter.php(340): CodeIgniter\CodeIgniter->handleRequest()
 5 SYSTEMPATH/Boot.php(417): CodeIgniter\CodeIgniter->run()
 6 SYSTEMPATH/Boot.php(68): CodeIgniter\Boot::runCodeIgniter()
 7 FCPATH/index.php(31): CodeIgniter\Boot::bootWeb()
CRITICAL - 2026-05-29 11:52:14 --> CodeIgniter\HTTP\Exceptions\BadRequestException: The URI you submitted has disallowed characters: "प्रदेश-३"
[Method: GET, Route: category/%E0%A4%AA%E0%A5%8D%E0%A4%B0%E0%A4%A6%E0%A5%87%E0%A4%B6-%E0%A5%A9/page/2/]
in SYSTEMPATH/Router/Router.php on line 768.
 1 SYSTEMPATH/Router/Router.php(219): CodeIgniter\Router\Router->checkDisallowedChars()
 2 SYSTEMPATH/CodeIgniter.php(829): CodeIgniter\Router\Router->handle()
 3 SYSTEMPATH/CodeIgniter.php(441): CodeIgniter\CodeIgniter->tryToRouteIt()
 4 SYSTEMPATH/CodeIgniter.php(340): CodeIgniter\CodeIgniter->handleRequest()
 5 SYSTEMPATH/Boot.php(417): CodeIgniter\CodeIgniter->run()
 6 SYSTEMPATH/Boot.php(68): CodeIgniter\Boot::runCodeIgniter()
 7 FCPATH/index.php(31): CodeIgniter\Boot::bootWeb()
CRITICAL - 2026-05-29 11:52:18 --> CodeIgniter\HTTP\Exceptions\BadRequestException: The URI you submitted has disallowed characters: "प्रदेश-३"
[Method: GET, Route: category/%E0%A4%AA%E0%A5%8D%E0%A4%B0%E0%A4%A6%E0%A5%87%E0%A4%B6-%E0%A5%A9/page/3/]
in SYSTEMPATH/Router/Router.php on line 768.
 1 SYSTEMPATH/Router/Router.php(219): CodeIgniter\Router\Router->checkDisallowedChars()
 2 SYSTEMPATH/CodeIgniter.php(829): CodeIgniter\Router\Router->handle()
 3 SYSTEMPATH/CodeIgniter.php(441): CodeIgniter\CodeIgniter->tryToRouteIt()
 4 SYSTEMPATH/CodeIgniter.php(340): CodeIgniter\CodeIgniter->handleRequest()
 5 SYSTEMPATH/Boot.php(417): CodeIgniter\CodeIgniter->run()
 6 SYSTEMPATH/Boot.php(68): CodeIgniter\Boot::runCodeIgniter()
 7 FCPATH/index.php(31): CodeIgniter\Boot::bootWeb()
CRITICAL - 2026-05-29 11:52:21 --> CodeIgniter\HTTP\Exceptions\BadRequestException: The URI you submitted has disallowed characters: "प्रदेश-३"
[Method: GET, Route: category/%E0%A4%AA%E0%A5%8D%E0%A4%B0%E0%A4%A6%E0%A5%87%E0%A4%B6-%E0%A5%A9/page/3/]
in SYSTEMPATH/Router/Router.php on line 768.
 1 SYSTEMPATH/Router/Router.php(219): CodeIgniter\Router\Router->checkDisallowedChars()
 2 SYSTEMPATH/CodeIgniter.php(829): CodeIgniter\Router\Router->handle()
 3 SYSTEMPATH/CodeIgniter.php(441): CodeIgniter\CodeIgniter->tryToRouteIt()
 4 SYSTEMPATH/CodeIgniter.php(340): CodeIgniter\CodeIgniter->handleRequest()
 5 SYSTEMPATH/Boot.php(417): CodeIgniter\CodeIgniter->run()
 6 SYSTEMPATH/Boot.php(68): CodeIgniter\Boot::runCodeIgniter()
 7 FCPATH/index.php(31): CodeIgniter\Boot::bootWeb()
CRITICAL - 2026-05-29 11:52:23 --> CodeIgniter\HTTP\Exceptions\BadRequestException: The URI you submitted has disallowed characters: "प्रदेश-३"
[Method: GET, Route: category/%E0%A4%AA%E0%A5%8D%E0%A4%B0%E0%A4%A6%E0%A5%87%E0%A4%B6-%E0%A5%A9/page/4/]
in SYSTEMPATH/Router/Router.php on line 768.
 1 SYSTEMPATH/Router/Router.php(219): CodeIgniter\Router\Router->checkDisallowedChars()
 2 SYSTEMPATH/CodeIgniter.php(829): CodeIgniter\Router\Router->handle()
 3 SYSTEMPATH/CodeIgniter.php(441): CodeIgniter\CodeIgniter->tryToRouteIt()
 4 SYSTEMPATH/CodeIgniter.php(340): CodeIgniter\CodeIgniter->handleRequest()
 5 SYSTEMPATH/Boot.php(417): CodeIgniter\CodeIgniter->run()
 6 SYSTEMPATH/Boot.php(68): CodeIgniter\Boot::runCodeIgniter()
 7 FCPATH/index.php(31): CodeIgniter\Boot::bootWeb()
CRITICAL - 2026-05-29 11:52:26 --> CodeIgniter\HTTP\Exceptions\BadRequestException: The URI you submitted has disallowed characters: "प्रदेश-३"
[Method: GET, Route: category/%E0%A4%AA%E0%A5%8D%E0%A4%B0%E0%A4%A6%E0%A5%87%E0%A4%B6-%E0%A5%A9/page/5/]
in SYSTEMPATH/Router/Router.php on line 768.
 1 SYSTEMPATH/Router/Router.php(219): CodeIgniter\Router\Router->checkDisallowedChars()
 2 SYSTEMPATH/CodeIgniter.php(829): CodeIgniter\Router\Router->handle()
 3 SYSTEMPATH/CodeIgniter.php(441): CodeIgniter\CodeIgniter->tryToRouteIt()
 4 SYSTEMPATH/CodeIgniter.php(340): CodeIgniter\CodeIgniter->handleRequest()
 5 SYSTEMPATH/Boot.php(417): CodeIgniter\CodeIgniter->run()
 6 SYSTEMPATH/Boot.php(68): CodeIgniter\Boot::runCodeIgniter()
 7 FCPATH/index.php(31): CodeIgniter\Boot::bootWeb()
CRITICAL - 2026-05-29 11:52:28 --> CodeIgniter\HTTP\Exceptions\BadRequestException: The URI you submitted has disallowed characters: "प्रदेश-३"
[Method: GET, Route: category/%E0%A4%AA%E0%A5%8D%E0%A4%B0%E0%A4%A6%E0%A5%87%E0%A4%B6-%E0%A5%A9/page/6/]
in SYSTEMPATH/Router/Router.php on line 768.
 1 SYSTEMPATH/Router/Router.php(219): CodeIgniter\Router\Router->checkDisallowedChars()
 2 SYSTEMPATH/CodeIgniter.php(829): CodeIgniter\Router\Router->handle()
 3 SYSTEMPATH/CodeIgniter.php(441): CodeIgniter\CodeIgniter->tryToRouteIt()
 4 SYSTEMPATH/CodeIgniter.php(340): CodeIgniter\CodeIgniter->handleRequest()
 5 SYSTEMPATH/Boot.php(417): CodeIgniter\CodeIgniter->run()
 6 SYSTEMPATH/Boot.php(68): CodeIgniter\Boot::runCodeIgniter()
 7 FCPATH/index.php(31): CodeIgniter\Boot::bootWeb()
CRITICAL - 2026-05-29 11:52:30 --> CodeIgniter\HTTP\Exceptions\BadRequestException: The URI you submitted has disallowed characters: "प्रदेश-३"
[Method: GET, Route: category/%E0%A4%AA%E0%A5%8D%E0%A4%B0%E0%A4%A6%E0%A5%87%E0%A4%B6-%E0%A5%A9/page/7/]
in SYSTEMPATH/Router/Router.php on line 768.
 1 SYSTEMPATH/Router/Router.php(219): CodeIgniter\Router\Router->checkDisallowedChars()
 2 SYSTEMPATH/CodeIgniter.php(829): CodeIgniter\Router\Router->handle()
 3 SYSTEMPATH/CodeIgniter.php(441): CodeIgniter\CodeIgniter->tryToRouteIt()
 4 SYSTEMPATH/CodeIgniter.php(340): CodeIgniter\CodeIgniter->handleRequest()
 5 SYSTEMPATH/Boot.php(417): CodeIgniter\CodeIgniter->run()
 6 SYSTEMPATH/Boot.php(68): CodeIgniter\Boot::runCodeIgniter()
 7 FCPATH/index.php(31): CodeIgniter\Boot::bootWeb()
CRITICAL - 2026-05-29 11:52:33 --> CodeIgniter\HTTP\Exceptions\BadRequestException: The URI you submitted has disallowed characters: "प्रदेश-३"
[Method: GET, Route: category/%E0%A4%AA%E0%A5%8D%E0%A4%B0%E0%A4%A6%E0%A5%87%E0%A4%B6-%E0%A5%A9/page/8/]
in SYSTEMPATH/Router/Router.php on line 768.
 1 SYSTEMPATH/Router/Router.php(219): CodeIgniter\Router\Router->checkDisallowedChars()
 2 SYSTEMPATH/CodeIgniter.php(829): CodeIgniter\Router\Router->handle()
 3 SYSTEMPATH/CodeIgniter.php(441): CodeIgniter\CodeIgniter->tryToRouteIt()
 4 SYSTEMPATH/CodeIgniter.php(340): CodeIgniter\CodeIgniter->handleRequest()
 5 SYSTEMPATH/Boot.php(417): CodeIgniter\CodeIgniter->run()
 6 SYSTEMPATH/Boot.php(68): CodeIgniter\Boot::runCodeIgniter()
 7 FCPATH/index.php(31): CodeIgniter\Boot::bootWeb()
CRITICAL - 2026-05-29 11:52:35 --> CodeIgniter\HTTP\Exceptions\BadRequestException: The URI you submitted has disallowed characters: "प्रदेश-३"
[Method: GET, Route: category/%E0%A4%AA%E0%A5%8D%E0%A4%B0%E0%A4%A6%E0%A5%87%E0%A4%B6-%E0%A5%A9/page/9/]
in SYSTEMPATH/Router/Router.php on line 768.
 1 SYSTEMPATH/Router/Router.php(219): CodeIgniter\Router\Router->checkDisallowedChars()
 2 SYSTEMPATH/CodeIgniter.php(829): CodeIgniter\Router\Router->handle()
 3 SYSTEMPATH/CodeIgniter.php(441): CodeIgniter\CodeIgniter->tryToRouteIt()
 4 SYSTEMPATH/CodeIgniter.php(340): CodeIgniter\CodeIgniter->handleRequest()
 5 SYSTEMPATH/Boot.php(417): CodeIgniter\CodeIgniter->run()
 6 SYSTEMPATH/Boot.php(68): CodeIgniter\Boot::runCodeIgniter()
 7 FCPATH/index.php(31): CodeIgniter\Boot::bootWeb()
CRITICAL - 2026-05-29 11:52:37 --> CodeIgniter\HTTP\Exceptions\BadRequestException: The URI you submitted has disallowed characters: "प्रदेश-४"
[Method: GET, Route: category/%E0%A4%AA%E0%A5%8D%E0%A4%B0%E0%A4%A6%E0%A5%87%E0%A4%B6-%E0%A5%AA/]
in SYSTEMPATH/Router/Router.php on line 768.
 1 SYSTEMPATH/Router/Router.php(219): CodeIgniter\Router\Router->checkDisallowedChars()
 2 SYSTEMPATH/CodeIgniter.php(829): CodeIgniter\Router\Router->handle()
 3 SYSTEMPATH/CodeIgniter.php(441): CodeIgniter\CodeIgniter->tryToRouteIt()
 4 SYSTEMPATH/CodeIgniter.php(340): CodeIgniter\CodeIgniter->handleRequest()
 5 SYSTEMPATH/Boot.php(417): CodeIgniter\CodeIgniter->run()
 6 SYSTEMPATH/Boot.php(68): CodeIgniter\Boot::runCodeIgniter()
 7 FCPATH/index.php(31): CodeIgniter\Boot::bootWeb()
CRITICAL - 2026-05-29 11:52:40 --> CodeIgniter\HTTP\Exceptions\BadRequestException: The URI you submitted has disallowed characters: "प्रदेश-४"
[Method: GET, Route: category/%E0%A4%AA%E0%A5%8D%E0%A4%B0%E0%A4%A6%E0%A5%87%E0%A4%B6-%E0%A5%AA/page/2/]
in SYSTEMPATH/Router/Router.php on line 768.
 1 SYSTEMPATH/Router/Router.php(219): CodeIgniter\Router\Router->checkDisallowedChars()
 2 SYSTEMPATH/CodeIgniter.php(829): CodeIgniter\Router\Router->handle()
 3 SYSTEMPATH/CodeIgniter.php(441): CodeIgniter\CodeIgniter->tryToRouteIt()
 4 SYSTEMPATH/CodeIgniter.php(340): CodeIgniter\CodeIgniter->handleRequest()
 5 SYSTEMPATH/Boot.php(417): CodeIgniter\CodeIgniter->run()
 6 SYSTEMPATH/Boot.php(68): CodeIgniter\Boot::runCodeIgniter()
 7 FCPATH/index.php(31): CodeIgniter\Boot::bootWeb()
CRITICAL - 2026-05-29 11:52:42 --> CodeIgniter\HTTP\Exceptions\BadRequestException: The URI you submitted has disallowed characters: "प्रदेश-४"
[Method: GET, Route: category/%E0%A4%AA%E0%A5%8D%E0%A4%B0%E0%A4%A6%E0%A5%87%E0%A4%B6-%E0%A5%AA/page/3/]
in SYSTEMPATH/Router/Router.php on line 768.
 1 SYSTEMPATH/Router/Router.php(219): CodeIgniter\Router\Router->checkDisallowedChars()
 2 SYSTEMPATH/CodeIgniter.php(829): CodeIgniter\Router\Router->handle()
 3 SYSTEMPATH/CodeIgniter.php(441): CodeIgniter\CodeIgniter->tryToRouteIt()
 4 SYSTEMPATH/CodeIgniter.php(340): CodeIgniter\CodeIgniter->handleRequest()
 5 SYSTEMPATH/Boot.php(417): CodeIgniter\CodeIgniter->run()
 6 SYSTEMPATH/Boot.php(68): CodeIgniter\Boot::runCodeIgniter()
 7 FCPATH/index.php(31): CodeIgniter\Boot::bootWeb()
CRITICAL - 2026-05-29 11:52:44 --> CodeIgniter\HTTP\Exceptions\BadRequestException: The URI you submitted has disallowed characters: "प्रदेश-४"
[Method: GET, Route: category/%E0%A4%AA%E0%A5%8D%E0%A4%B0%E0%A4%A6%E0%A5%87%E0%A4%B6-%E0%A5%AA/page/4/]
in SYSTEMPATH/Router/Router.php on line 768.
 1 SYSTEMPATH/Router/Router.php(219): CodeIgniter\Router\Router->checkDisallowedChars()
 2 SYSTEMPATH/CodeIgniter.php(829): CodeIgniter\Router\Router->handle()
 3 SYSTEMPATH/CodeIgniter.php(441): CodeIgniter\CodeIgniter->tryToRouteIt()
 4 SYSTEMPATH/CodeIgniter.php(340): CodeIgniter\CodeIgniter->handleRequest()
 5 SYSTEMPATH/Boot.php(417): CodeIgniter\CodeIgniter->run()
 6 SYSTEMPATH/Boot.php(68): CodeIgniter\Boot::runCodeIgniter()
 7 FCPATH/index.php(31): CodeIgniter\Boot::bootWeb()
CRITICAL - 2026-05-29 11:52:46 --> CodeIgniter\HTTP\Exceptions\BadRequestException: The URI you submitted has disallowed characters: "प्रदेश-४"
[Method: GET, Route: category/%E0%A4%AA%E0%A5%8D%E0%A4%B0%E0%A4%A6%E0%A5%87%E0%A4%B6-%E0%A5%AA/page/5/]
in SYSTEMPATH/Router/Router.php on line 768.
 1 SYSTEMPATH/Router/Router.php(219): CodeIgniter\Router\Router->checkDisallowedChars()
 2 SYSTEMPATH/CodeIgniter.php(829): CodeIgniter\Router\Router->handle()
 3 SYSTEMPATH/CodeIgniter.php(441): CodeIgniter\CodeIgniter->tryToRouteIt()
 4 SYSTEMPATH/CodeIgniter.php(340): CodeIgniter\CodeIgniter->handleRequest()
 5 SYSTEMPATH/Boot.php(417): CodeIgniter\CodeIgniter->run()
 6 SYSTEMPATH/Boot.php(68): CodeIgniter\Boot::runCodeIgniter()
 7 FCPATH/index.php(31): CodeIgniter\Boot::bootWeb()
CRITICAL - 2026-05-29 11:52:49 --> CodeIgniter\HTTP\Exceptions\BadRequestException: The URI you submitted has disallowed characters: "प्रदेश-४"
[Method: GET, Route: category/%E0%A4%AA%E0%A5%8D%E0%A4%B0%E0%A4%A6%E0%A5%87%E0%A4%B6-%E0%A5%AA/page/6/]
in SYSTEMPATH/Router/Router.php on line 768.
 1 SYSTEMPATH/Router/Router.php(219): CodeIgniter\Router\Router->checkDisallowedChars()
 2 SYSTEMPATH/CodeIgniter.php(829): CodeIgniter\Router\Router->handle()
 3 SYSTEMPATH/CodeIgniter.php(441): CodeIgniter\CodeIgniter->tryToRouteIt()
 4 SYSTEMPATH/CodeIgniter.php(340): CodeIgniter\CodeIgniter->handleRequest()
 5 SYSTEMPATH/Boot.php(417): CodeIgniter\CodeIgniter->run()
 6 SYSTEMPATH/Boot.php(68): CodeIgniter\Boot::runCodeIgniter()
 7 FCPATH/index.php(31): CodeIgniter\Boot::bootWeb()
CRITICAL - 2026-05-29 11:52:51 --> CodeIgniter\HTTP\Exceptions\BadRequestException: The URI you submitted has disallowed characters: "प्रदेश-४"
[Method: GET, Route: category/%E0%A4%AA%E0%A5%8D%E0%A4%B0%E0%A4%A6%E0%A5%87%E0%A4%B6-%E0%A5%AA/page/7/]
in SYSTEMPATH/Router/Router.php on line 768.
 1 SYSTEMPATH/Router/Router.php(219): CodeIgniter\Router\Router->checkDisallowedChars()
 2 SYSTEMPATH/CodeIgniter.php(829): CodeIgniter\Router\Router->handle()
 3 SYSTEMPATH/CodeIgniter.php(441): CodeIgniter\CodeIgniter->tryToRouteIt()
 4 SYSTEMPATH/CodeIgniter.php(340): CodeIgniter\CodeIgniter->handleRequest()
 5 SYSTEMPATH/Boot.php(417): CodeIgniter\CodeIgniter->run()
 6 SYSTEMPATH/Boot.php(68): CodeIgniter\Boot::runCodeIgniter()
 7 FCPATH/index.php(31): CodeIgniter\Boot::bootWeb()
CRITICAL - 2026-05-29 11:52:54 --> CodeIgniter\HTTP\Exceptions\BadRequestException: The URI you submitted has disallowed characters: "प्रदेश-४"
[Method: GET, Route: category/%E0%A4%AA%E0%A5%8D%E0%A4%B0%E0%A4%A6%E0%A5%87%E0%A4%B6-%E0%A5%AA/page/8/]
in SYSTEMPATH/Router/Router.php on line 768.
 1 SYSTEMPATH/Router/Router.php(219): CodeIgniter\Router\Router->checkDisallowedChars()
 2 SYSTEMPATH/CodeIgniter.php(829): CodeIgniter\Router\Router->handle()
 3 SYSTEMPATH/CodeIgniter.php(441): CodeIgniter\CodeIgniter->tryToRouteIt()
 4 SYSTEMPATH/CodeIgniter.php(340): CodeIgniter\CodeIgniter->handleRequest()
 5 SYSTEMPATH/Boot.php(417): CodeIgniter\CodeIgniter->run()
 6 SYSTEMPATH/Boot.php(68): CodeIgniter\Boot::runCodeIgniter()
 7 FCPATH/index.php(31): CodeIgniter\Boot::bootWeb()
CRITICAL - 2026-05-29 11:52:56 --> CodeIgniter\HTTP\Exceptions\BadRequestException: The URI you submitted has disallowed characters: "प्रदेश-४"
[Method: GET, Route: category/%E0%A4%AA%E0%A5%8D%E0%A4%B0%E0%A4%A6%E0%A5%87%E0%A4%B6-%E0%A5%AA/page/9/]
in SYSTEMPATH/Router/Router.php on line 768.
 1 SYSTEMPATH/Router/Router.php(219): CodeIgniter\Router\Router->checkDisallowedChars()
 2 SYSTEMPATH/CodeIgniter.php(829): CodeIgniter\Router\Router->handle()
 3 SYSTEMPATH/CodeIgniter.php(441): CodeIgniter\CodeIgniter->tryToRouteIt()
 4 SYSTEMPATH/CodeIgniter.php(340): CodeIgniter\CodeIgniter->handleRequest()
 5 SYSTEMPATH/Boot.php(417): CodeIgniter\CodeIgniter->run()
 6 SYSTEMPATH/Boot.php(68): CodeIgniter\Boot::runCodeIgniter()
 7 FCPATH/index.php(31): CodeIgniter\Boot::bootWeb()
CRITICAL - 2026-05-29 11:53:00 --> CodeIgniter\HTTP\Exceptions\BadRequestException: The URI you submitted has disallowed characters: "प्रदेश-५"
[Method: GET, Route: category/%E0%A4%AA%E0%A5%8D%E0%A4%B0%E0%A4%A6%E0%A5%87%E0%A4%B6-%E0%A5%AB/]
in SYSTEMPATH/Router/Router.php on line 768.
 1 SYSTEMPATH/Router/Router.php(219): CodeIgniter\Router\Router->checkDisallowedChars()
 2 SYSTEMPATH/CodeIgniter.php(829): CodeIgniter\Router\Router->handle()
 3 SYSTEMPATH/CodeIgniter.php(441): CodeIgniter\CodeIgniter->tryToRouteIt()
 4 SYSTEMPATH/CodeIgniter.php(340): CodeIgniter\CodeIgniter->handleRequest()
 5 SYSTEMPATH/Boot.php(417): CodeIgniter\CodeIgniter->run()
 6 SYSTEMPATH/Boot.php(68): CodeIgniter\Boot::runCodeIgniter()
 7 FCPATH/index.php(31): CodeIgniter\Boot::bootWeb()
CRITICAL - 2026-05-29 11:53:03 --> CodeIgniter\HTTP\Exceptions\BadRequestException: The URI you submitted has disallowed characters: "प्रदेश-५"
[Method: GET, Route: category/%E0%A4%AA%E0%A5%8D%E0%A4%B0%E0%A4%A6%E0%A5%87%E0%A4%B6-%E0%A5%AB/]
in SYSTEMPATH/Router/Router.php on line 768.
 1 SYSTEMPATH/Router/Router.php(219): CodeIgniter\Router\Router->checkDisallowedChars()
 2 SYSTEMPATH/CodeIgniter.php(829): CodeIgniter\Router\Router->handle()
 3 SYSTEMPATH/CodeIgniter.php(441): CodeIgniter\CodeIgniter->tryToRouteIt()
 4 SYSTEMPATH/CodeIgniter.php(340): CodeIgniter\CodeIgniter->handleRequest()
 5 SYSTEMPATH/Boot.php(417): CodeIgniter\CodeIgniter->run()
 6 SYSTEMPATH/Boot.php(68): CodeIgniter\Boot::runCodeIgniter()
 7 FCPATH/index.php(31): CodeIgniter\Boot::bootWeb()
CRITICAL - 2026-05-29 11:53:07 --> CodeIgniter\HTTP\Exceptions\BadRequestException: The URI you submitted has disallowed characters: "प्रदेश-५"
[Method: GET, Route: category/%E0%A4%AA%E0%A5%8D%E0%A4%B0%E0%A4%A6%E0%A5%87%E0%A4%B6-%E0%A5%AB/page/2/]
in SYSTEMPATH/Router/Router.php on line 768.
 1 SYSTEMPATH/Router/Router.php(219): CodeIgniter\Router\Router->checkDisallowedChars()
 2 SYSTEMPATH/CodeIgniter.php(829): CodeIgniter\Router\Router->handle()
 3 SYSTEMPATH/CodeIgniter.php(441): CodeIgniter\CodeIgniter->tryToRouteIt()
 4 SYSTEMPATH/CodeIgniter.php(340): CodeIgniter\CodeIgniter->handleRequest()
 5 SYSTEMPATH/Boot.php(417): CodeIgniter\CodeIgniter->run()
 6 SYSTEMPATH/Boot.php(68): CodeIgniter\Boot::runCodeIgniter()
 7 FCPATH/index.php(31): CodeIgniter\Boot::bootWeb()
CRITICAL - 2026-05-29 11:53:09 --> CodeIgniter\HTTP\Exceptions\BadRequestException: The URI you submitted has disallowed characters: "प्रदेश-५"
[Method: GET, Route: category/%E0%A4%AA%E0%A5%8D%E0%A4%B0%E0%A4%A6%E0%A5%87%E0%A4%B6-%E0%A5%AB/page/2/]
in SYSTEMPATH/Router/Router.php on line 768.
 1 SYSTEMPATH/Router/Router.php(219): CodeIgniter\Router\Router->checkDisallowedChars()
 2 SYSTEMPATH/CodeIgniter.php(829): CodeIgniter\Router\Router->handle()
 3 SYSTEMPATH/CodeIgniter.php(441): CodeIgniter\CodeIgniter->tryToRouteIt()
 4 SYSTEMPATH/CodeIgniter.php(340): CodeIgniter\CodeIgniter->handleRequest()
 5 SYSTEMPATH/Boot.php(417): CodeIgniter\CodeIgniter->run()
 6 SYSTEMPATH/Boot.php(68): CodeIgniter\Boot::runCodeIgniter()
 7 FCPATH/index.php(31): CodeIgniter\Boot::bootWeb()
CRITICAL - 2026-05-29 11:53:12 --> CodeIgniter\HTTP\Exceptions\BadRequestException: The URI you submitted has disallowed characters: "प्रदेश-५"
[Method: GET, Route: category/%E0%A4%AA%E0%A5%8D%E0%A4%B0%E0%A4%A6%E0%A5%87%E0%A4%B6-%E0%A5%AB/page/3/]
in SYSTEMPATH/Router/Router.php on line 768.
 1 SYSTEMPATH/Router/Router.php(219): CodeIgniter\Router\Router->checkDisallowedChars()
 2 SYSTEMPATH/CodeIgniter.php(829): CodeIgniter\Router\Router->handle()
 3 SYSTEMPATH/CodeIgniter.php(441): CodeIgniter\CodeIgniter->tryToRouteIt()
 4 SYSTEMPATH/CodeIgniter.php(340): CodeIgniter\CodeIgniter->handleRequest()
 5 SYSTEMPATH/Boot.php(417): CodeIgniter\CodeIgniter->run()
 6 SYSTEMPATH/Boot.php(68): CodeIgniter\Boot::runCodeIgniter()
 7 FCPATH/index.php(31): CodeIgniter\Boot::bootWeb()
CRITICAL - 2026-05-29 11:53:14 --> CodeIgniter\HTTP\Exceptions\BadRequestException: The URI you submitted has disallowed characters: "प्रदेश-५"
[Method: GET, Route: category/%E0%A4%AA%E0%A5%8D%E0%A4%B0%E0%A4%A6%E0%A5%87%E0%A4%B6-%E0%A5%AB/page/4/]
in SYSTEMPATH/Router/Router.php on line 768.
 1 SYSTEMPATH/Router/Router.php(219): CodeIgniter\Router\Router->checkDisallowedChars()
 2 SYSTEMPATH/CodeIgniter.php(829): CodeIgniter\Router\Router->handle()
 3 SYSTEMPATH/CodeIgniter.php(441): CodeIgniter\CodeIgniter->tryToRouteIt()
 4 SYSTEMPATH/CodeIgniter.php(340): CodeIgniter\CodeIgniter->handleRequest()
 5 SYSTEMPATH/Boot.php(417): CodeIgniter\CodeIgniter->run()
 6 SYSTEMPATH/Boot.php(68): CodeIgniter\Boot::runCodeIgniter()
 7 FCPATH/index.php(31): CodeIgniter\Boot::bootWeb()
CRITICAL - 2026-05-29 11:53:17 --> CodeIgniter\HTTP\Exceptions\BadRequestException: The URI you submitted has disallowed characters: "प्रदेश-५"
[Method: GET, Route: category/%E0%A4%AA%E0%A5%8D%E0%A4%B0%E0%A4%A6%E0%A5%87%E0%A4%B6-%E0%A5%AB/page/5/]
in SYSTEMPATH/Router/Router.php on line 768.
 1 SYSTEMPATH/Router/Router.php(219): CodeIgniter\Router\Router->checkDisallowedChars()
 2 SYSTEMPATH/CodeIgniter.php(829): CodeIgniter\Router\Router->handle()
 3 SYSTEMPATH/CodeIgniter.php(441): CodeIgniter\CodeIgniter->tryToRouteIt()
 4 SYSTEMPATH/CodeIgniter.php(340): CodeIgniter\CodeIgniter->handleRequest()
 5 SYSTEMPATH/Boot.php(417): CodeIgniter\CodeIgniter->run()
 6 SYSTEMPATH/Boot.php(68): CodeIgniter\Boot::runCodeIgniter()
 7 FCPATH/index.php(31): CodeIgniter\Boot::bootWeb()
CRITICAL - 2026-05-29 11:53:21 --> CodeIgniter\HTTP\Exceptions\BadRequestException: The URI you submitted has disallowed characters: "प्रदेश-५"
[Method: GET, Route: category/%E0%A4%AA%E0%A5%8D%E0%A4%B0%E0%A4%A6%E0%A5%87%E0%A4%B6-%E0%A5%AB/page/6/]
in SYSTEMPATH/Router/Router.php on line 768.
 1 SYSTEMPATH/Router/Router.php(219): CodeIgniter\Router\Router->checkDisallowedChars()
 2 SYSTEMPATH/CodeIgniter.php(829): CodeIgniter\Router\Router->handle()
 3 SYSTEMPATH/CodeIgniter.php(441): CodeIgniter\CodeIgniter->tryToRouteIt()
 4 SYSTEMPATH/CodeIgniter.php(340): CodeIgniter\CodeIgniter->handleRequest()
 5 SYSTEMPATH/Boot.php(417): CodeIgniter\CodeIgniter->run()
 6 SYSTEMPATH/Boot.php(68): CodeIgniter\Boot::runCodeIgniter()
 7 FCPATH/index.php(31): CodeIgniter\Boot::bootWeb()
CRITICAL - 2026-05-29 11:53:24 --> CodeIgniter\HTTP\Exceptions\BadRequestException: The URI you submitted has disallowed characters: "प्रदेश-५"
[Method: GET, Route: category/%E0%A4%AA%E0%A5%8D%E0%A4%B0%E0%A4%A6%E0%A5%87%E0%A4%B6-%E0%A5%AB/page/6/]
in SYSTEMPATH/Router/Router.php on line 768.
 1 SYSTEMPATH/Router/Router.php(219): CodeIgniter\Router\Router->checkDisallowedChars()
 2 SYSTEMPATH/CodeIgniter.php(829): CodeIgniter\Router\Router->handle()
 3 SYSTEMPATH/CodeIgniter.php(441): CodeIgniter\CodeIgniter->tryToRouteIt()
 4 SYSTEMPATH/CodeIgniter.php(340): CodeIgniter\CodeIgniter->handleRequest()
 5 SYSTEMPATH/Boot.php(417): CodeIgniter\CodeIgniter->run()
 6 SYSTEMPATH/Boot.php(68): CodeIgniter\Boot::runCodeIgniter()
 7 FCPATH/index.php(31): CodeIgniter\Boot::bootWeb()
CRITICAL - 2026-05-29 11:53:28 --> CodeIgniter\HTTP\Exceptions\BadRequestException: The URI you submitted has disallowed characters: "प्रदेश-५"
[Method: GET, Route: category/%E0%A4%AA%E0%A5%8D%E0%A4%B0%E0%A4%A6%E0%A5%87%E0%A4%B6-%E0%A5%AB/page/7/]
in SYSTEMPATH/Router/Router.php on line 768.
 1 SYSTEMPATH/Router/Router.php(219): CodeIgniter\Router\Router->checkDisallowedChars()
 2 SYSTEMPATH/CodeIgniter.php(829): CodeIgniter\Router\Router->handle()
 3 SYSTEMPATH/CodeIgniter.php(441): CodeIgniter\CodeIgniter->tryToRouteIt()
 4 SYSTEMPATH/CodeIgniter.php(340): CodeIgniter\CodeIgniter->handleRequest()
 5 SYSTEMPATH/Boot.php(417): CodeIgniter\CodeIgniter->run()
 6 SYSTEMPATH/Boot.php(68): CodeIgniter\Boot::runCodeIgniter()
 7 FCPATH/index.php(31): CodeIgniter\Boot::bootWeb()
CRITICAL - 2026-05-29 11:53:30 --> CodeIgniter\HTTP\Exceptions\BadRequestException: The URI you submitted has disallowed characters: "प्रदेश-५"
[Method: GET, Route: category/%E0%A4%AA%E0%A5%8D%E0%A4%B0%E0%A4%A6%E0%A5%87%E0%A4%B6-%E0%A5%AB/page/7/]
in SYSTEMPATH/Router/Router.php on line 768.
 1 SYSTEMPATH/Router/Router.php(219): CodeIgniter\Router\Router->checkDisallowedChars()
 2 SYSTEMPATH/CodeIgniter.php(829): CodeIgniter\Router\Router->handle()
 3 SYSTEMPATH/CodeIgniter.php(441): CodeIgniter\CodeIgniter->tryToRouteIt()
 4 SYSTEMPATH/CodeIgniter.php(340): CodeIgniter\CodeIgniter->handleRequest()
 5 SYSTEMPATH/Boot.php(417): CodeIgniter\CodeIgniter->run()
 6 SYSTEMPATH/Boot.php(68): CodeIgniter\Boot::runCodeIgniter()
 7 FCPATH/index.php(31): CodeIgniter\Boot::bootWeb()
CRITICAL - 2026-05-29 11:53:33 --> CodeIgniter\HTTP\Exceptions\BadRequestException: The URI you submitted has disallowed characters: "प्रदेश-५"
[Method: GET, Route: category/%E0%A4%AA%E0%A5%8D%E0%A4%B0%E0%A4%A6%E0%A5%87%E0%A4%B6-%E0%A5%AB/page/8/]
in SYSTEMPATH/Router/Router.php on line 768.
 1 SYSTEMPATH/Router/Router.php(219): CodeIgniter\Router\Router->checkDisallowedChars()
 2 SYSTEMPATH/CodeIgniter.php(829): CodeIgniter\Router\Router->handle()
 3 SYSTEMPATH/CodeIgniter.php(441): CodeIgniter\CodeIgniter->tryToRouteIt()
 4 SYSTEMPATH/CodeIgniter.php(340): CodeIgniter\CodeIgniter->handleRequest()
 5 SYSTEMPATH/Boot.php(417): CodeIgniter\CodeIgniter->run()
 6 SYSTEMPATH/Boot.php(68): CodeIgniter\Boot::runCodeIgniter()
 7 FCPATH/index.php(31): CodeIgniter\Boot::bootWeb()
CRITICAL - 2026-05-29 11:53:34 --> CodeIgniter\HTTP\Exceptions\BadRequestException: The URI you submitted has disallowed characters: "बाल"
[Method: GET, Route: tag/%E0%A4%AC%E0%A4%BE%E0%A4%B2/]
in SYSTEMPATH/Router/Router.php on line 768.
 1 SYSTEMPATH/Router/Router.php(219): CodeIgniter\Router\Router->checkDisallowedChars()
 2 SYSTEMPATH/CodeIgniter.php(829): CodeIgniter\Router\Router->handle()
 3 SYSTEMPATH/CodeIgniter.php(441): CodeIgniter\CodeIgniter->tryToRouteIt()
 4 SYSTEMPATH/CodeIgniter.php(340): CodeIgniter\CodeIgniter->handleRequest()
 5 SYSTEMPATH/Boot.php(417): CodeIgniter\CodeIgniter->run()
 6 SYSTEMPATH/Boot.php(68): CodeIgniter\Boot::runCodeIgniter()
 7 FCPATH/index.php(31): CodeIgniter\Boot::bootWeb()
CRITICAL - 2026-05-29 11:53:37 --> CodeIgniter\HTTP\Exceptions\BadRequestException: The URI you submitted has disallowed characters: "प्रदेश-५"
[Method: GET, Route: category/%E0%A4%AA%E0%A5%8D%E0%A4%B0%E0%A4%A6%E0%A5%87%E0%A4%B6-%E0%A5%AB/page/9/]
in SYSTEMPATH/Router/Router.php on line 768.
 1 SYSTEMPATH/Router/Router.php(219): CodeIgniter\Router\Router->checkDisallowedChars()
 2 SYSTEMPATH/CodeIgniter.php(829): CodeIgniter\Router\Router->handle()
 3 SYSTEMPATH/CodeIgniter.php(441): CodeIgniter\CodeIgniter->tryToRouteIt()
 4 SYSTEMPATH/CodeIgniter.php(340): CodeIgniter\CodeIgniter->handleRequest()
 5 SYSTEMPATH/Boot.php(417): CodeIgniter\CodeIgniter->run()
 6 SYSTEMPATH/Boot.php(68): CodeIgniter\Boot::runCodeIgniter()
 7 FCPATH/index.php(31): CodeIgniter\Boot::bootWeb()
CRITICAL - 2026-05-29 11:53:39 --> CodeIgniter\HTTP\Exceptions\BadRequestException: The URI you submitted has disallowed characters: "प्रदेश-५"
[Method: GET, Route: category/%E0%A4%AA%E0%A5%8D%E0%A4%B0%E0%A4%A6%E0%A5%87%E0%A4%B6-%E0%A5%AB/page/9/]
in SYSTEMPATH/Router/Router.php on line 768.
 1 SYSTEMPATH/Router/Router.php(219): CodeIgniter\Router\Router->checkDisallowedChars()
 2 SYSTEMPATH/CodeIgniter.php(829): CodeIgniter\Router\Router->handle()
 3 SYSTEMPATH/CodeIgniter.php(441): CodeIgniter\CodeIgniter->tryToRouteIt()
 4 SYSTEMPATH/CodeIgniter.php(340): CodeIgniter\CodeIgniter->handleRequest()
 5 SYSTEMPATH/Boot.php(417): CodeIgniter\CodeIgniter->run()
 6 SYSTEMPATH/Boot.php(68): CodeIgniter\Boot::runCodeIgniter()
 7 FCPATH/index.php(31): CodeIgniter\Boot::bootWeb()
CRITICAL - 2026-05-29 11:53:42 --> CodeIgniter\HTTP\Exceptions\BadRequestException: The URI you submitted has disallowed characters: "प्रदेश-६"
[Method: GET, Route: category/%E0%A4%AA%E0%A5%8D%E0%A4%B0%E0%A4%A6%E0%A5%87%E0%A4%B6-%E0%A5%AC/]
in SYSTEMPATH/Router/Router.php on line 768.
 1 SYSTEMPATH/Router/Router.php(219): CodeIgniter\Router\Router->checkDisallowedChars()
 2 SYSTEMPATH/CodeIgniter.php(829): CodeIgniter\Router\Router->handle()
 3 SYSTEMPATH/CodeIgniter.php(441): CodeIgniter\CodeIgniter->tryToRouteIt()
 4 SYSTEMPATH/CodeIgniter.php(340): CodeIgniter\CodeIgniter->handleRequest()
 5 SYSTEMPATH/Boot.php(417): CodeIgniter\CodeIgniter->run()
 6 SYSTEMPATH/Boot.php(68): CodeIgniter\Boot::runCodeIgniter()
 7 FCPATH/index.php(31): CodeIgniter\Boot::bootWeb()
CRITICAL - 2026-05-29 11:53:46 --> CodeIgniter\HTTP\Exceptions\BadRequestException: The URI you submitted has disallowed characters: "प्रदेश-६"
[Method: GET, Route: category/%E0%A4%AA%E0%A5%8D%E0%A4%B0%E0%A4%A6%E0%A5%87%E0%A4%B6-%E0%A5%AC/page/2/]
in SYSTEMPATH/Router/Router.php on line 768.
 1 SYSTEMPATH/Router/Router.php(219): CodeIgniter\Router\Router->checkDisallowedChars()
 2 SYSTEMPATH/CodeIgniter.php(829): CodeIgniter\Router\Router->handle()
 3 SYSTEMPATH/CodeIgniter.php(441): CodeIgniter\CodeIgniter->tryToRouteIt()
 4 SYSTEMPATH/CodeIgniter.php(340): CodeIgniter\CodeIgniter->handleRequest()
 5 SYSTEMPATH/Boot.php(417): CodeIgniter\CodeIgniter->run()
 6 SYSTEMPATH/Boot.php(68): CodeIgniter\Boot::runCodeIgniter()
 7 FCPATH/index.php(31): CodeIgniter\Boot::bootWeb()
CRITICAL - 2026-05-29 11:53:48 --> CodeIgniter\HTTP\Exceptions\BadRequestException: The URI you submitted has disallowed characters: "प्रदेश-६"
[Method: GET, Route: category/%E0%A4%AA%E0%A5%8D%E0%A4%B0%E0%A4%A6%E0%A5%87%E0%A4%B6-%E0%A5%AC/page/2/]
in SYSTEMPATH/Router/Router.php on line 768.
 1 SYSTEMPATH/Router/Router.php(219): CodeIgniter\Router\Router->checkDisallowedChars()
 2 SYSTEMPATH/CodeIgniter.php(829): CodeIgniter\Router\Router->handle()
 3 SYSTEMPATH/CodeIgniter.php(441): CodeIgniter\CodeIgniter->tryToRouteIt()
 4 SYSTEMPATH/CodeIgniter.php(340): CodeIgniter\CodeIgniter->handleRequest()
 5 SYSTEMPATH/Boot.php(417): CodeIgniter\CodeIgniter->run()
 6 SYSTEMPATH/Boot.php(68): CodeIgniter\Boot::runCodeIgniter()
 7 FCPATH/index.php(31): CodeIgniter\Boot::bootWeb()
CRITICAL - 2026-05-29 11:53:51 --> CodeIgniter\HTTP\Exceptions\BadRequestException: The URI you submitted has disallowed characters: "प्रदेश-६"
[Method: GET, Route: category/%E0%A4%AA%E0%A5%8D%E0%A4%B0%E0%A4%A6%E0%A5%87%E0%A4%B6-%E0%A5%AC/page/3/]
in SYSTEMPATH/Router/Router.php on line 768.
 1 SYSTEMPATH/Router/Router.php(219): CodeIgniter\Router\Router->checkDisallowedChars()
 2 SYSTEMPATH/CodeIgniter.php(829): CodeIgniter\Router\Router->handle()
 3 SYSTEMPATH/CodeIgniter.php(441): CodeIgniter\CodeIgniter->tryToRouteIt()
 4 SYSTEMPATH/CodeIgniter.php(340): CodeIgniter\CodeIgniter->handleRequest()
 5 SYSTEMPATH/Boot.php(417): CodeIgniter\CodeIgniter->run()
 6 SYSTEMPATH/Boot.php(68): CodeIgniter\Boot::runCodeIgniter()
 7 FCPATH/index.php(31): CodeIgniter\Boot::bootWeb()
CRITICAL - 2026-05-29 11:53:55 --> CodeIgniter\HTTP\Exceptions\BadRequestException: The URI you submitted has disallowed characters: "प्रदेश-६"
[Method: GET, Route: category/%E0%A4%AA%E0%A5%8D%E0%A4%B0%E0%A4%A6%E0%A5%87%E0%A4%B6-%E0%A5%AC/page/4/]
in SYSTEMPATH/Router/Router.php on line 768.
 1 SYSTEMPATH/Router/Router.php(219): CodeIgniter\Router\Router->checkDisallowedChars()
 2 SYSTEMPATH/CodeIgniter.php(829): CodeIgniter\Router\Router->handle()
 3 SYSTEMPATH/CodeIgniter.php(441): CodeIgniter\CodeIgniter->tryToRouteIt()
 4 SYSTEMPATH/CodeIgniter.php(340): CodeIgniter\CodeIgniter->handleRequest()
 5 SYSTEMPATH/Boot.php(417): CodeIgniter\CodeIgniter->run()
 6 SYSTEMPATH/Boot.php(68): CodeIgniter\Boot::runCodeIgniter()
 7 FCPATH/index.php(31): CodeIgniter\Boot::bootWeb()
CRITICAL - 2026-05-29 11:53:58 --> CodeIgniter\HTTP\Exceptions\BadRequestException: The URI you submitted has disallowed characters: "प्रदेश-६"
[Method: GET, Route: category/%E0%A4%AA%E0%A5%8D%E0%A4%B0%E0%A4%A6%E0%A5%87%E0%A4%B6-%E0%A5%AC/page/4/]
in SYSTEMPATH/Router/Router.php on line 768.
 1 SYSTEMPATH/Router/Router.php(219): CodeIgniter\Router\Router->checkDisallowedChars()
 2 SYSTEMPATH/CodeIgniter.php(829): CodeIgniter\Router\Router->handle()
 3 SYSTEMPATH/CodeIgniter.php(441): CodeIgniter\CodeIgniter->tryToRouteIt()
 4 SYSTEMPATH/CodeIgniter.php(340): CodeIgniter\CodeIgniter->handleRequest()
 5 SYSTEMPATH/Boot.php(417): CodeIgniter\CodeIgniter->run()
 6 SYSTEMPATH/Boot.php(68): CodeIgniter\Boot::runCodeIgniter()
 7 FCPATH/index.php(31): CodeIgniter\Boot::bootWeb()
CRITICAL - 2026-05-29 11:54:00 --> CodeIgniter\HTTP\Exceptions\BadRequestException: The URI you submitted has disallowed characters: "प्रदेश-६"
[Method: GET, Route: category/%E0%A4%AA%E0%A5%8D%E0%A4%B0%E0%A4%A6%E0%A5%87%E0%A4%B6-%E0%A5%AC/page/5/]
in SYSTEMPATH/Router/Router.php on line 768.
 1 SYSTEMPATH/Router/Router.php(219): CodeIgniter\Router\Router->checkDisallowedChars()
 2 SYSTEMPATH/CodeIgniter.php(829): CodeIgniter\Router\Router->handle()
 3 SYSTEMPATH/CodeIgniter.php(441): CodeIgniter\CodeIgniter->tryToRouteIt()
 4 SYSTEMPATH/CodeIgniter.php(340): CodeIgniter\CodeIgniter->handleRequest()
 5 SYSTEMPATH/Boot.php(417): CodeIgniter\CodeIgniter->run()
 6 SYSTEMPATH/Boot.php(68): CodeIgniter\Boot::runCodeIgniter()
 7 FCPATH/index.php(31): CodeIgniter\Boot::bootWeb()
CRITICAL - 2026-05-29 11:54:03 --> CodeIgniter\HTTP\Exceptions\BadRequestException: The URI you submitted has disallowed characters: "प्रदेश-६"
[Method: GET, Route: category/%E0%A4%AA%E0%A5%8D%E0%A4%B0%E0%A4%A6%E0%A5%87%E0%A4%B6-%E0%A5%AC/page/6/]
in SYSTEMPATH/Router/Router.php on line 768.
 1 SYSTEMPATH/Router/Router.php(219): CodeIgniter\Router\Router->checkDisallowedChars()
 2 SYSTEMPATH/CodeIgniter.php(829): CodeIgniter\Router\Router->handle()
 3 SYSTEMPATH/CodeIgniter.php(441): CodeIgniter\CodeIgniter->tryToRouteIt()
 4 SYSTEMPATH/CodeIgniter.php(340): CodeIgniter\CodeIgniter->handleRequest()
 5 SYSTEMPATH/Boot.php(417): CodeIgniter\CodeIgniter->run()
 6 SYSTEMPATH/Boot.php(68): CodeIgniter\Boot::runCodeIgniter()
 7 FCPATH/index.php(31): CodeIgniter\Boot::bootWeb()
CRITICAL - 2026-05-29 11:54:05 --> CodeIgniter\HTTP\Exceptions\BadRequestException: The URI you submitted has disallowed characters: "प्रदेश-६"
[Method: GET, Route: category/%E0%A4%AA%E0%A5%8D%E0%A4%B0%E0%A4%A6%E0%A5%87%E0%A4%B6-%E0%A5%AC/page/7/]
in SYSTEMPATH/Router/Router.php on line 768.
 1 SYSTEMPATH/Router/Router.php(219): CodeIgniter\Router\Router->checkDisallowedChars()
 2 SYSTEMPATH/CodeIgniter.php(829): CodeIgniter\Router\Router->handle()
 3 SYSTEMPATH/CodeIgniter.php(441): CodeIgniter\CodeIgniter->tryToRouteIt()
 4 SYSTEMPATH/CodeIgniter.php(340): CodeIgniter\CodeIgniter->handleRequest()
 5 SYSTEMPATH/Boot.php(417): CodeIgniter\CodeIgniter->run()
 6 SYSTEMPATH/Boot.php(68): CodeIgniter\Boot::runCodeIgniter()
 7 FCPATH/index.php(31): CodeIgniter\Boot::bootWeb()
CRITICAL - 2026-05-29 11:54:07 --> CodeIgniter\HTTP\Exceptions\BadRequestException: The URI you submitted has disallowed characters: "प्रदेश-६"
[Method: GET, Route: category/%E0%A4%AA%E0%A5%8D%E0%A4%B0%E0%A4%A6%E0%A5%87%E0%A4%B6-%E0%A5%AC/page/8/]
in SYSTEMPATH/Router/Router.php on line 768.
 1 SYSTEMPATH/Router/Router.php(219): CodeIgniter\Router\Router->checkDisallowedChars()
 2 SYSTEMPATH/CodeIgniter.php(829): CodeIgniter\Router\Router->handle()
 3 SYSTEMPATH/CodeIgniter.php(441): CodeIgniter\CodeIgniter->tryToRouteIt()
 4 SYSTEMPATH/CodeIgniter.php(340): CodeIgniter\CodeIgniter->handleRequest()
 5 SYSTEMPATH/Boot.php(417): CodeIgniter\CodeIgniter->run()
 6 SYSTEMPATH/Boot.php(68): CodeIgniter\Boot::runCodeIgniter()
 7 FCPATH/index.php(31): CodeIgniter\Boot::bootWeb()
CRITICAL - 2026-05-29 11:54:10 --> CodeIgniter\HTTP\Exceptions\BadRequestException: The URI you submitted has disallowed characters: "प्रदेश-६"
[Method: GET, Route: category/%E0%A4%AA%E0%A5%8D%E0%A4%B0%E0%A4%A6%E0%A5%87%E0%A4%B6-%E0%A5%AC/page/9/]
in SYSTEMPATH/Router/Router.php on line 768.
 1 SYSTEMPATH/Router/Router.php(219): CodeIgniter\Router\Router->checkDisallowedChars()
 2 SYSTEMPATH/CodeIgniter.php(829): CodeIgniter\Router\Router->handle()
 3 SYSTEMPATH/CodeIgniter.php(441): CodeIgniter\CodeIgniter->tryToRouteIt()
 4 SYSTEMPATH/CodeIgniter.php(340): CodeIgniter\CodeIgniter->handleRequest()
 5 SYSTEMPATH/Boot.php(417): CodeIgniter\CodeIgniter->run()
 6 SYSTEMPATH/Boot.php(68): CodeIgniter\Boot::runCodeIgniter()
 7 FCPATH/index.php(31): CodeIgniter\Boot::bootWeb()
CRITICAL - 2026-05-29 11:54:12 --> CodeIgniter\HTTP\Exceptions\BadRequestException: The URI you submitted has disallowed characters: "प्रदेश-७"
[Method: GET, Route: category/%E0%A4%AA%E0%A5%8D%E0%A4%B0%E0%A4%A6%E0%A5%87%E0%A4%B6-%E0%A5%AD/]
in SYSTEMPATH/Router/Router.php on line 768.
 1 SYSTEMPATH/Router/Router.php(219): CodeIgniter\Router\Router->checkDisallowedChars()
 2 SYSTEMPATH/CodeIgniter.php(829): CodeIgniter\Router\Router->handle()
 3 SYSTEMPATH/CodeIgniter.php(441): CodeIgniter\CodeIgniter->tryToRouteIt()
 4 SYSTEMPATH/CodeIgniter.php(340): CodeIgniter\CodeIgniter->handleRequest()
 5 SYSTEMPATH/Boot.php(417): CodeIgniter\CodeIgniter->run()
 6 SYSTEMPATH/Boot.php(68): CodeIgniter\Boot::runCodeIgniter()
 7 FCPATH/index.php(31): CodeIgniter\Boot::bootWeb()
CRITICAL - 2026-05-29 11:54:15 --> CodeIgniter\HTTP\Exceptions\BadRequestException: The URI you submitted has disallowed characters: "प्रदेश-७"
[Method: GET, Route: category/%E0%A4%AA%E0%A5%8D%E0%A4%B0%E0%A4%A6%E0%A5%87%E0%A4%B6-%E0%A5%AD/page/2/]
in SYSTEMPATH/Router/Router.php on line 768.
 1 SYSTEMPATH/Router/Router.php(219): CodeIgniter\Router\Router->checkDisallowedChars()
 2 SYSTEMPATH/CodeIgniter.php(829): CodeIgniter\Router\Router->handle()
 3 SYSTEMPATH/CodeIgniter.php(441): CodeIgniter\CodeIgniter->tryToRouteIt()
 4 SYSTEMPATH/CodeIgniter.php(340): CodeIgniter\CodeIgniter->handleRequest()
 5 SYSTEMPATH/Boot.php(417): CodeIgniter\CodeIgniter->run()
 6 SYSTEMPATH/Boot.php(68): CodeIgniter\Boot::runCodeIgniter()
 7 FCPATH/index.php(31): CodeIgniter\Boot::bootWeb()
CRITICAL - 2026-05-29 11:54:17 --> CodeIgniter\HTTP\Exceptions\BadRequestException: The URI you submitted has disallowed characters: "प्रदेश-७"
[Method: GET, Route: category/%E0%A4%AA%E0%A5%8D%E0%A4%B0%E0%A4%A6%E0%A5%87%E0%A4%B6-%E0%A5%AD/page/3/]
in SYSTEMPATH/Router/Router.php on line 768.
 1 SYSTEMPATH/Router/Router.php(219): CodeIgniter\Router\Router->checkDisallowedChars()
 2 SYSTEMPATH/CodeIgniter.php(829): CodeIgniter\Router\Router->handle()
 3 SYSTEMPATH/CodeIgniter.php(441): CodeIgniter\CodeIgniter->tryToRouteIt()
 4 SYSTEMPATH/CodeIgniter.php(340): CodeIgniter\CodeIgniter->handleRequest()
 5 SYSTEMPATH/Boot.php(417): CodeIgniter\CodeIgniter->run()
 6 SYSTEMPATH/Boot.php(68): CodeIgniter\Boot::runCodeIgniter()
 7 FCPATH/index.php(31): CodeIgniter\Boot::bootWeb()
CRITICAL - 2026-05-29 11:54:20 --> CodeIgniter\HTTP\Exceptions\BadRequestException: The URI you submitted has disallowed characters: "प्रदेश-७"
[Method: GET, Route: category/%E0%A4%AA%E0%A5%8D%E0%A4%B0%E0%A4%A6%E0%A5%87%E0%A4%B6-%E0%A5%AD/page/4/]
in SYSTEMPATH/Router/Router.php on line 768.
 1 SYSTEMPATH/Router/Router.php(219): CodeIgniter\Router\Router->checkDisallowedChars()
 2 SYSTEMPATH/CodeIgniter.php(829): CodeIgniter\Router\Router->handle()
 3 SYSTEMPATH/CodeIgniter.php(441): CodeIgniter\CodeIgniter->tryToRouteIt()
 4 SYSTEMPATH/CodeIgniter.php(340): CodeIgniter\CodeIgniter->handleRequest()
 5 SYSTEMPATH/Boot.php(417): CodeIgniter\CodeIgniter->run()
 6 SYSTEMPATH/Boot.php(68): CodeIgniter\Boot::runCodeIgniter()
 7 FCPATH/index.php(31): CodeIgniter\Boot::bootWeb()
CRITICAL - 2026-05-29 11:54:22 --> CodeIgniter\HTTP\Exceptions\BadRequestException: The URI you submitted has disallowed characters: "प्रदेश-७"
[Method: GET, Route: category/%E0%A4%AA%E0%A5%8D%E0%A4%B0%E0%A4%A6%E0%A5%87%E0%A4%B6-%E0%A5%AD/page/5/]
in SYSTEMPATH/Router/Router.php on line 768.
 1 SYSTEMPATH/Router/Router.php(219): CodeIgniter\Router\Router->checkDisallowedChars()
 2 SYSTEMPATH/CodeIgniter.php(829): CodeIgniter\Router\Router->handle()
 3 SYSTEMPATH/CodeIgniter.php(441): CodeIgniter\CodeIgniter->tryToRouteIt()
 4 SYSTEMPATH/CodeIgniter.php(340): CodeIgniter\CodeIgniter->handleRequest()
 5 SYSTEMPATH/Boot.php(417): CodeIgniter\CodeIgniter->run()
 6 SYSTEMPATH/Boot.php(68): CodeIgniter\Boot::runCodeIgniter()
 7 FCPATH/index.php(31): CodeIgniter\Boot::bootWeb()
CRITICAL - 2026-05-29 11:54:25 --> CodeIgniter\HTTP\Exceptions\BadRequestException: The URI you submitted has disallowed characters: "प्रदेश-७"
[Method: GET, Route: category/%E0%A4%AA%E0%A5%8D%E0%A4%B0%E0%A4%A6%E0%A5%87%E0%A4%B6-%E0%A5%AD/page/6/]
in SYSTEMPATH/Router/Router.php on line 768.
 1 SYSTEMPATH/Router/Router.php(219): CodeIgniter\Router\Router->checkDisallowedChars()
 2 SYSTEMPATH/CodeIgniter.php(829): CodeIgniter\Router\Router->handle()
 3 SYSTEMPATH/CodeIgniter.php(441): CodeIgniter\CodeIgniter->tryToRouteIt()
 4 SYSTEMPATH/CodeIgniter.php(340): CodeIgniter\CodeIgniter->handleRequest()
 5 SYSTEMPATH/Boot.php(417): CodeIgniter\CodeIgniter->run()
 6 SYSTEMPATH/Boot.php(68): CodeIgniter\Boot::runCodeIgniter()
 7 FCPATH/index.php(31): CodeIgniter\Boot::bootWeb()
CRITICAL - 2026-05-29 11:54:27 --> CodeIgniter\HTTP\Exceptions\BadRequestException: The URI you submitted has disallowed characters: "प्रदेश-७"
[Method: GET, Route: category/%E0%A4%AA%E0%A5%8D%E0%A4%B0%E0%A4%A6%E0%A5%87%E0%A4%B6-%E0%A5%AD/page/7/]
in SYSTEMPATH/Router/Router.php on line 768.
 1 SYSTEMPATH/Router/Router.php(219): CodeIgniter\Router\Router->checkDisallowedChars()
 2 SYSTEMPATH/CodeIgniter.php(829): CodeIgniter\Router\Router->handle()
 3 SYSTEMPATH/CodeIgniter.php(441): CodeIgniter\CodeIgniter->tryToRouteIt()
 4 SYSTEMPATH/CodeIgniter.php(340): CodeIgniter\CodeIgniter->handleRequest()
 5 SYSTEMPATH/Boot.php(417): CodeIgniter\CodeIgniter->run()
 6 SYSTEMPATH/Boot.php(68): CodeIgniter\Boot::runCodeIgniter()
 7 FCPATH/index.php(31): CodeIgniter\Boot::bootWeb()
CRITICAL - 2026-05-29 11:54:30 --> CodeIgniter\HTTP\Exceptions\BadRequestException: The URI you submitted has disallowed characters: "प्रदेश-७"
[Method: GET, Route: category/%E0%A4%AA%E0%A5%8D%E0%A4%B0%E0%A4%A6%E0%A5%87%E0%A4%B6-%E0%A5%AD/page/8/]
in SYSTEMPATH/Router/Router.php on line 768.
 1 SYSTEMPATH/Router/Router.php(219): CodeIgniter\Router\Router->checkDisallowedChars()
 2 SYSTEMPATH/CodeIgniter.php(829): CodeIgniter\Router\Router->handle()
 3 SYSTEMPATH/CodeIgniter.php(441): CodeIgniter\CodeIgniter->tryToRouteIt()
 4 SYSTEMPATH/CodeIgniter.php(340): CodeIgniter\CodeIgniter->handleRequest()
 5 SYSTEMPATH/Boot.php(417): CodeIgniter\CodeIgniter->run()
 6 SYSTEMPATH/Boot.php(68): CodeIgniter\Boot::runCodeIgniter()
 7 FCPATH/index.php(31): CodeIgniter\Boot::bootWeb()
CRITICAL - 2026-05-29 11:54:32 --> CodeIgniter\HTTP\Exceptions\BadRequestException: The URI you submitted has disallowed characters: "प्रदेश-७"
[Method: GET, Route: category/%E0%A4%AA%E0%A5%8D%E0%A4%B0%E0%A4%A6%E0%A5%87%E0%A4%B6-%E0%A5%AD/page/9/]
in SYSTEMPATH/Router/Router.php on line 768.
 1 SYSTEMPATH/Router/Router.php(219): CodeIgniter\Router\Router->checkDisallowedChars()
 2 SYSTEMPATH/CodeIgniter.php(829): CodeIgniter\Router\Router->handle()
 3 SYSTEMPATH/CodeIgniter.php(441): CodeIgniter\CodeIgniter->tryToRouteIt()
 4 SYSTEMPATH/CodeIgniter.php(340): CodeIgniter\CodeIgniter->handleRequest()
 5 SYSTEMPATH/Boot.php(417): CodeIgniter\CodeIgniter->run()
 6 SYSTEMPATH/Boot.php(68): CodeIgniter\Boot::runCodeIgniter()
 7 FCPATH/index.php(31): CodeIgniter\Boot::bootWeb()
CRITICAL - 2026-05-29 11:54:35 --> CodeIgniter\HTTP\Exceptions\BadRequestException: The URI you submitted has disallowed characters: "प्रमुख-समाचार"
[Method: GET, Route: category/%E0%A4%AA%E0%A5%8D%E0%A4%B0%E0%A4%AE%E0%A5%81%E0%A4%96-%E0%A4%B8%E0%A4%AE%E0%A4%BE%E0%A4%9A%E0%A4%BE%E0%A4%B0/]
in SYSTEMPATH/Router/Router.php on line 768.
 1 SYSTEMPATH/Router/Router.php(219): CodeIgniter\Router\Router->checkDisallowedChars()
 2 SYSTEMPATH/CodeIgniter.php(829): CodeIgniter\Router\Router->handle()
 3 SYSTEMPATH/CodeIgniter.php(441): CodeIgniter\CodeIgniter->tryToRouteIt()
 4 SYSTEMPATH/CodeIgniter.php(340): CodeIgniter\CodeIgniter->handleRequest()
 5 SYSTEMPATH/Boot.php(417): CodeIgniter\CodeIgniter->run()
 6 SYSTEMPATH/Boot.php(68): CodeIgniter\Boot::runCodeIgniter()
 7 FCPATH/index.php(31): CodeIgniter\Boot::bootWeb()
CRITICAL - 2026-05-29 11:54:37 --> CodeIgniter\HTTP\Exceptions\BadRequestException: The URI you submitted has disallowed characters: "प्रमुख-समाचार"
[Method: GET, Route: category/%E0%A4%AA%E0%A5%8D%E0%A4%B0%E0%A4%AE%E0%A5%81%E0%A4%96-%E0%A4%B8%E0%A4%AE%E0%A4%BE%E0%A4%9A%E0%A4%BE%E0%A4%B0/page/10/]
in SYSTEMPATH/Router/Router.php on line 768.
 1 SYSTEMPATH/Router/Router.php(219): CodeIgniter\Router\Router->checkDisallowedChars()
 2 SYSTEMPATH/CodeIgniter.php(829): CodeIgniter\Router\Router->handle()
 3 SYSTEMPATH/CodeIgniter.php(441): CodeIgniter\CodeIgniter->tryToRouteIt()
 4 SYSTEMPATH/CodeIgniter.php(340): CodeIgniter\CodeIgniter->handleRequest()
 5 SYSTEMPATH/Boot.php(417): CodeIgniter\CodeIgniter->run()
 6 SYSTEMPATH/Boot.php(68): CodeIgniter\Boot::runCodeIgniter()
 7 FCPATH/index.php(31): CodeIgniter\Boot::bootWeb()
CRITICAL - 2026-05-29 11:54:39 --> CodeIgniter\HTTP\Exceptions\BadRequestException: The URI you submitted has disallowed characters: "प्रमुख-समाचार"
[Method: GET, Route: category/%E0%A4%AA%E0%A5%8D%E0%A4%B0%E0%A4%AE%E0%A5%81%E0%A4%96-%E0%A4%B8%E0%A4%AE%E0%A4%BE%E0%A4%9A%E0%A4%BE%E0%A4%B0/page/11/]
in SYSTEMPATH/Router/Router.php on line 768.
 1 SYSTEMPATH/Router/Router.php(219): CodeIgniter\Router\Router->checkDisallowedChars()
 2 SYSTEMPATH/CodeIgniter.php(829): CodeIgniter\Router\Router->handle()
 3 SYSTEMPATH/CodeIgniter.php(441): CodeIgniter\CodeIgniter->tryToRouteIt()
 4 SYSTEMPATH/CodeIgniter.php(340): CodeIgniter\CodeIgniter->handleRequest()
 5 SYSTEMPATH/Boot.php(417): CodeIgniter\CodeIgniter->run()
 6 SYSTEMPATH/Boot.php(68): CodeIgniter\Boot::runCodeIgniter()
 7 FCPATH/index.php(31): CodeIgniter\Boot::bootWeb()
CRITICAL - 2026-05-29 11:54:42 --> CodeIgniter\HTTP\Exceptions\BadRequestException: The URI you submitted has disallowed characters: "प्रमुख-समाचार"
[Method: GET, Route: category/%E0%A4%AA%E0%A5%8D%E0%A4%B0%E0%A4%AE%E0%A5%81%E0%A4%96-%E0%A4%B8%E0%A4%AE%E0%A4%BE%E0%A4%9A%E0%A4%BE%E0%A4%B0/page/12/]
in SYSTEMPATH/Router/Router.php on line 768.
 1 SYSTEMPATH/Router/Router.php(219): CodeIgniter\Router\Router->checkDisallowedChars()
 2 SYSTEMPATH/CodeIgniter.php(829): CodeIgniter\Router\Router->handle()
 3 SYSTEMPATH/CodeIgniter.php(441): CodeIgniter\CodeIgniter->tryToRouteIt()
 4 SYSTEMPATH/CodeIgniter.php(340): CodeIgniter\CodeIgniter->handleRequest()
 5 SYSTEMPATH/Boot.php(417): CodeIgniter\CodeIgniter->run()
 6 SYSTEMPATH/Boot.php(68): CodeIgniter\Boot::runCodeIgniter()
 7 FCPATH/index.php(31): CodeIgniter\Boot::bootWeb()
CRITICAL - 2026-05-29 11:54:44 --> CodeIgniter\HTTP\Exceptions\BadRequestException: The URI you submitted has disallowed characters: "प्रमुख-समाचार"
[Method: GET, Route: category/%E0%A4%AA%E0%A5%8D%E0%A4%B0%E0%A4%AE%E0%A5%81%E0%A4%96-%E0%A4%B8%E0%A4%AE%E0%A4%BE%E0%A4%9A%E0%A4%BE%E0%A4%B0/page/13/]
in SYSTEMPATH/Router/Router.php on line 768.
 1 SYSTEMPATH/Router/Router.php(219): CodeIgniter\Router\Router->checkDisallowedChars()
 2 SYSTEMPATH/CodeIgniter.php(829): CodeIgniter\Router\Router->handle()
 3 SYSTEMPATH/CodeIgniter.php(441): CodeIgniter\CodeIgniter->tryToRouteIt()
 4 SYSTEMPATH/CodeIgniter.php(340): CodeIgniter\CodeIgniter->handleRequest()
 5 SYSTEMPATH/Boot.php(417): CodeIgniter\CodeIgniter->run()
 6 SYSTEMPATH/Boot.php(68): CodeIgniter\Boot::runCodeIgniter()
 7 FCPATH/index.php(31): CodeIgniter\Boot::bootWeb()
CRITICAL - 2026-05-29 11:54:46 --> CodeIgniter\HTTP\Exceptions\BadRequestException: The URI you submitted has disallowed characters: "प्रमुख-समाचार"
[Method: GET, Route: category/%E0%A4%AA%E0%A5%8D%E0%A4%B0%E0%A4%AE%E0%A5%81%E0%A4%96-%E0%A4%B8%E0%A4%AE%E0%A4%BE%E0%A4%9A%E0%A4%BE%E0%A4%B0/page/2/]
in SYSTEMPATH/Router/Router.php on line 768.
 1 SYSTEMPATH/Router/Router.php(219): CodeIgniter\Router\Router->checkDisallowedChars()
 2 SYSTEMPATH/CodeIgniter.php(829): CodeIgniter\Router\Router->handle()
 3 SYSTEMPATH/CodeIgniter.php(441): CodeIgniter\CodeIgniter->tryToRouteIt()
 4 SYSTEMPATH/CodeIgniter.php(340): CodeIgniter\CodeIgniter->handleRequest()
 5 SYSTEMPATH/Boot.php(417): CodeIgniter\CodeIgniter->run()
 6 SYSTEMPATH/Boot.php(68): CodeIgniter\Boot::runCodeIgniter()
 7 FCPATH/index.php(31): CodeIgniter\Boot::bootWeb()
CRITICAL - 2026-05-29 11:54:49 --> CodeIgniter\HTTP\Exceptions\BadRequestException: The URI you submitted has disallowed characters: "प्रमुख-समाचार"
[Method: GET, Route: category/%E0%A4%AA%E0%A5%8D%E0%A4%B0%E0%A4%AE%E0%A5%81%E0%A4%96-%E0%A4%B8%E0%A4%AE%E0%A4%BE%E0%A4%9A%E0%A4%BE%E0%A4%B0/page/3/]
in SYSTEMPATH/Router/Router.php on line 768.
 1 SYSTEMPATH/Router/Router.php(219): CodeIgniter\Router\Router->checkDisallowedChars()
 2 SYSTEMPATH/CodeIgniter.php(829): CodeIgniter\Router\Router->handle()
 3 SYSTEMPATH/CodeIgniter.php(441): CodeIgniter\CodeIgniter->tryToRouteIt()
 4 SYSTEMPATH/CodeIgniter.php(340): CodeIgniter\CodeIgniter->handleRequest()
 5 SYSTEMPATH/Boot.php(417): CodeIgniter\CodeIgniter->run()
 6 SYSTEMPATH/Boot.php(68): CodeIgniter\Boot::runCodeIgniter()
 7 FCPATH/index.php(31): CodeIgniter\Boot::bootWeb()
CRITICAL - 2026-05-29 11:54:52 --> CodeIgniter\HTTP\Exceptions\BadRequestException: The URI you submitted has disallowed characters: "प्रमुख-समाचार"
[Method: GET, Route: category/%E0%A4%AA%E0%A5%8D%E0%A4%B0%E0%A4%AE%E0%A5%81%E0%A4%96-%E0%A4%B8%E0%A4%AE%E0%A4%BE%E0%A4%9A%E0%A4%BE%E0%A4%B0/page/4/]
in SYSTEMPATH/Router/Router.php on line 768.
 1 SYSTEMPATH/Router/Router.php(219): CodeIgniter\Router\Router->checkDisallowedChars()
 2 SYSTEMPATH/CodeIgniter.php(829): CodeIgniter\Router\Router->handle()
 3 SYSTEMPATH/CodeIgniter.php(441): CodeIgniter\CodeIgniter->tryToRouteIt()
 4 SYSTEMPATH/CodeIgniter.php(340): CodeIgniter\CodeIgniter->handleRequest()
 5 SYSTEMPATH/Boot.php(417): CodeIgniter\CodeIgniter->run()
 6 SYSTEMPATH/Boot.php(68): CodeIgniter\Boot::runCodeIgniter()
 7 FCPATH/index.php(31): CodeIgniter\Boot::bootWeb()
CRITICAL - 2026-05-29 11:54:54 --> CodeIgniter\HTTP\Exceptions\BadRequestException: The URI you submitted has disallowed characters: "प्रमुख-समाचार"
[Method: GET, Route: category/%E0%A4%AA%E0%A5%8D%E0%A4%B0%E0%A4%AE%E0%A5%81%E0%A4%96-%E0%A4%B8%E0%A4%AE%E0%A4%BE%E0%A4%9A%E0%A4%BE%E0%A4%B0/page/5/]
in SYSTEMPATH/Router/Router.php on line 768.
 1 SYSTEMPATH/Router/Router.php(219): CodeIgniter\Router\Router->checkDisallowedChars()
 2 SYSTEMPATH/CodeIgniter.php(829): CodeIgniter\Router\Router->handle()
 3 SYSTEMPATH/CodeIgniter.php(441): CodeIgniter\CodeIgniter->tryToRouteIt()
 4 SYSTEMPATH/CodeIgniter.php(340): CodeIgniter\CodeIgniter->handleRequest()
 5 SYSTEMPATH/Boot.php(417): CodeIgniter\CodeIgniter->run()
 6 SYSTEMPATH/Boot.php(68): CodeIgniter\Boot::runCodeIgniter()
 7 FCPATH/index.php(31): CodeIgniter\Boot::bootWeb()
CRITICAL - 2026-05-29 11:54:56 --> CodeIgniter\HTTP\Exceptions\BadRequestException: The URI you submitted has disallowed characters: "प्रमुख-समाचार"
[Method: GET, Route: category/%E0%A4%AA%E0%A5%8D%E0%A4%B0%E0%A4%AE%E0%A5%81%E0%A4%96-%E0%A4%B8%E0%A4%AE%E0%A4%BE%E0%A4%9A%E0%A4%BE%E0%A4%B0/page/6/]
in SYSTEMPATH/Router/Router.php on line 768.
 1 SYSTEMPATH/Router/Router.php(219): CodeIgniter\Router\Router->checkDisallowedChars()
 2 SYSTEMPATH/CodeIgniter.php(829): CodeIgniter\Router\Router->handle()
 3 SYSTEMPATH/CodeIgniter.php(441): CodeIgniter\CodeIgniter->tryToRouteIt()
 4 SYSTEMPATH/CodeIgniter.php(340): CodeIgniter\CodeIgniter->handleRequest()
 5 SYSTEMPATH/Boot.php(417): CodeIgniter\CodeIgniter->run()
 6 SYSTEMPATH/Boot.php(68): CodeIgniter\Boot::runCodeIgniter()
 7 FCPATH/index.php(31): CodeIgniter\Boot::bootWeb()
CRITICAL - 2026-05-29 11:54:59 --> CodeIgniter\HTTP\Exceptions\BadRequestException: The URI you submitted has disallowed characters: "प्रमुख-समाचार"
[Method: GET, Route: category/%E0%A4%AA%E0%A5%8D%E0%A4%B0%E0%A4%AE%E0%A5%81%E0%A4%96-%E0%A4%B8%E0%A4%AE%E0%A4%BE%E0%A4%9A%E0%A4%BE%E0%A4%B0/page/9/]
in SYSTEMPATH/Router/Router.php on line 768.
 1 SYSTEMPATH/Router/Router.php(219): CodeIgniter\Router\Router->checkDisallowedChars()
 2 SYSTEMPATH/CodeIgniter.php(829): CodeIgniter\Router\Router->handle()
 3 SYSTEMPATH/CodeIgniter.php(441): CodeIgniter\CodeIgniter->tryToRouteIt()
 4 SYSTEMPATH/CodeIgniter.php(340): CodeIgniter\CodeIgniter->handleRequest()
 5 SYSTEMPATH/Boot.php(417): CodeIgniter\CodeIgniter->run()
 6 SYSTEMPATH/Boot.php(68): CodeIgniter\Boot::runCodeIgniter()
 7 FCPATH/index.php(31): CodeIgniter\Boot::bootWeb()
CRITICAL - 2026-05-29 11:55:02 --> CodeIgniter\HTTP\Exceptions\BadRequestException: The URI you submitted has disallowed characters: "मनोरञ्जन"
[Method: GET, Route: category/%E0%A4%AE%E0%A4%A8%E0%A5%8B%E0%A4%B0%E0%A4%9E%E0%A5%8D%E0%A4%9C%E0%A4%A8/]
in SYSTEMPATH/Router/Router.php on line 768.
 1 SYSTEMPATH/Router/Router.php(219): CodeIgniter\Router\Router->checkDisallowedChars()
 2 SYSTEMPATH/CodeIgniter.php(829): CodeIgniter\Router\Router->handle()
 3 SYSTEMPATH/CodeIgniter.php(441): CodeIgniter\CodeIgniter->tryToRouteIt()
 4 SYSTEMPATH/CodeIgniter.php(340): CodeIgniter\CodeIgniter->handleRequest()
 5 SYSTEMPATH/Boot.php(417): CodeIgniter\CodeIgniter->run()
 6 SYSTEMPATH/Boot.php(68): CodeIgniter\Boot::runCodeIgniter()
 7 FCPATH/index.php(31): CodeIgniter\Boot::bootWeb()
CRITICAL - 2026-05-29 11:55:05 --> CodeIgniter\HTTP\Exceptions\BadRequestException: The URI you submitted has disallowed characters: "मनोरञ्जन"
[Method: GET, Route: category/%E0%A4%AE%E0%A4%A8%E0%A5%8B%E0%A4%B0%E0%A4%9E%E0%A5%8D%E0%A4%9C%E0%A4%A8/page/2/]
in SYSTEMPATH/Router/Router.php on line 768.
 1 SYSTEMPATH/Router/Router.php(219): CodeIgniter\Router\Router->checkDisallowedChars()
 2 SYSTEMPATH/CodeIgniter.php(829): CodeIgniter\Router\Router->handle()
 3 SYSTEMPATH/CodeIgniter.php(441): CodeIgniter\CodeIgniter->tryToRouteIt()
 4 SYSTEMPATH/CodeIgniter.php(340): CodeIgniter\CodeIgniter->handleRequest()
 5 SYSTEMPATH/Boot.php(417): CodeIgniter\CodeIgniter->run()
 6 SYSTEMPATH/Boot.php(68): CodeIgniter\Boot::runCodeIgniter()
 7 FCPATH/index.php(31): CodeIgniter\Boot::bootWeb()
CRITICAL - 2026-05-29 11:55:08 --> CodeIgniter\HTTP\Exceptions\BadRequestException: The URI you submitted has disallowed characters: "मनोरञ्जन"
[Method: GET, Route: category/%E0%A4%AE%E0%A4%A8%E0%A5%8B%E0%A4%B0%E0%A4%9E%E0%A5%8D%E0%A4%9C%E0%A4%A8/page/3/]
in SYSTEMPATH/Router/Router.php on line 768.
 1 SYSTEMPATH/Router/Router.php(219): CodeIgniter\Router\Router->checkDisallowedChars()
 2 SYSTEMPATH/CodeIgniter.php(829): CodeIgniter\Router\Router->handle()
 3 SYSTEMPATH/CodeIgniter.php(441): CodeIgniter\CodeIgniter->tryToRouteIt()
 4 SYSTEMPATH/CodeIgniter.php(340): CodeIgniter\CodeIgniter->handleRequest()
 5 SYSTEMPATH/Boot.php(417): CodeIgniter\CodeIgniter->run()
 6 SYSTEMPATH/Boot.php(68): CodeIgniter\Boot::runCodeIgniter()
 7 FCPATH/index.php(31): CodeIgniter\Boot::bootWeb()
CRITICAL - 2026-05-29 11:55:10 --> CodeIgniter\HTTP\Exceptions\BadRequestException: The URI you submitted has disallowed characters: "मनोरञ्जन"
[Method: GET, Route: category/%E0%A4%AE%E0%A4%A8%E0%A5%8B%E0%A4%B0%E0%A4%9E%E0%A5%8D%E0%A4%9C%E0%A4%A8/page/4/]
in SYSTEMPATH/Router/Router.php on line 768.
 1 SYSTEMPATH/Router/Router.php(219): CodeIgniter\Router\Router->checkDisallowedChars()
 2 SYSTEMPATH/CodeIgniter.php(829): CodeIgniter\Router\Router->handle()
 3 SYSTEMPATH/CodeIgniter.php(441): CodeIgniter\CodeIgniter->tryToRouteIt()
 4 SYSTEMPATH/CodeIgniter.php(340): CodeIgniter\CodeIgniter->handleRequest()
 5 SYSTEMPATH/Boot.php(417): CodeIgniter\CodeIgniter->run()
 6 SYSTEMPATH/Boot.php(68): CodeIgniter\Boot::runCodeIgniter()
 7 FCPATH/index.php(31): CodeIgniter\Boot::bootWeb()
CRITICAL - 2026-05-29 11:55:15 --> CodeIgniter\HTTP\Exceptions\BadRequestException: The URI you submitted has disallowed characters: "मनोरञ्जन"
[Method: GET, Route: category/%E0%A4%AE%E0%A4%A8%E0%A5%8B%E0%A4%B0%E0%A4%9E%E0%A5%8D%E0%A4%9C%E0%A4%A8/page/5/]
in SYSTEMPATH/Router/Router.php on line 768.
 1 SYSTEMPATH/Router/Router.php(219): CodeIgniter\Router\Router->checkDisallowedChars()
 2 SYSTEMPATH/CodeIgniter.php(829): CodeIgniter\Router\Router->handle()
 3 SYSTEMPATH/CodeIgniter.php(441): CodeIgniter\CodeIgniter->tryToRouteIt()
 4 SYSTEMPATH/CodeIgniter.php(340): CodeIgniter\CodeIgniter->handleRequest()
 5 SYSTEMPATH/Boot.php(417): CodeIgniter\CodeIgniter->run()
 6 SYSTEMPATH/Boot.php(68): CodeIgniter\Boot::runCodeIgniter()
 7 FCPATH/index.php(31): CodeIgniter\Boot::bootWeb()
CRITICAL - 2026-05-29 11:55:17 --> CodeIgniter\HTTP\Exceptions\BadRequestException: The URI you submitted has disallowed characters: "मनोरञ्जन"
[Method: GET, Route: category/%E0%A4%AE%E0%A4%A8%E0%A5%8B%E0%A4%B0%E0%A4%9E%E0%A5%8D%E0%A4%9C%E0%A4%A8/page/5/]
in SYSTEMPATH/Router/Router.php on line 768.
 1 SYSTEMPATH/Router/Router.php(219): CodeIgniter\Router\Router->checkDisallowedChars()
 2 SYSTEMPATH/CodeIgniter.php(829): CodeIgniter\Router\Router->handle()
 3 SYSTEMPATH/CodeIgniter.php(441): CodeIgniter\CodeIgniter->tryToRouteIt()
 4 SYSTEMPATH/CodeIgniter.php(340): CodeIgniter\CodeIgniter->handleRequest()
 5 SYSTEMPATH/Boot.php(417): CodeIgniter\CodeIgniter->run()
 6 SYSTEMPATH/Boot.php(68): CodeIgniter\Boot::runCodeIgniter()
 7 FCPATH/index.php(31): CodeIgniter\Boot::bootWeb()
CRITICAL - 2026-05-29 11:55:22 --> CodeIgniter\HTTP\Exceptions\BadRequestException: The URI you submitted has disallowed characters: "मनोरञ्जन"
[Method: GET, Route: category/%E0%A4%AE%E0%A4%A8%E0%A5%8B%E0%A4%B0%E0%A4%9E%E0%A5%8D%E0%A4%9C%E0%A4%A8/page/6/]
in SYSTEMPATH/Router/Router.php on line 768.
 1 SYSTEMPATH/Router/Router.php(219): CodeIgniter\Router\Router->checkDisallowedChars()
 2 SYSTEMPATH/CodeIgniter.php(829): CodeIgniter\Router\Router->handle()
 3 SYSTEMPATH/CodeIgniter.php(441): CodeIgniter\CodeIgniter->tryToRouteIt()
 4 SYSTEMPATH/CodeIgniter.php(340): CodeIgniter\CodeIgniter->handleRequest()
 5 SYSTEMPATH/Boot.php(417): CodeIgniter\CodeIgniter->run()
 6 SYSTEMPATH/Boot.php(68): CodeIgniter\Boot::runCodeIgniter()
 7 FCPATH/index.php(31): CodeIgniter\Boot::bootWeb()
CRITICAL - 2026-05-29 11:55:24 --> CodeIgniter\HTTP\Exceptions\BadRequestException: The URI you submitted has disallowed characters: "मनोरञ्जन"
[Method: GET, Route: category/%E0%A4%AE%E0%A4%A8%E0%A5%8B%E0%A4%B0%E0%A4%9E%E0%A5%8D%E0%A4%9C%E0%A4%A8/page/6/]
in SYSTEMPATH/Router/Router.php on line 768.
 1 SYSTEMPATH/Router/Router.php(219): CodeIgniter\Router\Router->checkDisallowedChars()
 2 SYSTEMPATH/CodeIgniter.php(829): CodeIgniter\Router\Router->handle()
 3 SYSTEMPATH/CodeIgniter.php(441): CodeIgniter\CodeIgniter->tryToRouteIt()
 4 SYSTEMPATH/CodeIgniter.php(340): CodeIgniter\CodeIgniter->handleRequest()
 5 SYSTEMPATH/Boot.php(417): CodeIgniter\CodeIgniter->run()
 6 SYSTEMPATH/Boot.php(68): CodeIgniter\Boot::runCodeIgniter()
 7 FCPATH/index.php(31): CodeIgniter\Boot::bootWeb()
CRITICAL - 2026-05-29 11:55:29 --> CodeIgniter\HTTP\Exceptions\BadRequestException: The URI you submitted has disallowed characters: "मनोरञ्जन"
[Method: GET, Route: category/%E0%A4%AE%E0%A4%A8%E0%A5%8B%E0%A4%B0%E0%A4%9E%E0%A5%8D%E0%A4%9C%E0%A4%A8/page/7/]
in SYSTEMPATH/Router/Router.php on line 768.
 1 SYSTEMPATH/Router/Router.php(219): CodeIgniter\Router\Router->checkDisallowedChars()
 2 SYSTEMPATH/CodeIgniter.php(829): CodeIgniter\Router\Router->handle()
 3 SYSTEMPATH/CodeIgniter.php(441): CodeIgniter\CodeIgniter->tryToRouteIt()
 4 SYSTEMPATH/CodeIgniter.php(340): CodeIgniter\CodeIgniter->handleRequest()
 5 SYSTEMPATH/Boot.php(417): CodeIgniter\CodeIgniter->run()
 6 SYSTEMPATH/Boot.php(68): CodeIgniter\Boot::runCodeIgniter()
 7 FCPATH/index.php(31): CodeIgniter\Boot::bootWeb()
CRITICAL - 2026-05-29 11:55:31 --> CodeIgniter\HTTP\Exceptions\BadRequestException: The URI you submitted has disallowed characters: "मनोरञ्जन"
[Method: GET, Route: category/%E0%A4%AE%E0%A4%A8%E0%A5%8B%E0%A4%B0%E0%A4%9E%E0%A5%8D%E0%A4%9C%E0%A4%A8/page/7/]
in SYSTEMPATH/Router/Router.php on line 768.
 1 SYSTEMPATH/Router/Router.php(219): CodeIgniter\Router\Router->checkDisallowedChars()
 2 SYSTEMPATH/CodeIgniter.php(829): CodeIgniter\Router\Router->handle()
 3 SYSTEMPATH/CodeIgniter.php(441): CodeIgniter\CodeIgniter->tryToRouteIt()
 4 SYSTEMPATH/CodeIgniter.php(340): CodeIgniter\CodeIgniter->handleRequest()
 5 SYSTEMPATH/Boot.php(417): CodeIgniter\CodeIgniter->run()
 6 SYSTEMPATH/Boot.php(68): CodeIgniter\Boot::runCodeIgniter()
 7 FCPATH/index.php(31): CodeIgniter\Boot::bootWeb()
CRITICAL - 2026-05-29 11:55:36 --> CodeIgniter\HTTP\Exceptions\BadRequestException: The URI you submitted has disallowed characters: "मनोरञ्जन"
[Method: GET, Route: category/%E0%A4%AE%E0%A4%A8%E0%A5%8B%E0%A4%B0%E0%A4%9E%E0%A5%8D%E0%A4%9C%E0%A4%A8/page/8/]
in SYSTEMPATH/Router/Router.php on line 768.
 1 SYSTEMPATH/Router/Router.php(219): CodeIgniter\Router\Router->checkDisallowedChars()
 2 SYSTEMPATH/CodeIgniter.php(829): CodeIgniter\Router\Router->handle()
 3 SYSTEMPATH/CodeIgniter.php(441): CodeIgniter\CodeIgniter->tryToRouteIt()
 4 SYSTEMPATH/CodeIgniter.php(340): CodeIgniter\CodeIgniter->handleRequest()
 5 SYSTEMPATH/Boot.php(417): CodeIgniter\CodeIgniter->run()
 6 SYSTEMPATH/Boot.php(68): CodeIgniter\Boot::runCodeIgniter()
 7 FCPATH/index.php(31): CodeIgniter\Boot::bootWeb()
CRITICAL - 2026-05-29 11:55:38 --> CodeIgniter\HTTP\Exceptions\BadRequestException: The URI you submitted has disallowed characters: "मनोरञ्जन"
[Method: GET, Route: category/%E0%A4%AE%E0%A4%A8%E0%A5%8B%E0%A4%B0%E0%A4%9E%E0%A5%8D%E0%A4%9C%E0%A4%A8/page/8/]
in SYSTEMPATH/Router/Router.php on line 768.
 1 SYSTEMPATH/Router/Router.php(219): CodeIgniter\Router\Router->checkDisallowedChars()
 2 SYSTEMPATH/CodeIgniter.php(829): CodeIgniter\Router\Router->handle()
 3 SYSTEMPATH/CodeIgniter.php(441): CodeIgniter\CodeIgniter->tryToRouteIt()
 4 SYSTEMPATH/CodeIgniter.php(340): CodeIgniter\CodeIgniter->handleRequest()
 5 SYSTEMPATH/Boot.php(417): CodeIgniter\CodeIgniter->run()
 6 SYSTEMPATH/Boot.php(68): CodeIgniter\Boot::runCodeIgniter()
 7 FCPATH/index.php(31): CodeIgniter\Boot::bootWeb()
CRITICAL - 2026-05-29 11:55:43 --> CodeIgniter\HTTP\Exceptions\BadRequestException: The URI you submitted has disallowed characters: "मनोरञ्जन"
[Method: GET, Route: category/%E0%A4%AE%E0%A4%A8%E0%A5%8B%E0%A4%B0%E0%A4%9E%E0%A5%8D%E0%A4%9C%E0%A4%A8/page/9/]
in SYSTEMPATH/Router/Router.php on line 768.
 1 SYSTEMPATH/Router/Router.php(219): CodeIgniter\Router\Router->checkDisallowedChars()
 2 SYSTEMPATH/CodeIgniter.php(829): CodeIgniter\Router\Router->handle()
 3 SYSTEMPATH/CodeIgniter.php(441): CodeIgniter\CodeIgniter->tryToRouteIt()
 4 SYSTEMPATH/CodeIgniter.php(340): CodeIgniter\CodeIgniter->handleRequest()
 5 SYSTEMPATH/Boot.php(417): CodeIgniter\CodeIgniter->run()
 6 SYSTEMPATH/Boot.php(68): CodeIgniter\Boot::runCodeIgniter()
 7 FCPATH/index.php(31): CodeIgniter\Boot::bootWeb()
CRITICAL - 2026-05-29 11:55:45 --> CodeIgniter\HTTP\Exceptions\BadRequestException: The URI you submitted has disallowed characters: "मनोरञ्जन"
[Method: GET, Route: category/%E0%A4%AE%E0%A4%A8%E0%A5%8B%E0%A4%B0%E0%A4%9E%E0%A5%8D%E0%A4%9C%E0%A4%A8/page/9/]
in SYSTEMPATH/Router/Router.php on line 768.
 1 SYSTEMPATH/Router/Router.php(219): CodeIgniter\Router\Router->checkDisallowedChars()
 2 SYSTEMPATH/CodeIgniter.php(829): CodeIgniter\Router\Router->handle()
 3 SYSTEMPATH/CodeIgniter.php(441): CodeIgniter\CodeIgniter->tryToRouteIt()
 4 SYSTEMPATH/CodeIgniter.php(340): CodeIgniter\CodeIgniter->handleRequest()
 5 SYSTEMPATH/Boot.php(417): CodeIgniter\CodeIgniter->run()
 6 SYSTEMPATH/Boot.php(68): CodeIgniter\Boot::runCodeIgniter()
 7 FCPATH/index.php(31): CodeIgniter\Boot::bootWeb()
CRITICAL - 2026-05-29 11:55:48 --> CodeIgniter\HTTP\Exceptions\BadRequestException: The URI you submitted has disallowed characters: "राजनीति"
[Method: GET, Route: category/%E0%A4%B0%E0%A4%BE%E0%A4%9C%E0%A4%A8%E0%A5%80%E0%A4%A4%E0%A4%BF/]
in SYSTEMPATH/Router/Router.php on line 768.
 1 SYSTEMPATH/Router/Router.php(219): CodeIgniter\Router\Router->checkDisallowedChars()
 2 SYSTEMPATH/CodeIgniter.php(829): CodeIgniter\Router\Router->handle()
 3 SYSTEMPATH/CodeIgniter.php(441): CodeIgniter\CodeIgniter->tryToRouteIt()
 4 SYSTEMPATH/CodeIgniter.php(340): CodeIgniter\CodeIgniter->handleRequest()
 5 SYSTEMPATH/Boot.php(417): CodeIgniter\CodeIgniter->run()
 6 SYSTEMPATH/Boot.php(68): CodeIgniter\Boot::runCodeIgniter()
 7 FCPATH/index.php(31): CodeIgniter\Boot::bootWeb()
CRITICAL - 2026-05-29 11:55:52 --> CodeIgniter\HTTP\Exceptions\BadRequestException: The URI you submitted has disallowed characters: "राजनीति"
[Method: GET, Route: category/%E0%A4%B0%E0%A4%BE%E0%A4%9C%E0%A4%A8%E0%A5%80%E0%A4%A4%E0%A4%BF/page/10/]
in SYSTEMPATH/Router/Router.php on line 768.
 1 SYSTEMPATH/Router/Router.php(219): CodeIgniter\Router\Router->checkDisallowedChars()
 2 SYSTEMPATH/CodeIgniter.php(829): CodeIgniter\Router\Router->handle()
 3 SYSTEMPATH/CodeIgniter.php(441): CodeIgniter\CodeIgniter->tryToRouteIt()
 4 SYSTEMPATH/CodeIgniter.php(340): CodeIgniter\CodeIgniter->handleRequest()
 5 SYSTEMPATH/Boot.php(417): CodeIgniter\CodeIgniter->run()
 6 SYSTEMPATH/Boot.php(68): CodeIgniter\Boot::runCodeIgniter()
 7 FCPATH/index.php(31): CodeIgniter\Boot::bootWeb()
CRITICAL - 2026-05-29 11:55:55 --> CodeIgniter\HTTP\Exceptions\BadRequestException: The URI you submitted has disallowed characters: "राजनीति"
[Method: GET, Route: category/%E0%A4%B0%E0%A4%BE%E0%A4%9C%E0%A4%A8%E0%A5%80%E0%A4%A4%E0%A4%BF/page/10/]
in SYSTEMPATH/Router/Router.php on line 768.
 1 SYSTEMPATH/Router/Router.php(219): CodeIgniter\Router\Router->checkDisallowedChars()
 2 SYSTEMPATH/CodeIgniter.php(829): CodeIgniter\Router\Router->handle()
 3 SYSTEMPATH/CodeIgniter.php(441): CodeIgniter\CodeIgniter->tryToRouteIt()
 4 SYSTEMPATH/CodeIgniter.php(340): CodeIgniter\CodeIgniter->handleRequest()
 5 SYSTEMPATH/Boot.php(417): CodeIgniter\CodeIgniter->run()
 6 SYSTEMPATH/Boot.php(68): CodeIgniter\Boot::runCodeIgniter()
 7 FCPATH/index.php(31): CodeIgniter\Boot::bootWeb()
CRITICAL - 2026-05-29 11:55:59 --> CodeIgniter\HTTP\Exceptions\BadRequestException: The URI you submitted has disallowed characters: "राजनीति"
[Method: GET, Route: category/%E0%A4%B0%E0%A4%BE%E0%A4%9C%E0%A4%A8%E0%A5%80%E0%A4%A4%E0%A4%BF/page/2/]
in SYSTEMPATH/Router/Router.php on line 768.
 1 SYSTEMPATH/Router/Router.php(219): CodeIgniter\Router\Router->checkDisallowedChars()
 2 SYSTEMPATH/CodeIgniter.php(829): CodeIgniter\Router\Router->handle()
 3 SYSTEMPATH/CodeIgniter.php(441): CodeIgniter\CodeIgniter->tryToRouteIt()
 4 SYSTEMPATH/CodeIgniter.php(340): CodeIgniter\CodeIgniter->handleRequest()
 5 SYSTEMPATH/Boot.php(417): CodeIgniter\CodeIgniter->run()
 6 SYSTEMPATH/Boot.php(68): CodeIgniter\Boot::runCodeIgniter()
 7 FCPATH/index.php(31): CodeIgniter\Boot::bootWeb()
CRITICAL - 2026-05-29 11:56:01 --> CodeIgniter\HTTP\Exceptions\BadRequestException: The URI you submitted has disallowed characters: "राजनीति"
[Method: GET, Route: category/%E0%A4%B0%E0%A4%BE%E0%A4%9C%E0%A4%A8%E0%A5%80%E0%A4%A4%E0%A4%BF/page/2/]
in SYSTEMPATH/Router/Router.php on line 768.
 1 SYSTEMPATH/Router/Router.php(219): CodeIgniter\Router\Router->checkDisallowedChars()
 2 SYSTEMPATH/CodeIgniter.php(829): CodeIgniter\Router\Router->handle()
 3 SYSTEMPATH/CodeIgniter.php(441): CodeIgniter\CodeIgniter->tryToRouteIt()
 4 SYSTEMPATH/CodeIgniter.php(340): CodeIgniter\CodeIgniter->handleRequest()
 5 SYSTEMPATH/Boot.php(417): CodeIgniter\CodeIgniter->run()
 6 SYSTEMPATH/Boot.php(68): CodeIgniter\Boot::runCodeIgniter()
 7 FCPATH/index.php(31): CodeIgniter\Boot::bootWeb()
CRITICAL - 2026-05-29 11:56:06 --> CodeIgniter\HTTP\Exceptions\BadRequestException: The URI you submitted has disallowed characters: "राजनीति"
[Method: GET, Route: category/%E0%A4%B0%E0%A4%BE%E0%A4%9C%E0%A4%A8%E0%A5%80%E0%A4%A4%E0%A4%BF/page/3/]
in SYSTEMPATH/Router/Router.php on line 768.
 1 SYSTEMPATH/Router/Router.php(219): CodeIgniter\Router\Router->checkDisallowedChars()
 2 SYSTEMPATH/CodeIgniter.php(829): CodeIgniter\Router\Router->handle()
 3 SYSTEMPATH/CodeIgniter.php(441): CodeIgniter\CodeIgniter->tryToRouteIt()
 4 SYSTEMPATH/CodeIgniter.php(340): CodeIgniter\CodeIgniter->handleRequest()
 5 SYSTEMPATH/Boot.php(417): CodeIgniter\CodeIgniter->run()
 6 SYSTEMPATH/Boot.php(68): CodeIgniter\Boot::runCodeIgniter()
 7 FCPATH/index.php(31): CodeIgniter\Boot::bootWeb()
CRITICAL - 2026-05-29 11:56:08 --> CodeIgniter\HTTP\Exceptions\BadRequestException: The URI you submitted has disallowed characters: "राजनीति"
[Method: GET, Route: category/%E0%A4%B0%E0%A4%BE%E0%A4%9C%E0%A4%A8%E0%A5%80%E0%A4%A4%E0%A4%BF/page/3/]
in SYSTEMPATH/Router/Router.php on line 768.
 1 SYSTEMPATH/Router/Router.php(219): CodeIgniter\Router\Router->checkDisallowedChars()
 2 SYSTEMPATH/CodeIgniter.php(829): CodeIgniter\Router\Router->handle()
 3 SYSTEMPATH/CodeIgniter.php(441): CodeIgniter\CodeIgniter->tryToRouteIt()
 4 SYSTEMPATH/CodeIgniter.php(340): CodeIgniter\CodeIgniter->handleRequest()
 5 SYSTEMPATH/Boot.php(417): CodeIgniter\CodeIgniter->run()
 6 SYSTEMPATH/Boot.php(68): CodeIgniter\Boot::runCodeIgniter()
 7 FCPATH/index.php(31): CodeIgniter\Boot::bootWeb()
CRITICAL - 2026-05-29 11:56:12 --> CodeIgniter\HTTP\Exceptions\BadRequestException: The URI you submitted has disallowed characters: "राजनीति"
[Method: GET, Route: category/%E0%A4%B0%E0%A4%BE%E0%A4%9C%E0%A4%A8%E0%A5%80%E0%A4%A4%E0%A4%BF/page/4/]
in SYSTEMPATH/Router/Router.php on line 768.
 1 SYSTEMPATH/Router/Router.php(219): CodeIgniter\Router\Router->checkDisallowedChars()
 2 SYSTEMPATH/CodeIgniter.php(829): CodeIgniter\Router\Router->handle()
 3 SYSTEMPATH/CodeIgniter.php(441): CodeIgniter\CodeIgniter->tryToRouteIt()
 4 SYSTEMPATH/CodeIgniter.php(340): CodeIgniter\CodeIgniter->handleRequest()
 5 SYSTEMPATH/Boot.php(417): CodeIgniter\CodeIgniter->run()
 6 SYSTEMPATH/Boot.php(68): CodeIgniter\Boot::runCodeIgniter()
 7 FCPATH/index.php(31): CodeIgniter\Boot::bootWeb()
CRITICAL - 2026-05-29 11:56:15 --> CodeIgniter\HTTP\Exceptions\BadRequestException: The URI you submitted has disallowed characters: "राजनीति"
[Method: GET, Route: category/%E0%A4%B0%E0%A4%BE%E0%A4%9C%E0%A4%A8%E0%A5%80%E0%A4%A4%E0%A4%BF/page/4/]
in SYSTEMPATH/Router/Router.php on line 768.
 1 SYSTEMPATH/Router/Router.php(219): CodeIgniter\Router\Router->checkDisallowedChars()
 2 SYSTEMPATH/CodeIgniter.php(829): CodeIgniter\Router\Router->handle()
 3 SYSTEMPATH/CodeIgniter.php(441): CodeIgniter\CodeIgniter->tryToRouteIt()
 4 SYSTEMPATH/CodeIgniter.php(340): CodeIgniter\CodeIgniter->handleRequest()
 5 SYSTEMPATH/Boot.php(417): CodeIgniter\CodeIgniter->run()
 6 SYSTEMPATH/Boot.php(68): CodeIgniter\Boot::runCodeIgniter()
 7 FCPATH/index.php(31): CodeIgniter\Boot::bootWeb()
CRITICAL - 2026-05-29 11:56:19 --> CodeIgniter\HTTP\Exceptions\BadRequestException: The URI you submitted has disallowed characters: "राजनीति"
[Method: GET, Route: category/%E0%A4%B0%E0%A4%BE%E0%A4%9C%E0%A4%A8%E0%A5%80%E0%A4%A4%E0%A4%BF/page/5/]
in SYSTEMPATH/Router/Router.php on line 768.
 1 SYSTEMPATH/Router/Router.php(219): CodeIgniter\Router\Router->checkDisallowedChars()
 2 SYSTEMPATH/CodeIgniter.php(829): CodeIgniter\Router\Router->handle()
 3 SYSTEMPATH/CodeIgniter.php(441): CodeIgniter\CodeIgniter->tryToRouteIt()
 4 SYSTEMPATH/CodeIgniter.php(340): CodeIgniter\CodeIgniter->handleRequest()
 5 SYSTEMPATH/Boot.php(417): CodeIgniter\CodeIgniter->run()
 6 SYSTEMPATH/Boot.php(68): CodeIgniter\Boot::runCodeIgniter()
 7 FCPATH/index.php(31): CodeIgniter\Boot::bootWeb()
CRITICAL - 2026-05-29 11:56:22 --> CodeIgniter\HTTP\Exceptions\BadRequestException: The URI you submitted has disallowed characters: "राजनीति"
[Method: GET, Route: category/%E0%A4%B0%E0%A4%BE%E0%A4%9C%E0%A4%A8%E0%A5%80%E0%A4%A4%E0%A4%BF/page/5/]
in SYSTEMPATH/Router/Router.php on line 768.
 1 SYSTEMPATH/Router/Router.php(219): CodeIgniter\Router\Router->checkDisallowedChars()
 2 SYSTEMPATH/CodeIgniter.php(829): CodeIgniter\Router\Router->handle()
 3 SYSTEMPATH/CodeIgniter.php(441): CodeIgniter\CodeIgniter->tryToRouteIt()
 4 SYSTEMPATH/CodeIgniter.php(340): CodeIgniter\CodeIgniter->handleRequest()
 5 SYSTEMPATH/Boot.php(417): CodeIgniter\CodeIgniter->run()
 6 SYSTEMPATH/Boot.php(68): CodeIgniter\Boot::runCodeIgniter()
 7 FCPATH/index.php(31): CodeIgniter\Boot::bootWeb()
CRITICAL - 2026-05-29 11:56:27 --> CodeIgniter\HTTP\Exceptions\BadRequestException: The URI you submitted has disallowed characters: "राजनीति"
[Method: GET, Route: category/%E0%A4%B0%E0%A4%BE%E0%A4%9C%E0%A4%A8%E0%A5%80%E0%A4%A4%E0%A4%BF/page/6/]
in SYSTEMPATH/Router/Router.php on line 768.
 1 SYSTEMPATH/Router/Router.php(219): CodeIgniter\Router\Router->checkDisallowedChars()
 2 SYSTEMPATH/CodeIgniter.php(829): CodeIgniter\Router\Router->handle()
 3 SYSTEMPATH/CodeIgniter.php(441): CodeIgniter\CodeIgniter->tryToRouteIt()
 4 SYSTEMPATH/CodeIgniter.php(340): CodeIgniter\CodeIgniter->handleRequest()
 5 SYSTEMPATH/Boot.php(417): CodeIgniter\CodeIgniter->run()
 6 SYSTEMPATH/Boot.php(68): CodeIgniter\Boot::runCodeIgniter()
 7 FCPATH/index.php(31): CodeIgniter\Boot::bootWeb()
CRITICAL - 2026-05-29 11:56:29 --> CodeIgniter\HTTP\Exceptions\BadRequestException: The URI you submitted has disallowed characters: "राजनीति"
[Method: GET, Route: category/%E0%A4%B0%E0%A4%BE%E0%A4%9C%E0%A4%A8%E0%A5%80%E0%A4%A4%E0%A4%BF/page/6/]
in SYSTEMPATH/Router/Router.php on line 768.
 1 SYSTEMPATH/Router/Router.php(219): CodeIgniter\Router\Router->checkDisallowedChars()
 2 SYSTEMPATH/CodeIgniter.php(829): CodeIgniter\Router\Router->handle()
 3 SYSTEMPATH/CodeIgniter.php(441): CodeIgniter\CodeIgniter->tryToRouteIt()
 4 SYSTEMPATH/CodeIgniter.php(340): CodeIgniter\CodeIgniter->handleRequest()
 5 SYSTEMPATH/Boot.php(417): CodeIgniter\CodeIgniter->run()
 6 SYSTEMPATH/Boot.php(68): CodeIgniter\Boot::runCodeIgniter()
 7 FCPATH/index.php(31): CodeIgniter\Boot::bootWeb()
CRITICAL - 2026-05-29 11:56:33 --> CodeIgniter\HTTP\Exceptions\BadRequestException: The URI you submitted has disallowed characters: "राजनीति"
[Method: GET, Route: category/%E0%A4%B0%E0%A4%BE%E0%A4%9C%E0%A4%A8%E0%A5%80%E0%A4%A4%E0%A4%BF/page/7/]
in SYSTEMPATH/Router/Router.php on line 768.
 1 SYSTEMPATH/Router/Router.php(219): CodeIgniter\Router\Router->checkDisallowedChars()
 2 SYSTEMPATH/CodeIgniter.php(829): CodeIgniter\Router\Router->handle()
 3 SYSTEMPATH/CodeIgniter.php(441): CodeIgniter\CodeIgniter->tryToRouteIt()
 4 SYSTEMPATH/CodeIgniter.php(340): CodeIgniter\CodeIgniter->handleRequest()
 5 SYSTEMPATH/Boot.php(417): CodeIgniter\CodeIgniter->run()
 6 SYSTEMPATH/Boot.php(68): CodeIgniter\Boot::runCodeIgniter()
 7 FCPATH/index.php(31): CodeIgniter\Boot::bootWeb()
CRITICAL - 2026-05-29 11:56:36 --> CodeIgniter\HTTP\Exceptions\BadRequestException: The URI you submitted has disallowed characters: "राजनीति"
[Method: GET, Route: category/%E0%A4%B0%E0%A4%BE%E0%A4%9C%E0%A4%A8%E0%A5%80%E0%A4%A4%E0%A4%BF/page/7/]
in SYSTEMPATH/Router/Router.php on line 768.
 1 SYSTEMPATH/Router/Router.php(219): CodeIgniter\Router\Router->checkDisallowedChars()
 2 SYSTEMPATH/CodeIgniter.php(829): CodeIgniter\Router\Router->handle()
 3 SYSTEMPATH/CodeIgniter.php(441): CodeIgniter\CodeIgniter->tryToRouteIt()
 4 SYSTEMPATH/CodeIgniter.php(340): CodeIgniter\CodeIgniter->handleRequest()
 5 SYSTEMPATH/Boot.php(417): CodeIgniter\CodeIgniter->run()
 6 SYSTEMPATH/Boot.php(68): CodeIgniter\Boot::runCodeIgniter()
 7 FCPATH/index.php(31): CodeIgniter\Boot::bootWeb()
CRITICAL - 2026-05-29 11:56:41 --> CodeIgniter\HTTP\Exceptions\BadRequestException: The URI you submitted has disallowed characters: "राजनीति"
[Method: GET, Route: category/%E0%A4%B0%E0%A4%BE%E0%A4%9C%E0%A4%A8%E0%A5%80%E0%A4%A4%E0%A4%BF/page/8/]
in SYSTEMPATH/Router/Router.php on line 768.
 1 SYSTEMPATH/Router/Router.php(219): CodeIgniter\Router\Router->checkDisallowedChars()
 2 SYSTEMPATH/CodeIgniter.php(829): CodeIgniter\Router\Router->handle()
 3 SYSTEMPATH/CodeIgniter.php(441): CodeIgniter\CodeIgniter->tryToRouteIt()
 4 SYSTEMPATH/CodeIgniter.php(340): CodeIgniter\CodeIgniter->handleRequest()
 5 SYSTEMPATH/Boot.php(417): CodeIgniter\CodeIgniter->run()
 6 SYSTEMPATH/Boot.php(68): CodeIgniter\Boot::runCodeIgniter()
 7 FCPATH/index.php(31): CodeIgniter\Boot::bootWeb()
CRITICAL - 2026-05-29 11:56:43 --> CodeIgniter\HTTP\Exceptions\BadRequestException: The URI you submitted has disallowed characters: "राजनीति"
[Method: GET, Route: category/%E0%A4%B0%E0%A4%BE%E0%A4%9C%E0%A4%A8%E0%A5%80%E0%A4%A4%E0%A4%BF/page/8/]
in SYSTEMPATH/Router/Router.php on line 768.
 1 SYSTEMPATH/Router/Router.php(219): CodeIgniter\Router\Router->checkDisallowedChars()
 2 SYSTEMPATH/CodeIgniter.php(829): CodeIgniter\Router\Router->handle()
 3 SYSTEMPATH/CodeIgniter.php(441): CodeIgniter\CodeIgniter->tryToRouteIt()
 4 SYSTEMPATH/CodeIgniter.php(340): CodeIgniter\CodeIgniter->handleRequest()
 5 SYSTEMPATH/Boot.php(417): CodeIgniter\CodeIgniter->run()
 6 SYSTEMPATH/Boot.php(68): CodeIgniter\Boot::runCodeIgniter()
 7 FCPATH/index.php(31): CodeIgniter\Boot::bootWeb()
CRITICAL - 2026-05-29 11:56:47 --> CodeIgniter\HTTP\Exceptions\BadRequestException: The URI you submitted has disallowed characters: "राजनीति"
[Method: GET, Route: category/%E0%A4%B0%E0%A4%BE%E0%A4%9C%E0%A4%A8%E0%A5%80%E0%A4%A4%E0%A4%BF/page/9/]
in SYSTEMPATH/Router/Router.php on line 768.
 1 SYSTEMPATH/Router/Router.php(219): CodeIgniter\Router\Router->checkDisallowedChars()
 2 SYSTEMPATH/CodeIgniter.php(829): CodeIgniter\Router\Router->handle()
 3 SYSTEMPATH/CodeIgniter.php(441): CodeIgniter\CodeIgniter->tryToRouteIt()
 4 SYSTEMPATH/CodeIgniter.php(340): CodeIgniter\CodeIgniter->handleRequest()
 5 SYSTEMPATH/Boot.php(417): CodeIgniter\CodeIgniter->run()
 6 SYSTEMPATH/Boot.php(68): CodeIgniter\Boot::runCodeIgniter()
 7 FCPATH/index.php(31): CodeIgniter\Boot::bootWeb()
CRITICAL - 2026-05-29 11:56:49 --> CodeIgniter\HTTP\Exceptions\BadRequestException: The URI you submitted has disallowed characters: "राजनीति"
[Method: GET, Route: category/%E0%A4%B0%E0%A4%BE%E0%A4%9C%E0%A4%A8%E0%A5%80%E0%A4%A4%E0%A4%BF/page/9/]
in SYSTEMPATH/Router/Router.php on line 768.
 1 SYSTEMPATH/Router/Router.php(219): CodeIgniter\Router\Router->checkDisallowedChars()
 2 SYSTEMPATH/CodeIgniter.php(829): CodeIgniter\Router\Router->handle()
 3 SYSTEMPATH/CodeIgniter.php(441): CodeIgniter\CodeIgniter->tryToRouteIt()
 4 SYSTEMPATH/CodeIgniter.php(340): CodeIgniter\CodeIgniter->handleRequest()
 5 SYSTEMPATH/Boot.php(417): CodeIgniter\CodeIgniter->run()
 6 SYSTEMPATH/Boot.php(68): CodeIgniter\Boot::runCodeIgniter()
 7 FCPATH/index.php(31): CodeIgniter\Boot::bootWeb()
CRITICAL - 2026-05-29 11:59:28 --> CodeIgniter\HTTP\Exceptions\BadRequestException: The URI you submitted has disallowed characters: "खाद्यवस्तु"
[Method: GET, Route: tag/%E0%A4%96%E0%A4%BE%E0%A4%A6%E0%A5%8D%E0%A4%AF%E0%A4%B5%E0%A4%B8%E0%A5%8D%E0%A4%A4%E0%A5%81/]
in SYSTEMPATH/Router/Router.php on line 768.
 1 SYSTEMPATH/Router/Router.php(219): CodeIgniter\Router\Router->checkDisallowedChars()
 2 SYSTEMPATH/CodeIgniter.php(829): CodeIgniter\Router\Router->handle()
 3 SYSTEMPATH/CodeIgniter.php(441): CodeIgniter\CodeIgniter->tryToRouteIt()
 4 SYSTEMPATH/CodeIgniter.php(340): CodeIgniter\CodeIgniter->handleRequest()
 5 SYSTEMPATH/Boot.php(417): CodeIgniter\CodeIgniter->run()
 6 SYSTEMPATH/Boot.php(68): CodeIgniter\Boot::runCodeIgniter()
 7 FCPATH/index.php(31): CodeIgniter\Boot::bootWeb()
CRITICAL - 2026-05-29 12:04:00 --> CodeIgniter\HTTP\Exceptions\BadRequestException: The URI you submitted has disallowed characters: "आयुर्वेद"
[Method: GET, Route: tag/%E0%A4%86%E0%A4%AF%E0%A5%81%E0%A4%B0%E0%A5%8D%E0%A4%B5%E0%A5%87%E0%A4%A6/]
in SYSTEMPATH/Router/Router.php on line 768.
 1 SYSTEMPATH/Router/Router.php(219): CodeIgniter\Router\Router->checkDisallowedChars()
 2 SYSTEMPATH/CodeIgniter.php(829): CodeIgniter\Router\Router->handle()
 3 SYSTEMPATH/CodeIgniter.php(441): CodeIgniter\CodeIgniter->tryToRouteIt()
 4 SYSTEMPATH/CodeIgniter.php(340): CodeIgniter\CodeIgniter->handleRequest()
 5 SYSTEMPATH/Boot.php(417): CodeIgniter\CodeIgniter->run()
 6 SYSTEMPATH/Boot.php(68): CodeIgniter\Boot::runCodeIgniter()
 7 FCPATH/index.php(31): CodeIgniter\Boot::bootWeb()
CRITICAL - 2026-05-29 12:07:45 --> CodeIgniter\HTTP\Exceptions\BadRequestException: The URI you submitted has disallowed characters: "commodity-फाइल"
[Method: GET, Route: tag/commodity-%E0%A4%AB%E0%A4%BE%E0%A4%87%E0%A4%B2/]
in SYSTEMPATH/Router/Router.php on line 768.
 1 SYSTEMPATH/Router/Router.php(219): CodeIgniter\Router\Router->checkDisallowedChars()
 2 SYSTEMPATH/CodeIgniter.php(829): CodeIgniter\Router\Router->handle()
 3 SYSTEMPATH/CodeIgniter.php(441): CodeIgniter\CodeIgniter->tryToRouteIt()
 4 SYSTEMPATH/CodeIgniter.php(340): CodeIgniter\CodeIgniter->handleRequest()
 5 SYSTEMPATH/Boot.php(417): CodeIgniter\CodeIgniter->run()
 6 SYSTEMPATH/Boot.php(68): CodeIgniter\Boot::runCodeIgniter()
 7 FCPATH/index.php(31): CodeIgniter\Boot::bootWeb()
CRITICAL - 2026-05-29 12:11:06 --> CodeIgniter\HTTP\Exceptions\BadRequestException: The URI you submitted has disallowed characters: "सिर्सिया-नदीको-प्रदूषण-रोकिएन-उद्योगको-फोहोर-पानी-प्रशोधन-गर्न-अटेर.jpg"
[Method: GET, Route: storage/2023/04/%E0%A4%B8%E0%A4%BF%E0%A4%B0%E0%A5%8D%E0%A4%B8%E0%A4%BF%E0%A4%AF%E0%A4%BE-%E0%A4%A8%E0%A4%A6%E0%A5%80%E0%A4%95%E0%A5%8B-%E0%A4%AA%E0%A5%8D%E0%A4%B0%E0%A4%A6%E0%A5%82%E0%A4%B7%E0%A4%A3-%E0%A4%B0%E0%A5%8B%E0%A4%95%E0%A4%BF%E0%A4%8F%E0%A4%A8-%E0%A4%89%E0%A4%A6%E0%A5%8D%E0%A4%AF%E0%A5%8B%E0%A4%97%E0%A4%95%E0%A5%8B-%E0%A4%AB%E0%A5%8B%E0%A4%B9%E0%A5%8B%E0%A4%B0-%E0%A4%AA%E0%A4%BE%E0%A4%A8%E0%A5%80-%E0%A4%AA%E0%A5%8D%E0%A4%B0%E0%A4%B6%E0%A5%8B%E0%A4%A7%E0%A4%A8-%E0%A4%97%E0%A4%B0%E0%A5%8D%E0%A4%A8-%E0%A4%85%E0%A4%9F%E0%A5%87%E0%A4%B0.jpg]
in SYSTEMPATH/Router/Router.php on line 768.
 1 SYSTEMPATH/Router/Router.php(219): CodeIgniter\Router\Router->checkDisallowedChars()
 2 SYSTEMPATH/CodeIgniter.php(829): CodeIgniter\Router\Router->handle()
 3 SYSTEMPATH/CodeIgniter.php(441): CodeIgniter\CodeIgniter->tryToRouteIt()
 4 SYSTEMPATH/CodeIgniter.php(340): CodeIgniter\CodeIgniter->handleRequest()
 5 SYSTEMPATH/Boot.php(417): CodeIgniter\CodeIgniter->run()
 6 SYSTEMPATH/Boot.php(68): CodeIgniter\Boot::runCodeIgniter()
 7 FCPATH/index.php(31): CodeIgniter\Boot::bootWeb()
CRITICAL - 2026-05-29 12:11:55 --> CodeIgniter\HTTP\Exceptions\BadRequestException: The URI you submitted has disallowed characters: "काउन्सिल"
[Method: GET, Route: tag/%E0%A4%95%E0%A4%BE%E0%A4%89%E0%A4%A8%E0%A5%8D%E0%A4%B8%E0%A4%BF%E0%A4%B2/]
in SYSTEMPATH/Router/Router.php on line 768.
 1 SYSTEMPATH/Router/Router.php(219): CodeIgniter\Router\Router->checkDisallowedChars()
 2 SYSTEMPATH/CodeIgniter.php(829): CodeIgniter\Router\Router->handle()
 3 SYSTEMPATH/CodeIgniter.php(441): CodeIgniter\CodeIgniter->tryToRouteIt()
 4 SYSTEMPATH/CodeIgniter.php(340): CodeIgniter\CodeIgniter->handleRequest()
 5 SYSTEMPATH/Boot.php(417): CodeIgniter\CodeIgniter->run()
 6 SYSTEMPATH/Boot.php(68): CodeIgniter\Boot::runCodeIgniter()
 7 FCPATH/index.php(31): CodeIgniter\Boot::bootWeb()
CRITICAL - 2026-05-29 12:15:09 --> CodeIgniter\HTTP\Exceptions\BadRequestException: The URI you submitted has disallowed characters: "घण्टामा"
[Method: GET, Route: tag/%E0%A4%98%E0%A4%A3%E0%A5%8D%E0%A4%9F%E0%A4%BE%E0%A4%AE%E0%A4%BE/]
in SYSTEMPATH/Router/Router.php on line 768.
 1 SYSTEMPATH/Router/Router.php(219): CodeIgniter\Router\Router->checkDisallowedChars()
 2 SYSTEMPATH/CodeIgniter.php(829): CodeIgniter\Router\Router->handle()
 3 SYSTEMPATH/CodeIgniter.php(441): CodeIgniter\CodeIgniter->tryToRouteIt()
 4 SYSTEMPATH/CodeIgniter.php(340): CodeIgniter\CodeIgniter->handleRequest()
 5 SYSTEMPATH/Boot.php(417): CodeIgniter\CodeIgniter->run()
 6 SYSTEMPATH/Boot.php(68): CodeIgniter\Boot::runCodeIgniter()
 7 FCPATH/index.php(31): CodeIgniter\Boot::bootWeb()
CRITICAL - 2026-05-29 12:18:42 --> CodeIgniter\HTTP\Exceptions\BadRequestException: The URI you submitted has disallowed characters: "पुष्टि"
[Method: GET, Route: tag/%E0%A4%AA%E0%A5%81%E0%A4%B7%E0%A5%8D%E0%A4%9F%E0%A4%BF/]
in SYSTEMPATH/Router/Router.php on line 768.
 1 SYSTEMPATH/Router/Router.php(219): CodeIgniter\Router\Router->checkDisallowedChars()
 2 SYSTEMPATH/CodeIgniter.php(829): CodeIgniter\Router\Router->handle()
 3 SYSTEMPATH/CodeIgniter.php(441): CodeIgniter\CodeIgniter->tryToRouteIt()
 4 SYSTEMPATH/CodeIgniter.php(340): CodeIgniter\CodeIgniter->handleRequest()
 5 SYSTEMPATH/Boot.php(417): CodeIgniter\CodeIgniter->run()
 6 SYSTEMPATH/Boot.php(68): CodeIgniter\Boot::runCodeIgniter()
 7 FCPATH/index.php(31): CodeIgniter\Boot::bootWeb()
CRITICAL - 2026-05-29 12:27:07 --> CodeIgniter\HTTP\Exceptions\BadRequestException: The URI you submitted has disallowed characters: "इपेपर"
[Method: GET, Route: category/%E0%A4%87%E0%A4%AA%E0%A5%87%E0%A4%AA%E0%A4%B0/]
in SYSTEMPATH/Router/Router.php on line 768.
 1 SYSTEMPATH/Router/Router.php(219): CodeIgniter\Router\Router->checkDisallowedChars()
 2 SYSTEMPATH/CodeIgniter.php(829): CodeIgniter\Router\Router->handle()
 3 SYSTEMPATH/CodeIgniter.php(441): CodeIgniter\CodeIgniter->tryToRouteIt()
 4 SYSTEMPATH/CodeIgniter.php(340): CodeIgniter\CodeIgniter->handleRequest()
 5 SYSTEMPATH/Boot.php(417): CodeIgniter\CodeIgniter->run()
 6 SYSTEMPATH/Boot.php(68): CodeIgniter\Boot::runCodeIgniter()
 7 FCPATH/index.php(31): CodeIgniter\Boot::bootWeb()
CRITICAL - 2026-05-29 12:27:11 --> CodeIgniter\HTTP\Exceptions\BadRequestException: The URI you submitted has disallowed characters: "पत्रपत्रिका"
[Method: GET, Route: category/%E0%A4%AA%E0%A4%A4%E0%A5%8D%E0%A4%B0%E0%A4%AA%E0%A4%A4%E0%A5%8D%E0%A4%B0%E0%A4%BF%E0%A4%95%E0%A4%BE/]
in SYSTEMPATH/Router/Router.php on line 768.
 1 SYSTEMPATH/Router/Router.php(219): CodeIgniter\Router\Router->checkDisallowedChars()
 2 SYSTEMPATH/CodeIgniter.php(829): CodeIgniter\Router\Router->handle()
 3 SYSTEMPATH/CodeIgniter.php(441): CodeIgniter\CodeIgniter->tryToRouteIt()
 4 SYSTEMPATH/CodeIgniter.php(340): CodeIgniter\CodeIgniter->handleRequest()
 5 SYSTEMPATH/Boot.php(417): CodeIgniter\CodeIgniter->run()
 6 SYSTEMPATH/Boot.php(68): CodeIgniter\Boot::runCodeIgniter()
 7 FCPATH/index.php(31): CodeIgniter\Boot::bootWeb()
CRITICAL - 2026-05-29 12:27:15 --> CodeIgniter\HTTP\Exceptions\BadRequestException: The URI you submitted has disallowed characters: "प्रदेश-१"
[Method: GET, Route: category/%E0%A4%AA%E0%A5%8D%E0%A4%B0%E0%A4%A6%E0%A5%87%E0%A4%B6-%E0%A5%A7/]
in SYSTEMPATH/Router/Router.php on line 768.
 1 SYSTEMPATH/Router/Router.php(219): CodeIgniter\Router\Router->checkDisallowedChars()
 2 SYSTEMPATH/CodeIgniter.php(829): CodeIgniter\Router\Router->handle()
 3 SYSTEMPATH/CodeIgniter.php(441): CodeIgniter\CodeIgniter->tryToRouteIt()
 4 SYSTEMPATH/CodeIgniter.php(340): CodeIgniter\CodeIgniter->handleRequest()
 5 SYSTEMPATH/Boot.php(417): CodeIgniter\CodeIgniter->run()
 6 SYSTEMPATH/Boot.php(68): CodeIgniter\Boot::runCodeIgniter()
 7 FCPATH/index.php(31): CodeIgniter\Boot::bootWeb()
CRITICAL - 2026-05-29 12:27:19 --> CodeIgniter\HTTP\Exceptions\BadRequestException: The URI you submitted has disallowed characters: "प्रदेश-२"
[Method: GET, Route: category/%E0%A4%AA%E0%A5%8D%E0%A4%B0%E0%A4%A6%E0%A5%87%E0%A4%B6-%E0%A5%A8/]
in SYSTEMPATH/Router/Router.php on line 768.
 1 SYSTEMPATH/Router/Router.php(219): CodeIgniter\Router\Router->checkDisallowedChars()
 2 SYSTEMPATH/CodeIgniter.php(829): CodeIgniter\Router\Router->handle()
 3 SYSTEMPATH/CodeIgniter.php(441): CodeIgniter\CodeIgniter->tryToRouteIt()
 4 SYSTEMPATH/CodeIgniter.php(340): CodeIgniter\CodeIgniter->handleRequest()
 5 SYSTEMPATH/Boot.php(417): CodeIgniter\CodeIgniter->run()
 6 SYSTEMPATH/Boot.php(68): CodeIgniter\Boot::runCodeIgniter()
 7 FCPATH/index.php(31): CodeIgniter\Boot::bootWeb()
CRITICAL - 2026-05-29 12:27:23 --> CodeIgniter\HTTP\Exceptions\BadRequestException: The URI you submitted has disallowed characters: "प्रदेश-३"
[Method: GET, Route: category/%E0%A4%AA%E0%A5%8D%E0%A4%B0%E0%A4%A6%E0%A5%87%E0%A4%B6-%E0%A5%A9/]
in SYSTEMPATH/Router/Router.php on line 768.
 1 SYSTEMPATH/Router/Router.php(219): CodeIgniter\Router\Router->checkDisallowedChars()
 2 SYSTEMPATH/CodeIgniter.php(829): CodeIgniter\Router\Router->handle()
 3 SYSTEMPATH/CodeIgniter.php(441): CodeIgniter\CodeIgniter->tryToRouteIt()
 4 SYSTEMPATH/CodeIgniter.php(340): CodeIgniter\CodeIgniter->handleRequest()
 5 SYSTEMPATH/Boot.php(417): CodeIgniter\CodeIgniter->run()
 6 SYSTEMPATH/Boot.php(68): CodeIgniter\Boot::runCodeIgniter()
 7 FCPATH/index.php(31): CodeIgniter\Boot::bootWeb()
CRITICAL - 2026-05-29 12:27:27 --> CodeIgniter\HTTP\Exceptions\BadRequestException: The URI you submitted has disallowed characters: "प्रदेश-४"
[Method: GET, Route: category/%E0%A4%AA%E0%A5%8D%E0%A4%B0%E0%A4%A6%E0%A5%87%E0%A4%B6-%E0%A5%AA/]
in SYSTEMPATH/Router/Router.php on line 768.
 1 SYSTEMPATH/Router/Router.php(219): CodeIgniter\Router\Router->checkDisallowedChars()
 2 SYSTEMPATH/CodeIgniter.php(829): CodeIgniter\Router\Router->handle()
 3 SYSTEMPATH/CodeIgniter.php(441): CodeIgniter\CodeIgniter->tryToRouteIt()
 4 SYSTEMPATH/CodeIgniter.php(340): CodeIgniter\CodeIgniter->handleRequest()
 5 SYSTEMPATH/Boot.php(417): CodeIgniter\CodeIgniter->run()
 6 SYSTEMPATH/Boot.php(68): CodeIgniter\Boot::runCodeIgniter()
 7 FCPATH/index.php(31): CodeIgniter\Boot::bootWeb()
CRITICAL - 2026-05-29 12:27:31 --> CodeIgniter\HTTP\Exceptions\BadRequestException: The URI you submitted has disallowed characters: "प्रदेश-५"
[Method: GET, Route: category/%E0%A4%AA%E0%A5%8D%E0%A4%B0%E0%A4%A6%E0%A5%87%E0%A4%B6-%E0%A5%AB/]
in SYSTEMPATH/Router/Router.php on line 768.
 1 SYSTEMPATH/Router/Router.php(219): CodeIgniter\Router\Router->checkDisallowedChars()
 2 SYSTEMPATH/CodeIgniter.php(829): CodeIgniter\Router\Router->handle()
 3 SYSTEMPATH/CodeIgniter.php(441): CodeIgniter\CodeIgniter->tryToRouteIt()
 4 SYSTEMPATH/CodeIgniter.php(340): CodeIgniter\CodeIgniter->handleRequest()
 5 SYSTEMPATH/Boot.php(417): CodeIgniter\CodeIgniter->run()
 6 SYSTEMPATH/Boot.php(68): CodeIgniter\Boot::runCodeIgniter()
 7 FCPATH/index.php(31): CodeIgniter\Boot::bootWeb()
CRITICAL - 2026-05-29 12:27:35 --> CodeIgniter\HTTP\Exceptions\BadRequestException: The URI you submitted has disallowed characters: "प्रदेश-६"
[Method: GET, Route: category/%E0%A4%AA%E0%A5%8D%E0%A4%B0%E0%A4%A6%E0%A5%87%E0%A4%B6-%E0%A5%AC/]
in SYSTEMPATH/Router/Router.php on line 768.
 1 SYSTEMPATH/Router/Router.php(219): CodeIgniter\Router\Router->checkDisallowedChars()
 2 SYSTEMPATH/CodeIgniter.php(829): CodeIgniter\Router\Router->handle()
 3 SYSTEMPATH/CodeIgniter.php(441): CodeIgniter\CodeIgniter->tryToRouteIt()
 4 SYSTEMPATH/CodeIgniter.php(340): CodeIgniter\CodeIgniter->handleRequest()
 5 SYSTEMPATH/Boot.php(417): CodeIgniter\CodeIgniter->run()
 6 SYSTEMPATH/Boot.php(68): CodeIgniter\Boot::runCodeIgniter()
 7 FCPATH/index.php(31): CodeIgniter\Boot::bootWeb()
CRITICAL - 2026-05-29 12:27:39 --> CodeIgniter\HTTP\Exceptions\BadRequestException: The URI you submitted has disallowed characters: "प्रदेश-७"
[Method: GET, Route: category/%E0%A4%AA%E0%A5%8D%E0%A4%B0%E0%A4%A6%E0%A5%87%E0%A4%B6-%E0%A5%AD/]
in SYSTEMPATH/Router/Router.php on line 768.
 1 SYSTEMPATH/Router/Router.php(219): CodeIgniter\Router\Router->checkDisallowedChars()
 2 SYSTEMPATH/CodeIgniter.php(829): CodeIgniter\Router\Router->handle()
 3 SYSTEMPATH/CodeIgniter.php(441): CodeIgniter\CodeIgniter->tryToRouteIt()
 4 SYSTEMPATH/CodeIgniter.php(340): CodeIgniter\CodeIgniter->handleRequest()
 5 SYSTEMPATH/Boot.php(417): CodeIgniter\CodeIgniter->run()
 6 SYSTEMPATH/Boot.php(68): CodeIgniter\Boot::runCodeIgniter()
 7 FCPATH/index.php(31): CodeIgniter\Boot::bootWeb()
CRITICAL - 2026-05-29 12:27:43 --> CodeIgniter\HTTP\Exceptions\BadRequestException: The URI you submitted has disallowed characters: "प्रमुख-समाचार"
[Method: GET, Route: category/%E0%A4%AA%E0%A5%8D%E0%A4%B0%E0%A4%AE%E0%A5%81%E0%A4%96-%E0%A4%B8%E0%A4%AE%E0%A4%BE%E0%A4%9A%E0%A4%BE%E0%A4%B0/]
in SYSTEMPATH/Router/Router.php on line 768.
 1 SYSTEMPATH/Router/Router.php(219): CodeIgniter\Router\Router->checkDisallowedChars()
 2 SYSTEMPATH/CodeIgniter.php(829): CodeIgniter\Router\Router->handle()
 3 SYSTEMPATH/CodeIgniter.php(441): CodeIgniter\CodeIgniter->tryToRouteIt()
 4 SYSTEMPATH/CodeIgniter.php(340): CodeIgniter\CodeIgniter->handleRequest()
 5 SYSTEMPATH/Boot.php(417): CodeIgniter\CodeIgniter->run()
 6 SYSTEMPATH/Boot.php(68): CodeIgniter\Boot::runCodeIgniter()
 7 FCPATH/index.php(31): CodeIgniter\Boot::bootWeb()
CRITICAL - 2026-05-29 12:27:47 --> CodeIgniter\HTTP\Exceptions\BadRequestException: The URI you submitted has disallowed characters: "मनोरञ्जन"
[Method: GET, Route: category/%E0%A4%AE%E0%A4%A8%E0%A5%8B%E0%A4%B0%E0%A4%9E%E0%A5%8D%E0%A4%9C%E0%A4%A8/]
in SYSTEMPATH/Router/Router.php on line 768.
 1 SYSTEMPATH/Router/Router.php(219): CodeIgniter\Router\Router->checkDisallowedChars()
 2 SYSTEMPATH/CodeIgniter.php(829): CodeIgniter\Router\Router->handle()
 3 SYSTEMPATH/CodeIgniter.php(441): CodeIgniter\CodeIgniter->tryToRouteIt()
 4 SYSTEMPATH/CodeIgniter.php(340): CodeIgniter\CodeIgniter->handleRequest()
 5 SYSTEMPATH/Boot.php(417): CodeIgniter\CodeIgniter->run()
 6 SYSTEMPATH/Boot.php(68): CodeIgniter\Boot::runCodeIgniter()
 7 FCPATH/index.php(31): CodeIgniter\Boot::bootWeb()
CRITICAL - 2026-05-29 12:27:51 --> CodeIgniter\HTTP\Exceptions\BadRequestException: The URI you submitted has disallowed characters: "राजनीति"
[Method: GET, Route: category/%E0%A4%B0%E0%A4%BE%E0%A4%9C%E0%A4%A8%E0%A5%80%E0%A4%A4%E0%A4%BF/]
in SYSTEMPATH/Router/Router.php on line 768.
 1 SYSTEMPATH/Router/Router.php(219): CodeIgniter\Router\Router->checkDisallowedChars()
 2 SYSTEMPATH/CodeIgniter.php(829): CodeIgniter\Router\Router->handle()
 3 SYSTEMPATH/CodeIgniter.php(441): CodeIgniter\CodeIgniter->tryToRouteIt()
 4 SYSTEMPATH/CodeIgniter.php(340): CodeIgniter\CodeIgniter->handleRequest()
 5 SYSTEMPATH/Boot.php(417): CodeIgniter\CodeIgniter->run()
 6 SYSTEMPATH/Boot.php(68): CodeIgniter\Boot::runCodeIgniter()
 7 FCPATH/index.php(31): CodeIgniter\Boot::bootWeb()
CRITICAL - 2026-05-29 12:29:02 --> CodeIgniter\HTTP\Exceptions\BadRequestException: The URI you submitted has disallowed characters: "विशेष"
[Method: GET, Route: category/%E0%A4%B5%E0%A4%BF%E0%A4%B6%E0%A5%87%E0%A4%B7/]
in SYSTEMPATH/Router/Router.php on line 768.
 1 SYSTEMPATH/Router/Router.php(219): CodeIgniter\Router\Router->checkDisallowedChars()
 2 SYSTEMPATH/CodeIgniter.php(829): CodeIgniter\Router\Router->handle()
 3 SYSTEMPATH/CodeIgniter.php(441): CodeIgniter\CodeIgniter->tryToRouteIt()
 4 SYSTEMPATH/CodeIgniter.php(340): CodeIgniter\CodeIgniter->handleRequest()
 5 SYSTEMPATH/Boot.php(417): CodeIgniter\CodeIgniter->run()
 6 SYSTEMPATH/Boot.php(68): CodeIgniter\Boot::runCodeIgniter()
 7 FCPATH/index.php(31): CodeIgniter\Boot::bootWeb()
CRITICAL - 2026-05-29 12:33:21 --> CodeIgniter\HTTP\Exceptions\BadRequestException: The URI you submitted has disallowed characters: "महानगरबाट"
[Method: GET, Route: tag/%E0%A4%AE%E0%A4%B9%E0%A4%BE%E0%A4%A8%E0%A4%97%E0%A4%B0%E0%A4%AC%E0%A4%BE%E0%A4%9F/]
in SYSTEMPATH/Router/Router.php on line 768.
 1 SYSTEMPATH/Router/Router.php(219): CodeIgniter\Router\Router->checkDisallowedChars()
 2 SYSTEMPATH/CodeIgniter.php(829): CodeIgniter\Router\Router->handle()
 3 SYSTEMPATH/CodeIgniter.php(441): CodeIgniter\CodeIgniter->tryToRouteIt()
 4 SYSTEMPATH/CodeIgniter.php(340): CodeIgniter\CodeIgniter->handleRequest()
 5 SYSTEMPATH/Boot.php(417): CodeIgniter\CodeIgniter->run()
 6 SYSTEMPATH/Boot.php(68): CodeIgniter\Boot::runCodeIgniter()
 7 FCPATH/index.php(31): CodeIgniter\Boot::bootWeb()
CRITICAL - 2026-05-29 12:37:26 --> CodeIgniter\HTTP\Exceptions\BadRequestException: The URI you submitted has disallowed characters: "निर्माणका"
[Method: GET, Route: tag/%E0%A4%A8%E0%A4%BF%E0%A4%B0%E0%A5%8D%E0%A4%AE%E0%A4%BE%E0%A4%A3%E0%A4%95%E0%A4%BE/]
in SYSTEMPATH/Router/Router.php on line 768.
 1 SYSTEMPATH/Router/Router.php(219): CodeIgniter\Router\Router->checkDisallowedChars()
 2 SYSTEMPATH/CodeIgniter.php(829): CodeIgniter\Router\Router->handle()
 3 SYSTEMPATH/CodeIgniter.php(441): CodeIgniter\CodeIgniter->tryToRouteIt()
 4 SYSTEMPATH/CodeIgniter.php(340): CodeIgniter\CodeIgniter->handleRequest()
 5 SYSTEMPATH/Boot.php(417): CodeIgniter\CodeIgniter->run()
 6 SYSTEMPATH/Boot.php(68): CodeIgniter\Boot::runCodeIgniter()
 7 FCPATH/index.php(31): CodeIgniter\Boot::bootWeb()
CRITICAL - 2026-05-29 12:39:17 --> CodeIgniter\HTTP\Exceptions\BadRequestException: The URI you submitted has disallowed characters: "संक्रमण"
[Method: GET, Route: tag/%E0%A4%B8%E0%A4%82%E0%A4%95%E0%A5%8D%E0%A4%B0%E0%A4%AE%E0%A4%A3/]
in SYSTEMPATH/Router/Router.php on line 768.
 1 SYSTEMPATH/Router/Router.php(219): CodeIgniter\Router\Router->checkDisallowedChars()
 2 SYSTEMPATH/CodeIgniter.php(829): CodeIgniter\Router\Router->handle()
 3 SYSTEMPATH/CodeIgniter.php(441): CodeIgniter\CodeIgniter->tryToRouteIt()
 4 SYSTEMPATH/CodeIgniter.php(340): CodeIgniter\CodeIgniter->handleRequest()
 5 SYSTEMPATH/Boot.php(417): CodeIgniter\CodeIgniter->run()
 6 SYSTEMPATH/Boot.php(68): CodeIgniter\Boot::runCodeIgniter()
 7 FCPATH/index.php(31): CodeIgniter\Boot::bootWeb()
CRITICAL - 2026-05-29 12:40:48 --> CodeIgniter\HTTP\Exceptions\BadRequestException: The URI you submitted has disallowed characters: "काउन्सिलको"
[Method: GET, Route: tag/%E0%A4%95%E0%A4%BE%E0%A4%89%E0%A4%A8%E0%A5%8D%E0%A4%B8%E0%A4%BF%E0%A4%B2%E0%A4%95%E0%A5%8B/]
in SYSTEMPATH/Router/Router.php on line 768.
 1 SYSTEMPATH/Router/Router.php(219): CodeIgniter\Router\Router->checkDisallowedChars()
 2 SYSTEMPATH/CodeIgniter.php(829): CodeIgniter\Router\Router->handle()
 3 SYSTEMPATH/CodeIgniter.php(441): CodeIgniter\CodeIgniter->tryToRouteIt()
 4 SYSTEMPATH/CodeIgniter.php(340): CodeIgniter\CodeIgniter->handleRequest()
 5 SYSTEMPATH/Boot.php(417): CodeIgniter\CodeIgniter->run()
 6 SYSTEMPATH/Boot.php(68): CodeIgniter\Boot::runCodeIgniter()
 7 FCPATH/index.php(31): CodeIgniter\Boot::bootWeb()
CRITICAL - 2026-05-29 12:42:48 --> CodeIgniter\HTTP\Exceptions\BadRequestException: The URI you submitted has disallowed characters: "पाइने"
[Method: GET, Route: tag/%E0%A4%AA%E0%A4%BE%E0%A4%87%E0%A4%A8%E0%A5%87/]
in SYSTEMPATH/Router/Router.php on line 768.
 1 SYSTEMPATH/Router/Router.php(219): CodeIgniter\Router\Router->checkDisallowedChars()
 2 SYSTEMPATH/CodeIgniter.php(829): CodeIgniter\Router\Router->handle()
 3 SYSTEMPATH/CodeIgniter.php(441): CodeIgniter\CodeIgniter->tryToRouteIt()
 4 SYSTEMPATH/CodeIgniter.php(340): CodeIgniter\CodeIgniter->handleRequest()
 5 SYSTEMPATH/Boot.php(417): CodeIgniter\CodeIgniter->run()
 6 SYSTEMPATH/Boot.php(68): CodeIgniter\Boot::runCodeIgniter()
 7 FCPATH/index.php(31): CodeIgniter\Boot::bootWeb()
CRITICAL - 2026-05-29 12:44:34 --> CodeIgniter\HTTP\Exceptions\BadRequestException: The URI you submitted has disallowed characters: "प्रशासनको"
[Method: GET, Route: tag/%E0%A4%AA%E0%A5%8D%E0%A4%B0%E0%A4%B6%E0%A4%BE%E0%A4%B8%E0%A4%A8%E0%A4%95%E0%A5%8B/]
in SYSTEMPATH/Router/Router.php on line 768.
 1 SYSTEMPATH/Router/Router.php(219): CodeIgniter\Router\Router->checkDisallowedChars()
 2 SYSTEMPATH/CodeIgniter.php(829): CodeIgniter\Router\Router->handle()
 3 SYSTEMPATH/CodeIgniter.php(441): CodeIgniter\CodeIgniter->tryToRouteIt()
 4 SYSTEMPATH/CodeIgniter.php(340): CodeIgniter\CodeIgniter->handleRequest()
 5 SYSTEMPATH/Boot.php(417): CodeIgniter\CodeIgniter->run()
 6 SYSTEMPATH/Boot.php(68): CodeIgniter\Boot::runCodeIgniter()
 7 FCPATH/index.php(31): CodeIgniter\Boot::bootWeb()
CRITICAL - 2026-05-29 12:46:35 --> CodeIgniter\HTTP\Exceptions\BadRequestException: The URI you submitted has disallowed characters: "५"
[Method: GET, Route: tag/%E0%A5%AB/]
in SYSTEMPATH/Router/Router.php on line 768.
 1 SYSTEMPATH/Router/Router.php(219): CodeIgniter\Router\Router->checkDisallowedChars()
 2 SYSTEMPATH/CodeIgniter.php(829): CodeIgniter\Router\Router->handle()
 3 SYSTEMPATH/CodeIgniter.php(441): CodeIgniter\CodeIgniter->tryToRouteIt()
 4 SYSTEMPATH/CodeIgniter.php(340): CodeIgniter\CodeIgniter->handleRequest()
 5 SYSTEMPATH/Boot.php(417): CodeIgniter\CodeIgniter->run()
 6 SYSTEMPATH/Boot.php(68): CodeIgniter\Boot::runCodeIgniter()
 7 FCPATH/index.php(31): CodeIgniter\Boot::bootWeb()
CRITICAL - 2026-05-29 12:48:36 --> CodeIgniter\HTTP\Exceptions\BadRequestException: The URI you submitted has disallowed characters: "चिकित्सक"
[Method: GET, Route: tag/%E0%A4%9A%E0%A4%BF%E0%A4%95%E0%A4%BF%E0%A4%A4%E0%A5%8D%E0%A4%B8%E0%A4%95/]
in SYSTEMPATH/Router/Router.php on line 768.
 1 SYSTEMPATH/Router/Router.php(219): CodeIgniter\Router\Router->checkDisallowedChars()
 2 SYSTEMPATH/CodeIgniter.php(829): CodeIgniter\Router\Router->handle()
 3 SYSTEMPATH/CodeIgniter.php(441): CodeIgniter\CodeIgniter->tryToRouteIt()
 4 SYSTEMPATH/CodeIgniter.php(340): CodeIgniter\CodeIgniter->handleRequest()
 5 SYSTEMPATH/Boot.php(417): CodeIgniter\CodeIgniter->run()
 6 SYSTEMPATH/Boot.php(68): CodeIgniter\Boot::runCodeIgniter()
 7 FCPATH/index.php(31): CodeIgniter\Boot::bootWeb()
CRITICAL - 2026-05-29 12:50:47 --> CodeIgniter\HTTP\Exceptions\BadRequestException: The URI you submitted has disallowed characters: "टेलिकमबाट"
[Method: GET, Route: tag/%E0%A4%9F%E0%A5%87%E0%A4%B2%E0%A4%BF%E0%A4%95%E0%A4%AE%E0%A4%AC%E0%A4%BE%E0%A4%9F/]
in SYSTEMPATH/Router/Router.php on line 768.
 1 SYSTEMPATH/Router/Router.php(219): CodeIgniter\Router\Router->checkDisallowedChars()
 2 SYSTEMPATH/CodeIgniter.php(829): CodeIgniter\Router\Router->handle()
 3 SYSTEMPATH/CodeIgniter.php(441): CodeIgniter\CodeIgniter->tryToRouteIt()
 4 SYSTEMPATH/CodeIgniter.php(340): CodeIgniter\CodeIgniter->handleRequest()
 5 SYSTEMPATH/Boot.php(417): CodeIgniter\CodeIgniter->run()
 6 SYSTEMPATH/Boot.php(68): CodeIgniter\Boot::runCodeIgniter()
 7 FCPATH/index.php(31): CodeIgniter\Boot::bootWeb()
CRITICAL - 2026-05-29 12:53:11 --> CodeIgniter\HTTP\Exceptions\BadRequestException: The URI you submitted has disallowed characters: "नबेच्नू"
[Method: GET, Route: tag/%E0%A4%A8%E0%A4%AC%E0%A5%87%E0%A4%9A%E0%A5%8D%E0%A4%A8%E0%A5%82/]
in SYSTEMPATH/Router/Router.php on line 768.
 1 SYSTEMPATH/Router/Router.php(219): CodeIgniter\Router\Router->checkDisallowedChars()
 2 SYSTEMPATH/CodeIgniter.php(829): CodeIgniter\Router\Router->handle()
 3 SYSTEMPATH/CodeIgniter.php(441): CodeIgniter\CodeIgniter->tryToRouteIt()
 4 SYSTEMPATH/CodeIgniter.php(340): CodeIgniter\CodeIgniter->handleRequest()
 5 SYSTEMPATH/Boot.php(417): CodeIgniter\CodeIgniter->run()
 6 SYSTEMPATH/Boot.php(68): CodeIgniter\Boot::runCodeIgniter()
 7 FCPATH/index.php(31): CodeIgniter\Boot::bootWeb()
CRITICAL - 2026-05-29 12:56:02 --> CodeIgniter\HTTP\Exceptions\BadRequestException: The URI you submitted has disallowed characters: "प्रतिकूल"
[Method: GET, Route: tag/%E0%A4%AA%E0%A5%8D%E0%A4%B0%E0%A4%A4%E0%A4%BF%E0%A4%95%E0%A5%82%E0%A4%B2/]
in SYSTEMPATH/Router/Router.php on line 768.
 1 SYSTEMPATH/Router/Router.php(219): CodeIgniter\Router\Router->checkDisallowedChars()
 2 SYSTEMPATH/CodeIgniter.php(829): CodeIgniter\Router\Router->handle()
 3 SYSTEMPATH/CodeIgniter.php(441): CodeIgniter\CodeIgniter->tryToRouteIt()
 4 SYSTEMPATH/CodeIgniter.php(340): CodeIgniter\CodeIgniter->handleRequest()
 5 SYSTEMPATH/Boot.php(417): CodeIgniter\CodeIgniter->run()
 6 SYSTEMPATH/Boot.php(68): CodeIgniter\Boot::runCodeIgniter()
 7 FCPATH/index.php(31): CodeIgniter\Boot::bootWeb()
CRITICAL - 2026-05-29 12:57:36 --> CodeIgniter\HTTP\Exceptions\BadRequestException: The URI you submitted has disallowed characters: "मनोरञ्जन"
[Method: GET, Route: category/%E0%A4%AE%E0%A4%A8%E0%A5%8B%E0%A4%B0%E0%A4%9E%E0%A5%8D%E0%A4%9C%E0%A4%A8/]
in SYSTEMPATH/Router/Router.php on line 768.
 1 SYSTEMPATH/Router/Router.php(219): CodeIgniter\Router\Router->checkDisallowedChars()
 2 SYSTEMPATH/CodeIgniter.php(829): CodeIgniter\Router\Router->handle()
 3 SYSTEMPATH/CodeIgniter.php(441): CodeIgniter\CodeIgniter->tryToRouteIt()
 4 SYSTEMPATH/CodeIgniter.php(340): CodeIgniter\CodeIgniter->handleRequest()
 5 SYSTEMPATH/Boot.php(417): CodeIgniter\CodeIgniter->run()
 6 SYSTEMPATH/Boot.php(68): CodeIgniter\Boot::runCodeIgniter()
 7 FCPATH/index.php(31): CodeIgniter\Boot::bootWeb()
CRITICAL - 2026-05-29 12:58:48 --> CodeIgniter\HTTP\Exceptions\BadRequestException: The URI you submitted has disallowed characters: "आर्थिक"
[Method: GET, Route: tag/%E0%A4%86%E0%A4%B0%E0%A5%8D%E0%A4%A5%E0%A4%BF%E0%A4%95/]
in SYSTEMPATH/Router/Router.php on line 768.
 1 SYSTEMPATH/Router/Router.php(219): CodeIgniter\Router\Router->checkDisallowedChars()
 2 SYSTEMPATH/CodeIgniter.php(829): CodeIgniter\Router\Router->handle()
 3 SYSTEMPATH/CodeIgniter.php(441): CodeIgniter\CodeIgniter->tryToRouteIt()
 4 SYSTEMPATH/CodeIgniter.php(340): CodeIgniter\CodeIgniter->handleRequest()
 5 SYSTEMPATH/Boot.php(417): CodeIgniter\CodeIgniter->run()
 6 SYSTEMPATH/Boot.php(68): CodeIgniter\Boot::runCodeIgniter()
 7 FCPATH/index.php(31): CodeIgniter\Boot::bootWeb()
CRITICAL - 2026-05-29 13:01:51 --> CodeIgniter\HTTP\Exceptions\BadRequestException: The URI you submitted has disallowed characters: "सहयोग"
[Method: GET, Route: tag/%E0%A4%B8%E0%A4%B9%E0%A4%AF%E0%A5%8B%E0%A4%97/]
in SYSTEMPATH/Router/Router.php on line 768.
 1 SYSTEMPATH/Router/Router.php(219): CodeIgniter\Router\Router->checkDisallowedChars()
 2 SYSTEMPATH/CodeIgniter.php(829): CodeIgniter\Router\Router->handle()
 3 SYSTEMPATH/CodeIgniter.php(441): CodeIgniter\CodeIgniter->tryToRouteIt()
 4 SYSTEMPATH/CodeIgniter.php(340): CodeIgniter\CodeIgniter->handleRequest()
 5 SYSTEMPATH/Boot.php(417): CodeIgniter\CodeIgniter->run()
 6 SYSTEMPATH/Boot.php(68): CodeIgniter\Boot::runCodeIgniter()
 7 FCPATH/index.php(31): CodeIgniter\Boot::bootWeb()
CRITICAL - 2026-05-29 13:04:29 --> CodeIgniter\HTTP\Exceptions\BadRequestException: The URI you submitted has disallowed characters: "कसले"
[Method: GET, Route: tag/%E0%A4%95%E0%A4%B8%E0%A4%B2%E0%A5%87/]
in SYSTEMPATH/Router/Router.php on line 768.
 1 SYSTEMPATH/Router/Router.php(219): CodeIgniter\Router\Router->checkDisallowedChars()
 2 SYSTEMPATH/CodeIgniter.php(829): CodeIgniter\Router\Router->handle()
 3 SYSTEMPATH/CodeIgniter.php(441): CodeIgniter\CodeIgniter->tryToRouteIt()
 4 SYSTEMPATH/CodeIgniter.php(340): CodeIgniter\CodeIgniter->handleRequest()
 5 SYSTEMPATH/Boot.php(417): CodeIgniter\CodeIgniter->run()
 6 SYSTEMPATH/Boot.php(68): CodeIgniter\Boot::runCodeIgniter()
 7 FCPATH/index.php(31): CodeIgniter\Boot::bootWeb()
CRITICAL - 2026-05-29 13:06:43 --> CodeIgniter\HTTP\Exceptions\BadRequestException: The URI you submitted has disallowed characters: "सूचनाप्रति"
[Method: GET, Route: tag/%E0%A4%B8%E0%A5%82%E0%A4%9A%E0%A4%A8%E0%A4%BE%E0%A4%AA%E0%A5%8D%E0%A4%B0%E0%A4%A4%E0%A4%BF/]
in SYSTEMPATH/Router/Router.php on line 768.
 1 SYSTEMPATH/Router/Router.php(219): CodeIgniter\Router\Router->checkDisallowedChars()
 2 SYSTEMPATH/CodeIgniter.php(829): CodeIgniter\Router\Router->handle()
 3 SYSTEMPATH/CodeIgniter.php(441): CodeIgniter\CodeIgniter->tryToRouteIt()
 4 SYSTEMPATH/CodeIgniter.php(340): CodeIgniter\CodeIgniter->handleRequest()
 5 SYSTEMPATH/Boot.php(417): CodeIgniter\CodeIgniter->run()
 6 SYSTEMPATH/Boot.php(68): CodeIgniter\Boot::runCodeIgniter()
 7 FCPATH/index.php(31): CodeIgniter\Boot::bootWeb()
CRITICAL - 2026-05-29 13:09:18 --> CodeIgniter\HTTP\Exceptions\BadRequestException: The URI you submitted has disallowed characters: "काठमाडौं"
[Method: GET, Route: tag/%E0%A4%95%E0%A4%BE%E0%A4%A0%E0%A4%AE%E0%A4%BE%E0%A4%A1%E0%A5%8C%E0%A4%82/]
in SYSTEMPATH/Router/Router.php on line 768.
 1 SYSTEMPATH/Router/Router.php(219): CodeIgniter\Router\Router->checkDisallowedChars()
 2 SYSTEMPATH/CodeIgniter.php(829): CodeIgniter\Router\Router->handle()
 3 SYSTEMPATH/CodeIgniter.php(441): CodeIgniter\CodeIgniter->tryToRouteIt()
 4 SYSTEMPATH/CodeIgniter.php(340): CodeIgniter\CodeIgniter->handleRequest()
 5 SYSTEMPATH/Boot.php(417): CodeIgniter\CodeIgniter->run()
 6 SYSTEMPATH/Boot.php(68): CodeIgniter\Boot::runCodeIgniter()
 7 FCPATH/index.php(31): CodeIgniter\Boot::bootWeb()
CRITICAL - 2026-05-29 13:11:30 --> CodeIgniter\HTTP\Exceptions\BadRequestException: The URI you submitted has disallowed characters: "जनस्वास्थ्यमा"
[Method: GET, Route: tag/%E0%A4%9C%E0%A4%A8%E0%A4%B8%E0%A5%8D%E0%A4%B5%E0%A4%BE%E0%A4%B8%E0%A5%8D%E0%A4%A5%E0%A5%8D%E0%A4%AF%E0%A4%AE%E0%A4%BE/]
in SYSTEMPATH/Router/Router.php on line 768.
 1 SYSTEMPATH/Router/Router.php(219): CodeIgniter\Router\Router->checkDisallowedChars()
 2 SYSTEMPATH/CodeIgniter.php(829): CodeIgniter\Router\Router->handle()
 3 SYSTEMPATH/CodeIgniter.php(441): CodeIgniter\CodeIgniter->tryToRouteIt()
 4 SYSTEMPATH/CodeIgniter.php(340): CodeIgniter\CodeIgniter->handleRequest()
 5 SYSTEMPATH/Boot.php(417): CodeIgniter\CodeIgniter->run()
 6 SYSTEMPATH/Boot.php(68): CodeIgniter\Boot::runCodeIgniter()
 7 FCPATH/index.php(31): CodeIgniter\Boot::bootWeb()
CRITICAL - 2026-05-29 13:13:52 --> CodeIgniter\HTTP\Exceptions\BadRequestException: The URI you submitted has disallowed characters: "सेतोपाटी-संवाददाता"
[Method: GET, Route: tag/%E0%A4%B8%E0%A5%87%E0%A4%A4%E0%A5%8B%E0%A4%AA%E0%A4%BE%E0%A4%9F%E0%A5%80-%E0%A4%B8%E0%A4%82%E0%A4%B5%E0%A4%BE%E0%A4%A6%E0%A4%A6%E0%A4%BE%E0%A4%A4%E0%A4%BE/]
in SYSTEMPATH/Router/Router.php on line 768.
 1 SYSTEMPATH/Router/Router.php(219): CodeIgniter\Router\Router->checkDisallowedChars()
 2 SYSTEMPATH/CodeIgniter.php(829): CodeIgniter\Router\Router->handle()
 3 SYSTEMPATH/CodeIgniter.php(441): CodeIgniter\CodeIgniter->tryToRouteIt()
 4 SYSTEMPATH/CodeIgniter.php(340): CodeIgniter\CodeIgniter->handleRequest()
 5 SYSTEMPATH/Boot.php(417): CodeIgniter\CodeIgniter->run()
 6 SYSTEMPATH/Boot.php(68): CodeIgniter\Boot::runCodeIgniter()
 7 FCPATH/index.php(31): CodeIgniter\Boot::bootWeb()
CRITICAL - 2026-05-29 13:15:51 --> CodeIgniter\HTTP\Exceptions\BadRequestException: The URI you submitted has disallowed characters: "जिबी"
[Method: GET, Route: tag/%E0%A4%9C%E0%A4%BF%E0%A4%AC%E0%A5%80/]
in SYSTEMPATH/Router/Router.php on line 768.
 1 SYSTEMPATH/Router/Router.php(219): CodeIgniter\Router\Router->checkDisallowedChars()
 2 SYSTEMPATH/CodeIgniter.php(829): CodeIgniter\Router\Router->handle()
 3 SYSTEMPATH/CodeIgniter.php(441): CodeIgniter\CodeIgniter->tryToRouteIt()
 4 SYSTEMPATH/CodeIgniter.php(340): CodeIgniter\CodeIgniter->handleRequest()
 5 SYSTEMPATH/Boot.php(417): CodeIgniter\CodeIgniter->run()
 6 SYSTEMPATH/Boot.php(68): CodeIgniter\Boot::runCodeIgniter()
 7 FCPATH/index.php(31): CodeIgniter\Boot::bootWeb()
CRITICAL - 2026-05-29 13:17:37 --> CodeIgniter\HTTP\Exceptions\BadRequestException: The URI you submitted has disallowed characters: "वर्षका"
[Method: GET, Route: tag/%E0%A4%B5%E0%A4%B0%E0%A5%8D%E0%A4%B7%E0%A4%95%E0%A4%BE/]
in SYSTEMPATH/Router/Router.php on line 768.
 1 SYSTEMPATH/Router/Router.php(219): CodeIgniter\Router\Router->checkDisallowedChars()
 2 SYSTEMPATH/CodeIgniter.php(829): CodeIgniter\Router\Router->handle()
 3 SYSTEMPATH/CodeIgniter.php(441): CodeIgniter\CodeIgniter->tryToRouteIt()
 4 SYSTEMPATH/CodeIgniter.php(340): CodeIgniter\CodeIgniter->handleRequest()
 5 SYSTEMPATH/Boot.php(417): CodeIgniter\CodeIgniter->run()
 6 SYSTEMPATH/Boot.php(68): CodeIgniter\Boot::runCodeIgniter()
 7 FCPATH/index.php(31): CodeIgniter\Boot::bootWeb()
CRITICAL - 2026-05-29 13:19:30 --> CodeIgniter\HTTP\Exceptions\BadRequestException: The URI you submitted has disallowed characters: "मतदान"
[Method: GET, Route: tag/%E0%A4%AE%E0%A4%A4%E0%A4%A6%E0%A4%BE%E0%A4%A8/]
in SYSTEMPATH/Router/Router.php on line 768.
 1 SYSTEMPATH/Router/Router.php(219): CodeIgniter\Router\Router->checkDisallowedChars()
 2 SYSTEMPATH/CodeIgniter.php(829): CodeIgniter\Router\Router->handle()
 3 SYSTEMPATH/CodeIgniter.php(441): CodeIgniter\CodeIgniter->tryToRouteIt()
 4 SYSTEMPATH/CodeIgniter.php(340): CodeIgniter\CodeIgniter->handleRequest()
 5 SYSTEMPATH/Boot.php(417): CodeIgniter\CodeIgniter->run()
 6 SYSTEMPATH/Boot.php(68): CodeIgniter\Boot::runCodeIgniter()
 7 FCPATH/index.php(31): CodeIgniter\Boot::bootWeb()
CRITICAL - 2026-05-29 13:21:37 --> CodeIgniter\HTTP\Exceptions\BadRequestException: The URI you submitted has disallowed characters: "संघको"
[Method: GET, Route: tag/%E0%A4%B8%E0%A4%82%E0%A4%98%E0%A4%95%E0%A5%8B/]
in SYSTEMPATH/Router/Router.php on line 768.
 1 SYSTEMPATH/Router/Router.php(219): CodeIgniter\Router\Router->checkDisallowedChars()
 2 SYSTEMPATH/CodeIgniter.php(829): CodeIgniter\Router\Router->handle()
 3 SYSTEMPATH/CodeIgniter.php(441): CodeIgniter\CodeIgniter->tryToRouteIt()
 4 SYSTEMPATH/CodeIgniter.php(340): CodeIgniter\CodeIgniter->handleRequest()
 5 SYSTEMPATH/Boot.php(417): CodeIgniter\CodeIgniter->run()
 6 SYSTEMPATH/Boot.php(68): CodeIgniter\Boot::runCodeIgniter()
 7 FCPATH/index.php(31): CodeIgniter\Boot::bootWeb()
CRITICAL - 2026-05-29 13:25:12 --> CodeIgniter\HTTP\Exceptions\BadRequestException: The URI you submitted has disallowed characters: "खाद्यवस्तु"
[Method: GET, Route: tag/%E0%A4%96%E0%A4%BE%E0%A4%A6%E0%A5%8D%E0%A4%AF%E0%A4%B5%E0%A4%B8%E0%A5%8D%E0%A4%A4%E0%A5%81/]
in SYSTEMPATH/Router/Router.php on line 768.
 1 SYSTEMPATH/Router/Router.php(219): CodeIgniter\Router\Router->checkDisallowedChars()
 2 SYSTEMPATH/CodeIgniter.php(829): CodeIgniter\Router\Router->handle()
 3 SYSTEMPATH/CodeIgniter.php(441): CodeIgniter\CodeIgniter->tryToRouteIt()
 4 SYSTEMPATH/CodeIgniter.php(340): CodeIgniter\CodeIgniter->handleRequest()
 5 SYSTEMPATH/Boot.php(417): CodeIgniter\CodeIgniter->run()
 6 SYSTEMPATH/Boot.php(68): CodeIgniter\Boot::runCodeIgniter()
 7 FCPATH/index.php(31): CodeIgniter\Boot::bootWeb()
CRITICAL - 2026-05-29 13:28:21 --> CodeIgniter\HTTP\Exceptions\BadRequestException: The URI you submitted has disallowed characters: "commodity-फाइल"
[Method: GET, Route: tag/commodity-%E0%A4%AB%E0%A4%BE%E0%A4%87%E0%A4%B2/]
in SYSTEMPATH/Router/Router.php on line 768.
 1 SYSTEMPATH/Router/Router.php(219): CodeIgniter\Router\Router->checkDisallowedChars()
 2 SYSTEMPATH/CodeIgniter.php(829): CodeIgniter\Router\Router->handle()
 3 SYSTEMPATH/CodeIgniter.php(441): CodeIgniter\CodeIgniter->tryToRouteIt()
 4 SYSTEMPATH/CodeIgniter.php(340): CodeIgniter\CodeIgniter->handleRequest()
 5 SYSTEMPATH/Boot.php(417): CodeIgniter\CodeIgniter->run()
 6 SYSTEMPATH/Boot.php(68): CodeIgniter\Boot::runCodeIgniter()
 7 FCPATH/index.php(31): CodeIgniter\Boot::bootWeb()
CRITICAL - 2026-05-29 13:30:41 --> CodeIgniter\HTTP\Exceptions\BadRequestException: The URI you submitted has disallowed characters: "काउन्सिल"
[Method: GET, Route: tag/%E0%A4%95%E0%A4%BE%E0%A4%89%E0%A4%A8%E0%A5%8D%E0%A4%B8%E0%A4%BF%E0%A4%B2/]
in SYSTEMPATH/Router/Router.php on line 768.
 1 SYSTEMPATH/Router/Router.php(219): CodeIgniter\Router\Router->checkDisallowedChars()
 2 SYSTEMPATH/CodeIgniter.php(829): CodeIgniter\Router\Router->handle()
 3 SYSTEMPATH/CodeIgniter.php(441): CodeIgniter\CodeIgniter->tryToRouteIt()
 4 SYSTEMPATH/CodeIgniter.php(340): CodeIgniter\CodeIgniter->handleRequest()
 5 SYSTEMPATH/Boot.php(417): CodeIgniter\CodeIgniter->run()
 6 SYSTEMPATH/Boot.php(68): CodeIgniter\Boot::runCodeIgniter()
 7 FCPATH/index.php(31): CodeIgniter\Boot::bootWeb()
CRITICAL - 2026-05-29 13:33:00 --> CodeIgniter\HTTP\Exceptions\BadRequestException: The URI you submitted has disallowed characters: "पुष्टि"
[Method: GET, Route: tag/%E0%A4%AA%E0%A5%81%E0%A4%B7%E0%A5%8D%E0%A4%9F%E0%A4%BF/]
in SYSTEMPATH/Router/Router.php on line 768.
 1 SYSTEMPATH/Router/Router.php(219): CodeIgniter\Router\Router->checkDisallowedChars()
 2 SYSTEMPATH/CodeIgniter.php(829): CodeIgniter\Router\Router->handle()
 3 SYSTEMPATH/CodeIgniter.php(441): CodeIgniter\CodeIgniter->tryToRouteIt()
 4 SYSTEMPATH/CodeIgniter.php(340): CodeIgniter\CodeIgniter->handleRequest()
 5 SYSTEMPATH/Boot.php(417): CodeIgniter\CodeIgniter->run()
 6 SYSTEMPATH/Boot.php(68): CodeIgniter\Boot::runCodeIgniter()
 7 FCPATH/index.php(31): CodeIgniter\Boot::bootWeb()
CRITICAL - 2026-05-29 13:35:28 --> CodeIgniter\HTTP\Exceptions\BadRequestException: The URI you submitted has disallowed characters: "गुणस्तर"
[Method: GET, Route: tag/%E0%A4%97%E0%A5%81%E0%A4%A3%E0%A4%B8%E0%A5%8D%E0%A4%A4%E0%A4%B0/]
in SYSTEMPATH/Router/Router.php on line 768.
 1 SYSTEMPATH/Router/Router.php(219): CodeIgniter\Router\Router->checkDisallowedChars()
 2 SYSTEMPATH/CodeIgniter.php(829): CodeIgniter\Router\Router->handle()
 3 SYSTEMPATH/CodeIgniter.php(441): CodeIgniter\CodeIgniter->tryToRouteIt()
 4 SYSTEMPATH/CodeIgniter.php(340): CodeIgniter\CodeIgniter->handleRequest()
 5 SYSTEMPATH/Boot.php(417): CodeIgniter\CodeIgniter->run()
 6 SYSTEMPATH/Boot.php(68): CodeIgniter\Boot::runCodeIgniter()
 7 FCPATH/index.php(31): CodeIgniter\Boot::bootWeb()
CRITICAL - 2026-05-29 13:39:16 --> CodeIgniter\HTTP\Exceptions\BadRequestException: The URI you submitted has disallowed characters: "बढाउन"
[Method: GET, Route: tag/%E0%A4%AC%E0%A4%A2%E0%A4%BE%E0%A4%89%E0%A4%A8/]
in SYSTEMPATH/Router/Router.php on line 768.
 1 SYSTEMPATH/Router/Router.php(219): CodeIgniter\Router\Router->checkDisallowedChars()
 2 SYSTEMPATH/CodeIgniter.php(829): CodeIgniter\Router\Router->handle()
 3 SYSTEMPATH/CodeIgniter.php(441): CodeIgniter\CodeIgniter->tryToRouteIt()
 4 SYSTEMPATH/CodeIgniter.php(340): CodeIgniter\CodeIgniter->handleRequest()
 5 SYSTEMPATH/Boot.php(417): CodeIgniter\CodeIgniter->run()
 6 SYSTEMPATH/Boot.php(68): CodeIgniter\Boot::runCodeIgniter()
 7 FCPATH/index.php(31): CodeIgniter\Boot::bootWeb()
CRITICAL - 2026-05-29 13:41:43 --> CodeIgniter\HTTP\Exceptions\BadRequestException: The URI you submitted has disallowed characters: "भर्ना"
[Method: GET, Route: tag/%E0%A4%AD%E0%A4%B0%E0%A5%8D%E0%A4%A8%E0%A4%BE/]
in SYSTEMPATH/Router/Router.php on line 768.
 1 SYSTEMPATH/Router/Router.php(219): CodeIgniter\Router\Router->checkDisallowedChars()
 2 SYSTEMPATH/CodeIgniter.php(829): CodeIgniter\Router\Router->handle()
 3 SYSTEMPATH/CodeIgniter.php(441): CodeIgniter\CodeIgniter->tryToRouteIt()
 4 SYSTEMPATH/CodeIgniter.php(340): CodeIgniter\CodeIgniter->handleRequest()
 5 SYSTEMPATH/Boot.php(417): CodeIgniter\CodeIgniter->run()
 6 SYSTEMPATH/Boot.php(68): CodeIgniter\Boot::runCodeIgniter()
 7 FCPATH/index.php(31): CodeIgniter\Boot::bootWeb()
CRITICAL - 2026-05-29 13:43:51 --> CodeIgniter\HTTP\Exceptions\BadRequestException: The URI you submitted has disallowed characters: "अस्पताल"
[Method: GET, Route: tag/%E0%A4%85%E0%A4%B8%E0%A5%8D%E0%A4%AA%E0%A4%A4%E0%A4%BE%E0%A4%B2/]
in SYSTEMPATH/Router/Router.php on line 768.
 1 SYSTEMPATH/Router/Router.php(219): CodeIgniter\Router\Router->checkDisallowedChars()
 2 SYSTEMPATH/CodeIgniter.php(829): CodeIgniter\Router\Router->handle()
 3 SYSTEMPATH/CodeIgniter.php(441): CodeIgniter\CodeIgniter->tryToRouteIt()
 4 SYSTEMPATH/CodeIgniter.php(340): CodeIgniter\CodeIgniter->handleRequest()
 5 SYSTEMPATH/Boot.php(417): CodeIgniter\CodeIgniter->run()
 6 SYSTEMPATH/Boot.php(68): CodeIgniter\Boot::runCodeIgniter()
 7 FCPATH/index.php(31): CodeIgniter\Boot::bootWeb()
CRITICAL - 2026-05-29 13:45:57 --> CodeIgniter\HTTP\Exceptions\BadRequestException: The URI you submitted has disallowed characters: "कुनै"
[Method: GET, Route: tag/%E0%A4%95%E0%A5%81%E0%A4%A8%E0%A5%88/]
in SYSTEMPATH/Router/Router.php on line 768.
 1 SYSTEMPATH/Router/Router.php(219): CodeIgniter\Router\Router->checkDisallowedChars()
 2 SYSTEMPATH/CodeIgniter.php(829): CodeIgniter\Router\Router->handle()
 3 SYSTEMPATH/CodeIgniter.php(441): CodeIgniter\CodeIgniter->tryToRouteIt()
 4 SYSTEMPATH/CodeIgniter.php(340): CodeIgniter\CodeIgniter->handleRequest()
 5 SYSTEMPATH/Boot.php(417): CodeIgniter\CodeIgniter->run()
 6 SYSTEMPATH/Boot.php(68): CodeIgniter\Boot::runCodeIgniter()
 7 FCPATH/index.php(31): CodeIgniter\Boot::bootWeb()
CRITICAL - 2026-05-29 13:48:27 --> CodeIgniter\HTTP\Exceptions\BadRequestException: The URI you submitted has disallowed characters: "मेडिकलबाट"
[Method: GET, Route: tag/%E0%A4%AE%E0%A5%87%E0%A4%A1%E0%A4%BF%E0%A4%95%E0%A4%B2%E0%A4%AC%E0%A4%BE%E0%A4%9F/]
in SYSTEMPATH/Router/Router.php on line 768.
 1 SYSTEMPATH/Router/Router.php(219): CodeIgniter\Router\Router->checkDisallowedChars()
 2 SYSTEMPATH/CodeIgniter.php(829): CodeIgniter\Router\Router->handle()
 3 SYSTEMPATH/CodeIgniter.php(441): CodeIgniter\CodeIgniter->tryToRouteIt()
 4 SYSTEMPATH/CodeIgniter.php(340): CodeIgniter\CodeIgniter->handleRequest()
 5 SYSTEMPATH/Boot.php(417): CodeIgniter\CodeIgniter->run()
 6 SYSTEMPATH/Boot.php(68): CodeIgniter\Boot::runCodeIgniter()
 7 FCPATH/index.php(31): CodeIgniter\Boot::bootWeb()
CRITICAL - 2026-05-29 13:51:09 --> CodeIgniter\HTTP\Exceptions\BadRequestException: The URI you submitted has disallowed characters: "झाक्री"
[Method: GET, Route: tag/%E0%A4%9D%E0%A4%BE%E0%A4%95%E0%A5%8D%E0%A4%B0%E0%A5%80/]
in SYSTEMPATH/Router/Router.php on line 768.
 1 SYSTEMPATH/Router/Router.php(219): CodeIgniter\Router\Router->checkDisallowedChars()
 2 SYSTEMPATH/CodeIgniter.php(829): CodeIgniter\Router\Router->handle()
 3 SYSTEMPATH/CodeIgniter.php(441): CodeIgniter\CodeIgniter->tryToRouteIt()
 4 SYSTEMPATH/CodeIgniter.php(340): CodeIgniter\CodeIgniter->handleRequest()
 5 SYSTEMPATH/Boot.php(417): CodeIgniter\CodeIgniter->run()
 6 SYSTEMPATH/Boot.php(68): CodeIgniter\Boot::runCodeIgniter()
 7 FCPATH/index.php(31): CodeIgniter\Boot::bootWeb()
CRITICAL - 2026-05-29 13:57:34 --> CodeIgniter\HTTP\Exceptions\BadRequestException: The URI you submitted has disallowed characters: "विशेष"
[Method: GET, Route: category/%E0%A4%B5%E0%A4%BF%E0%A4%B6%E0%A5%87%E0%A4%B7/]
in SYSTEMPATH/Router/Router.php on line 768.
 1 SYSTEMPATH/Router/Router.php(219): CodeIgniter\Router\Router->checkDisallowedChars()
 2 SYSTEMPATH/CodeIgniter.php(829): CodeIgniter\Router\Router->handle()
 3 SYSTEMPATH/CodeIgniter.php(441): CodeIgniter\CodeIgniter->tryToRouteIt()
 4 SYSTEMPATH/CodeIgniter.php(340): CodeIgniter\CodeIgniter->handleRequest()
 5 SYSTEMPATH/Boot.php(417): CodeIgniter\CodeIgniter->run()
 6 SYSTEMPATH/Boot.php(68): CodeIgniter\Boot::runCodeIgniter()
 7 FCPATH/index.php(31): CodeIgniter\Boot::bootWeb()
CRITICAL - 2026-05-29 14:00:53 --> CodeIgniter\HTTP\Exceptions\BadRequestException: The URI you submitted has disallowed characters: "महानगरबाट"
[Method: GET, Route: tag/%E0%A4%AE%E0%A4%B9%E0%A4%BE%E0%A4%A8%E0%A4%97%E0%A4%B0%E0%A4%AC%E0%A4%BE%E0%A4%9F/]
in SYSTEMPATH/Router/Router.php on line 768.
 1 SYSTEMPATH/Router/Router.php(219): CodeIgniter\Router\Router->checkDisallowedChars()
 2 SYSTEMPATH/CodeIgniter.php(829): CodeIgniter\Router\Router->handle()
 3 SYSTEMPATH/CodeIgniter.php(441): CodeIgniter\CodeIgniter->tryToRouteIt()
 4 SYSTEMPATH/CodeIgniter.php(340): CodeIgniter\CodeIgniter->handleRequest()
 5 SYSTEMPATH/Boot.php(417): CodeIgniter\CodeIgniter->run()
 6 SYSTEMPATH/Boot.php(68): CodeIgniter\Boot::runCodeIgniter()
 7 FCPATH/index.php(31): CodeIgniter\Boot::bootWeb()
CRITICAL - 2026-05-29 14:03:27 --> CodeIgniter\HTTP\Exceptions\BadRequestException: The URI you submitted has disallowed characters: "निर्माणका"
[Method: GET, Route: tag/%E0%A4%A8%E0%A4%BF%E0%A4%B0%E0%A5%8D%E0%A4%AE%E0%A4%BE%E0%A4%A3%E0%A4%95%E0%A4%BE/]
in SYSTEMPATH/Router/Router.php on line 768.
 1 SYSTEMPATH/Router/Router.php(219): CodeIgniter\Router\Router->checkDisallowedChars()
 2 SYSTEMPATH/CodeIgniter.php(829): CodeIgniter\Router\Router->handle()
 3 SYSTEMPATH/CodeIgniter.php(441): CodeIgniter\CodeIgniter->tryToRouteIt()
 4 SYSTEMPATH/CodeIgniter.php(340): CodeIgniter\CodeIgniter->handleRequest()
 5 SYSTEMPATH/Boot.php(417): CodeIgniter\CodeIgniter->run()
 6 SYSTEMPATH/Boot.php(68): CodeIgniter\Boot::runCodeIgniter()
 7 FCPATH/index.php(31): CodeIgniter\Boot::bootWeb()
CRITICAL - 2026-05-29 14:07:38 --> CodeIgniter\HTTP\Exceptions\BadRequestException: The URI you submitted has disallowed characters: "काउन्सिलको"
[Method: GET, Route: tag/%E0%A4%95%E0%A4%BE%E0%A4%89%E0%A4%A8%E0%A5%8D%E0%A4%B8%E0%A4%BF%E0%A4%B2%E0%A4%95%E0%A5%8B/]
in SYSTEMPATH/Router/Router.php on line 768.
 1 SYSTEMPATH/Router/Router.php(219): CodeIgniter\Router\Router->checkDisallowedChars()
 2 SYSTEMPATH/CodeIgniter.php(829): CodeIgniter\Router\Router->handle()
 3 SYSTEMPATH/CodeIgniter.php(441): CodeIgniter\CodeIgniter->tryToRouteIt()
 4 SYSTEMPATH/CodeIgniter.php(340): CodeIgniter\CodeIgniter->handleRequest()
 5 SYSTEMPATH/Boot.php(417): CodeIgniter\CodeIgniter->run()
 6 SYSTEMPATH/Boot.php(68): CodeIgniter\Boot::runCodeIgniter()
 7 FCPATH/index.php(31): CodeIgniter\Boot::bootWeb()
CRITICAL - 2026-05-29 14:10:45 --> CodeIgniter\HTTP\Exceptions\BadRequestException: The URI you submitted has disallowed characters: "पाइने"
[Method: GET, Route: tag/%E0%A4%AA%E0%A4%BE%E0%A4%87%E0%A4%A8%E0%A5%87/]
in SYSTEMPATH/Router/Router.php on line 768.
 1 SYSTEMPATH/Router/Router.php(219): CodeIgniter\Router\Router->checkDisallowedChars()
 2 SYSTEMPATH/CodeIgniter.php(829): CodeIgniter\Router\Router->handle()
 3 SYSTEMPATH/CodeIgniter.php(441): CodeIgniter\CodeIgniter->tryToRouteIt()
 4 SYSTEMPATH/CodeIgniter.php(340): CodeIgniter\CodeIgniter->handleRequest()
 5 SYSTEMPATH/Boot.php(417): CodeIgniter\CodeIgniter->run()
 6 SYSTEMPATH/Boot.php(68): CodeIgniter\Boot::runCodeIgniter()
 7 FCPATH/index.php(31): CodeIgniter\Boot::bootWeb()
CRITICAL - 2026-05-29 14:11:01 --> CodeIgniter\HTTP\Exceptions\BadRequestException: The URI you submitted has disallowed characters: "स्वास्थ्य"
[Method: GET, Route: category/%E0%A4%B8%E0%A5%8D%E0%A4%B5%E0%A4%BE%E0%A4%B8%E0%A5%8D%E0%A4%A5%E0%A5%8D%E0%A4%AF/page/2/]
in SYSTEMPATH/Router/Router.php on line 768.
 1 SYSTEMPATH/Router/Router.php(219): CodeIgniter\Router\Router->checkDisallowedChars()
 2 SYSTEMPATH/CodeIgniter.php(829): CodeIgniter\Router\Router->handle()
 3 SYSTEMPATH/CodeIgniter.php(441): CodeIgniter\CodeIgniter->tryToRouteIt()
 4 SYSTEMPATH/CodeIgniter.php(340): CodeIgniter\CodeIgniter->handleRequest()
 5 SYSTEMPATH/Boot.php(417): CodeIgniter\CodeIgniter->run()
 6 SYSTEMPATH/Boot.php(68): CodeIgniter\Boot::runCodeIgniter()
 7 FCPATH/index.php(31): CodeIgniter\Boot::bootWeb()
CRITICAL - 2026-05-29 14:13:44 --> CodeIgniter\HTTP\Exceptions\BadRequestException: The URI you submitted has disallowed characters: "प्रशासनको"
[Method: GET, Route: tag/%E0%A4%AA%E0%A5%8D%E0%A4%B0%E0%A4%B6%E0%A4%BE%E0%A4%B8%E0%A4%A8%E0%A4%95%E0%A5%8B/]
in SYSTEMPATH/Router/Router.php on line 768.
 1 SYSTEMPATH/Router/Router.php(219): CodeIgniter\Router\Router->checkDisallowedChars()
 2 SYSTEMPATH/CodeIgniter.php(829): CodeIgniter\Router\Router->handle()
 3 SYSTEMPATH/CodeIgniter.php(441): CodeIgniter\CodeIgniter->tryToRouteIt()
 4 SYSTEMPATH/CodeIgniter.php(340): CodeIgniter\CodeIgniter->handleRequest()
 5 SYSTEMPATH/Boot.php(417): CodeIgniter\CodeIgniter->run()
 6 SYSTEMPATH/Boot.php(68): CodeIgniter\Boot::runCodeIgniter()
 7 FCPATH/index.php(31): CodeIgniter\Boot::bootWeb()
CRITICAL - 2026-05-29 14:16:05 --> CodeIgniter\HTTP\Exceptions\BadRequestException: The URI you submitted has disallowed characters: "वीर"
[Method: GET, Route: tag/%E0%A4%B5%E0%A5%80%E0%A4%B0/]
in SYSTEMPATH/Router/Router.php on line 768.
 1 SYSTEMPATH/Router/Router.php(219): CodeIgniter\Router\Router->checkDisallowedChars()
 2 SYSTEMPATH/CodeIgniter.php(829): CodeIgniter\Router\Router->handle()
 3 SYSTEMPATH/CodeIgniter.php(441): CodeIgniter\CodeIgniter->tryToRouteIt()
 4 SYSTEMPATH/CodeIgniter.php(340): CodeIgniter\CodeIgniter->handleRequest()
 5 SYSTEMPATH/Boot.php(417): CodeIgniter\CodeIgniter->run()
 6 SYSTEMPATH/Boot.php(68): CodeIgniter\Boot::runCodeIgniter()
 7 FCPATH/index.php(31): CodeIgniter\Boot::bootWeb()
CRITICAL - 2026-05-29 14:18:50 --> CodeIgniter\HTTP\Exceptions\BadRequestException: The URI you submitted has disallowed characters: "फेरि"
[Method: GET, Route: tag/%E0%A4%AB%E0%A5%87%E0%A4%B0%E0%A4%BF/]
in SYSTEMPATH/Router/Router.php on line 768.
 1 SYSTEMPATH/Router/Router.php(219): CodeIgniter\Router\Router->checkDisallowedChars()
 2 SYSTEMPATH/CodeIgniter.php(829): CodeIgniter\Router\Router->handle()
 3 SYSTEMPATH/CodeIgniter.php(441): CodeIgniter\CodeIgniter->tryToRouteIt()
 4 SYSTEMPATH/CodeIgniter.php(340): CodeIgniter\CodeIgniter->handleRequest()
 5 SYSTEMPATH/Boot.php(417): CodeIgniter\CodeIgniter->run()
 6 SYSTEMPATH/Boot.php(68): CodeIgniter\Boot::runCodeIgniter()
 7 FCPATH/index.php(31): CodeIgniter\Boot::bootWeb()
CRITICAL - 2026-05-29 14:24:48 --> CodeIgniter\HTTP\Exceptions\BadRequestException: The URI you submitted has disallowed characters: "नबेच्नू"
[Method: GET, Route: tag/%E0%A4%A8%E0%A4%AC%E0%A5%87%E0%A4%9A%E0%A5%8D%E0%A4%A8%E0%A5%82/]
in SYSTEMPATH/Router/Router.php on line 768.
 1 SYSTEMPATH/Router/Router.php(219): CodeIgniter\Router\Router->checkDisallowedChars()
 2 SYSTEMPATH/CodeIgniter.php(829): CodeIgniter\Router\Router->handle()
 3 SYSTEMPATH/CodeIgniter.php(441): CodeIgniter\CodeIgniter->tryToRouteIt()
 4 SYSTEMPATH/CodeIgniter.php(340): CodeIgniter\CodeIgniter->handleRequest()
 5 SYSTEMPATH/Boot.php(417): CodeIgniter\CodeIgniter->run()
 6 SYSTEMPATH/Boot.php(68): CodeIgniter\Boot::runCodeIgniter()
 7 FCPATH/index.php(31): CodeIgniter\Boot::bootWeb()
CRITICAL - 2026-05-29 14:28:45 --> CodeIgniter\HTTP\Exceptions\BadRequestException: The URI you submitted has disallowed characters: "प्रतिकूल"
[Method: GET, Route: tag/%E0%A4%AA%E0%A5%8D%E0%A4%B0%E0%A4%A4%E0%A4%BF%E0%A4%95%E0%A5%82%E0%A4%B2/]
in SYSTEMPATH/Router/Router.php on line 768.
 1 SYSTEMPATH/Router/Router.php(219): CodeIgniter\Router\Router->checkDisallowedChars()
 2 SYSTEMPATH/CodeIgniter.php(829): CodeIgniter\Router\Router->handle()
 3 SYSTEMPATH/CodeIgniter.php(441): CodeIgniter\CodeIgniter->tryToRouteIt()
 4 SYSTEMPATH/CodeIgniter.php(340): CodeIgniter\CodeIgniter->handleRequest()
 5 SYSTEMPATH/Boot.php(417): CodeIgniter\CodeIgniter->run()
 6 SYSTEMPATH/Boot.php(68): CodeIgniter\Boot::runCodeIgniter()
 7 FCPATH/index.php(31): CodeIgniter\Boot::bootWeb()
CRITICAL - 2026-05-29 14:32:01 --> CodeIgniter\HTTP\Exceptions\BadRequestException: The URI you submitted has disallowed characters: "आर्थिक"
[Method: GET, Route: tag/%E0%A4%86%E0%A4%B0%E0%A5%8D%E0%A4%A5%E0%A4%BF%E0%A4%95/]
in SYSTEMPATH/Router/Router.php on line 768.
 1 SYSTEMPATH/Router/Router.php(219): CodeIgniter\Router\Router->checkDisallowedChars()
 2 SYSTEMPATH/CodeIgniter.php(829): CodeIgniter\Router\Router->handle()
 3 SYSTEMPATH/CodeIgniter.php(441): CodeIgniter\CodeIgniter->tryToRouteIt()
 4 SYSTEMPATH/CodeIgniter.php(340): CodeIgniter\CodeIgniter->handleRequest()
 5 SYSTEMPATH/Boot.php(417): CodeIgniter\CodeIgniter->run()
 6 SYSTEMPATH/Boot.php(68): CodeIgniter\Boot::runCodeIgniter()
 7 FCPATH/index.php(31): CodeIgniter\Boot::bootWeb()
CRITICAL - 2026-05-29 14:35:07 --> CodeIgniter\HTTP\Exceptions\BadRequestException: The URI you submitted has disallowed characters: "सहयोग"
[Method: GET, Route: tag/%E0%A4%B8%E0%A4%B9%E0%A4%AF%E0%A5%8B%E0%A4%97/]
in SYSTEMPATH/Router/Router.php on line 768.
 1 SYSTEMPATH/Router/Router.php(219): CodeIgniter\Router\Router->checkDisallowedChars()
 2 SYSTEMPATH/CodeIgniter.php(829): CodeIgniter\Router\Router->handle()
 3 SYSTEMPATH/CodeIgniter.php(441): CodeIgniter\CodeIgniter->tryToRouteIt()
 4 SYSTEMPATH/CodeIgniter.php(340): CodeIgniter\CodeIgniter->handleRequest()
 5 SYSTEMPATH/Boot.php(417): CodeIgniter\CodeIgniter->run()
 6 SYSTEMPATH/Boot.php(68): CodeIgniter\Boot::runCodeIgniter()
 7 FCPATH/index.php(31): CodeIgniter\Boot::bootWeb()
CRITICAL - 2026-05-29 14:38:25 --> CodeIgniter\HTTP\Exceptions\BadRequestException: The URI you submitted has disallowed characters: "टेलिकमबाट"
[Method: GET, Route: tag/%E0%A4%9F%E0%A5%87%E0%A4%B2%E0%A4%BF%E0%A4%95%E0%A4%AE%E0%A4%AC%E0%A4%BE%E0%A4%9F/]
in SYSTEMPATH/Router/Router.php on line 768.
 1 SYSTEMPATH/Router/Router.php(219): CodeIgniter\Router\Router->checkDisallowedChars()
 2 SYSTEMPATH/CodeIgniter.php(829): CodeIgniter\Router\Router->handle()
 3 SYSTEMPATH/CodeIgniter.php(441): CodeIgniter\CodeIgniter->tryToRouteIt()
 4 SYSTEMPATH/CodeIgniter.php(340): CodeIgniter\CodeIgniter->handleRequest()
 5 SYSTEMPATH/Boot.php(417): CodeIgniter\CodeIgniter->run()
 6 SYSTEMPATH/Boot.php(68): CodeIgniter\Boot::runCodeIgniter()
 7 FCPATH/index.php(31): CodeIgniter\Boot::bootWeb()
CRITICAL - 2026-05-29 14:41:55 --> CodeIgniter\HTTP\Exceptions\BadRequestException: The URI you submitted has disallowed characters: "कसले"
[Method: GET, Route: tag/%E0%A4%95%E0%A4%B8%E0%A4%B2%E0%A5%87/]
in SYSTEMPATH/Router/Router.php on line 768.
 1 SYSTEMPATH/Router/Router.php(219): CodeIgniter\Router\Router->checkDisallowedChars()
 2 SYSTEMPATH/CodeIgniter.php(829): CodeIgniter\Router\Router->handle()
 3 SYSTEMPATH/CodeIgniter.php(441): CodeIgniter\CodeIgniter->tryToRouteIt()
 4 SYSTEMPATH/CodeIgniter.php(340): CodeIgniter\CodeIgniter->handleRequest()
 5 SYSTEMPATH/Boot.php(417): CodeIgniter\CodeIgniter->run()
 6 SYSTEMPATH/Boot.php(68): CodeIgniter\Boot::runCodeIgniter()
 7 FCPATH/index.php(31): CodeIgniter\Boot::bootWeb()
CRITICAL - 2026-05-29 14:45:53 --> CodeIgniter\HTTP\Exceptions\BadRequestException: The URI you submitted has disallowed characters: "सेतोपाटी-संवाददाता"
[Method: GET, Route: tag/%E0%A4%B8%E0%A5%87%E0%A4%A4%E0%A5%8B%E0%A4%AA%E0%A4%BE%E0%A4%9F%E0%A5%80-%E0%A4%B8%E0%A4%82%E0%A4%B5%E0%A4%BE%E0%A4%A6%E0%A4%A6%E0%A4%BE%E0%A4%A4%E0%A4%BE/]
in SYSTEMPATH/Router/Router.php on line 768.
 1 SYSTEMPATH/Router/Router.php(219): CodeIgniter\Router\Router->checkDisallowedChars()
 2 SYSTEMPATH/CodeIgniter.php(829): CodeIgniter\Router\Router->handle()
 3 SYSTEMPATH/CodeIgniter.php(441): CodeIgniter\CodeIgniter->tryToRouteIt()
 4 SYSTEMPATH/CodeIgniter.php(340): CodeIgniter\CodeIgniter->handleRequest()
 5 SYSTEMPATH/Boot.php(417): CodeIgniter\CodeIgniter->run()
 6 SYSTEMPATH/Boot.php(68): CodeIgniter\Boot::runCodeIgniter()
 7 FCPATH/index.php(31): CodeIgniter\Boot::bootWeb()
CRITICAL - 2026-05-29 14:47:33 --> CodeIgniter\HTTP\Exceptions\BadRequestException: The URI you submitted has disallowed characters: "मतदान"
[Method: GET, Route: tag/%E0%A4%AE%E0%A4%A4%E0%A4%A6%E0%A4%BE%E0%A4%A8/]
in SYSTEMPATH/Router/Router.php on line 768.
 1 SYSTEMPATH/Router/Router.php(219): CodeIgniter\Router\Router->checkDisallowedChars()
 2 SYSTEMPATH/CodeIgniter.php(829): CodeIgniter\Router\Router->handle()
 3 SYSTEMPATH/CodeIgniter.php(441): CodeIgniter\CodeIgniter->tryToRouteIt()
 4 SYSTEMPATH/CodeIgniter.php(340): CodeIgniter\CodeIgniter->handleRequest()
 5 SYSTEMPATH/Boot.php(417): CodeIgniter\CodeIgniter->run()
 6 SYSTEMPATH/Boot.php(68): CodeIgniter\Boot::runCodeIgniter()
 7 FCPATH/index.php(31): CodeIgniter\Boot::bootWeb()
CRITICAL - 2026-05-29 14:49:49 --> CodeIgniter\HTTP\Exceptions\BadRequestException: The URI you submitted has disallowed characters: "रुसमा"
[Method: GET, Route: tag/%E0%A4%B0%E0%A5%81%E0%A4%B8%E0%A4%AE%E0%A4%BE/]
in SYSTEMPATH/Router/Router.php on line 768.
 1 SYSTEMPATH/Router/Router.php(219): CodeIgniter\Router\Router->checkDisallowedChars()
 2 SYSTEMPATH/CodeIgniter.php(829): CodeIgniter\Router\Router->handle()
 3 SYSTEMPATH/CodeIgniter.php(441): CodeIgniter\CodeIgniter->tryToRouteIt()
 4 SYSTEMPATH/CodeIgniter.php(340): CodeIgniter\CodeIgniter->handleRequest()
 5 SYSTEMPATH/Boot.php(417): CodeIgniter\CodeIgniter->run()
 6 SYSTEMPATH/Boot.php(68): CodeIgniter\Boot::runCodeIgniter()
 7 FCPATH/index.php(31): CodeIgniter\Boot::bootWeb()
CRITICAL - 2026-05-29 14:52:46 --> CodeIgniter\HTTP\Exceptions\BadRequestException: The URI you submitted has disallowed characters: "संघको"
[Method: GET, Route: tag/%E0%A4%B8%E0%A4%82%E0%A4%98%E0%A4%95%E0%A5%8B/]
in SYSTEMPATH/Router/Router.php on line 768.
 1 SYSTEMPATH/Router/Router.php(219): CodeIgniter\Router\Router->checkDisallowedChars()
 2 SYSTEMPATH/CodeIgniter.php(829): CodeIgniter\Router\Router->handle()
 3 SYSTEMPATH/CodeIgniter.php(441): CodeIgniter\CodeIgniter->tryToRouteIt()
 4 SYSTEMPATH/CodeIgniter.php(340): CodeIgniter\CodeIgniter->handleRequest()
 5 SYSTEMPATH/Boot.php(417): CodeIgniter\CodeIgniter->run()
 6 SYSTEMPATH/Boot.php(68): CodeIgniter\Boot::runCodeIgniter()
 7 FCPATH/index.php(31): CodeIgniter\Boot::bootWeb()
CRITICAL - 2026-05-29 14:57:16 --> CodeIgniter\HTTP\Exceptions\BadRequestException: The URI you submitted has disallowed characters: "खाद्यवस्तु"
[Method: GET, Route: tag/%E0%A4%96%E0%A4%BE%E0%A4%A6%E0%A5%8D%E0%A4%AF%E0%A4%B5%E0%A4%B8%E0%A5%8D%E0%A4%A4%E0%A5%81/]
in SYSTEMPATH/Router/Router.php on line 768.
 1 SYSTEMPATH/Router/Router.php(219): CodeIgniter\Router\Router->checkDisallowedChars()
 2 SYSTEMPATH/CodeIgniter.php(829): CodeIgniter\Router\Router->handle()
 3 SYSTEMPATH/CodeIgniter.php(441): CodeIgniter\CodeIgniter->tryToRouteIt()
 4 SYSTEMPATH/CodeIgniter.php(340): CodeIgniter\CodeIgniter->handleRequest()
 5 SYSTEMPATH/Boot.php(417): CodeIgniter\CodeIgniter->run()
 6 SYSTEMPATH/Boot.php(68): CodeIgniter\Boot::runCodeIgniter()
 7 FCPATH/index.php(31): CodeIgniter\Boot::bootWeb()
CRITICAL - 2026-05-29 15:00:53 --> CodeIgniter\HTTP\Exceptions\BadRequestException: The URI you submitted has disallowed characters: "commodity-फाइल"
[Method: GET, Route: tag/commodity-%E0%A4%AB%E0%A4%BE%E0%A4%87%E0%A4%B2/]
in SYSTEMPATH/Router/Router.php on line 768.
 1 SYSTEMPATH/Router/Router.php(219): CodeIgniter\Router\Router->checkDisallowedChars()
 2 SYSTEMPATH/CodeIgniter.php(829): CodeIgniter\Router\Router->handle()
 3 SYSTEMPATH/CodeIgniter.php(441): CodeIgniter\CodeIgniter->tryToRouteIt()
 4 SYSTEMPATH/CodeIgniter.php(340): CodeIgniter\CodeIgniter->handleRequest()
 5 SYSTEMPATH/Boot.php(417): CodeIgniter\CodeIgniter->run()
 6 SYSTEMPATH/Boot.php(68): CodeIgniter\Boot::runCodeIgniter()
 7 FCPATH/index.php(31): CodeIgniter\Boot::bootWeb()
CRITICAL - 2026-05-29 15:04:34 --> CodeIgniter\HTTP\Exceptions\BadRequestException: The URI you submitted has disallowed characters: "काउन्सिल"
[Method: GET, Route: tag/%E0%A4%95%E0%A4%BE%E0%A4%89%E0%A4%A8%E0%A5%8D%E0%A4%B8%E0%A4%BF%E0%A4%B2/]
in SYSTEMPATH/Router/Router.php on line 768.
 1 SYSTEMPATH/Router/Router.php(219): CodeIgniter\Router\Router->checkDisallowedChars()
 2 SYSTEMPATH/CodeIgniter.php(829): CodeIgniter\Router\Router->handle()
 3 SYSTEMPATH/CodeIgniter.php(441): CodeIgniter\CodeIgniter->tryToRouteIt()
 4 SYSTEMPATH/CodeIgniter.php(340): CodeIgniter\CodeIgniter->handleRequest()
 5 SYSTEMPATH/Boot.php(417): CodeIgniter\CodeIgniter->run()
 6 SYSTEMPATH/Boot.php(68): CodeIgniter\Boot::runCodeIgniter()
 7 FCPATH/index.php(31): CodeIgniter\Boot::bootWeb()
CRITICAL - 2026-05-29 15:07:49 --> CodeIgniter\HTTP\Exceptions\BadRequestException: The URI you submitted has disallowed characters: "पुष्टि"
[Method: GET, Route: tag/%E0%A4%AA%E0%A5%81%E0%A4%B7%E0%A5%8D%E0%A4%9F%E0%A4%BF/]
in SYSTEMPATH/Router/Router.php on line 768.
 1 SYSTEMPATH/Router/Router.php(219): CodeIgniter\Router\Router->checkDisallowedChars()
 2 SYSTEMPATH/CodeIgniter.php(829): CodeIgniter\Router\Router->handle()
 3 SYSTEMPATH/CodeIgniter.php(441): CodeIgniter\CodeIgniter->tryToRouteIt()
 4 SYSTEMPATH/CodeIgniter.php(340): CodeIgniter\CodeIgniter->handleRequest()
 5 SYSTEMPATH/Boot.php(417): CodeIgniter\CodeIgniter->run()
 6 SYSTEMPATH/Boot.php(68): CodeIgniter\Boot::runCodeIgniter()
 7 FCPATH/index.php(31): CodeIgniter\Boot::bootWeb()
CRITICAL - 2026-05-29 15:10:16 --> CodeIgniter\HTTP\Exceptions\BadRequestException: The URI you submitted has disallowed characters: "महत्व"
[Method: GET, Route: tag/%E0%A4%AE%E0%A4%B9%E0%A4%A4%E0%A5%8D%E0%A4%B5/]
in SYSTEMPATH/Router/Router.php on line 768.
 1 SYSTEMPATH/Router/Router.php(219): CodeIgniter\Router\Router->checkDisallowedChars()
 2 SYSTEMPATH/CodeIgniter.php(829): CodeIgniter\Router\Router->handle()
 3 SYSTEMPATH/CodeIgniter.php(441): CodeIgniter\CodeIgniter->tryToRouteIt()
 4 SYSTEMPATH/CodeIgniter.php(340): CodeIgniter\CodeIgniter->handleRequest()
 5 SYSTEMPATH/Boot.php(417): CodeIgniter\CodeIgniter->run()
 6 SYSTEMPATH/Boot.php(68): CodeIgniter\Boot::runCodeIgniter()
 7 FCPATH/index.php(31): CodeIgniter\Boot::bootWeb()
CRITICAL - 2026-05-29 15:13:44 --> CodeIgniter\HTTP\Exceptions\BadRequestException: The URI you submitted has disallowed characters: "जाँच"
[Method: GET, Route: tag/%E0%A4%9C%E0%A4%BE%E0%A4%81%E0%A4%9A/]
in SYSTEMPATH/Router/Router.php on line 768.
 1 SYSTEMPATH/Router/Router.php(219): CodeIgniter\Router\Router->checkDisallowedChars()
 2 SYSTEMPATH/CodeIgniter.php(829): CodeIgniter\Router\Router->handle()
 3 SYSTEMPATH/CodeIgniter.php(441): CodeIgniter\CodeIgniter->tryToRouteIt()
 4 SYSTEMPATH/CodeIgniter.php(340): CodeIgniter\CodeIgniter->handleRequest()
 5 SYSTEMPATH/Boot.php(417): CodeIgniter\CodeIgniter->run()
 6 SYSTEMPATH/Boot.php(68): CodeIgniter\Boot::runCodeIgniter()
 7 FCPATH/index.php(31): CodeIgniter\Boot::bootWeb()
CRITICAL - 2026-05-29 15:15:19 --> CodeIgniter\HTTP\Exceptions\BadRequestException: The URI you submitted has disallowed characters: "विकासमन्त्री"
[Method: GET, Route: tag/%E0%A4%B5%E0%A4%BF%E0%A4%95%E0%A4%BE%E0%A4%B8%E0%A4%AE%E0%A4%A8%E0%A5%8D%E0%A4%A4%E0%A5%8D%E0%A4%B0%E0%A5%80/]
in SYSTEMPATH/Router/Router.php on line 768.
 1 SYSTEMPATH/Router/Router.php(219): CodeIgniter\Router\Router->checkDisallowedChars()
 2 SYSTEMPATH/CodeIgniter.php(829): CodeIgniter\Router\Router->handle()
 3 SYSTEMPATH/CodeIgniter.php(441): CodeIgniter\CodeIgniter->tryToRouteIt()
 4 SYSTEMPATH/CodeIgniter.php(340): CodeIgniter\CodeIgniter->handleRequest()
 5 SYSTEMPATH/Boot.php(417): CodeIgniter\CodeIgniter->run()
 6 SYSTEMPATH/Boot.php(68): CodeIgniter\Boot::runCodeIgniter()
 7 FCPATH/index.php(31): CodeIgniter\Boot::bootWeb()
CRITICAL - 2026-05-29 15:17:52 --> CodeIgniter\HTTP\Exceptions\BadRequestException: The URI you submitted has disallowed characters: "औषधि"
[Method: GET, Route: tag/%E0%A4%94%E0%A4%B7%E0%A4%A7%E0%A4%BF/]
in SYSTEMPATH/Router/Router.php on line 768.
 1 SYSTEMPATH/Router/Router.php(219): CodeIgniter\Router\Router->checkDisallowedChars()
 2 SYSTEMPATH/CodeIgniter.php(829): CodeIgniter\Router\Router->handle()
 3 SYSTEMPATH/CodeIgniter.php(441): CodeIgniter\CodeIgniter->tryToRouteIt()
 4 SYSTEMPATH/CodeIgniter.php(340): CodeIgniter\CodeIgniter->handleRequest()
 5 SYSTEMPATH/Boot.php(417): CodeIgniter\CodeIgniter->run()
 6 SYSTEMPATH/Boot.php(68): CodeIgniter\Boot::runCodeIgniter()
 7 FCPATH/index.php(31): CodeIgniter\Boot::bootWeb()
CRITICAL - 2026-05-29 15:20:02 --> CodeIgniter\HTTP\Exceptions\BadRequestException: The URI you submitted has disallowed characters: "लकडाउन"
[Method: GET, Route: tag/%E0%A4%B2%E0%A4%95%E0%A4%A1%E0%A4%BE%E0%A4%89%E0%A4%A8/]
in SYSTEMPATH/Router/Router.php on line 768.
 1 SYSTEMPATH/Router/Router.php(219): CodeIgniter\Router\Router->checkDisallowedChars()
 2 SYSTEMPATH/CodeIgniter.php(829): CodeIgniter\Router\Router->handle()
 3 SYSTEMPATH/CodeIgniter.php(441): CodeIgniter\CodeIgniter->tryToRouteIt()
 4 SYSTEMPATH/CodeIgniter.php(340): CodeIgniter\CodeIgniter->handleRequest()
 5 SYSTEMPATH/Boot.php(417): CodeIgniter\CodeIgniter->run()
 6 SYSTEMPATH/Boot.php(68): CodeIgniter\Boot::runCodeIgniter()
 7 FCPATH/index.php(31): CodeIgniter\Boot::bootWeb()
CRITICAL - 2026-05-29 15:22:51 --> CodeIgniter\HTTP\Exceptions\BadRequestException: The URI you submitted has disallowed characters: "आइफोन-१३"
[Method: GET, Route: tag/%E0%A4%86%E0%A4%87%E0%A4%AB%E0%A5%8B%E0%A4%A8-%E0%A5%A7%E0%A5%A9/]
in SYSTEMPATH/Router/Router.php on line 768.
 1 SYSTEMPATH/Router/Router.php(219): CodeIgniter\Router\Router->checkDisallowedChars()
 2 SYSTEMPATH/CodeIgniter.php(829): CodeIgniter\Router\Router->handle()
 3 SYSTEMPATH/CodeIgniter.php(441): CodeIgniter\CodeIgniter->tryToRouteIt()
 4 SYSTEMPATH/CodeIgniter.php(340): CodeIgniter\CodeIgniter->handleRequest()
 5 SYSTEMPATH/Boot.php(417): CodeIgniter\CodeIgniter->run()
 6 SYSTEMPATH/Boot.php(68): CodeIgniter\Boot::runCodeIgniter()
 7 FCPATH/index.php(31): CodeIgniter\Boot::bootWeb()
CRITICAL - 2026-05-29 15:28:36 --> CodeIgniter\HTTP\Exceptions\BadRequestException: The URI you submitted has disallowed characters: "एक"
[Method: GET, Route: tag/%E0%A4%8F%E0%A4%95/]
in SYSTEMPATH/Router/Router.php on line 768.
 1 SYSTEMPATH/Router/Router.php(219): CodeIgniter\Router\Router->checkDisallowedChars()
 2 SYSTEMPATH/CodeIgniter.php(829): CodeIgniter\Router\Router->handle()
 3 SYSTEMPATH/CodeIgniter.php(441): CodeIgniter\CodeIgniter->tryToRouteIt()
 4 SYSTEMPATH/CodeIgniter.php(340): CodeIgniter\CodeIgniter->handleRequest()
 5 SYSTEMPATH/Boot.php(417): CodeIgniter\CodeIgniter->run()
 6 SYSTEMPATH/Boot.php(68): CodeIgniter\Boot::runCodeIgniter()
 7 FCPATH/index.php(31): CodeIgniter\Boot::bootWeb()
CRITICAL - 2026-05-29 15:32:42 --> CodeIgniter\HTTP\Exceptions\BadRequestException: The URI you submitted has disallowed characters: "लेख्ने"
[Method: GET, Route: tag/%E0%A4%B2%E0%A5%87%E0%A4%96%E0%A5%8D%E0%A4%A8%E0%A5%87/]
in SYSTEMPATH/Router/Router.php on line 768.
 1 SYSTEMPATH/Router/Router.php(219): CodeIgniter\Router\Router->checkDisallowedChars()
 2 SYSTEMPATH/CodeIgniter.php(829): CodeIgniter\Router\Router->handle()
 3 SYSTEMPATH/CodeIgniter.php(441): CodeIgniter\CodeIgniter->tryToRouteIt()
 4 SYSTEMPATH/CodeIgniter.php(340): CodeIgniter\CodeIgniter->handleRequest()
 5 SYSTEMPATH/Boot.php(417): CodeIgniter\CodeIgniter->run()
 6 SYSTEMPATH/Boot.php(68): CodeIgniter\Boot::runCodeIgniter()
 7 FCPATH/index.php(31): CodeIgniter\Boot::bootWeb()
CRITICAL - 2026-05-29 15:36:34 --> CodeIgniter\HTTP\Exceptions\BadRequestException: The URI you submitted has disallowed characters: "रामकुमारी"
[Method: GET, Route: tag/%E0%A4%B0%E0%A4%BE%E0%A4%AE%E0%A4%95%E0%A5%81%E0%A4%AE%E0%A4%BE%E0%A4%B0%E0%A5%80/]
in SYSTEMPATH/Router/Router.php on line 768.
 1 SYSTEMPATH/Router/Router.php(219): CodeIgniter\Router\Router->checkDisallowedChars()
 2 SYSTEMPATH/CodeIgniter.php(829): CodeIgniter\Router\Router->handle()
 3 SYSTEMPATH/CodeIgniter.php(441): CodeIgniter\CodeIgniter->tryToRouteIt()
 4 SYSTEMPATH/CodeIgniter.php(340): CodeIgniter\CodeIgniter->handleRequest()
 5 SYSTEMPATH/Boot.php(417): CodeIgniter\CodeIgniter->run()
 6 SYSTEMPATH/Boot.php(68): CodeIgniter\Boot::runCodeIgniter()
 7 FCPATH/index.php(31): CodeIgniter\Boot::bootWeb()
CRITICAL - 2026-05-29 15:40:12 --> CodeIgniter\HTTP\Exceptions\BadRequestException: The URI you submitted has disallowed characters: "असर"
[Method: GET, Route: tag/%E0%A4%85%E0%A4%B8%E0%A4%B0/]
in SYSTEMPATH/Router/Router.php on line 768.
 1 SYSTEMPATH/Router/Router.php(219): CodeIgniter\Router\Router->checkDisallowedChars()
 2 SYSTEMPATH/CodeIgniter.php(829): CodeIgniter\Router\Router->handle()
 3 SYSTEMPATH/CodeIgniter.php(441): CodeIgniter\CodeIgniter->tryToRouteIt()
 4 SYSTEMPATH/CodeIgniter.php(340): CodeIgniter\CodeIgniter->handleRequest()
 5 SYSTEMPATH/Boot.php(417): CodeIgniter\CodeIgniter->run()
 6 SYSTEMPATH/Boot.php(68): CodeIgniter\Boot::runCodeIgniter()
 7 FCPATH/index.php(31): CodeIgniter\Boot::bootWeb()
CRITICAL - 2026-05-29 15:43:30 --> CodeIgniter\HTTP\Exceptions\BadRequestException: The URI you submitted has disallowed characters: "आपत्ति"
[Method: GET, Route: tag/%E0%A4%86%E0%A4%AA%E0%A4%A4%E0%A5%8D%E0%A4%A4%E0%A4%BF/]
in SYSTEMPATH/Router/Router.php on line 768.
 1 SYSTEMPATH/Router/Router.php(219): CodeIgniter\Router\Router->checkDisallowedChars()
 2 SYSTEMPATH/CodeIgniter.php(829): CodeIgniter\Router\Router->handle()
 3 SYSTEMPATH/CodeIgniter.php(441): CodeIgniter\CodeIgniter->tryToRouteIt()
 4 SYSTEMPATH/CodeIgniter.php(340): CodeIgniter\CodeIgniter->handleRequest()
 5 SYSTEMPATH/Boot.php(417): CodeIgniter\CodeIgniter->run()
 6 SYSTEMPATH/Boot.php(68): CodeIgniter\Boot::runCodeIgniter()
 7 FCPATH/index.php(31): CodeIgniter\Boot::bootWeb()
CRITICAL - 2026-05-29 15:46:45 --> CodeIgniter\HTTP\Exceptions\BadRequestException: The URI you submitted has disallowed characters: "स्वास्थ्य-खबरपत्रिका"
[Method: GET, Route: tag/%E0%A4%B8%E0%A5%8D%E0%A4%B5%E0%A4%BE%E0%A4%B8%E0%A5%8D%E0%A4%A5%E0%A5%8D%E0%A4%AF-%E0%A4%96%E0%A4%AC%E0%A4%B0%E0%A4%AA%E0%A4%A4%E0%A5%8D%E0%A4%B0%E0%A4%BF%E0%A4%95%E0%A4%BE/]
in SYSTEMPATH/Router/Router.php on line 768.
 1 SYSTEMPATH/Router/Router.php(219): CodeIgniter\Router\Router->checkDisallowedChars()
 2 SYSTEMPATH/CodeIgniter.php(829): CodeIgniter\Router\Router->handle()
 3 SYSTEMPATH/CodeIgniter.php(441): CodeIgniter\CodeIgniter->tryToRouteIt()
 4 SYSTEMPATH/CodeIgniter.php(340): CodeIgniter\CodeIgniter->handleRequest()
 5 SYSTEMPATH/Boot.php(417): CodeIgniter\CodeIgniter->run()
 6 SYSTEMPATH/Boot.php(68): CodeIgniter\Boot::runCodeIgniter()
 7 FCPATH/index.php(31): CodeIgniter\Boot::bootWeb()
CRITICAL - 2026-05-29 15:49:33 --> CodeIgniter\HTTP\Exceptions\BadRequestException: The URI you submitted has disallowed characters: "देश"
[Method: GET, Route: category/%E0%A4%A6%E0%A5%87%E0%A4%B6]
in SYSTEMPATH/Router/Router.php on line 768.
 1 SYSTEMPATH/Router/Router.php(219): CodeIgniter\Router\Router->checkDisallowedChars()
 2 SYSTEMPATH/CodeIgniter.php(829): CodeIgniter\Router\Router->handle()
 3 SYSTEMPATH/CodeIgniter.php(441): CodeIgniter\CodeIgniter->tryToRouteIt()
 4 SYSTEMPATH/CodeIgniter.php(340): CodeIgniter\CodeIgniter->handleRequest()
 5 SYSTEMPATH/Boot.php(417): CodeIgniter\CodeIgniter->run()
 6 SYSTEMPATH/Boot.php(68): CodeIgniter\Boot::runCodeIgniter()
 7 FCPATH/index.php(31): CodeIgniter\Boot::bootWeb()
CRITICAL - 2026-05-29 15:49:50 --> CodeIgniter\HTTP\Exceptions\BadRequestException: The URI you submitted has disallowed characters: "पर्ने"
[Method: GET, Route: tag/%E0%A4%AA%E0%A4%B0%E0%A5%8D%E0%A4%A8%E0%A5%87/]
in SYSTEMPATH/Router/Router.php on line 768.
 1 SYSTEMPATH/Router/Router.php(219): CodeIgniter\Router\Router->checkDisallowedChars()
 2 SYSTEMPATH/CodeIgniter.php(829): CodeIgniter\Router\Router->handle()
 3 SYSTEMPATH/CodeIgniter.php(441): CodeIgniter\CodeIgniter->tryToRouteIt()
 4 SYSTEMPATH/CodeIgniter.php(340): CodeIgniter\CodeIgniter->handleRequest()
 5 SYSTEMPATH/Boot.php(417): CodeIgniter\CodeIgniter->run()
 6 SYSTEMPATH/Boot.php(68): CodeIgniter\Boot::runCodeIgniter()
 7 FCPATH/index.php(31): CodeIgniter\Boot::bootWeb()
CRITICAL - 2026-05-29 15:52:58 --> CodeIgniter\HTTP\Exceptions\BadRequestException: The URI you submitted has disallowed characters: "केन्द्र"
[Method: GET, Route: tag/%E0%A4%95%E0%A5%87%E0%A4%A8%E0%A5%8D%E0%A4%A6%E0%A5%8D%E0%A4%B0/]
in SYSTEMPATH/Router/Router.php on line 768.
 1 SYSTEMPATH/Router/Router.php(219): CodeIgniter\Router\Router->checkDisallowedChars()
 2 SYSTEMPATH/CodeIgniter.php(829): CodeIgniter\Router\Router->handle()
 3 SYSTEMPATH/CodeIgniter.php(441): CodeIgniter\CodeIgniter->tryToRouteIt()
 4 SYSTEMPATH/CodeIgniter.php(340): CodeIgniter\CodeIgniter->handleRequest()
 5 SYSTEMPATH/Boot.php(417): CodeIgniter\CodeIgniter->run()
 6 SYSTEMPATH/Boot.php(68): CodeIgniter\Boot::runCodeIgniter()
 7 FCPATH/index.php(31): CodeIgniter\Boot::bootWeb()
CRITICAL - 2026-05-29 16:00:24 --> CodeIgniter\HTTP\Exceptions\BadRequestException: The URI you submitted has disallowed characters: "फोटो"
[Method: GET, Route: tag/%E0%A4%AB%E0%A5%8B%E0%A4%9F%E0%A5%8B/]
in SYSTEMPATH/Router/Router.php on line 768.
 1 SYSTEMPATH/Router/Router.php(219): CodeIgniter\Router\Router->checkDisallowedChars()
 2 SYSTEMPATH/CodeIgniter.php(829): CodeIgniter\Router\Router->handle()
 3 SYSTEMPATH/CodeIgniter.php(441): CodeIgniter\CodeIgniter->tryToRouteIt()
 4 SYSTEMPATH/CodeIgniter.php(340): CodeIgniter\CodeIgniter->handleRequest()
 5 SYSTEMPATH/Boot.php(417): CodeIgniter\CodeIgniter->run()
 6 SYSTEMPATH/Boot.php(68): CodeIgniter\Boot::runCodeIgniter()
 7 FCPATH/index.php(31): CodeIgniter\Boot::bootWeb()
CRITICAL - 2026-05-29 16:06:53 --> CodeIgniter\HTTP\Exceptions\BadRequestException: The URI you submitted has disallowed characters: "खेलकुद"
[Method: GET, Route: category/%E0%A4%96%E0%A5%87%E0%A4%B2%E0%A4%95%E0%A5%81%E0%A4%A6/]
in SYSTEMPATH/Router/Router.php on line 768.
 1 SYSTEMPATH/Router/Router.php(219): CodeIgniter\Router\Router->checkDisallowedChars()
 2 SYSTEMPATH/CodeIgniter.php(829): CodeIgniter\Router\Router->handle()
 3 SYSTEMPATH/CodeIgniter.php(441): CodeIgniter\CodeIgniter->tryToRouteIt()
 4 SYSTEMPATH/CodeIgniter.php(340): CodeIgniter\CodeIgniter->handleRequest()
 5 SYSTEMPATH/Boot.php(417): CodeIgniter\CodeIgniter->run()
 6 SYSTEMPATH/Boot.php(68): CodeIgniter\Boot::runCodeIgniter()
 7 FCPATH/index.php(31): CodeIgniter\Boot::bootWeb()
CRITICAL - 2026-05-29 16:11:25 --> CodeIgniter\HTTP\Exceptions\BadRequestException: The URI you submitted has disallowed characters: "महानगरबाट"
[Method: GET, Route: tag/%E0%A4%AE%E0%A4%B9%E0%A4%BE%E0%A4%A8%E0%A4%97%E0%A4%B0%E0%A4%AC%E0%A4%BE%E0%A4%9F/]
in SYSTEMPATH/Router/Router.php on line 768.
 1 SYSTEMPATH/Router/Router.php(219): CodeIgniter\Router\Router->checkDisallowedChars()
 2 SYSTEMPATH/CodeIgniter.php(829): CodeIgniter\Router\Router->handle()
 3 SYSTEMPATH/CodeIgniter.php(441): CodeIgniter\CodeIgniter->tryToRouteIt()
 4 SYSTEMPATH/CodeIgniter.php(340): CodeIgniter\CodeIgniter->handleRequest()
 5 SYSTEMPATH/Boot.php(417): CodeIgniter\CodeIgniter->run()
 6 SYSTEMPATH/Boot.php(68): CodeIgniter\Boot::runCodeIgniter()
 7 FCPATH/index.php(31): CodeIgniter\Boot::bootWeb()
CRITICAL - 2026-05-29 16:26:37 --> CodeIgniter\HTTP\Exceptions\BadRequestException: The URI you submitted has disallowed characters: "हरवाचरवा-५-बुँदे-मागसहित-अधिकारको-यात्रामा.jpg"
[Method: GET, Route: storage/2023/04/%E0%A4%B9%E0%A4%B0%E0%A4%B5%E0%A4%BE%E0%A4%9A%E0%A4%B0%E0%A4%B5%E0%A4%BE-%E0%A5%AB-%E0%A4%AC%E0%A5%81%E0%A4%81%E0%A4%A6%E0%A5%87-%E0%A4%AE%E0%A4%BE%E0%A4%97%E0%A4%B8%E0%A4%B9%E0%A4%BF%E0%A4%A4-%E0%A4%85%E0%A4%A7%E0%A4%BF%E0%A4%95%E0%A4%BE%E0%A4%B0%E0%A4%95%E0%A5%8B-%E0%A4%AF%E0%A4%BE%E0%A4%A4%E0%A5%8D%E0%A4%B0%E0%A4%BE%E0%A4%AE%E0%A4%BE.jpg]
in SYSTEMPATH/Router/Router.php on line 768.
 1 SYSTEMPATH/Router/Router.php(219): CodeIgniter\Router\Router->checkDisallowedChars()
 2 SYSTEMPATH/CodeIgniter.php(829): CodeIgniter\Router\Router->handle()
 3 SYSTEMPATH/CodeIgniter.php(441): CodeIgniter\CodeIgniter->tryToRouteIt()
 4 SYSTEMPATH/CodeIgniter.php(340): CodeIgniter\CodeIgniter->handleRequest()
 5 SYSTEMPATH/Boot.php(417): CodeIgniter\CodeIgniter->run()
 6 SYSTEMPATH/Boot.php(68): CodeIgniter\Boot::runCodeIgniter()
 7 FCPATH/index.php(31): CodeIgniter\Boot::bootWeb()
CRITICAL - 2026-05-29 17:39:33 --> CodeIgniter\HTTP\Exceptions\BadRequestException: The URI you submitted has disallowed characters: "राजनीति"
[Method: GET, Route: category/%E0%A4%B0%E0%A4%BE%E0%A4%9C%E0%A4%A8%E0%A5%80%E0%A4%A4%E0%A4%BF/page/8/]
in SYSTEMPATH/Router/Router.php on line 768.
 1 SYSTEMPATH/Router/Router.php(219): CodeIgniter\Router\Router->checkDisallowedChars()
 2 SYSTEMPATH/CodeIgniter.php(829): CodeIgniter\Router\Router->handle()
 3 SYSTEMPATH/CodeIgniter.php(441): CodeIgniter\CodeIgniter->tryToRouteIt()
 4 SYSTEMPATH/CodeIgniter.php(340): CodeIgniter\CodeIgniter->handleRequest()
 5 SYSTEMPATH/Boot.php(417): CodeIgniter\CodeIgniter->run()
 6 SYSTEMPATH/Boot.php(68): CodeIgniter\Boot::runCodeIgniter()
 7 FCPATH/index.php(31): CodeIgniter\Boot::bootWeb()
CRITICAL - 2026-05-29 18:22:27 --> CodeIgniter\HTTP\Exceptions\BadRequestException: The URI you submitted has disallowed characters: "महानगरबाट"
[Method: GET, Route: tag/%E0%A4%AE%E0%A4%B9%E0%A4%BE%E0%A4%A8%E0%A4%97%E0%A4%B0%E0%A4%AC%E0%A4%BE%E0%A4%9F/]
in SYSTEMPATH/Router/Router.php on line 768.
 1 SYSTEMPATH/Router/Router.php(219): CodeIgniter\Router\Router->checkDisallowedChars()
 2 SYSTEMPATH/CodeIgniter.php(829): CodeIgniter\Router\Router->handle()
 3 SYSTEMPATH/CodeIgniter.php(441): CodeIgniter\CodeIgniter->tryToRouteIt()
 4 SYSTEMPATH/CodeIgniter.php(340): CodeIgniter\CodeIgniter->handleRequest()
 5 SYSTEMPATH/Boot.php(417): CodeIgniter\CodeIgniter->run()
 6 SYSTEMPATH/Boot.php(68): CodeIgniter\Boot::runCodeIgniter()
 7 FCPATH/index.php(31): CodeIgniter\Boot::bootWeb()
CRITICAL - 2026-05-29 19:25:35 --> CodeIgniter\HTTP\Exceptions\BadRequestException: The URI you submitted has disallowed characters: "प्रदेश-१"
[Method: GET, Route: category/%E0%A4%AA%E0%A5%8D%E0%A4%B0%E0%A4%A6%E0%A5%87%E0%A4%B6-%E0%A5%A7/page/9/]
in SYSTEMPATH/Router/Router.php on line 768.
 1 SYSTEMPATH/Router/Router.php(219): CodeIgniter\Router\Router->checkDisallowedChars()
 2 SYSTEMPATH/CodeIgniter.php(829): CodeIgniter\Router\Router->handle()
 3 SYSTEMPATH/CodeIgniter.php(441): CodeIgniter\CodeIgniter->tryToRouteIt()
 4 SYSTEMPATH/CodeIgniter.php(340): CodeIgniter\CodeIgniter->handleRequest()
 5 SYSTEMPATH/Boot.php(417): CodeIgniter\CodeIgniter->run()
 6 SYSTEMPATH/Boot.php(68): CodeIgniter\Boot::runCodeIgniter()
 7 FCPATH/index.php(31): CodeIgniter\Boot::bootWeb()
CRITICAL - 2026-05-29 19:33:31 --> CodeIgniter\HTTP\Exceptions\BadRequestException: The URI you submitted has disallowed characters: "ठाकुरराम-बहुमुखी-क्याम्पसमा-चैत-८-गते-स्ववियु-निर्वाचन.jpg"
[Method: GET, Route: wp-content/uploads/2023/03/%E0%A4%A0%E0%A4%BE%E0%A4%95%E0%A5%81%E0%A4%B0%E0%A4%B0%E0%A4%BE%E0%A4%AE-%E0%A4%AC%E0%A4%B9%E0%A5%81%E0%A4%AE%E0%A5%81%E0%A4%96%E0%A5%80-%E0%A4%95%E0%A5%8D%E0%A4%AF%E0%A4%BE%E0%A4%AE%E0%A5%8D%E0%A4%AA%E0%A4%B8%E0%A4%AE%E0%A4%BE-%E0%A4%9A%E0%A5%88%E0%A4%A4-%E0%A5%AE-%E0%A4%97%E0%A4%A4%E0%A5%87-%E0%A4%B8%E0%A5%8D%E0%A4%B5%E0%A4%B5%E0%A4%BF%E0%A4%AF%E0%A5%81-%E0%A4%A8%E0%A4%BF%E0%A4%B0%E0%A5%8D%E0%A4%B5%E0%A4%BE%E0%A4%9A%E0%A4%A8.jpg]
in SYSTEMPATH/Router/Router.php on line 768.
 1 SYSTEMPATH/Router/Router.php(219): CodeIgniter\Router\Router->checkDisallowedChars()
 2 SYSTEMPATH/CodeIgniter.php(829): CodeIgniter\Router\Router->handle()
 3 SYSTEMPATH/CodeIgniter.php(441): CodeIgniter\CodeIgniter->tryToRouteIt()
 4 SYSTEMPATH/CodeIgniter.php(340): CodeIgniter\CodeIgniter->handleRequest()
 5 SYSTEMPATH/Boot.php(417): CodeIgniter\CodeIgniter->run()
 6 SYSTEMPATH/Boot.php(68): CodeIgniter\Boot::runCodeIgniter()
 7 FCPATH/index.php(31): CodeIgniter\Boot::bootWeb()
CRITICAL - 2026-05-29 20:06:13 --> CodeIgniter\HTTP\Exceptions\BadRequestException: The URI you submitted has disallowed characters: "महानगरबाट"
[Method: GET, Route: tag/%E0%A4%AE%E0%A4%B9%E0%A4%BE%E0%A4%A8%E0%A4%97%E0%A4%B0%E0%A4%AC%E0%A4%BE%E0%A4%9F/]
in SYSTEMPATH/Router/Router.php on line 768.
 1 SYSTEMPATH/Router/Router.php(219): CodeIgniter\Router\Router->checkDisallowedChars()
 2 SYSTEMPATH/CodeIgniter.php(829): CodeIgniter\Router\Router->handle()
 3 SYSTEMPATH/CodeIgniter.php(441): CodeIgniter\CodeIgniter->tryToRouteIt()
 4 SYSTEMPATH/CodeIgniter.php(340): CodeIgniter\CodeIgniter->handleRequest()
 5 SYSTEMPATH/Boot.php(417): CodeIgniter\CodeIgniter->run()
 6 SYSTEMPATH/Boot.php(68): CodeIgniter\Boot::runCodeIgniter()
 7 FCPATH/index.php(31): CodeIgniter\Boot::bootWeb()
CRITICAL - 2026-05-29 21:16:01 --> CodeIgniter\HTTP\Exceptions\BadRequestException: The URI you submitted has disallowed characters: "समाचार"
[Method: GET, Route: 4547/2021/12/%E0%A4%B8%E0%A4%AE%E0%A4%BE%E0%A4%9A%E0%A4%BE%E0%A4%B0/]
in SYSTEMPATH/Router/Router.php on line 768.
 1 SYSTEMPATH/Router/Router.php(219): CodeIgniter\Router\Router->checkDisallowedChars()
 2 SYSTEMPATH/CodeIgniter.php(829): CodeIgniter\Router\Router->handle()
 3 SYSTEMPATH/CodeIgniter.php(441): CodeIgniter\CodeIgniter->tryToRouteIt()
 4 SYSTEMPATH/CodeIgniter.php(340): CodeIgniter\CodeIgniter->handleRequest()
 5 SYSTEMPATH/Boot.php(417): CodeIgniter\CodeIgniter->run()
 6 SYSTEMPATH/Boot.php(68): CodeIgniter\Boot::runCodeIgniter()
 7 FCPATH/index.php(31): CodeIgniter\Boot::bootWeb()
CRITICAL - 2026-05-29 22:31:33 --> CodeIgniter\HTTP\Exceptions\BadRequestException: The URI you submitted has disallowed characters: "प्रदेश-५"
[Method: GET, Route: category/%E0%A4%AA%E0%A5%8D%E0%A4%B0%E0%A4%A6%E0%A5%87%E0%A4%B6-%E0%A5%AB/page/8/]
in SYSTEMPATH/Router/Router.php on line 768.
 1 SYSTEMPATH/Router/Router.php(219): CodeIgniter\Router\Router->checkDisallowedChars()
 2 SYSTEMPATH/CodeIgniter.php(829): CodeIgniter\Router\Router->handle()
 3 SYSTEMPATH/CodeIgniter.php(441): CodeIgniter\CodeIgniter->tryToRouteIt()
 4 SYSTEMPATH/CodeIgniter.php(340): CodeIgniter\CodeIgniter->handleRequest()
 5 SYSTEMPATH/Boot.php(417): CodeIgniter\CodeIgniter->run()
 6 SYSTEMPATH/Boot.php(68): CodeIgniter\Boot::runCodeIgniter()
 7 FCPATH/index.php(31): CodeIgniter\Boot::bootWeb()
