CRITICAL - 2026-07-22 01:23:06 --> CodeIgniter\HTTP\Exceptions\BadRequestException: The URI you submitted has disallowed characters: "प्रदेश-४"
[Method: GET, Route: category/%E0%A4%AA%E0%A5%8D%E0%A4%B0%E0%A4%A6%E0%A5%87%E0%A4%B6-%E0%A5%AA/page/9/]
in SYSTEMPATH/Router/Router.php on line 768.
 1 SYSTEMPATH/Router/Router.php(219): CodeIgniter\Router\Router->checkDisallowedChars()
 2 SYSTEMPATH/CodeIgniter.php(829): CodeIgniter\Router\Router->handle()
 3 SYSTEMPATH/CodeIgniter.php(441): CodeIgniter\CodeIgniter->tryToRouteIt()
 4 SYSTEMPATH/CodeIgniter.php(340): CodeIgniter\CodeIgniter->handleRequest()
 5 SYSTEMPATH/Boot.php(417): CodeIgniter\CodeIgniter->run()
 6 SYSTEMPATH/Boot.php(68): CodeIgniter\Boot::runCodeIgniter()
 7 FCPATH/index.php(31): CodeIgniter\Boot::bootWeb()
CRITICAL - 2026-07-22 02:03:43 --> CodeIgniter\HTTP\Exceptions\BadRequestException: The URI you submitted has disallowed characters: "मनोरञ्जन"
[Method: GET, Route: category/%E0%A4%AE%E0%A4%A8%E0%A5%8B%E0%A4%B0%E0%A4%9E%E0%A5%8D%E0%A4%9C%E0%A4%A8/]
in SYSTEMPATH/Router/Router.php on line 768.
 1 SYSTEMPATH/Router/Router.php(219): CodeIgniter\Router\Router->checkDisallowedChars()
 2 SYSTEMPATH/CodeIgniter.php(829): CodeIgniter\Router\Router->handle()
 3 SYSTEMPATH/CodeIgniter.php(441): CodeIgniter\CodeIgniter->tryToRouteIt()
 4 SYSTEMPATH/CodeIgniter.php(340): CodeIgniter\CodeIgniter->handleRequest()
 5 SYSTEMPATH/Boot.php(417): CodeIgniter\CodeIgniter->run()
 6 SYSTEMPATH/Boot.php(68): CodeIgniter\Boot::runCodeIgniter()
 7 FCPATH/index.php(31): CodeIgniter\Boot::bootWeb()
CRITICAL - 2026-07-22 02:03:45 --> CodeIgniter\HTTP\Exceptions\BadRequestException: The URI you submitted has disallowed characters: "मनोरञ्जन"
[Method: GET, Route: category/%E0%A4%AE%E0%A4%A8%E0%A5%8B%E0%A4%B0%E0%A4%9E%E0%A5%8D%E0%A4%9C%E0%A4%A8/]
in SYSTEMPATH/Router/Router.php on line 768.
 1 SYSTEMPATH/Router/Router.php(219): CodeIgniter\Router\Router->checkDisallowedChars()
 2 SYSTEMPATH/CodeIgniter.php(829): CodeIgniter\Router\Router->handle()
 3 SYSTEMPATH/CodeIgniter.php(441): CodeIgniter\CodeIgniter->tryToRouteIt()
 4 SYSTEMPATH/CodeIgniter.php(340): CodeIgniter\CodeIgniter->handleRequest()
 5 SYSTEMPATH/Boot.php(417): CodeIgniter\CodeIgniter->run()
 6 SYSTEMPATH/Boot.php(68): CodeIgniter\Boot::runCodeIgniter()
 7 FCPATH/index.php(31): CodeIgniter\Boot::bootWeb()
CRITICAL - 2026-07-22 04:22:01 --> CodeIgniter\HTTP\Exceptions\BadRequestException: The URI you submitted has disallowed characters: "राजनीति"
[Method: GET, Route: category/%E0%A4%B0%E0%A4%BE%E0%A4%9C%E0%A4%A8%E0%A5%80%E0%A4%A4%E0%A4%BF/page/5/]
in SYSTEMPATH/Router/Router.php on line 768.
 1 SYSTEMPATH/Router/Router.php(219): CodeIgniter\Router\Router->checkDisallowedChars()
 2 SYSTEMPATH/CodeIgniter.php(829): CodeIgniter\Router\Router->handle()
 3 SYSTEMPATH/CodeIgniter.php(441): CodeIgniter\CodeIgniter->tryToRouteIt()
 4 SYSTEMPATH/CodeIgniter.php(340): CodeIgniter\CodeIgniter->handleRequest()
 5 SYSTEMPATH/Boot.php(417): CodeIgniter\CodeIgniter->run()
 6 SYSTEMPATH/Boot.php(68): CodeIgniter\Boot::runCodeIgniter()
 7 FCPATH/index.php(31): CodeIgniter\Boot::bootWeb()
CRITICAL - 2026-07-22 07:13:19 --> CodeIgniter\HTTP\Exceptions\BadRequestException: The URI you submitted has disallowed characters: "प्रदेश-१"
[Method: GET, Route: category/%E0%A4%AA%E0%A5%8D%E0%A4%B0%E0%A4%A6%E0%A5%87%E0%A4%B6-%E0%A5%A7/]
in SYSTEMPATH/Router/Router.php on line 768.
 1 SYSTEMPATH/Router/Router.php(219): CodeIgniter\Router\Router->checkDisallowedChars()
 2 SYSTEMPATH/CodeIgniter.php(829): CodeIgniter\Router\Router->handle()
 3 SYSTEMPATH/CodeIgniter.php(441): CodeIgniter\CodeIgniter->tryToRouteIt()
 4 SYSTEMPATH/CodeIgniter.php(340): CodeIgniter\CodeIgniter->handleRequest()
 5 SYSTEMPATH/Boot.php(417): CodeIgniter\CodeIgniter->run()
 6 SYSTEMPATH/Boot.php(68): CodeIgniter\Boot::runCodeIgniter()
 7 FCPATH/index.php(31): CodeIgniter\Boot::bootWeb()
CRITICAL - 2026-07-22 07:13:21 --> CodeIgniter\HTTP\Exceptions\BadRequestException: The URI you submitted has disallowed characters: "प्रदेश-१"
[Method: GET, Route: category/%E0%A4%AA%E0%A5%8D%E0%A4%B0%E0%A4%A6%E0%A5%87%E0%A4%B6-%E0%A5%A7/]
in SYSTEMPATH/Router/Router.php on line 768.
 1 SYSTEMPATH/Router/Router.php(219): CodeIgniter\Router\Router->checkDisallowedChars()
 2 SYSTEMPATH/CodeIgniter.php(829): CodeIgniter\Router\Router->handle()
 3 SYSTEMPATH/CodeIgniter.php(441): CodeIgniter\CodeIgniter->tryToRouteIt()
 4 SYSTEMPATH/CodeIgniter.php(340): CodeIgniter\CodeIgniter->handleRequest()
 5 SYSTEMPATH/Boot.php(417): CodeIgniter\CodeIgniter->run()
 6 SYSTEMPATH/Boot.php(68): CodeIgniter\Boot::runCodeIgniter()
 7 FCPATH/index.php(31): CodeIgniter\Boot::bootWeb()
CRITICAL - 2026-07-22 07:21:29 --> CodeIgniter\HTTP\Exceptions\BadRequestException: The URI you submitted has disallowed characters: "\u0938\u0930\u094d\u0932\u093e\u0939\u0940\u092e\u093e-\u092d\u090f\u0915\u093e-\u091b\u0941\u091f\u094d\u091f\u093e\u091b\u0941\u091f\u094d\u091f\u0948-\u0938\u0935\u093e\u0930\u0940-\u0926\u0941\u0930\u094d\u0918\u091f\u0928\u093e\u092e\u093e-\u0968-\u091c\u0928\u093e\u0915\u094b-\u092e\u0943\u0924\u094d\u092f\u0941.jpg"
[Method: GET, Route: wp-content/uploads/2023/02/%5Cu0938%5Cu0930%5Cu094d%5Cu0932%5Cu093e%5Cu0939%5Cu0940%5Cu092e%5Cu093e-%5Cu092d%5Cu090f%5Cu0915%5Cu093e-%5Cu091b%5Cu0941%5Cu091f%5Cu094d%5Cu091f%5Cu093e%5Cu091b%5Cu0941%5Cu091f%5Cu094d%5Cu091f%5Cu0948-%5Cu0938%5Cu0935%5Cu093e%5Cu0930%5Cu0940-%5Cu0926%5Cu0941%5Cu0930%5Cu094d%5Cu0918%5Cu091f%5Cu0928%5Cu093e%5Cu092e%5Cu093e-%5Cu0968-%5Cu091c%5Cu0928%5Cu093e%5Cu0915%5Cu094b-%5Cu092e%5Cu0943%5Cu0924%5Cu094d%5Cu092f%5Cu0941.jpg]
in SYSTEMPATH/Router/Router.php on line 768.
 1 SYSTEMPATH/Router/Router.php(219): CodeIgniter\Router\Router->checkDisallowedChars()
 2 SYSTEMPATH/CodeIgniter.php(829): CodeIgniter\Router\Router->handle()
 3 SYSTEMPATH/CodeIgniter.php(441): CodeIgniter\CodeIgniter->tryToRouteIt()
 4 SYSTEMPATH/CodeIgniter.php(340): CodeIgniter\CodeIgniter->handleRequest()
 5 SYSTEMPATH/Boot.php(417): CodeIgniter\CodeIgniter->run()
 6 SYSTEMPATH/Boot.php(68): CodeIgniter\Boot::runCodeIgniter()
 7 FCPATH/index.php(31): CodeIgniter\Boot::bootWeb()
CRITICAL - 2026-07-22 07:22:49 --> CodeIgniter\HTTP\Exceptions\BadRequestException: The URI you submitted has disallowed characters: ",init.php"
[Method: GET, Route: ,init.php]
in SYSTEMPATH/Router/Router.php on line 768.
 1 SYSTEMPATH/Router/Router.php(219): CodeIgniter\Router\Router->checkDisallowedChars()
 2 SYSTEMPATH/CodeIgniter.php(829): CodeIgniter\Router\Router->handle()
 3 SYSTEMPATH/CodeIgniter.php(441): CodeIgniter\CodeIgniter->tryToRouteIt()
 4 SYSTEMPATH/CodeIgniter.php(340): CodeIgniter\CodeIgniter->handleRequest()
 5 SYSTEMPATH/Boot.php(417): CodeIgniter\CodeIgniter->run()
 6 SYSTEMPATH/Boot.php(68): CodeIgniter\Boot::runCodeIgniter()
 7 FCPATH/index.php(31): CodeIgniter\Boot::bootWeb()
CRITICAL - 2026-07-22 07:27:43 --> CodeIgniter\HTTP\Exceptions\BadRequestException: The URI you submitted has disallowed characters: "तेस्रो-जीतपुरसिमरा-क्रिकेटको-उपाधि-सर्लाहीले-उचाल्यो"
[Method: GET, Route: news/%E0%A4%A4%E0%A5%87%E0%A4%B8%E0%A5%8D%E0%A4%B0%E0%A5%8B-%E0%A4%9C%E0%A5%80%E0%A4%A4%E0%A4%AA%E0%A5%81%E0%A4%B0%E0%A4%B8%E0%A4%BF%E0%A4%AE%E0%A4%B0%E0%A4%BE-%E0%A4%95%E0%A5%8D%E0%A4%B0%E0%A4%BF%E0%A4%95%E0%A5%87%E0%A4%9F%E0%A4%95%E0%A5%8B-%E0%A4%89%E0%A4%AA%E0%A4%BE%E0%A4%A7%E0%A4%BF-%E0%A4%B8%E0%A4%B0%E0%A5%8D%E0%A4%B2%E0%A4%BE%E0%A4%B9%E0%A5%80%E0%A4%B2%E0%A5%87-%E0%A4%89%E0%A4%9A%E0%A4%BE%E0%A4%B2%E0%A5%8D%E0%A4%AF%E0%A5%8B]
in SYSTEMPATH/Router/Router.php on line 768.
 1 SYSTEMPATH/Router/Router.php(219): CodeIgniter\Router\Router->checkDisallowedChars()
 2 SYSTEMPATH/CodeIgniter.php(829): CodeIgniter\Router\Router->handle()
 3 SYSTEMPATH/CodeIgniter.php(441): CodeIgniter\CodeIgniter->tryToRouteIt()
 4 SYSTEMPATH/CodeIgniter.php(340): CodeIgniter\CodeIgniter->handleRequest()
 5 SYSTEMPATH/Boot.php(417): CodeIgniter\CodeIgniter->run()
 6 SYSTEMPATH/Boot.php(68): CodeIgniter\Boot::runCodeIgniter()
 7 FCPATH/index.php(31): CodeIgniter\Boot::bootWeb()
CRITICAL - 2026-07-22 07:30:29 --> CodeIgniter\HTTP\Exceptions\BadRequestException: The URI you submitted has disallowed characters: "&heker!.php"
[Method: GET, Route: &heker%21.php]
in SYSTEMPATH/Router/Router.php on line 768.
 1 SYSTEMPATH/Router/Router.php(219): CodeIgniter\Router\Router->checkDisallowedChars()
 2 SYSTEMPATH/CodeIgniter.php(829): CodeIgniter\Router\Router->handle()
 3 SYSTEMPATH/CodeIgniter.php(441): CodeIgniter\CodeIgniter->tryToRouteIt()
 4 SYSTEMPATH/CodeIgniter.php(340): CodeIgniter\CodeIgniter->handleRequest()
 5 SYSTEMPATH/Boot.php(417): CodeIgniter\CodeIgniter->run()
 6 SYSTEMPATH/Boot.php(68): CodeIgniter\Boot::runCodeIgniter()
 7 FCPATH/index.php(31): CodeIgniter\Boot::bootWeb()
CRITICAL - 2026-07-22 07:32:32 --> CodeIgniter\HTTP\Exceptions\BadRequestException: The URI you submitted has disallowed characters: "swm@asd365.php"
[Method: GET, Route: swm@asd365.php]
in SYSTEMPATH/Router/Router.php on line 768.
 1 SYSTEMPATH/Router/Router.php(219): CodeIgniter\Router\Router->checkDisallowedChars()
 2 SYSTEMPATH/CodeIgniter.php(829): CodeIgniter\Router\Router->handle()
 3 SYSTEMPATH/CodeIgniter.php(441): CodeIgniter\CodeIgniter->tryToRouteIt()
 4 SYSTEMPATH/CodeIgniter.php(340): CodeIgniter\CodeIgniter->handleRequest()
 5 SYSTEMPATH/Boot.php(417): CodeIgniter\CodeIgniter->run()
 6 SYSTEMPATH/Boot.php(68): CodeIgniter\Boot::runCodeIgniter()
 7 FCPATH/index.php(31): CodeIgniter\Boot::bootWeb()
CRITICAL - 2026-07-22 07:34:51 --> CodeIgniter\HTTP\Exceptions\BadRequestException: The URI you submitted has disallowed characters: "平仮名s.php"
[Method: GET, Route: %E5%B9%B3%E4%BB%AE%E5%90%8Ds.php]
in SYSTEMPATH/Router/Router.php on line 768.
 1 SYSTEMPATH/Router/Router.php(219): CodeIgniter\Router\Router->checkDisallowedChars()
 2 SYSTEMPATH/CodeIgniter.php(829): CodeIgniter\Router\Router->handle()
 3 SYSTEMPATH/CodeIgniter.php(441): CodeIgniter\CodeIgniter->tryToRouteIt()
 4 SYSTEMPATH/CodeIgniter.php(340): CodeIgniter\CodeIgniter->handleRequest()
 5 SYSTEMPATH/Boot.php(417): CodeIgniter\CodeIgniter->run()
 6 SYSTEMPATH/Boot.php(68): CodeIgniter\Boot::runCodeIgniter()
 7 FCPATH/index.php(31): CodeIgniter\Boot::bootWeb()
CRITICAL - 2026-07-22 07:34:53 --> CodeIgniter\HTTP\Exceptions\BadRequestException: The URI you submitted has disallowed characters: "平仮名s.php"
[Method: GET, Route: wp-content/%E5%B9%B3%E4%BB%AE%E5%90%8Ds.php]
in SYSTEMPATH/Router/Router.php on line 768.
 1 SYSTEMPATH/Router/Router.php(219): CodeIgniter\Router\Router->checkDisallowedChars()
 2 SYSTEMPATH/CodeIgniter.php(829): CodeIgniter\Router\Router->handle()
 3 SYSTEMPATH/CodeIgniter.php(441): CodeIgniter\CodeIgniter->tryToRouteIt()
 4 SYSTEMPATH/CodeIgniter.php(340): CodeIgniter\CodeIgniter->handleRequest()
 5 SYSTEMPATH/Boot.php(417): CodeIgniter\CodeIgniter->run()
 6 SYSTEMPATH/Boot.php(68): CodeIgniter\Boot::runCodeIgniter()
 7 FCPATH/index.php(31): CodeIgniter\Boot::bootWeb()
CRITICAL - 2026-07-22 07:34:54 --> CodeIgniter\HTTP\Exceptions\BadRequestException: The URI you submitted has disallowed characters: "平仮名s.php"
[Method: GET, Route: wp-admin/%E5%B9%B3%E4%BB%AE%E5%90%8Ds.php]
in SYSTEMPATH/Router/Router.php on line 768.
 1 SYSTEMPATH/Router/Router.php(219): CodeIgniter\Router\Router->checkDisallowedChars()
 2 SYSTEMPATH/CodeIgniter.php(829): CodeIgniter\Router\Router->handle()
 3 SYSTEMPATH/CodeIgniter.php(441): CodeIgniter\CodeIgniter->tryToRouteIt()
 4 SYSTEMPATH/CodeIgniter.php(340): CodeIgniter\CodeIgniter->handleRequest()
 5 SYSTEMPATH/Boot.php(417): CodeIgniter\CodeIgniter->run()
 6 SYSTEMPATH/Boot.php(68): CodeIgniter\Boot::runCodeIgniter()
 7 FCPATH/index.php(31): CodeIgniter\Boot::bootWeb()
CRITICAL - 2026-07-22 07:35:56 --> CodeIgniter\HTTP\Exceptions\BadRequestException: The URI you submitted has disallowed characters: "@.php"
[Method: GET, Route: @.php]
in SYSTEMPATH/Router/Router.php on line 768.
 1 SYSTEMPATH/Router/Router.php(219): CodeIgniter\Router\Router->checkDisallowedChars()
 2 SYSTEMPATH/CodeIgniter.php(829): CodeIgniter\Router\Router->handle()
 3 SYSTEMPATH/CodeIgniter.php(441): CodeIgniter\CodeIgniter->tryToRouteIt()
 4 SYSTEMPATH/CodeIgniter.php(340): CodeIgniter\CodeIgniter->handleRequest()
 5 SYSTEMPATH/Boot.php(417): CodeIgniter\CodeIgniter->run()
 6 SYSTEMPATH/Boot.php(68): CodeIgniter\Boot::runCodeIgniter()
 7 FCPATH/index.php(31): CodeIgniter\Boot::bootWeb()
CRITICAL - 2026-07-22 08:08:16 --> CodeIgniter\HTTP\Exceptions\BadRequestException: The URI you submitted has disallowed characters: "४"
[Method: GET, Route: tag/%E0%A5%AA/]
in SYSTEMPATH/Router/Router.php on line 768.
 1 SYSTEMPATH/Router/Router.php(219): CodeIgniter\Router\Router->checkDisallowedChars()
 2 SYSTEMPATH/CodeIgniter.php(829): CodeIgniter\Router\Router->handle()
 3 SYSTEMPATH/CodeIgniter.php(441): CodeIgniter\CodeIgniter->tryToRouteIt()
 4 SYSTEMPATH/CodeIgniter.php(340): CodeIgniter\CodeIgniter->handleRequest()
 5 SYSTEMPATH/Boot.php(417): CodeIgniter\CodeIgniter->run()
 6 SYSTEMPATH/Boot.php(68): CodeIgniter\Boot::runCodeIgniter()
 7 FCPATH/index.php(31): CodeIgniter\Boot::bootWeb()
CRITICAL - 2026-07-22 08:12:47 --> CodeIgniter\HTTP\Exceptions\BadRequestException: The URI you submitted has disallowed characters: "\u092e\u093e\u0907\u0938\u094d\u0925\u093e\u0928-\u092e\u0928\u094d\u0926\u093f\u0930-\u092a\u0930\u093f\u0938\u0930\u092e\u093e-\u0906\u0935\u093e\u0917\u092e\u0928-\u0928\u093f\u0937\u0947\u0927-\u0909\u091a\u094d\u091a-\u0905\u0926\u093e\u0932\u0924\u0932\u0947-\u0926\u093f\u090f\u0928-\u0905\u0928\u094d\u0924\u0930\u093f\u092e-\u0906\u0926\u0947\u0936.jpg"
[Method: GET, Route: wp-content/uploads/2023/02/%5Cu092e%5Cu093e%5Cu0907%5Cu0938%5Cu094d%5Cu0925%5Cu093e%5Cu0928-%5Cu092e%5Cu0928%5Cu094d%5Cu0926%5Cu093f%5Cu0930-%5Cu092a%5Cu0930%5Cu093f%5Cu0938%5Cu0930%5Cu092e%5Cu093e-%5Cu0906%5Cu0935%5Cu093e%5Cu0917%5Cu092e%5Cu0928-%5Cu0928%5Cu093f%5Cu0937%5Cu0947%5Cu0927-%5Cu0909%5Cu091a%5Cu094d%5Cu091a-%5Cu0905%5Cu0926%5Cu093e%5Cu0932%5Cu0924%5Cu0932%5Cu0947-%5Cu0926%5Cu093f%5Cu090f%5Cu0928-%5Cu0905%5Cu0928%5Cu094d%5Cu0924%5Cu0930%5Cu093f%5Cu092e-%5Cu0906%5Cu0926%5Cu0947%5Cu0936.jpg]
in SYSTEMPATH/Router/Router.php on line 768.
 1 SYSTEMPATH/Router/Router.php(219): CodeIgniter\Router\Router->checkDisallowedChars()
 2 SYSTEMPATH/CodeIgniter.php(829): CodeIgniter\Router\Router->handle()
 3 SYSTEMPATH/CodeIgniter.php(441): CodeIgniter\CodeIgniter->tryToRouteIt()
 4 SYSTEMPATH/CodeIgniter.php(340): CodeIgniter\CodeIgniter->handleRequest()
 5 SYSTEMPATH/Boot.php(417): CodeIgniter\CodeIgniter->run()
 6 SYSTEMPATH/Boot.php(68): CodeIgniter\Boot::runCodeIgniter()
 7 FCPATH/index.php(31): CodeIgniter\Boot::bootWeb()
CRITICAL - 2026-07-22 08:12:49 --> CodeIgniter\HTTP\Exceptions\BadRequestException: The URI you submitted has disallowed characters: "\u092e\u0939\u093e\u0924\u094d\u092e\u093e-\u0917\u093e\u0928\u094d\u0927\u0940\u0915\u094b-\u0928\u093e\u092e\u092e\u093e-\u0938\u0921\u0915-\u0928\u093e\u092e\u0915\u0930\u0923-\u0917\u0930\u094d\u0928-\u0916\u094b\u091c\u0947\u092a\u091b\u093f-\u0935\u0940\u0930\u0917\u091e\u094d\u091c\u092e\u093e-\u0935\u093f\u0930\u094b\u0927.jpg"
[Method: GET, Route: wp-content/uploads/2023/02/%5Cu092e%5Cu0939%5Cu093e%5Cu0924%5Cu094d%5Cu092e%5Cu093e-%5Cu0917%5Cu093e%5Cu0928%5Cu094d%5Cu0927%5Cu0940%5Cu0915%5Cu094b-%5Cu0928%5Cu093e%5Cu092e%5Cu092e%5Cu093e-%5Cu0938%5Cu0921%5Cu0915-%5Cu0928%5Cu093e%5Cu092e%5Cu0915%5Cu0930%5Cu0923-%5Cu0917%5Cu0930%5Cu094d%5Cu0928-%5Cu0916%5Cu094b%5Cu091c%5Cu0947%5Cu092a%5Cu091b%5Cu093f-%5Cu0935%5Cu0940%5Cu0930%5Cu0917%5Cu091e%5Cu094d%5Cu091c%5Cu092e%5Cu093e-%5Cu0935%5Cu093f%5Cu0930%5Cu094b%5Cu0927.jpg]
in SYSTEMPATH/Router/Router.php on line 768.
 1 SYSTEMPATH/Router/Router.php(219): CodeIgniter\Router\Router->checkDisallowedChars()
 2 SYSTEMPATH/CodeIgniter.php(829): CodeIgniter\Router\Router->handle()
 3 SYSTEMPATH/CodeIgniter.php(441): CodeIgniter\CodeIgniter->tryToRouteIt()
 4 SYSTEMPATH/CodeIgniter.php(340): CodeIgniter\CodeIgniter->handleRequest()
 5 SYSTEMPATH/Boot.php(417): CodeIgniter\CodeIgniter->run()
 6 SYSTEMPATH/Boot.php(68): CodeIgniter\Boot::runCodeIgniter()
 7 FCPATH/index.php(31): CodeIgniter\Boot::bootWeb()
CRITICAL - 2026-07-22 09:09:58 --> CodeIgniter\HTTP\Exceptions\BadRequestException: The URI you submitted has disallowed characters: "प्रदेश-३"
[Method: GET, Route: category/%E0%A4%AA%E0%A5%8D%E0%A4%B0%E0%A4%A6%E0%A5%87%E0%A4%B6-%E0%A5%A9/]
in SYSTEMPATH/Router/Router.php on line 768.
 1 SYSTEMPATH/Router/Router.php(219): CodeIgniter\Router\Router->checkDisallowedChars()
 2 SYSTEMPATH/CodeIgniter.php(829): CodeIgniter\Router\Router->handle()
 3 SYSTEMPATH/CodeIgniter.php(441): CodeIgniter\CodeIgniter->tryToRouteIt()
 4 SYSTEMPATH/CodeIgniter.php(340): CodeIgniter\CodeIgniter->handleRequest()
 5 SYSTEMPATH/Boot.php(417): CodeIgniter\CodeIgniter->run()
 6 SYSTEMPATH/Boot.php(68): CodeIgniter\Boot::runCodeIgniter()
 7 FCPATH/index.php(31): CodeIgniter\Boot::bootWeb()
CRITICAL - 2026-07-22 09:10:00 --> CodeIgniter\HTTP\Exceptions\BadRequestException: The URI you submitted has disallowed characters: "प्रदेश-३"
[Method: GET, Route: category/%E0%A4%AA%E0%A5%8D%E0%A4%B0%E0%A4%A6%E0%A5%87%E0%A4%B6-%E0%A5%A9/]
in SYSTEMPATH/Router/Router.php on line 768.
 1 SYSTEMPATH/Router/Router.php(219): CodeIgniter\Router\Router->checkDisallowedChars()
 2 SYSTEMPATH/CodeIgniter.php(829): CodeIgniter\Router\Router->handle()
 3 SYSTEMPATH/CodeIgniter.php(441): CodeIgniter\CodeIgniter->tryToRouteIt()
 4 SYSTEMPATH/CodeIgniter.php(340): CodeIgniter\CodeIgniter->handleRequest()
 5 SYSTEMPATH/Boot.php(417): CodeIgniter\CodeIgniter->run()
 6 SYSTEMPATH/Boot.php(68): CodeIgniter\Boot::runCodeIgniter()
 7 FCPATH/index.php(31): CodeIgniter\Boot::bootWeb()
CRITICAL - 2026-07-22 09:22:03 --> CodeIgniter\HTTP\Exceptions\BadRequestException: The URI you submitted has disallowed characters: "अपराध"
[Method: GET, Route: category/%E0%A4%85%E0%A4%AA%E0%A4%B0%E0%A4%BE%E0%A4%A7/]
in SYSTEMPATH/Router/Router.php on line 768.
 1 SYSTEMPATH/Router/Router.php(219): CodeIgniter\Router\Router->checkDisallowedChars()
 2 SYSTEMPATH/CodeIgniter.php(829): CodeIgniter\Router\Router->handle()
 3 SYSTEMPATH/CodeIgniter.php(441): CodeIgniter\CodeIgniter->tryToRouteIt()
 4 SYSTEMPATH/CodeIgniter.php(340): CodeIgniter\CodeIgniter->handleRequest()
 5 SYSTEMPATH/Boot.php(417): CodeIgniter\CodeIgniter->run()
 6 SYSTEMPATH/Boot.php(68): CodeIgniter\Boot::runCodeIgniter()
 7 FCPATH/index.php(31): CodeIgniter\Boot::bootWeb()
CRITICAL - 2026-07-22 09:55:39 --> CodeIgniter\HTTP\Exceptions\BadRequestException: The URI you submitted has disallowed characters: "मनोरञ्जन"
[Method: GET, Route: category/%E0%A4%AE%E0%A4%A8%E0%A5%8B%E0%A4%B0%E0%A4%9E%E0%A5%8D%E0%A4%9C%E0%A4%A8/page/3/]
in SYSTEMPATH/Router/Router.php on line 768.
 1 SYSTEMPATH/Router/Router.php(219): CodeIgniter\Router\Router->checkDisallowedChars()
 2 SYSTEMPATH/CodeIgniter.php(829): CodeIgniter\Router\Router->handle()
 3 SYSTEMPATH/CodeIgniter.php(441): CodeIgniter\CodeIgniter->tryToRouteIt()
 4 SYSTEMPATH/CodeIgniter.php(340): CodeIgniter\CodeIgniter->handleRequest()
 5 SYSTEMPATH/Boot.php(417): CodeIgniter\CodeIgniter->run()
 6 SYSTEMPATH/Boot.php(68): CodeIgniter\Boot::runCodeIgniter()
 7 FCPATH/index.php(31): CodeIgniter\Boot::bootWeb()
CRITICAL - 2026-07-22 09:57:39 --> CodeIgniter\HTTP\Exceptions\BadRequestException: The URI you submitted has disallowed characters: "संक्रमितको"
[Method: GET, Route: tag/%E0%A4%B8%E0%A4%82%E0%A4%95%E0%A5%8D%E0%A4%B0%E0%A4%AE%E0%A4%BF%E0%A4%A4%E0%A4%95%E0%A5%8B/feed/]
in SYSTEMPATH/Router/Router.php on line 768.
 1 SYSTEMPATH/Router/Router.php(219): CodeIgniter\Router\Router->checkDisallowedChars()
 2 SYSTEMPATH/CodeIgniter.php(829): CodeIgniter\Router\Router->handle()
 3 SYSTEMPATH/CodeIgniter.php(441): CodeIgniter\CodeIgniter->tryToRouteIt()
 4 SYSTEMPATH/CodeIgniter.php(340): CodeIgniter\CodeIgniter->handleRequest()
 5 SYSTEMPATH/Boot.php(417): CodeIgniter\CodeIgniter->run()
 6 SYSTEMPATH/Boot.php(68): CodeIgniter\Boot::runCodeIgniter()
 7 FCPATH/index.php(31): CodeIgniter\Boot::bootWeb()
CRITICAL - 2026-07-22 11:19:14 --> CodeIgniter\HTTP\Exceptions\BadRequestException: The URI you submitted has disallowed characters: "प्रदेश-४"
[Method: GET, Route: category/%E0%A4%AA%E0%A5%8D%E0%A4%B0%E0%A4%A6%E0%A5%87%E0%A4%B6-%E0%A5%AA/page/5/]
in SYSTEMPATH/Router/Router.php on line 768.
 1 SYSTEMPATH/Router/Router.php(219): CodeIgniter\Router\Router->checkDisallowedChars()
 2 SYSTEMPATH/CodeIgniter.php(829): CodeIgniter\Router\Router->handle()
 3 SYSTEMPATH/CodeIgniter.php(441): CodeIgniter\CodeIgniter->tryToRouteIt()
 4 SYSTEMPATH/CodeIgniter.php(340): CodeIgniter\CodeIgniter->handleRequest()
 5 SYSTEMPATH/Boot.php(417): CodeIgniter\CodeIgniter->run()
 6 SYSTEMPATH/Boot.php(68): CodeIgniter\Boot::runCodeIgniter()
 7 FCPATH/index.php(31): CodeIgniter\Boot::bootWeb()
CRITICAL - 2026-07-22 11:19:16 --> CodeIgniter\HTTP\Exceptions\BadRequestException: The URI you submitted has disallowed characters: "प्रदेश-४"
[Method: GET, Route: category/%E0%A4%AA%E0%A5%8D%E0%A4%B0%E0%A4%A6%E0%A5%87%E0%A4%B6-%E0%A5%AA/page/6/]
in SYSTEMPATH/Router/Router.php on line 768.
 1 SYSTEMPATH/Router/Router.php(219): CodeIgniter\Router\Router->checkDisallowedChars()
 2 SYSTEMPATH/CodeIgniter.php(829): CodeIgniter\Router\Router->handle()
 3 SYSTEMPATH/CodeIgniter.php(441): CodeIgniter\CodeIgniter->tryToRouteIt()
 4 SYSTEMPATH/CodeIgniter.php(340): CodeIgniter\CodeIgniter->handleRequest()
 5 SYSTEMPATH/Boot.php(417): CodeIgniter\CodeIgniter->run()
 6 SYSTEMPATH/Boot.php(68): CodeIgniter\Boot::runCodeIgniter()
 7 FCPATH/index.php(31): CodeIgniter\Boot::bootWeb()
CRITICAL - 2026-07-22 11:19:18 --> CodeIgniter\HTTP\Exceptions\BadRequestException: The URI you submitted has disallowed characters: "प्रदेश-४"
[Method: GET, Route: category/%E0%A4%AA%E0%A5%8D%E0%A4%B0%E0%A4%A6%E0%A5%87%E0%A4%B6-%E0%A5%AA/page/7/]
in SYSTEMPATH/Router/Router.php on line 768.
 1 SYSTEMPATH/Router/Router.php(219): CodeIgniter\Router\Router->checkDisallowedChars()
 2 SYSTEMPATH/CodeIgniter.php(829): CodeIgniter\Router\Router->handle()
 3 SYSTEMPATH/CodeIgniter.php(441): CodeIgniter\CodeIgniter->tryToRouteIt()
 4 SYSTEMPATH/CodeIgniter.php(340): CodeIgniter\CodeIgniter->handleRequest()
 5 SYSTEMPATH/Boot.php(417): CodeIgniter\CodeIgniter->run()
 6 SYSTEMPATH/Boot.php(68): CodeIgniter\Boot::runCodeIgniter()
 7 FCPATH/index.php(31): CodeIgniter\Boot::bootWeb()
CRITICAL - 2026-07-22 11:19:19 --> CodeIgniter\HTTP\Exceptions\BadRequestException: The URI you submitted has disallowed characters: "प्रदेश-४"
[Method: GET, Route: category/%E0%A4%AA%E0%A5%8D%E0%A4%B0%E0%A4%A6%E0%A5%87%E0%A4%B6-%E0%A5%AA/page/8/]
in SYSTEMPATH/Router/Router.php on line 768.
 1 SYSTEMPATH/Router/Router.php(219): CodeIgniter\Router\Router->checkDisallowedChars()
 2 SYSTEMPATH/CodeIgniter.php(829): CodeIgniter\Router\Router->handle()
 3 SYSTEMPATH/CodeIgniter.php(441): CodeIgniter\CodeIgniter->tryToRouteIt()
 4 SYSTEMPATH/CodeIgniter.php(340): CodeIgniter\CodeIgniter->handleRequest()
 5 SYSTEMPATH/Boot.php(417): CodeIgniter\CodeIgniter->run()
 6 SYSTEMPATH/Boot.php(68): CodeIgniter\Boot::runCodeIgniter()
 7 FCPATH/index.php(31): CodeIgniter\Boot::bootWeb()
CRITICAL - 2026-07-22 11:19:21 --> CodeIgniter\HTTP\Exceptions\BadRequestException: The URI you submitted has disallowed characters: "प्रदेश-४"
[Method: GET, Route: category/%E0%A4%AA%E0%A5%8D%E0%A4%B0%E0%A4%A6%E0%A5%87%E0%A4%B6-%E0%A5%AA/page/9/]
in SYSTEMPATH/Router/Router.php on line 768.
 1 SYSTEMPATH/Router/Router.php(219): CodeIgniter\Router\Router->checkDisallowedChars()
 2 SYSTEMPATH/CodeIgniter.php(829): CodeIgniter\Router\Router->handle()
 3 SYSTEMPATH/CodeIgniter.php(441): CodeIgniter\CodeIgniter->tryToRouteIt()
 4 SYSTEMPATH/CodeIgniter.php(340): CodeIgniter\CodeIgniter->handleRequest()
 5 SYSTEMPATH/Boot.php(417): CodeIgniter\CodeIgniter->run()
 6 SYSTEMPATH/Boot.php(68): CodeIgniter\Boot::runCodeIgniter()
 7 FCPATH/index.php(31): CodeIgniter\Boot::bootWeb()
CRITICAL - 2026-07-22 11:19:26 --> CodeIgniter\HTTP\Exceptions\BadRequestException: The URI you submitted has disallowed characters: "प्रदेश-५"
[Method: GET, Route: category/%E0%A4%AA%E0%A5%8D%E0%A4%B0%E0%A4%A6%E0%A5%87%E0%A4%B6-%E0%A5%AB/]
in SYSTEMPATH/Router/Router.php on line 768.
 1 SYSTEMPATH/Router/Router.php(219): CodeIgniter\Router\Router->checkDisallowedChars()
 2 SYSTEMPATH/CodeIgniter.php(829): CodeIgniter\Router\Router->handle()
 3 SYSTEMPATH/CodeIgniter.php(441): CodeIgniter\CodeIgniter->tryToRouteIt()
 4 SYSTEMPATH/CodeIgniter.php(340): CodeIgniter\CodeIgniter->handleRequest()
 5 SYSTEMPATH/Boot.php(417): CodeIgniter\CodeIgniter->run()
 6 SYSTEMPATH/Boot.php(68): CodeIgniter\Boot::runCodeIgniter()
 7 FCPATH/index.php(31): CodeIgniter\Boot::bootWeb()
CRITICAL - 2026-07-22 11:19:28 --> CodeIgniter\HTTP\Exceptions\BadRequestException: The URI you submitted has disallowed characters: "प्रदेश-५"
[Method: GET, Route: category/%E0%A4%AA%E0%A5%8D%E0%A4%B0%E0%A4%A6%E0%A5%87%E0%A4%B6-%E0%A5%AB/]
in SYSTEMPATH/Router/Router.php on line 768.
 1 SYSTEMPATH/Router/Router.php(219): CodeIgniter\Router\Router->checkDisallowedChars()
 2 SYSTEMPATH/CodeIgniter.php(829): CodeIgniter\Router\Router->handle()
 3 SYSTEMPATH/CodeIgniter.php(441): CodeIgniter\CodeIgniter->tryToRouteIt()
 4 SYSTEMPATH/CodeIgniter.php(340): CodeIgniter\CodeIgniter->handleRequest()
 5 SYSTEMPATH/Boot.php(417): CodeIgniter\CodeIgniter->run()
 6 SYSTEMPATH/Boot.php(68): CodeIgniter\Boot::runCodeIgniter()
 7 FCPATH/index.php(31): CodeIgniter\Boot::bootWeb()
CRITICAL - 2026-07-22 11:19:31 --> CodeIgniter\HTTP\Exceptions\BadRequestException: The URI you submitted has disallowed characters: "प्रदेश-५"
[Method: GET, Route: category/%E0%A4%AA%E0%A5%8D%E0%A4%B0%E0%A4%A6%E0%A5%87%E0%A4%B6-%E0%A5%AB/page/2/]
in SYSTEMPATH/Router/Router.php on line 768.
 1 SYSTEMPATH/Router/Router.php(219): CodeIgniter\Router\Router->checkDisallowedChars()
 2 SYSTEMPATH/CodeIgniter.php(829): CodeIgniter\Router\Router->handle()
 3 SYSTEMPATH/CodeIgniter.php(441): CodeIgniter\CodeIgniter->tryToRouteIt()
 4 SYSTEMPATH/CodeIgniter.php(340): CodeIgniter\CodeIgniter->handleRequest()
 5 SYSTEMPATH/Boot.php(417): CodeIgniter\CodeIgniter->run()
 6 SYSTEMPATH/Boot.php(68): CodeIgniter\Boot::runCodeIgniter()
 7 FCPATH/index.php(31): CodeIgniter\Boot::bootWeb()
CRITICAL - 2026-07-22 11:19:33 --> CodeIgniter\HTTP\Exceptions\BadRequestException: The URI you submitted has disallowed characters: "प्रदेश-५"
[Method: GET, Route: category/%E0%A4%AA%E0%A5%8D%E0%A4%B0%E0%A4%A6%E0%A5%87%E0%A4%B6-%E0%A5%AB/page/2/]
in SYSTEMPATH/Router/Router.php on line 768.
 1 SYSTEMPATH/Router/Router.php(219): CodeIgniter\Router\Router->checkDisallowedChars()
 2 SYSTEMPATH/CodeIgniter.php(829): CodeIgniter\Router\Router->handle()
 3 SYSTEMPATH/CodeIgniter.php(441): CodeIgniter\CodeIgniter->tryToRouteIt()
 4 SYSTEMPATH/CodeIgniter.php(340): CodeIgniter\CodeIgniter->handleRequest()
 5 SYSTEMPATH/Boot.php(417): CodeIgniter\CodeIgniter->run()
 6 SYSTEMPATH/Boot.php(68): CodeIgniter\Boot::runCodeIgniter()
 7 FCPATH/index.php(31): CodeIgniter\Boot::bootWeb()
CRITICAL - 2026-07-22 11:19:35 --> CodeIgniter\HTTP\Exceptions\BadRequestException: The URI you submitted has disallowed characters: "प्रदेश-५"
[Method: GET, Route: category/%E0%A4%AA%E0%A5%8D%E0%A4%B0%E0%A4%A6%E0%A5%87%E0%A4%B6-%E0%A5%AB/page/3/]
in SYSTEMPATH/Router/Router.php on line 768.
 1 SYSTEMPATH/Router/Router.php(219): CodeIgniter\Router\Router->checkDisallowedChars()
 2 SYSTEMPATH/CodeIgniter.php(829): CodeIgniter\Router\Router->handle()
 3 SYSTEMPATH/CodeIgniter.php(441): CodeIgniter\CodeIgniter->tryToRouteIt()
 4 SYSTEMPATH/CodeIgniter.php(340): CodeIgniter\CodeIgniter->handleRequest()
 5 SYSTEMPATH/Boot.php(417): CodeIgniter\CodeIgniter->run()
 6 SYSTEMPATH/Boot.php(68): CodeIgniter\Boot::runCodeIgniter()
 7 FCPATH/index.php(31): CodeIgniter\Boot::bootWeb()
CRITICAL - 2026-07-22 11:19:37 --> CodeIgniter\HTTP\Exceptions\BadRequestException: The URI you submitted has disallowed characters: "प्रदेश-५"
[Method: GET, Route: category/%E0%A4%AA%E0%A5%8D%E0%A4%B0%E0%A4%A6%E0%A5%87%E0%A4%B6-%E0%A5%AB/page/4/]
in SYSTEMPATH/Router/Router.php on line 768.
 1 SYSTEMPATH/Router/Router.php(219): CodeIgniter\Router\Router->checkDisallowedChars()
 2 SYSTEMPATH/CodeIgniter.php(829): CodeIgniter\Router\Router->handle()
 3 SYSTEMPATH/CodeIgniter.php(441): CodeIgniter\CodeIgniter->tryToRouteIt()
 4 SYSTEMPATH/CodeIgniter.php(340): CodeIgniter\CodeIgniter->handleRequest()
 5 SYSTEMPATH/Boot.php(417): CodeIgniter\CodeIgniter->run()
 6 SYSTEMPATH/Boot.php(68): CodeIgniter\Boot::runCodeIgniter()
 7 FCPATH/index.php(31): CodeIgniter\Boot::bootWeb()
CRITICAL - 2026-07-22 11:19:38 --> CodeIgniter\HTTP\Exceptions\BadRequestException: The URI you submitted has disallowed characters: "प्रदेश-५"
[Method: GET, Route: category/%E0%A4%AA%E0%A5%8D%E0%A4%B0%E0%A4%A6%E0%A5%87%E0%A4%B6-%E0%A5%AB/page/5/]
in SYSTEMPATH/Router/Router.php on line 768.
 1 SYSTEMPATH/Router/Router.php(219): CodeIgniter\Router\Router->checkDisallowedChars()
 2 SYSTEMPATH/CodeIgniter.php(829): CodeIgniter\Router\Router->handle()
 3 SYSTEMPATH/CodeIgniter.php(441): CodeIgniter\CodeIgniter->tryToRouteIt()
 4 SYSTEMPATH/CodeIgniter.php(340): CodeIgniter\CodeIgniter->handleRequest()
 5 SYSTEMPATH/Boot.php(417): CodeIgniter\CodeIgniter->run()
 6 SYSTEMPATH/Boot.php(68): CodeIgniter\Boot::runCodeIgniter()
 7 FCPATH/index.php(31): CodeIgniter\Boot::bootWeb()
CRITICAL - 2026-07-22 11:19:42 --> CodeIgniter\HTTP\Exceptions\BadRequestException: The URI you submitted has disallowed characters: "प्रदेश-५"
[Method: GET, Route: category/%E0%A4%AA%E0%A5%8D%E0%A4%B0%E0%A4%A6%E0%A5%87%E0%A4%B6-%E0%A5%AB/page/6/]
in SYSTEMPATH/Router/Router.php on line 768.
 1 SYSTEMPATH/Router/Router.php(219): CodeIgniter\Router\Router->checkDisallowedChars()
 2 SYSTEMPATH/CodeIgniter.php(829): CodeIgniter\Router\Router->handle()
 3 SYSTEMPATH/CodeIgniter.php(441): CodeIgniter\CodeIgniter->tryToRouteIt()
 4 SYSTEMPATH/CodeIgniter.php(340): CodeIgniter\CodeIgniter->handleRequest()
 5 SYSTEMPATH/Boot.php(417): CodeIgniter\CodeIgniter->run()
 6 SYSTEMPATH/Boot.php(68): CodeIgniter\Boot::runCodeIgniter()
 7 FCPATH/index.php(31): CodeIgniter\Boot::bootWeb()
CRITICAL - 2026-07-22 11:19:44 --> CodeIgniter\HTTP\Exceptions\BadRequestException: The URI you submitted has disallowed characters: "प्रदेश-५"
[Method: GET, Route: category/%E0%A4%AA%E0%A5%8D%E0%A4%B0%E0%A4%A6%E0%A5%87%E0%A4%B6-%E0%A5%AB/page/6/]
in SYSTEMPATH/Router/Router.php on line 768.
 1 SYSTEMPATH/Router/Router.php(219): CodeIgniter\Router\Router->checkDisallowedChars()
 2 SYSTEMPATH/CodeIgniter.php(829): CodeIgniter\Router\Router->handle()
 3 SYSTEMPATH/CodeIgniter.php(441): CodeIgniter\CodeIgniter->tryToRouteIt()
 4 SYSTEMPATH/CodeIgniter.php(340): CodeIgniter\CodeIgniter->handleRequest()
 5 SYSTEMPATH/Boot.php(417): CodeIgniter\CodeIgniter->run()
 6 SYSTEMPATH/Boot.php(68): CodeIgniter\Boot::runCodeIgniter()
 7 FCPATH/index.php(31): CodeIgniter\Boot::bootWeb()
CRITICAL - 2026-07-22 11:19:47 --> CodeIgniter\HTTP\Exceptions\BadRequestException: The URI you submitted has disallowed characters: "प्रदेश-५"
[Method: GET, Route: category/%E0%A4%AA%E0%A5%8D%E0%A4%B0%E0%A4%A6%E0%A5%87%E0%A4%B6-%E0%A5%AB/page/7/]
in SYSTEMPATH/Router/Router.php on line 768.
 1 SYSTEMPATH/Router/Router.php(219): CodeIgniter\Router\Router->checkDisallowedChars()
 2 SYSTEMPATH/CodeIgniter.php(829): CodeIgniter\Router\Router->handle()
 3 SYSTEMPATH/CodeIgniter.php(441): CodeIgniter\CodeIgniter->tryToRouteIt()
 4 SYSTEMPATH/CodeIgniter.php(340): CodeIgniter\CodeIgniter->handleRequest()
 5 SYSTEMPATH/Boot.php(417): CodeIgniter\CodeIgniter->run()
 6 SYSTEMPATH/Boot.php(68): CodeIgniter\Boot::runCodeIgniter()
 7 FCPATH/index.php(31): CodeIgniter\Boot::bootWeb()
CRITICAL - 2026-07-22 11:19:49 --> CodeIgniter\HTTP\Exceptions\BadRequestException: The URI you submitted has disallowed characters: "प्रदेश-५"
[Method: GET, Route: category/%E0%A4%AA%E0%A5%8D%E0%A4%B0%E0%A4%A6%E0%A5%87%E0%A4%B6-%E0%A5%AB/page/7/]
in SYSTEMPATH/Router/Router.php on line 768.
 1 SYSTEMPATH/Router/Router.php(219): CodeIgniter\Router\Router->checkDisallowedChars()
 2 SYSTEMPATH/CodeIgniter.php(829): CodeIgniter\Router\Router->handle()
 3 SYSTEMPATH/CodeIgniter.php(441): CodeIgniter\CodeIgniter->tryToRouteIt()
 4 SYSTEMPATH/CodeIgniter.php(340): CodeIgniter\CodeIgniter->handleRequest()
 5 SYSTEMPATH/Boot.php(417): CodeIgniter\CodeIgniter->run()
 6 SYSTEMPATH/Boot.php(68): CodeIgniter\Boot::runCodeIgniter()
 7 FCPATH/index.php(31): CodeIgniter\Boot::bootWeb()
CRITICAL - 2026-07-22 11:19:51 --> CodeIgniter\HTTP\Exceptions\BadRequestException: The URI you submitted has disallowed characters: "प्रदेश-५"
[Method: GET, Route: category/%E0%A4%AA%E0%A5%8D%E0%A4%B0%E0%A4%A6%E0%A5%87%E0%A4%B6-%E0%A5%AB/page/8/]
in SYSTEMPATH/Router/Router.php on line 768.
 1 SYSTEMPATH/Router/Router.php(219): CodeIgniter\Router\Router->checkDisallowedChars()
 2 SYSTEMPATH/CodeIgniter.php(829): CodeIgniter\Router\Router->handle()
 3 SYSTEMPATH/CodeIgniter.php(441): CodeIgniter\CodeIgniter->tryToRouteIt()
 4 SYSTEMPATH/CodeIgniter.php(340): CodeIgniter\CodeIgniter->handleRequest()
 5 SYSTEMPATH/Boot.php(417): CodeIgniter\CodeIgniter->run()
 6 SYSTEMPATH/Boot.php(68): CodeIgniter\Boot::runCodeIgniter()
 7 FCPATH/index.php(31): CodeIgniter\Boot::bootWeb()
CRITICAL - 2026-07-22 11:19:54 --> CodeIgniter\HTTP\Exceptions\BadRequestException: The URI you submitted has disallowed characters: "प्रदेश-५"
[Method: GET, Route: category/%E0%A4%AA%E0%A5%8D%E0%A4%B0%E0%A4%A6%E0%A5%87%E0%A4%B6-%E0%A5%AB/page/9/]
in SYSTEMPATH/Router/Router.php on line 768.
 1 SYSTEMPATH/Router/Router.php(219): CodeIgniter\Router\Router->checkDisallowedChars()
 2 SYSTEMPATH/CodeIgniter.php(829): CodeIgniter\Router\Router->handle()
 3 SYSTEMPATH/CodeIgniter.php(441): CodeIgniter\CodeIgniter->tryToRouteIt()
 4 SYSTEMPATH/CodeIgniter.php(340): CodeIgniter\CodeIgniter->handleRequest()
 5 SYSTEMPATH/Boot.php(417): CodeIgniter\CodeIgniter->run()
 6 SYSTEMPATH/Boot.php(68): CodeIgniter\Boot::runCodeIgniter()
 7 FCPATH/index.php(31): CodeIgniter\Boot::bootWeb()
CRITICAL - 2026-07-22 11:19:56 --> CodeIgniter\HTTP\Exceptions\BadRequestException: The URI you submitted has disallowed characters: "प्रदेश-५"
[Method: GET, Route: category/%E0%A4%AA%E0%A5%8D%E0%A4%B0%E0%A4%A6%E0%A5%87%E0%A4%B6-%E0%A5%AB/page/9/]
in SYSTEMPATH/Router/Router.php on line 768.
 1 SYSTEMPATH/Router/Router.php(219): CodeIgniter\Router\Router->checkDisallowedChars()
 2 SYSTEMPATH/CodeIgniter.php(829): CodeIgniter\Router\Router->handle()
 3 SYSTEMPATH/CodeIgniter.php(441): CodeIgniter\CodeIgniter->tryToRouteIt()
 4 SYSTEMPATH/CodeIgniter.php(340): CodeIgniter\CodeIgniter->handleRequest()
 5 SYSTEMPATH/Boot.php(417): CodeIgniter\CodeIgniter->run()
 6 SYSTEMPATH/Boot.php(68): CodeIgniter\Boot::runCodeIgniter()
 7 FCPATH/index.php(31): CodeIgniter\Boot::bootWeb()
CRITICAL - 2026-07-22 11:19:58 --> CodeIgniter\HTTP\Exceptions\BadRequestException: The URI you submitted has disallowed characters: "प्रदेश-६"
[Method: GET, Route: category/%E0%A4%AA%E0%A5%8D%E0%A4%B0%E0%A4%A6%E0%A5%87%E0%A4%B6-%E0%A5%AC/]
in SYSTEMPATH/Router/Router.php on line 768.
 1 SYSTEMPATH/Router/Router.php(219): CodeIgniter\Router\Router->checkDisallowedChars()
 2 SYSTEMPATH/CodeIgniter.php(829): CodeIgniter\Router\Router->handle()
 3 SYSTEMPATH/CodeIgniter.php(441): CodeIgniter\CodeIgniter->tryToRouteIt()
 4 SYSTEMPATH/CodeIgniter.php(340): CodeIgniter\CodeIgniter->handleRequest()
 5 SYSTEMPATH/Boot.php(417): CodeIgniter\CodeIgniter->run()
 6 SYSTEMPATH/Boot.php(68): CodeIgniter\Boot::runCodeIgniter()
 7 FCPATH/index.php(31): CodeIgniter\Boot::bootWeb()
CRITICAL - 2026-07-22 11:20:01 --> CodeIgniter\HTTP\Exceptions\BadRequestException: The URI you submitted has disallowed characters: "प्रदेश-६"
[Method: GET, Route: category/%E0%A4%AA%E0%A5%8D%E0%A4%B0%E0%A4%A6%E0%A5%87%E0%A4%B6-%E0%A5%AC/page/2/]
in SYSTEMPATH/Router/Router.php on line 768.
 1 SYSTEMPATH/Router/Router.php(219): CodeIgniter\Router\Router->checkDisallowedChars()
 2 SYSTEMPATH/CodeIgniter.php(829): CodeIgniter\Router\Router->handle()
 3 SYSTEMPATH/CodeIgniter.php(441): CodeIgniter\CodeIgniter->tryToRouteIt()
 4 SYSTEMPATH/CodeIgniter.php(340): CodeIgniter\CodeIgniter->handleRequest()
 5 SYSTEMPATH/Boot.php(417): CodeIgniter\CodeIgniter->run()
 6 SYSTEMPATH/Boot.php(68): CodeIgniter\Boot::runCodeIgniter()
 7 FCPATH/index.php(31): CodeIgniter\Boot::bootWeb()
CRITICAL - 2026-07-22 11:20:04 --> CodeIgniter\HTTP\Exceptions\BadRequestException: The URI you submitted has disallowed characters: "प्रदेश-६"
[Method: GET, Route: category/%E0%A4%AA%E0%A5%8D%E0%A4%B0%E0%A4%A6%E0%A5%87%E0%A4%B6-%E0%A5%AC/page/2/]
in SYSTEMPATH/Router/Router.php on line 768.
 1 SYSTEMPATH/Router/Router.php(219): CodeIgniter\Router\Router->checkDisallowedChars()
 2 SYSTEMPATH/CodeIgniter.php(829): CodeIgniter\Router\Router->handle()
 3 SYSTEMPATH/CodeIgniter.php(441): CodeIgniter\CodeIgniter->tryToRouteIt()
 4 SYSTEMPATH/CodeIgniter.php(340): CodeIgniter\CodeIgniter->handleRequest()
 5 SYSTEMPATH/Boot.php(417): CodeIgniter\CodeIgniter->run()
 6 SYSTEMPATH/Boot.php(68): CodeIgniter\Boot::runCodeIgniter()
 7 FCPATH/index.php(31): CodeIgniter\Boot::bootWeb()
CRITICAL - 2026-07-22 11:20:06 --> CodeIgniter\HTTP\Exceptions\BadRequestException: The URI you submitted has disallowed characters: "प्रदेश-६"
[Method: GET, Route: category/%E0%A4%AA%E0%A5%8D%E0%A4%B0%E0%A4%A6%E0%A5%87%E0%A4%B6-%E0%A5%AC/page/3/]
in SYSTEMPATH/Router/Router.php on line 768.
 1 SYSTEMPATH/Router/Router.php(219): CodeIgniter\Router\Router->checkDisallowedChars()
 2 SYSTEMPATH/CodeIgniter.php(829): CodeIgniter\Router\Router->handle()
 3 SYSTEMPATH/CodeIgniter.php(441): CodeIgniter\CodeIgniter->tryToRouteIt()
 4 SYSTEMPATH/CodeIgniter.php(340): CodeIgniter\CodeIgniter->handleRequest()
 5 SYSTEMPATH/Boot.php(417): CodeIgniter\CodeIgniter->run()
 6 SYSTEMPATH/Boot.php(68): CodeIgniter\Boot::runCodeIgniter()
 7 FCPATH/index.php(31): CodeIgniter\Boot::bootWeb()
CRITICAL - 2026-07-22 11:20:09 --> CodeIgniter\HTTP\Exceptions\BadRequestException: The URI you submitted has disallowed characters: "प्रदेश-६"
[Method: GET, Route: category/%E0%A4%AA%E0%A5%8D%E0%A4%B0%E0%A4%A6%E0%A5%87%E0%A4%B6-%E0%A5%AC/page/4/]
in SYSTEMPATH/Router/Router.php on line 768.
 1 SYSTEMPATH/Router/Router.php(219): CodeIgniter\Router\Router->checkDisallowedChars()
 2 SYSTEMPATH/CodeIgniter.php(829): CodeIgniter\Router\Router->handle()
 3 SYSTEMPATH/CodeIgniter.php(441): CodeIgniter\CodeIgniter->tryToRouteIt()
 4 SYSTEMPATH/CodeIgniter.php(340): CodeIgniter\CodeIgniter->handleRequest()
 5 SYSTEMPATH/Boot.php(417): CodeIgniter\CodeIgniter->run()
 6 SYSTEMPATH/Boot.php(68): CodeIgniter\Boot::runCodeIgniter()
 7 FCPATH/index.php(31): CodeIgniter\Boot::bootWeb()
CRITICAL - 2026-07-22 11:20:11 --> CodeIgniter\HTTP\Exceptions\BadRequestException: The URI you submitted has disallowed characters: "प्रदेश-६"
[Method: GET, Route: category/%E0%A4%AA%E0%A5%8D%E0%A4%B0%E0%A4%A6%E0%A5%87%E0%A4%B6-%E0%A5%AC/page/4/]
in SYSTEMPATH/Router/Router.php on line 768.
 1 SYSTEMPATH/Router/Router.php(219): CodeIgniter\Router\Router->checkDisallowedChars()
 2 SYSTEMPATH/CodeIgniter.php(829): CodeIgniter\Router\Router->handle()
 3 SYSTEMPATH/CodeIgniter.php(441): CodeIgniter\CodeIgniter->tryToRouteIt()
 4 SYSTEMPATH/CodeIgniter.php(340): CodeIgniter\CodeIgniter->handleRequest()
 5 SYSTEMPATH/Boot.php(417): CodeIgniter\CodeIgniter->run()
 6 SYSTEMPATH/Boot.php(68): CodeIgniter\Boot::runCodeIgniter()
 7 FCPATH/index.php(31): CodeIgniter\Boot::bootWeb()
CRITICAL - 2026-07-22 11:20:13 --> CodeIgniter\HTTP\Exceptions\BadRequestException: The URI you submitted has disallowed characters: "प्रदेश-६"
[Method: GET, Route: category/%E0%A4%AA%E0%A5%8D%E0%A4%B0%E0%A4%A6%E0%A5%87%E0%A4%B6-%E0%A5%AC/page/5/]
in SYSTEMPATH/Router/Router.php on line 768.
 1 SYSTEMPATH/Router/Router.php(219): CodeIgniter\Router\Router->checkDisallowedChars()
 2 SYSTEMPATH/CodeIgniter.php(829): CodeIgniter\Router\Router->handle()
 3 SYSTEMPATH/CodeIgniter.php(441): CodeIgniter\CodeIgniter->tryToRouteIt()
 4 SYSTEMPATH/CodeIgniter.php(340): CodeIgniter\CodeIgniter->handleRequest()
 5 SYSTEMPATH/Boot.php(417): CodeIgniter\CodeIgniter->run()
 6 SYSTEMPATH/Boot.php(68): CodeIgniter\Boot::runCodeIgniter()
 7 FCPATH/index.php(31): CodeIgniter\Boot::bootWeb()
CRITICAL - 2026-07-22 11:20:15 --> CodeIgniter\HTTP\Exceptions\BadRequestException: The URI you submitted has disallowed characters: "प्रदेश-६"
[Method: GET, Route: category/%E0%A4%AA%E0%A5%8D%E0%A4%B0%E0%A4%A6%E0%A5%87%E0%A4%B6-%E0%A5%AC/page/6/]
in SYSTEMPATH/Router/Router.php on line 768.
 1 SYSTEMPATH/Router/Router.php(219): CodeIgniter\Router\Router->checkDisallowedChars()
 2 SYSTEMPATH/CodeIgniter.php(829): CodeIgniter\Router\Router->handle()
 3 SYSTEMPATH/CodeIgniter.php(441): CodeIgniter\CodeIgniter->tryToRouteIt()
 4 SYSTEMPATH/CodeIgniter.php(340): CodeIgniter\CodeIgniter->handleRequest()
 5 SYSTEMPATH/Boot.php(417): CodeIgniter\CodeIgniter->run()
 6 SYSTEMPATH/Boot.php(68): CodeIgniter\Boot::runCodeIgniter()
 7 FCPATH/index.php(31): CodeIgniter\Boot::bootWeb()
CRITICAL - 2026-07-22 11:20:17 --> CodeIgniter\HTTP\Exceptions\BadRequestException: The URI you submitted has disallowed characters: "प्रदेश-६"
[Method: GET, Route: category/%E0%A4%AA%E0%A5%8D%E0%A4%B0%E0%A4%A6%E0%A5%87%E0%A4%B6-%E0%A5%AC/page/7/]
in SYSTEMPATH/Router/Router.php on line 768.
 1 SYSTEMPATH/Router/Router.php(219): CodeIgniter\Router\Router->checkDisallowedChars()
 2 SYSTEMPATH/CodeIgniter.php(829): CodeIgniter\Router\Router->handle()
 3 SYSTEMPATH/CodeIgniter.php(441): CodeIgniter\CodeIgniter->tryToRouteIt()
 4 SYSTEMPATH/CodeIgniter.php(340): CodeIgniter\CodeIgniter->handleRequest()
 5 SYSTEMPATH/Boot.php(417): CodeIgniter\CodeIgniter->run()
 6 SYSTEMPATH/Boot.php(68): CodeIgniter\Boot::runCodeIgniter()
 7 FCPATH/index.php(31): CodeIgniter\Boot::bootWeb()
CRITICAL - 2026-07-22 11:20:19 --> CodeIgniter\HTTP\Exceptions\BadRequestException: The URI you submitted has disallowed characters: "प्रदेश-६"
[Method: GET, Route: category/%E0%A4%AA%E0%A5%8D%E0%A4%B0%E0%A4%A6%E0%A5%87%E0%A4%B6-%E0%A5%AC/page/8/]
in SYSTEMPATH/Router/Router.php on line 768.
 1 SYSTEMPATH/Router/Router.php(219): CodeIgniter\Router\Router->checkDisallowedChars()
 2 SYSTEMPATH/CodeIgniter.php(829): CodeIgniter\Router\Router->handle()
 3 SYSTEMPATH/CodeIgniter.php(441): CodeIgniter\CodeIgniter->tryToRouteIt()
 4 SYSTEMPATH/CodeIgniter.php(340): CodeIgniter\CodeIgniter->handleRequest()
 5 SYSTEMPATH/Boot.php(417): CodeIgniter\CodeIgniter->run()
 6 SYSTEMPATH/Boot.php(68): CodeIgniter\Boot::runCodeIgniter()
 7 FCPATH/index.php(31): CodeIgniter\Boot::bootWeb()
CRITICAL - 2026-07-22 11:20:21 --> CodeIgniter\HTTP\Exceptions\BadRequestException: The URI you submitted has disallowed characters: "प्रदेश-६"
[Method: GET, Route: category/%E0%A4%AA%E0%A5%8D%E0%A4%B0%E0%A4%A6%E0%A5%87%E0%A4%B6-%E0%A5%AC/page/9/]
in SYSTEMPATH/Router/Router.php on line 768.
 1 SYSTEMPATH/Router/Router.php(219): CodeIgniter\Router\Router->checkDisallowedChars()
 2 SYSTEMPATH/CodeIgniter.php(829): CodeIgniter\Router\Router->handle()
 3 SYSTEMPATH/CodeIgniter.php(441): CodeIgniter\CodeIgniter->tryToRouteIt()
 4 SYSTEMPATH/CodeIgniter.php(340): CodeIgniter\CodeIgniter->handleRequest()
 5 SYSTEMPATH/Boot.php(417): CodeIgniter\CodeIgniter->run()
 6 SYSTEMPATH/Boot.php(68): CodeIgniter\Boot::runCodeIgniter()
 7 FCPATH/index.php(31): CodeIgniter\Boot::bootWeb()
CRITICAL - 2026-07-22 11:20:22 --> CodeIgniter\HTTP\Exceptions\BadRequestException: The URI you submitted has disallowed characters: "प्रदेश-७"
[Method: GET, Route: category/%E0%A4%AA%E0%A5%8D%E0%A4%B0%E0%A4%A6%E0%A5%87%E0%A4%B6-%E0%A5%AD/]
in SYSTEMPATH/Router/Router.php on line 768.
 1 SYSTEMPATH/Router/Router.php(219): CodeIgniter\Router\Router->checkDisallowedChars()
 2 SYSTEMPATH/CodeIgniter.php(829): CodeIgniter\Router\Router->handle()
 3 SYSTEMPATH/CodeIgniter.php(441): CodeIgniter\CodeIgniter->tryToRouteIt()
 4 SYSTEMPATH/CodeIgniter.php(340): CodeIgniter\CodeIgniter->handleRequest()
 5 SYSTEMPATH/Boot.php(417): CodeIgniter\CodeIgniter->run()
 6 SYSTEMPATH/Boot.php(68): CodeIgniter\Boot::runCodeIgniter()
 7 FCPATH/index.php(31): CodeIgniter\Boot::bootWeb()
CRITICAL - 2026-07-22 11:20:24 --> CodeIgniter\HTTP\Exceptions\BadRequestException: The URI you submitted has disallowed characters: "प्रदेश-७"
[Method: GET, Route: category/%E0%A4%AA%E0%A5%8D%E0%A4%B0%E0%A4%A6%E0%A5%87%E0%A4%B6-%E0%A5%AD/page/2/]
in SYSTEMPATH/Router/Router.php on line 768.
 1 SYSTEMPATH/Router/Router.php(219): CodeIgniter\Router\Router->checkDisallowedChars()
 2 SYSTEMPATH/CodeIgniter.php(829): CodeIgniter\Router\Router->handle()
 3 SYSTEMPATH/CodeIgniter.php(441): CodeIgniter\CodeIgniter->tryToRouteIt()
 4 SYSTEMPATH/CodeIgniter.php(340): CodeIgniter\CodeIgniter->handleRequest()
 5 SYSTEMPATH/Boot.php(417): CodeIgniter\CodeIgniter->run()
 6 SYSTEMPATH/Boot.php(68): CodeIgniter\Boot::runCodeIgniter()
 7 FCPATH/index.php(31): CodeIgniter\Boot::bootWeb()
CRITICAL - 2026-07-22 11:20:26 --> CodeIgniter\HTTP\Exceptions\BadRequestException: The URI you submitted has disallowed characters: "प्रदेश-७"
[Method: GET, Route: category/%E0%A4%AA%E0%A5%8D%E0%A4%B0%E0%A4%A6%E0%A5%87%E0%A4%B6-%E0%A5%AD/page/3/]
in SYSTEMPATH/Router/Router.php on line 768.
 1 SYSTEMPATH/Router/Router.php(219): CodeIgniter\Router\Router->checkDisallowedChars()
 2 SYSTEMPATH/CodeIgniter.php(829): CodeIgniter\Router\Router->handle()
 3 SYSTEMPATH/CodeIgniter.php(441): CodeIgniter\CodeIgniter->tryToRouteIt()
 4 SYSTEMPATH/CodeIgniter.php(340): CodeIgniter\CodeIgniter->handleRequest()
 5 SYSTEMPATH/Boot.php(417): CodeIgniter\CodeIgniter->run()
 6 SYSTEMPATH/Boot.php(68): CodeIgniter\Boot::runCodeIgniter()
 7 FCPATH/index.php(31): CodeIgniter\Boot::bootWeb()
CRITICAL - 2026-07-22 11:20:27 --> CodeIgniter\HTTP\Exceptions\BadRequestException: The URI you submitted has disallowed characters: "प्रदेश-७"
[Method: GET, Route: category/%E0%A4%AA%E0%A5%8D%E0%A4%B0%E0%A4%A6%E0%A5%87%E0%A4%B6-%E0%A5%AD/page/4/]
in SYSTEMPATH/Router/Router.php on line 768.
 1 SYSTEMPATH/Router/Router.php(219): CodeIgniter\Router\Router->checkDisallowedChars()
 2 SYSTEMPATH/CodeIgniter.php(829): CodeIgniter\Router\Router->handle()
 3 SYSTEMPATH/CodeIgniter.php(441): CodeIgniter\CodeIgniter->tryToRouteIt()
 4 SYSTEMPATH/CodeIgniter.php(340): CodeIgniter\CodeIgniter->handleRequest()
 5 SYSTEMPATH/Boot.php(417): CodeIgniter\CodeIgniter->run()
 6 SYSTEMPATH/Boot.php(68): CodeIgniter\Boot::runCodeIgniter()
 7 FCPATH/index.php(31): CodeIgniter\Boot::bootWeb()
CRITICAL - 2026-07-22 11:20:29 --> CodeIgniter\HTTP\Exceptions\BadRequestException: The URI you submitted has disallowed characters: "प्रदेश-७"
[Method: GET, Route: category/%E0%A4%AA%E0%A5%8D%E0%A4%B0%E0%A4%A6%E0%A5%87%E0%A4%B6-%E0%A5%AD/page/5/]
in SYSTEMPATH/Router/Router.php on line 768.
 1 SYSTEMPATH/Router/Router.php(219): CodeIgniter\Router\Router->checkDisallowedChars()
 2 SYSTEMPATH/CodeIgniter.php(829): CodeIgniter\Router\Router->handle()
 3 SYSTEMPATH/CodeIgniter.php(441): CodeIgniter\CodeIgniter->tryToRouteIt()
 4 SYSTEMPATH/CodeIgniter.php(340): CodeIgniter\CodeIgniter->handleRequest()
 5 SYSTEMPATH/Boot.php(417): CodeIgniter\CodeIgniter->run()
 6 SYSTEMPATH/Boot.php(68): CodeIgniter\Boot::runCodeIgniter()
 7 FCPATH/index.php(31): CodeIgniter\Boot::bootWeb()
CRITICAL - 2026-07-22 11:20:31 --> CodeIgniter\HTTP\Exceptions\BadRequestException: The URI you submitted has disallowed characters: "प्रदेश-७"
[Method: GET, Route: category/%E0%A4%AA%E0%A5%8D%E0%A4%B0%E0%A4%A6%E0%A5%87%E0%A4%B6-%E0%A5%AD/page/6/]
in SYSTEMPATH/Router/Router.php on line 768.
 1 SYSTEMPATH/Router/Router.php(219): CodeIgniter\Router\Router->checkDisallowedChars()
 2 SYSTEMPATH/CodeIgniter.php(829): CodeIgniter\Router\Router->handle()
 3 SYSTEMPATH/CodeIgniter.php(441): CodeIgniter\CodeIgniter->tryToRouteIt()
 4 SYSTEMPATH/CodeIgniter.php(340): CodeIgniter\CodeIgniter->handleRequest()
 5 SYSTEMPATH/Boot.php(417): CodeIgniter\CodeIgniter->run()
 6 SYSTEMPATH/Boot.php(68): CodeIgniter\Boot::runCodeIgniter()
 7 FCPATH/index.php(31): CodeIgniter\Boot::bootWeb()
CRITICAL - 2026-07-22 11:20:33 --> CodeIgniter\HTTP\Exceptions\BadRequestException: The URI you submitted has disallowed characters: "प्रदेश-७"
[Method: GET, Route: category/%E0%A4%AA%E0%A5%8D%E0%A4%B0%E0%A4%A6%E0%A5%87%E0%A4%B6-%E0%A5%AD/page/7/]
in SYSTEMPATH/Router/Router.php on line 768.
 1 SYSTEMPATH/Router/Router.php(219): CodeIgniter\Router\Router->checkDisallowedChars()
 2 SYSTEMPATH/CodeIgniter.php(829): CodeIgniter\Router\Router->handle()
 3 SYSTEMPATH/CodeIgniter.php(441): CodeIgniter\CodeIgniter->tryToRouteIt()
 4 SYSTEMPATH/CodeIgniter.php(340): CodeIgniter\CodeIgniter->handleRequest()
 5 SYSTEMPATH/Boot.php(417): CodeIgniter\CodeIgniter->run()
 6 SYSTEMPATH/Boot.php(68): CodeIgniter\Boot::runCodeIgniter()
 7 FCPATH/index.php(31): CodeIgniter\Boot::bootWeb()
CRITICAL - 2026-07-22 11:20:35 --> CodeIgniter\HTTP\Exceptions\BadRequestException: The URI you submitted has disallowed characters: "प्रदेश-७"
[Method: GET, Route: category/%E0%A4%AA%E0%A5%8D%E0%A4%B0%E0%A4%A6%E0%A5%87%E0%A4%B6-%E0%A5%AD/page/8/]
in SYSTEMPATH/Router/Router.php on line 768.
 1 SYSTEMPATH/Router/Router.php(219): CodeIgniter\Router\Router->checkDisallowedChars()
 2 SYSTEMPATH/CodeIgniter.php(829): CodeIgniter\Router\Router->handle()
 3 SYSTEMPATH/CodeIgniter.php(441): CodeIgniter\CodeIgniter->tryToRouteIt()
 4 SYSTEMPATH/CodeIgniter.php(340): CodeIgniter\CodeIgniter->handleRequest()
 5 SYSTEMPATH/Boot.php(417): CodeIgniter\CodeIgniter->run()
 6 SYSTEMPATH/Boot.php(68): CodeIgniter\Boot::runCodeIgniter()
 7 FCPATH/index.php(31): CodeIgniter\Boot::bootWeb()
CRITICAL - 2026-07-22 11:20:37 --> CodeIgniter\HTTP\Exceptions\BadRequestException: The URI you submitted has disallowed characters: "प्रदेश-७"
[Method: GET, Route: category/%E0%A4%AA%E0%A5%8D%E0%A4%B0%E0%A4%A6%E0%A5%87%E0%A4%B6-%E0%A5%AD/page/9/]
in SYSTEMPATH/Router/Router.php on line 768.
 1 SYSTEMPATH/Router/Router.php(219): CodeIgniter\Router\Router->checkDisallowedChars()
 2 SYSTEMPATH/CodeIgniter.php(829): CodeIgniter\Router\Router->handle()
 3 SYSTEMPATH/CodeIgniter.php(441): CodeIgniter\CodeIgniter->tryToRouteIt()
 4 SYSTEMPATH/CodeIgniter.php(340): CodeIgniter\CodeIgniter->handleRequest()
 5 SYSTEMPATH/Boot.php(417): CodeIgniter\CodeIgniter->run()
 6 SYSTEMPATH/Boot.php(68): CodeIgniter\Boot::runCodeIgniter()
 7 FCPATH/index.php(31): CodeIgniter\Boot::bootWeb()
CRITICAL - 2026-07-22 11:20:39 --> CodeIgniter\HTTP\Exceptions\BadRequestException: The URI you submitted has disallowed characters: "प्रमुख-समाचार"
[Method: GET, Route: category/%E0%A4%AA%E0%A5%8D%E0%A4%B0%E0%A4%AE%E0%A5%81%E0%A4%96-%E0%A4%B8%E0%A4%AE%E0%A4%BE%E0%A4%9A%E0%A4%BE%E0%A4%B0/]
in SYSTEMPATH/Router/Router.php on line 768.
 1 SYSTEMPATH/Router/Router.php(219): CodeIgniter\Router\Router->checkDisallowedChars()
 2 SYSTEMPATH/CodeIgniter.php(829): CodeIgniter\Router\Router->handle()
 3 SYSTEMPATH/CodeIgniter.php(441): CodeIgniter\CodeIgniter->tryToRouteIt()
 4 SYSTEMPATH/CodeIgniter.php(340): CodeIgniter\CodeIgniter->handleRequest()
 5 SYSTEMPATH/Boot.php(417): CodeIgniter\CodeIgniter->run()
 6 SYSTEMPATH/Boot.php(68): CodeIgniter\Boot::runCodeIgniter()
 7 FCPATH/index.php(31): CodeIgniter\Boot::bootWeb()
CRITICAL - 2026-07-22 11:20:40 --> CodeIgniter\HTTP\Exceptions\BadRequestException: The URI you submitted has disallowed characters: "प्रमुख-समाचार"
[Method: GET, Route: category/%E0%A4%AA%E0%A5%8D%E0%A4%B0%E0%A4%AE%E0%A5%81%E0%A4%96-%E0%A4%B8%E0%A4%AE%E0%A4%BE%E0%A4%9A%E0%A4%BE%E0%A4%B0/page/10/]
in SYSTEMPATH/Router/Router.php on line 768.
 1 SYSTEMPATH/Router/Router.php(219): CodeIgniter\Router\Router->checkDisallowedChars()
 2 SYSTEMPATH/CodeIgniter.php(829): CodeIgniter\Router\Router->handle()
 3 SYSTEMPATH/CodeIgniter.php(441): CodeIgniter\CodeIgniter->tryToRouteIt()
 4 SYSTEMPATH/CodeIgniter.php(340): CodeIgniter\CodeIgniter->handleRequest()
 5 SYSTEMPATH/Boot.php(417): CodeIgniter\CodeIgniter->run()
 6 SYSTEMPATH/Boot.php(68): CodeIgniter\Boot::runCodeIgniter()
 7 FCPATH/index.php(31): CodeIgniter\Boot::bootWeb()
CRITICAL - 2026-07-22 11:20:42 --> CodeIgniter\HTTP\Exceptions\BadRequestException: The URI you submitted has disallowed characters: "प्रमुख-समाचार"
[Method: GET, Route: category/%E0%A4%AA%E0%A5%8D%E0%A4%B0%E0%A4%AE%E0%A5%81%E0%A4%96-%E0%A4%B8%E0%A4%AE%E0%A4%BE%E0%A4%9A%E0%A4%BE%E0%A4%B0/page/11/]
in SYSTEMPATH/Router/Router.php on line 768.
 1 SYSTEMPATH/Router/Router.php(219): CodeIgniter\Router\Router->checkDisallowedChars()
 2 SYSTEMPATH/CodeIgniter.php(829): CodeIgniter\Router\Router->handle()
 3 SYSTEMPATH/CodeIgniter.php(441): CodeIgniter\CodeIgniter->tryToRouteIt()
 4 SYSTEMPATH/CodeIgniter.php(340): CodeIgniter\CodeIgniter->handleRequest()
 5 SYSTEMPATH/Boot.php(417): CodeIgniter\CodeIgniter->run()
 6 SYSTEMPATH/Boot.php(68): CodeIgniter\Boot::runCodeIgniter()
 7 FCPATH/index.php(31): CodeIgniter\Boot::bootWeb()
CRITICAL - 2026-07-22 11:20:44 --> CodeIgniter\HTTP\Exceptions\BadRequestException: The URI you submitted has disallowed characters: "प्रमुख-समाचार"
[Method: GET, Route: category/%E0%A4%AA%E0%A5%8D%E0%A4%B0%E0%A4%AE%E0%A5%81%E0%A4%96-%E0%A4%B8%E0%A4%AE%E0%A4%BE%E0%A4%9A%E0%A4%BE%E0%A4%B0/page/12/]
in SYSTEMPATH/Router/Router.php on line 768.
 1 SYSTEMPATH/Router/Router.php(219): CodeIgniter\Router\Router->checkDisallowedChars()
 2 SYSTEMPATH/CodeIgniter.php(829): CodeIgniter\Router\Router->handle()
 3 SYSTEMPATH/CodeIgniter.php(441): CodeIgniter\CodeIgniter->tryToRouteIt()
 4 SYSTEMPATH/CodeIgniter.php(340): CodeIgniter\CodeIgniter->handleRequest()
 5 SYSTEMPATH/Boot.php(417): CodeIgniter\CodeIgniter->run()
 6 SYSTEMPATH/Boot.php(68): CodeIgniter\Boot::runCodeIgniter()
 7 FCPATH/index.php(31): CodeIgniter\Boot::bootWeb()
CRITICAL - 2026-07-22 11:20:46 --> CodeIgniter\HTTP\Exceptions\BadRequestException: The URI you submitted has disallowed characters: "प्रमुख-समाचार"
[Method: GET, Route: category/%E0%A4%AA%E0%A5%8D%E0%A4%B0%E0%A4%AE%E0%A5%81%E0%A4%96-%E0%A4%B8%E0%A4%AE%E0%A4%BE%E0%A4%9A%E0%A4%BE%E0%A4%B0/page/13/]
in SYSTEMPATH/Router/Router.php on line 768.
 1 SYSTEMPATH/Router/Router.php(219): CodeIgniter\Router\Router->checkDisallowedChars()
 2 SYSTEMPATH/CodeIgniter.php(829): CodeIgniter\Router\Router->handle()
 3 SYSTEMPATH/CodeIgniter.php(441): CodeIgniter\CodeIgniter->tryToRouteIt()
 4 SYSTEMPATH/CodeIgniter.php(340): CodeIgniter\CodeIgniter->handleRequest()
 5 SYSTEMPATH/Boot.php(417): CodeIgniter\CodeIgniter->run()
 6 SYSTEMPATH/Boot.php(68): CodeIgniter\Boot::runCodeIgniter()
 7 FCPATH/index.php(31): CodeIgniter\Boot::bootWeb()
CRITICAL - 2026-07-22 11:20:47 --> CodeIgniter\HTTP\Exceptions\BadRequestException: The URI you submitted has disallowed characters: "प्रमुख-समाचार"
[Method: GET, Route: category/%E0%A4%AA%E0%A5%8D%E0%A4%B0%E0%A4%AE%E0%A5%81%E0%A4%96-%E0%A4%B8%E0%A4%AE%E0%A4%BE%E0%A4%9A%E0%A4%BE%E0%A4%B0/page/2/]
in SYSTEMPATH/Router/Router.php on line 768.
 1 SYSTEMPATH/Router/Router.php(219): CodeIgniter\Router\Router->checkDisallowedChars()
 2 SYSTEMPATH/CodeIgniter.php(829): CodeIgniter\Router\Router->handle()
 3 SYSTEMPATH/CodeIgniter.php(441): CodeIgniter\CodeIgniter->tryToRouteIt()
 4 SYSTEMPATH/CodeIgniter.php(340): CodeIgniter\CodeIgniter->handleRequest()
 5 SYSTEMPATH/Boot.php(417): CodeIgniter\CodeIgniter->run()
 6 SYSTEMPATH/Boot.php(68): CodeIgniter\Boot::runCodeIgniter()
 7 FCPATH/index.php(31): CodeIgniter\Boot::bootWeb()
CRITICAL - 2026-07-22 11:20:49 --> CodeIgniter\HTTP\Exceptions\BadRequestException: The URI you submitted has disallowed characters: "प्रमुख-समाचार"
[Method: GET, Route: category/%E0%A4%AA%E0%A5%8D%E0%A4%B0%E0%A4%AE%E0%A5%81%E0%A4%96-%E0%A4%B8%E0%A4%AE%E0%A4%BE%E0%A4%9A%E0%A4%BE%E0%A4%B0/page/3/]
in SYSTEMPATH/Router/Router.php on line 768.
 1 SYSTEMPATH/Router/Router.php(219): CodeIgniter\Router\Router->checkDisallowedChars()
 2 SYSTEMPATH/CodeIgniter.php(829): CodeIgniter\Router\Router->handle()
 3 SYSTEMPATH/CodeIgniter.php(441): CodeIgniter\CodeIgniter->tryToRouteIt()
 4 SYSTEMPATH/CodeIgniter.php(340): CodeIgniter\CodeIgniter->handleRequest()
 5 SYSTEMPATH/Boot.php(417): CodeIgniter\CodeIgniter->run()
 6 SYSTEMPATH/Boot.php(68): CodeIgniter\Boot::runCodeIgniter()
 7 FCPATH/index.php(31): CodeIgniter\Boot::bootWeb()
CRITICAL - 2026-07-22 11:20:51 --> CodeIgniter\HTTP\Exceptions\BadRequestException: The URI you submitted has disallowed characters: "प्रमुख-समाचार"
[Method: GET, Route: category/%E0%A4%AA%E0%A5%8D%E0%A4%B0%E0%A4%AE%E0%A5%81%E0%A4%96-%E0%A4%B8%E0%A4%AE%E0%A4%BE%E0%A4%9A%E0%A4%BE%E0%A4%B0/page/4/]
in SYSTEMPATH/Router/Router.php on line 768.
 1 SYSTEMPATH/Router/Router.php(219): CodeIgniter\Router\Router->checkDisallowedChars()
 2 SYSTEMPATH/CodeIgniter.php(829): CodeIgniter\Router\Router->handle()
 3 SYSTEMPATH/CodeIgniter.php(441): CodeIgniter\CodeIgniter->tryToRouteIt()
 4 SYSTEMPATH/CodeIgniter.php(340): CodeIgniter\CodeIgniter->handleRequest()
 5 SYSTEMPATH/Boot.php(417): CodeIgniter\CodeIgniter->run()
 6 SYSTEMPATH/Boot.php(68): CodeIgniter\Boot::runCodeIgniter()
 7 FCPATH/index.php(31): CodeIgniter\Boot::bootWeb()
CRITICAL - 2026-07-22 11:20:53 --> CodeIgniter\HTTP\Exceptions\BadRequestException: The URI you submitted has disallowed characters: "प्रमुख-समाचार"
[Method: GET, Route: category/%E0%A4%AA%E0%A5%8D%E0%A4%B0%E0%A4%AE%E0%A5%81%E0%A4%96-%E0%A4%B8%E0%A4%AE%E0%A4%BE%E0%A4%9A%E0%A4%BE%E0%A4%B0/page/5/]
in SYSTEMPATH/Router/Router.php on line 768.
 1 SYSTEMPATH/Router/Router.php(219): CodeIgniter\Router\Router->checkDisallowedChars()
 2 SYSTEMPATH/CodeIgniter.php(829): CodeIgniter\Router\Router->handle()
 3 SYSTEMPATH/CodeIgniter.php(441): CodeIgniter\CodeIgniter->tryToRouteIt()
 4 SYSTEMPATH/CodeIgniter.php(340): CodeIgniter\CodeIgniter->handleRequest()
 5 SYSTEMPATH/Boot.php(417): CodeIgniter\CodeIgniter->run()
 6 SYSTEMPATH/Boot.php(68): CodeIgniter\Boot::runCodeIgniter()
 7 FCPATH/index.php(31): CodeIgniter\Boot::bootWeb()
CRITICAL - 2026-07-22 11:20:55 --> CodeIgniter\HTTP\Exceptions\BadRequestException: The URI you submitted has disallowed characters: "प्रमुख-समाचार"
[Method: GET, Route: category/%E0%A4%AA%E0%A5%8D%E0%A4%B0%E0%A4%AE%E0%A5%81%E0%A4%96-%E0%A4%B8%E0%A4%AE%E0%A4%BE%E0%A4%9A%E0%A4%BE%E0%A4%B0/page/6/]
in SYSTEMPATH/Router/Router.php on line 768.
 1 SYSTEMPATH/Router/Router.php(219): CodeIgniter\Router\Router->checkDisallowedChars()
 2 SYSTEMPATH/CodeIgniter.php(829): CodeIgniter\Router\Router->handle()
 3 SYSTEMPATH/CodeIgniter.php(441): CodeIgniter\CodeIgniter->tryToRouteIt()
 4 SYSTEMPATH/CodeIgniter.php(340): CodeIgniter\CodeIgniter->handleRequest()
 5 SYSTEMPATH/Boot.php(417): CodeIgniter\CodeIgniter->run()
 6 SYSTEMPATH/Boot.php(68): CodeIgniter\Boot::runCodeIgniter()
 7 FCPATH/index.php(31): CodeIgniter\Boot::bootWeb()
CRITICAL - 2026-07-22 11:20:57 --> CodeIgniter\HTTP\Exceptions\BadRequestException: The URI you submitted has disallowed characters: "प्रमुख-समाचार"
[Method: GET, Route: category/%E0%A4%AA%E0%A5%8D%E0%A4%B0%E0%A4%AE%E0%A5%81%E0%A4%96-%E0%A4%B8%E0%A4%AE%E0%A4%BE%E0%A4%9A%E0%A4%BE%E0%A4%B0/page/9/]
in SYSTEMPATH/Router/Router.php on line 768.
 1 SYSTEMPATH/Router/Router.php(219): CodeIgniter\Router\Router->checkDisallowedChars()
 2 SYSTEMPATH/CodeIgniter.php(829): CodeIgniter\Router\Router->handle()
 3 SYSTEMPATH/CodeIgniter.php(441): CodeIgniter\CodeIgniter->tryToRouteIt()
 4 SYSTEMPATH/CodeIgniter.php(340): CodeIgniter\CodeIgniter->handleRequest()
 5 SYSTEMPATH/Boot.php(417): CodeIgniter\CodeIgniter->run()
 6 SYSTEMPATH/Boot.php(68): CodeIgniter\Boot::runCodeIgniter()
 7 FCPATH/index.php(31): CodeIgniter\Boot::bootWeb()
CRITICAL - 2026-07-22 11:20:59 --> CodeIgniter\HTTP\Exceptions\BadRequestException: The URI you submitted has disallowed characters: "मनोरञ्जन"
[Method: GET, Route: category/%E0%A4%AE%E0%A4%A8%E0%A5%8B%E0%A4%B0%E0%A4%9E%E0%A5%8D%E0%A4%9C%E0%A4%A8/]
in SYSTEMPATH/Router/Router.php on line 768.
 1 SYSTEMPATH/Router/Router.php(219): CodeIgniter\Router\Router->checkDisallowedChars()
 2 SYSTEMPATH/CodeIgniter.php(829): CodeIgniter\Router\Router->handle()
 3 SYSTEMPATH/CodeIgniter.php(441): CodeIgniter\CodeIgniter->tryToRouteIt()
 4 SYSTEMPATH/CodeIgniter.php(340): CodeIgniter\CodeIgniter->handleRequest()
 5 SYSTEMPATH/Boot.php(417): CodeIgniter\CodeIgniter->run()
 6 SYSTEMPATH/Boot.php(68): CodeIgniter\Boot::runCodeIgniter()
 7 FCPATH/index.php(31): CodeIgniter\Boot::bootWeb()
CRITICAL - 2026-07-22 11:21:01 --> CodeIgniter\HTTP\Exceptions\BadRequestException: The URI you submitted has disallowed characters: "मनोरञ्जन"
[Method: GET, Route: category/%E0%A4%AE%E0%A4%A8%E0%A5%8B%E0%A4%B0%E0%A4%9E%E0%A5%8D%E0%A4%9C%E0%A4%A8/page/2/]
in SYSTEMPATH/Router/Router.php on line 768.
 1 SYSTEMPATH/Router/Router.php(219): CodeIgniter\Router\Router->checkDisallowedChars()
 2 SYSTEMPATH/CodeIgniter.php(829): CodeIgniter\Router\Router->handle()
 3 SYSTEMPATH/CodeIgniter.php(441): CodeIgniter\CodeIgniter->tryToRouteIt()
 4 SYSTEMPATH/CodeIgniter.php(340): CodeIgniter\CodeIgniter->handleRequest()
 5 SYSTEMPATH/Boot.php(417): CodeIgniter\CodeIgniter->run()
 6 SYSTEMPATH/Boot.php(68): CodeIgniter\Boot::runCodeIgniter()
 7 FCPATH/index.php(31): CodeIgniter\Boot::bootWeb()
CRITICAL - 2026-07-22 11:21:03 --> CodeIgniter\HTTP\Exceptions\BadRequestException: The URI you submitted has disallowed characters: "मनोरञ्जन"
[Method: GET, Route: category/%E0%A4%AE%E0%A4%A8%E0%A5%8B%E0%A4%B0%E0%A4%9E%E0%A5%8D%E0%A4%9C%E0%A4%A8/page/3/]
in SYSTEMPATH/Router/Router.php on line 768.
 1 SYSTEMPATH/Router/Router.php(219): CodeIgniter\Router\Router->checkDisallowedChars()
 2 SYSTEMPATH/CodeIgniter.php(829): CodeIgniter\Router\Router->handle()
 3 SYSTEMPATH/CodeIgniter.php(441): CodeIgniter\CodeIgniter->tryToRouteIt()
 4 SYSTEMPATH/CodeIgniter.php(340): CodeIgniter\CodeIgniter->handleRequest()
 5 SYSTEMPATH/Boot.php(417): CodeIgniter\CodeIgniter->run()
 6 SYSTEMPATH/Boot.php(68): CodeIgniter\Boot::runCodeIgniter()
 7 FCPATH/index.php(31): CodeIgniter\Boot::bootWeb()
CRITICAL - 2026-07-22 11:21:04 --> CodeIgniter\HTTP\Exceptions\BadRequestException: The URI you submitted has disallowed characters: "मनोरञ्जन"
[Method: GET, Route: category/%E0%A4%AE%E0%A4%A8%E0%A5%8B%E0%A4%B0%E0%A4%9E%E0%A5%8D%E0%A4%9C%E0%A4%A8/page/4/]
in SYSTEMPATH/Router/Router.php on line 768.
 1 SYSTEMPATH/Router/Router.php(219): CodeIgniter\Router\Router->checkDisallowedChars()
 2 SYSTEMPATH/CodeIgniter.php(829): CodeIgniter\Router\Router->handle()
 3 SYSTEMPATH/CodeIgniter.php(441): CodeIgniter\CodeIgniter->tryToRouteIt()
 4 SYSTEMPATH/CodeIgniter.php(340): CodeIgniter\CodeIgniter->handleRequest()
 5 SYSTEMPATH/Boot.php(417): CodeIgniter\CodeIgniter->run()
 6 SYSTEMPATH/Boot.php(68): CodeIgniter\Boot::runCodeIgniter()
 7 FCPATH/index.php(31): CodeIgniter\Boot::bootWeb()
CRITICAL - 2026-07-22 11:21:08 --> CodeIgniter\HTTP\Exceptions\BadRequestException: The URI you submitted has disallowed characters: "मनोरञ्जन"
[Method: GET, Route: category/%E0%A4%AE%E0%A4%A8%E0%A5%8B%E0%A4%B0%E0%A4%9E%E0%A5%8D%E0%A4%9C%E0%A4%A8/page/5/]
in SYSTEMPATH/Router/Router.php on line 768.
 1 SYSTEMPATH/Router/Router.php(219): CodeIgniter\Router\Router->checkDisallowedChars()
 2 SYSTEMPATH/CodeIgniter.php(829): CodeIgniter\Router\Router->handle()
 3 SYSTEMPATH/CodeIgniter.php(441): CodeIgniter\CodeIgniter->tryToRouteIt()
 4 SYSTEMPATH/CodeIgniter.php(340): CodeIgniter\CodeIgniter->handleRequest()
 5 SYSTEMPATH/Boot.php(417): CodeIgniter\CodeIgniter->run()
 6 SYSTEMPATH/Boot.php(68): CodeIgniter\Boot::runCodeIgniter()
 7 FCPATH/index.php(31): CodeIgniter\Boot::bootWeb()
CRITICAL - 2026-07-22 11:21:10 --> CodeIgniter\HTTP\Exceptions\BadRequestException: The URI you submitted has disallowed characters: "मनोरञ्जन"
[Method: GET, Route: category/%E0%A4%AE%E0%A4%A8%E0%A5%8B%E0%A4%B0%E0%A4%9E%E0%A5%8D%E0%A4%9C%E0%A4%A8/page/5/]
in SYSTEMPATH/Router/Router.php on line 768.
 1 SYSTEMPATH/Router/Router.php(219): CodeIgniter\Router\Router->checkDisallowedChars()
 2 SYSTEMPATH/CodeIgniter.php(829): CodeIgniter\Router\Router->handle()
 3 SYSTEMPATH/CodeIgniter.php(441): CodeIgniter\CodeIgniter->tryToRouteIt()
 4 SYSTEMPATH/CodeIgniter.php(340): CodeIgniter\CodeIgniter->handleRequest()
 5 SYSTEMPATH/Boot.php(417): CodeIgniter\CodeIgniter->run()
 6 SYSTEMPATH/Boot.php(68): CodeIgniter\Boot::runCodeIgniter()
 7 FCPATH/index.php(31): CodeIgniter\Boot::bootWeb()
CRITICAL - 2026-07-22 11:21:14 --> CodeIgniter\HTTP\Exceptions\BadRequestException: The URI you submitted has disallowed characters: "मनोरञ्जन"
[Method: GET, Route: category/%E0%A4%AE%E0%A4%A8%E0%A5%8B%E0%A4%B0%E0%A4%9E%E0%A5%8D%E0%A4%9C%E0%A4%A8/page/6/]
in SYSTEMPATH/Router/Router.php on line 768.
 1 SYSTEMPATH/Router/Router.php(219): CodeIgniter\Router\Router->checkDisallowedChars()
 2 SYSTEMPATH/CodeIgniter.php(829): CodeIgniter\Router\Router->handle()
 3 SYSTEMPATH/CodeIgniter.php(441): CodeIgniter\CodeIgniter->tryToRouteIt()
 4 SYSTEMPATH/CodeIgniter.php(340): CodeIgniter\CodeIgniter->handleRequest()
 5 SYSTEMPATH/Boot.php(417): CodeIgniter\CodeIgniter->run()
 6 SYSTEMPATH/Boot.php(68): CodeIgniter\Boot::runCodeIgniter()
 7 FCPATH/index.php(31): CodeIgniter\Boot::bootWeb()
CRITICAL - 2026-07-22 11:21:16 --> CodeIgniter\HTTP\Exceptions\BadRequestException: The URI you submitted has disallowed characters: "मनोरञ्जन"
[Method: GET, Route: category/%E0%A4%AE%E0%A4%A8%E0%A5%8B%E0%A4%B0%E0%A4%9E%E0%A5%8D%E0%A4%9C%E0%A4%A8/page/6/]
in SYSTEMPATH/Router/Router.php on line 768.
 1 SYSTEMPATH/Router/Router.php(219): CodeIgniter\Router\Router->checkDisallowedChars()
 2 SYSTEMPATH/CodeIgniter.php(829): CodeIgniter\Router\Router->handle()
 3 SYSTEMPATH/CodeIgniter.php(441): CodeIgniter\CodeIgniter->tryToRouteIt()
 4 SYSTEMPATH/CodeIgniter.php(340): CodeIgniter\CodeIgniter->handleRequest()
 5 SYSTEMPATH/Boot.php(417): CodeIgniter\CodeIgniter->run()
 6 SYSTEMPATH/Boot.php(68): CodeIgniter\Boot::runCodeIgniter()
 7 FCPATH/index.php(31): CodeIgniter\Boot::bootWeb()
CRITICAL - 2026-07-22 11:21:19 --> CodeIgniter\HTTP\Exceptions\BadRequestException: The URI you submitted has disallowed characters: "मनोरञ्जन"
[Method: GET, Route: category/%E0%A4%AE%E0%A4%A8%E0%A5%8B%E0%A4%B0%E0%A4%9E%E0%A5%8D%E0%A4%9C%E0%A4%A8/page/7/]
in SYSTEMPATH/Router/Router.php on line 768.
 1 SYSTEMPATH/Router/Router.php(219): CodeIgniter\Router\Router->checkDisallowedChars()
 2 SYSTEMPATH/CodeIgniter.php(829): CodeIgniter\Router\Router->handle()
 3 SYSTEMPATH/CodeIgniter.php(441): CodeIgniter\CodeIgniter->tryToRouteIt()
 4 SYSTEMPATH/CodeIgniter.php(340): CodeIgniter\CodeIgniter->handleRequest()
 5 SYSTEMPATH/Boot.php(417): CodeIgniter\CodeIgniter->run()
 6 SYSTEMPATH/Boot.php(68): CodeIgniter\Boot::runCodeIgniter()
 7 FCPATH/index.php(31): CodeIgniter\Boot::bootWeb()
CRITICAL - 2026-07-22 11:21:21 --> CodeIgniter\HTTP\Exceptions\BadRequestException: The URI you submitted has disallowed characters: "मनोरञ्जन"
[Method: GET, Route: category/%E0%A4%AE%E0%A4%A8%E0%A5%8B%E0%A4%B0%E0%A4%9E%E0%A5%8D%E0%A4%9C%E0%A4%A8/page/7/]
in SYSTEMPATH/Router/Router.php on line 768.
 1 SYSTEMPATH/Router/Router.php(219): CodeIgniter\Router\Router->checkDisallowedChars()
 2 SYSTEMPATH/CodeIgniter.php(829): CodeIgniter\Router\Router->handle()
 3 SYSTEMPATH/CodeIgniter.php(441): CodeIgniter\CodeIgniter->tryToRouteIt()
 4 SYSTEMPATH/CodeIgniter.php(340): CodeIgniter\CodeIgniter->handleRequest()
 5 SYSTEMPATH/Boot.php(417): CodeIgniter\CodeIgniter->run()
 6 SYSTEMPATH/Boot.php(68): CodeIgniter\Boot::runCodeIgniter()
 7 FCPATH/index.php(31): CodeIgniter\Boot::bootWeb()
CRITICAL - 2026-07-22 11:21:25 --> CodeIgniter\HTTP\Exceptions\BadRequestException: The URI you submitted has disallowed characters: "मनोरञ्जन"
[Method: GET, Route: category/%E0%A4%AE%E0%A4%A8%E0%A5%8B%E0%A4%B0%E0%A4%9E%E0%A5%8D%E0%A4%9C%E0%A4%A8/page/8/]
in SYSTEMPATH/Router/Router.php on line 768.
 1 SYSTEMPATH/Router/Router.php(219): CodeIgniter\Router\Router->checkDisallowedChars()
 2 SYSTEMPATH/CodeIgniter.php(829): CodeIgniter\Router\Router->handle()
 3 SYSTEMPATH/CodeIgniter.php(441): CodeIgniter\CodeIgniter->tryToRouteIt()
 4 SYSTEMPATH/CodeIgniter.php(340): CodeIgniter\CodeIgniter->handleRequest()
 5 SYSTEMPATH/Boot.php(417): CodeIgniter\CodeIgniter->run()
 6 SYSTEMPATH/Boot.php(68): CodeIgniter\Boot::runCodeIgniter()
 7 FCPATH/index.php(31): CodeIgniter\Boot::bootWeb()
CRITICAL - 2026-07-22 11:21:28 --> CodeIgniter\HTTP\Exceptions\BadRequestException: The URI you submitted has disallowed characters: "मनोरञ्जन"
[Method: GET, Route: category/%E0%A4%AE%E0%A4%A8%E0%A5%8B%E0%A4%B0%E0%A4%9E%E0%A5%8D%E0%A4%9C%E0%A4%A8/page/8/]
in SYSTEMPATH/Router/Router.php on line 768.
 1 SYSTEMPATH/Router/Router.php(219): CodeIgniter\Router\Router->checkDisallowedChars()
 2 SYSTEMPATH/CodeIgniter.php(829): CodeIgniter\Router\Router->handle()
 3 SYSTEMPATH/CodeIgniter.php(441): CodeIgniter\CodeIgniter->tryToRouteIt()
 4 SYSTEMPATH/CodeIgniter.php(340): CodeIgniter\CodeIgniter->handleRequest()
 5 SYSTEMPATH/Boot.php(417): CodeIgniter\CodeIgniter->run()
 6 SYSTEMPATH/Boot.php(68): CodeIgniter\Boot::runCodeIgniter()
 7 FCPATH/index.php(31): CodeIgniter\Boot::bootWeb()
CRITICAL - 2026-07-22 11:21:31 --> CodeIgniter\HTTP\Exceptions\BadRequestException: The URI you submitted has disallowed characters: "मनोरञ्जन"
[Method: GET, Route: category/%E0%A4%AE%E0%A4%A8%E0%A5%8B%E0%A4%B0%E0%A4%9E%E0%A5%8D%E0%A4%9C%E0%A4%A8/page/9/]
in SYSTEMPATH/Router/Router.php on line 768.
 1 SYSTEMPATH/Router/Router.php(219): CodeIgniter\Router\Router->checkDisallowedChars()
 2 SYSTEMPATH/CodeIgniter.php(829): CodeIgniter\Router\Router->handle()
 3 SYSTEMPATH/CodeIgniter.php(441): CodeIgniter\CodeIgniter->tryToRouteIt()
 4 SYSTEMPATH/CodeIgniter.php(340): CodeIgniter\CodeIgniter->handleRequest()
 5 SYSTEMPATH/Boot.php(417): CodeIgniter\CodeIgniter->run()
 6 SYSTEMPATH/Boot.php(68): CodeIgniter\Boot::runCodeIgniter()
 7 FCPATH/index.php(31): CodeIgniter\Boot::bootWeb()
CRITICAL - 2026-07-22 11:21:33 --> CodeIgniter\HTTP\Exceptions\BadRequestException: The URI you submitted has disallowed characters: "मनोरञ्जन"
[Method: GET, Route: category/%E0%A4%AE%E0%A4%A8%E0%A5%8B%E0%A4%B0%E0%A4%9E%E0%A5%8D%E0%A4%9C%E0%A4%A8/page/9/]
in SYSTEMPATH/Router/Router.php on line 768.
 1 SYSTEMPATH/Router/Router.php(219): CodeIgniter\Router\Router->checkDisallowedChars()
 2 SYSTEMPATH/CodeIgniter.php(829): CodeIgniter\Router\Router->handle()
 3 SYSTEMPATH/CodeIgniter.php(441): CodeIgniter\CodeIgniter->tryToRouteIt()
 4 SYSTEMPATH/CodeIgniter.php(340): CodeIgniter\CodeIgniter->handleRequest()
 5 SYSTEMPATH/Boot.php(417): CodeIgniter\CodeIgniter->run()
 6 SYSTEMPATH/Boot.php(68): CodeIgniter\Boot::runCodeIgniter()
 7 FCPATH/index.php(31): CodeIgniter\Boot::bootWeb()
CRITICAL - 2026-07-22 11:21:35 --> CodeIgniter\HTTP\Exceptions\BadRequestException: The URI you submitted has disallowed characters: "राजनीति"
[Method: GET, Route: category/%E0%A4%B0%E0%A4%BE%E0%A4%9C%E0%A4%A8%E0%A5%80%E0%A4%A4%E0%A4%BF/]
in SYSTEMPATH/Router/Router.php on line 768.
 1 SYSTEMPATH/Router/Router.php(219): CodeIgniter\Router\Router->checkDisallowedChars()
 2 SYSTEMPATH/CodeIgniter.php(829): CodeIgniter\Router\Router->handle()
 3 SYSTEMPATH/CodeIgniter.php(441): CodeIgniter\CodeIgniter->tryToRouteIt()
 4 SYSTEMPATH/CodeIgniter.php(340): CodeIgniter\CodeIgniter->handleRequest()
 5 SYSTEMPATH/Boot.php(417): CodeIgniter\CodeIgniter->run()
 6 SYSTEMPATH/Boot.php(68): CodeIgniter\Boot::runCodeIgniter()
 7 FCPATH/index.php(31): CodeIgniter\Boot::bootWeb()
CRITICAL - 2026-07-22 11:21:39 --> CodeIgniter\HTTP\Exceptions\BadRequestException: The URI you submitted has disallowed characters: "राजनीति"
[Method: GET, Route: category/%E0%A4%B0%E0%A4%BE%E0%A4%9C%E0%A4%A8%E0%A5%80%E0%A4%A4%E0%A4%BF/page/10/]
in SYSTEMPATH/Router/Router.php on line 768.
 1 SYSTEMPATH/Router/Router.php(219): CodeIgniter\Router\Router->checkDisallowedChars()
 2 SYSTEMPATH/CodeIgniter.php(829): CodeIgniter\Router\Router->handle()
 3 SYSTEMPATH/CodeIgniter.php(441): CodeIgniter\CodeIgniter->tryToRouteIt()
 4 SYSTEMPATH/CodeIgniter.php(340): CodeIgniter\CodeIgniter->handleRequest()
 5 SYSTEMPATH/Boot.php(417): CodeIgniter\CodeIgniter->run()
 6 SYSTEMPATH/Boot.php(68): CodeIgniter\Boot::runCodeIgniter()
 7 FCPATH/index.php(31): CodeIgniter\Boot::bootWeb()
CRITICAL - 2026-07-22 11:21:41 --> CodeIgniter\HTTP\Exceptions\BadRequestException: The URI you submitted has disallowed characters: "राजनीति"
[Method: GET, Route: category/%E0%A4%B0%E0%A4%BE%E0%A4%9C%E0%A4%A8%E0%A5%80%E0%A4%A4%E0%A4%BF/page/10/]
in SYSTEMPATH/Router/Router.php on line 768.
 1 SYSTEMPATH/Router/Router.php(219): CodeIgniter\Router\Router->checkDisallowedChars()
 2 SYSTEMPATH/CodeIgniter.php(829): CodeIgniter\Router\Router->handle()
 3 SYSTEMPATH/CodeIgniter.php(441): CodeIgniter\CodeIgniter->tryToRouteIt()
 4 SYSTEMPATH/CodeIgniter.php(340): CodeIgniter\CodeIgniter->handleRequest()
 5 SYSTEMPATH/Boot.php(417): CodeIgniter\CodeIgniter->run()
 6 SYSTEMPATH/Boot.php(68): CodeIgniter\Boot::runCodeIgniter()
 7 FCPATH/index.php(31): CodeIgniter\Boot::bootWeb()
CRITICAL - 2026-07-22 11:21:44 --> CodeIgniter\HTTP\Exceptions\BadRequestException: The URI you submitted has disallowed characters: "राजनीति"
[Method: GET, Route: category/%E0%A4%B0%E0%A4%BE%E0%A4%9C%E0%A4%A8%E0%A5%80%E0%A4%A4%E0%A4%BF/page/2/]
in SYSTEMPATH/Router/Router.php on line 768.
 1 SYSTEMPATH/Router/Router.php(219): CodeIgniter\Router\Router->checkDisallowedChars()
 2 SYSTEMPATH/CodeIgniter.php(829): CodeIgniter\Router\Router->handle()
 3 SYSTEMPATH/CodeIgniter.php(441): CodeIgniter\CodeIgniter->tryToRouteIt()
 4 SYSTEMPATH/CodeIgniter.php(340): CodeIgniter\CodeIgniter->handleRequest()
 5 SYSTEMPATH/Boot.php(417): CodeIgniter\CodeIgniter->run()
 6 SYSTEMPATH/Boot.php(68): CodeIgniter\Boot::runCodeIgniter()
 7 FCPATH/index.php(31): CodeIgniter\Boot::bootWeb()
CRITICAL - 2026-07-22 11:21:46 --> CodeIgniter\HTTP\Exceptions\BadRequestException: The URI you submitted has disallowed characters: "राजनीति"
[Method: GET, Route: category/%E0%A4%B0%E0%A4%BE%E0%A4%9C%E0%A4%A8%E0%A5%80%E0%A4%A4%E0%A4%BF/page/2/]
in SYSTEMPATH/Router/Router.php on line 768.
 1 SYSTEMPATH/Router/Router.php(219): CodeIgniter\Router\Router->checkDisallowedChars()
 2 SYSTEMPATH/CodeIgniter.php(829): CodeIgniter\Router\Router->handle()
 3 SYSTEMPATH/CodeIgniter.php(441): CodeIgniter\CodeIgniter->tryToRouteIt()
 4 SYSTEMPATH/CodeIgniter.php(340): CodeIgniter\CodeIgniter->handleRequest()
 5 SYSTEMPATH/Boot.php(417): CodeIgniter\CodeIgniter->run()
 6 SYSTEMPATH/Boot.php(68): CodeIgniter\Boot::runCodeIgniter()
 7 FCPATH/index.php(31): CodeIgniter\Boot::bootWeb()
CRITICAL - 2026-07-22 11:21:50 --> CodeIgniter\HTTP\Exceptions\BadRequestException: The URI you submitted has disallowed characters: "राजनीति"
[Method: GET, Route: category/%E0%A4%B0%E0%A4%BE%E0%A4%9C%E0%A4%A8%E0%A5%80%E0%A4%A4%E0%A4%BF/page/3/]
in SYSTEMPATH/Router/Router.php on line 768.
 1 SYSTEMPATH/Router/Router.php(219): CodeIgniter\Router\Router->checkDisallowedChars()
 2 SYSTEMPATH/CodeIgniter.php(829): CodeIgniter\Router\Router->handle()
 3 SYSTEMPATH/CodeIgniter.php(441): CodeIgniter\CodeIgniter->tryToRouteIt()
 4 SYSTEMPATH/CodeIgniter.php(340): CodeIgniter\CodeIgniter->handleRequest()
 5 SYSTEMPATH/Boot.php(417): CodeIgniter\CodeIgniter->run()
 6 SYSTEMPATH/Boot.php(68): CodeIgniter\Boot::runCodeIgniter()
 7 FCPATH/index.php(31): CodeIgniter\Boot::bootWeb()
CRITICAL - 2026-07-22 11:21:52 --> CodeIgniter\HTTP\Exceptions\BadRequestException: The URI you submitted has disallowed characters: "राजनीति"
[Method: GET, Route: category/%E0%A4%B0%E0%A4%BE%E0%A4%9C%E0%A4%A8%E0%A5%80%E0%A4%A4%E0%A4%BF/page/3/]
in SYSTEMPATH/Router/Router.php on line 768.
 1 SYSTEMPATH/Router/Router.php(219): CodeIgniter\Router\Router->checkDisallowedChars()
 2 SYSTEMPATH/CodeIgniter.php(829): CodeIgniter\Router\Router->handle()
 3 SYSTEMPATH/CodeIgniter.php(441): CodeIgniter\CodeIgniter->tryToRouteIt()
 4 SYSTEMPATH/CodeIgniter.php(340): CodeIgniter\CodeIgniter->handleRequest()
 5 SYSTEMPATH/Boot.php(417): CodeIgniter\CodeIgniter->run()
 6 SYSTEMPATH/Boot.php(68): CodeIgniter\Boot::runCodeIgniter()
 7 FCPATH/index.php(31): CodeIgniter\Boot::bootWeb()
CRITICAL - 2026-07-22 11:21:55 --> CodeIgniter\HTTP\Exceptions\BadRequestException: The URI you submitted has disallowed characters: "राजनीति"
[Method: GET, Route: category/%E0%A4%B0%E0%A4%BE%E0%A4%9C%E0%A4%A8%E0%A5%80%E0%A4%A4%E0%A4%BF/page/4/]
in SYSTEMPATH/Router/Router.php on line 768.
 1 SYSTEMPATH/Router/Router.php(219): CodeIgniter\Router\Router->checkDisallowedChars()
 2 SYSTEMPATH/CodeIgniter.php(829): CodeIgniter\Router\Router->handle()
 3 SYSTEMPATH/CodeIgniter.php(441): CodeIgniter\CodeIgniter->tryToRouteIt()
 4 SYSTEMPATH/CodeIgniter.php(340): CodeIgniter\CodeIgniter->handleRequest()
 5 SYSTEMPATH/Boot.php(417): CodeIgniter\CodeIgniter->run()
 6 SYSTEMPATH/Boot.php(68): CodeIgniter\Boot::runCodeIgniter()
 7 FCPATH/index.php(31): CodeIgniter\Boot::bootWeb()
CRITICAL - 2026-07-22 11:21:57 --> CodeIgniter\HTTP\Exceptions\BadRequestException: The URI you submitted has disallowed characters: "राजनीति"
[Method: GET, Route: category/%E0%A4%B0%E0%A4%BE%E0%A4%9C%E0%A4%A8%E0%A5%80%E0%A4%A4%E0%A4%BF/page/4/]
in SYSTEMPATH/Router/Router.php on line 768.
 1 SYSTEMPATH/Router/Router.php(219): CodeIgniter\Router\Router->checkDisallowedChars()
 2 SYSTEMPATH/CodeIgniter.php(829): CodeIgniter\Router\Router->handle()
 3 SYSTEMPATH/CodeIgniter.php(441): CodeIgniter\CodeIgniter->tryToRouteIt()
 4 SYSTEMPATH/CodeIgniter.php(340): CodeIgniter\CodeIgniter->handleRequest()
 5 SYSTEMPATH/Boot.php(417): CodeIgniter\CodeIgniter->run()
 6 SYSTEMPATH/Boot.php(68): CodeIgniter\Boot::runCodeIgniter()
 7 FCPATH/index.php(31): CodeIgniter\Boot::bootWeb()
CRITICAL - 2026-07-22 11:22:01 --> CodeIgniter\HTTP\Exceptions\BadRequestException: The URI you submitted has disallowed characters: "राजनीति"
[Method: GET, Route: category/%E0%A4%B0%E0%A4%BE%E0%A4%9C%E0%A4%A8%E0%A5%80%E0%A4%A4%E0%A4%BF/page/5/]
in SYSTEMPATH/Router/Router.php on line 768.
 1 SYSTEMPATH/Router/Router.php(219): CodeIgniter\Router\Router->checkDisallowedChars()
 2 SYSTEMPATH/CodeIgniter.php(829): CodeIgniter\Router\Router->handle()
 3 SYSTEMPATH/CodeIgniter.php(441): CodeIgniter\CodeIgniter->tryToRouteIt()
 4 SYSTEMPATH/CodeIgniter.php(340): CodeIgniter\CodeIgniter->handleRequest()
 5 SYSTEMPATH/Boot.php(417): CodeIgniter\CodeIgniter->run()
 6 SYSTEMPATH/Boot.php(68): CodeIgniter\Boot::runCodeIgniter()
 7 FCPATH/index.php(31): CodeIgniter\Boot::bootWeb()
CRITICAL - 2026-07-22 11:22:03 --> CodeIgniter\HTTP\Exceptions\BadRequestException: The URI you submitted has disallowed characters: "राजनीति"
[Method: GET, Route: category/%E0%A4%B0%E0%A4%BE%E0%A4%9C%E0%A4%A8%E0%A5%80%E0%A4%A4%E0%A4%BF/page/5/]
in SYSTEMPATH/Router/Router.php on line 768.
 1 SYSTEMPATH/Router/Router.php(219): CodeIgniter\Router\Router->checkDisallowedChars()
 2 SYSTEMPATH/CodeIgniter.php(829): CodeIgniter\Router\Router->handle()
 3 SYSTEMPATH/CodeIgniter.php(441): CodeIgniter\CodeIgniter->tryToRouteIt()
 4 SYSTEMPATH/CodeIgniter.php(340): CodeIgniter\CodeIgniter->handleRequest()
 5 SYSTEMPATH/Boot.php(417): CodeIgniter\CodeIgniter->run()
 6 SYSTEMPATH/Boot.php(68): CodeIgniter\Boot::runCodeIgniter()
 7 FCPATH/index.php(31): CodeIgniter\Boot::bootWeb()
CRITICAL - 2026-07-22 11:22:06 --> CodeIgniter\HTTP\Exceptions\BadRequestException: The URI you submitted has disallowed characters: "राजनीति"
[Method: GET, Route: category/%E0%A4%B0%E0%A4%BE%E0%A4%9C%E0%A4%A8%E0%A5%80%E0%A4%A4%E0%A4%BF/page/6/]
in SYSTEMPATH/Router/Router.php on line 768.
 1 SYSTEMPATH/Router/Router.php(219): CodeIgniter\Router\Router->checkDisallowedChars()
 2 SYSTEMPATH/CodeIgniter.php(829): CodeIgniter\Router\Router->handle()
 3 SYSTEMPATH/CodeIgniter.php(441): CodeIgniter\CodeIgniter->tryToRouteIt()
 4 SYSTEMPATH/CodeIgniter.php(340): CodeIgniter\CodeIgniter->handleRequest()
 5 SYSTEMPATH/Boot.php(417): CodeIgniter\CodeIgniter->run()
 6 SYSTEMPATH/Boot.php(68): CodeIgniter\Boot::runCodeIgniter()
 7 FCPATH/index.php(31): CodeIgniter\Boot::bootWeb()
CRITICAL - 2026-07-22 11:22:08 --> CodeIgniter\HTTP\Exceptions\BadRequestException: The URI you submitted has disallowed characters: "राजनीति"
[Method: GET, Route: category/%E0%A4%B0%E0%A4%BE%E0%A4%9C%E0%A4%A8%E0%A5%80%E0%A4%A4%E0%A4%BF/page/6/]
in SYSTEMPATH/Router/Router.php on line 768.
 1 SYSTEMPATH/Router/Router.php(219): CodeIgniter\Router\Router->checkDisallowedChars()
 2 SYSTEMPATH/CodeIgniter.php(829): CodeIgniter\Router\Router->handle()
 3 SYSTEMPATH/CodeIgniter.php(441): CodeIgniter\CodeIgniter->tryToRouteIt()
 4 SYSTEMPATH/CodeIgniter.php(340): CodeIgniter\CodeIgniter->handleRequest()
 5 SYSTEMPATH/Boot.php(417): CodeIgniter\CodeIgniter->run()
 6 SYSTEMPATH/Boot.php(68): CodeIgniter\Boot::runCodeIgniter()
 7 FCPATH/index.php(31): CodeIgniter\Boot::bootWeb()
CRITICAL - 2026-07-22 11:22:12 --> CodeIgniter\HTTP\Exceptions\BadRequestException: The URI you submitted has disallowed characters: "राजनीति"
[Method: GET, Route: category/%E0%A4%B0%E0%A4%BE%E0%A4%9C%E0%A4%A8%E0%A5%80%E0%A4%A4%E0%A4%BF/page/7/]
in SYSTEMPATH/Router/Router.php on line 768.
 1 SYSTEMPATH/Router/Router.php(219): CodeIgniter\Router\Router->checkDisallowedChars()
 2 SYSTEMPATH/CodeIgniter.php(829): CodeIgniter\Router\Router->handle()
 3 SYSTEMPATH/CodeIgniter.php(441): CodeIgniter\CodeIgniter->tryToRouteIt()
 4 SYSTEMPATH/CodeIgniter.php(340): CodeIgniter\CodeIgniter->handleRequest()
 5 SYSTEMPATH/Boot.php(417): CodeIgniter\CodeIgniter->run()
 6 SYSTEMPATH/Boot.php(68): CodeIgniter\Boot::runCodeIgniter()
 7 FCPATH/index.php(31): CodeIgniter\Boot::bootWeb()
CRITICAL - 2026-07-22 11:22:13 --> CodeIgniter\HTTP\Exceptions\BadRequestException: The URI you submitted has disallowed characters: "राजनीति"
[Method: GET, Route: category/%E0%A4%B0%E0%A4%BE%E0%A4%9C%E0%A4%A8%E0%A5%80%E0%A4%A4%E0%A4%BF/page/7/]
in SYSTEMPATH/Router/Router.php on line 768.
 1 SYSTEMPATH/Router/Router.php(219): CodeIgniter\Router\Router->checkDisallowedChars()
 2 SYSTEMPATH/CodeIgniter.php(829): CodeIgniter\Router\Router->handle()
 3 SYSTEMPATH/CodeIgniter.php(441): CodeIgniter\CodeIgniter->tryToRouteIt()
 4 SYSTEMPATH/CodeIgniter.php(340): CodeIgniter\CodeIgniter->handleRequest()
 5 SYSTEMPATH/Boot.php(417): CodeIgniter\CodeIgniter->run()
 6 SYSTEMPATH/Boot.php(68): CodeIgniter\Boot::runCodeIgniter()
 7 FCPATH/index.php(31): CodeIgniter\Boot::bootWeb()
CRITICAL - 2026-07-22 11:22:17 --> CodeIgniter\HTTP\Exceptions\BadRequestException: The URI you submitted has disallowed characters: "राजनीति"
[Method: GET, Route: category/%E0%A4%B0%E0%A4%BE%E0%A4%9C%E0%A4%A8%E0%A5%80%E0%A4%A4%E0%A4%BF/page/8/]
in SYSTEMPATH/Router/Router.php on line 768.
 1 SYSTEMPATH/Router/Router.php(219): CodeIgniter\Router\Router->checkDisallowedChars()
 2 SYSTEMPATH/CodeIgniter.php(829): CodeIgniter\Router\Router->handle()
 3 SYSTEMPATH/CodeIgniter.php(441): CodeIgniter\CodeIgniter->tryToRouteIt()
 4 SYSTEMPATH/CodeIgniter.php(340): CodeIgniter\CodeIgniter->handleRequest()
 5 SYSTEMPATH/Boot.php(417): CodeIgniter\CodeIgniter->run()
 6 SYSTEMPATH/Boot.php(68): CodeIgniter\Boot::runCodeIgniter()
 7 FCPATH/index.php(31): CodeIgniter\Boot::bootWeb()
CRITICAL - 2026-07-22 11:22:19 --> CodeIgniter\HTTP\Exceptions\BadRequestException: The URI you submitted has disallowed characters: "राजनीति"
[Method: GET, Route: category/%E0%A4%B0%E0%A4%BE%E0%A4%9C%E0%A4%A8%E0%A5%80%E0%A4%A4%E0%A4%BF/page/8/]
in SYSTEMPATH/Router/Router.php on line 768.
 1 SYSTEMPATH/Router/Router.php(219): CodeIgniter\Router\Router->checkDisallowedChars()
 2 SYSTEMPATH/CodeIgniter.php(829): CodeIgniter\Router\Router->handle()
 3 SYSTEMPATH/CodeIgniter.php(441): CodeIgniter\CodeIgniter->tryToRouteIt()
 4 SYSTEMPATH/CodeIgniter.php(340): CodeIgniter\CodeIgniter->handleRequest()
 5 SYSTEMPATH/Boot.php(417): CodeIgniter\CodeIgniter->run()
 6 SYSTEMPATH/Boot.php(68): CodeIgniter\Boot::runCodeIgniter()
 7 FCPATH/index.php(31): CodeIgniter\Boot::bootWeb()
CRITICAL - 2026-07-22 11:22:23 --> CodeIgniter\HTTP\Exceptions\BadRequestException: The URI you submitted has disallowed characters: "राजनीति"
[Method: GET, Route: category/%E0%A4%B0%E0%A4%BE%E0%A4%9C%E0%A4%A8%E0%A5%80%E0%A4%A4%E0%A4%BF/page/9/]
in SYSTEMPATH/Router/Router.php on line 768.
 1 SYSTEMPATH/Router/Router.php(219): CodeIgniter\Router\Router->checkDisallowedChars()
 2 SYSTEMPATH/CodeIgniter.php(829): CodeIgniter\Router\Router->handle()
 3 SYSTEMPATH/CodeIgniter.php(441): CodeIgniter\CodeIgniter->tryToRouteIt()
 4 SYSTEMPATH/CodeIgniter.php(340): CodeIgniter\CodeIgniter->handleRequest()
 5 SYSTEMPATH/Boot.php(417): CodeIgniter\CodeIgniter->run()
 6 SYSTEMPATH/Boot.php(68): CodeIgniter\Boot::runCodeIgniter()
 7 FCPATH/index.php(31): CodeIgniter\Boot::bootWeb()
CRITICAL - 2026-07-22 11:22:24 --> CodeIgniter\HTTP\Exceptions\BadRequestException: The URI you submitted has disallowed characters: "राजनीति"
[Method: GET, Route: category/%E0%A4%B0%E0%A4%BE%E0%A4%9C%E0%A4%A8%E0%A5%80%E0%A4%A4%E0%A4%BF/page/9/]
in SYSTEMPATH/Router/Router.php on line 768.
 1 SYSTEMPATH/Router/Router.php(219): CodeIgniter\Router\Router->checkDisallowedChars()
 2 SYSTEMPATH/CodeIgniter.php(829): CodeIgniter\Router\Router->handle()
 3 SYSTEMPATH/CodeIgniter.php(441): CodeIgniter\CodeIgniter->tryToRouteIt()
 4 SYSTEMPATH/CodeIgniter.php(340): CodeIgniter\CodeIgniter->handleRequest()
 5 SYSTEMPATH/Boot.php(417): CodeIgniter\CodeIgniter->run()
 6 SYSTEMPATH/Boot.php(68): CodeIgniter\Boot::runCodeIgniter()
 7 FCPATH/index.php(31): CodeIgniter\Boot::bootWeb()
CRITICAL - 2026-07-22 13:41:21 --> CodeIgniter\HTTP\Exceptions\BadRequestException: The URI you submitted has disallowed characters: "इपेपर"
[Method: GET, Route: category/%E0%A4%87%E0%A4%AA%E0%A5%87%E0%A4%AA%E0%A4%B0/]
in SYSTEMPATH/Router/Router.php on line 768.
 1 SYSTEMPATH/Router/Router.php(219): CodeIgniter\Router\Router->checkDisallowedChars()
 2 SYSTEMPATH/CodeIgniter.php(829): CodeIgniter\Router\Router->handle()
 3 SYSTEMPATH/CodeIgniter.php(441): CodeIgniter\CodeIgniter->tryToRouteIt()
 4 SYSTEMPATH/CodeIgniter.php(340): CodeIgniter\CodeIgniter->handleRequest()
 5 SYSTEMPATH/Boot.php(417): CodeIgniter\CodeIgniter->run()
 6 SYSTEMPATH/Boot.php(68): CodeIgniter\Boot::runCodeIgniter()
 7 FCPATH/index.php(31): CodeIgniter\Boot::bootWeb()
CRITICAL - 2026-07-22 13:41:24 --> CodeIgniter\HTTP\Exceptions\BadRequestException: The URI you submitted has disallowed characters: "पत्रपत्रिका"
[Method: GET, Route: category/%E0%A4%AA%E0%A4%A4%E0%A5%8D%E0%A4%B0%E0%A4%AA%E0%A4%A4%E0%A5%8D%E0%A4%B0%E0%A4%BF%E0%A4%95%E0%A4%BE/]
in SYSTEMPATH/Router/Router.php on line 768.
 1 SYSTEMPATH/Router/Router.php(219): CodeIgniter\Router\Router->checkDisallowedChars()
 2 SYSTEMPATH/CodeIgniter.php(829): CodeIgniter\Router\Router->handle()
 3 SYSTEMPATH/CodeIgniter.php(441): CodeIgniter\CodeIgniter->tryToRouteIt()
 4 SYSTEMPATH/CodeIgniter.php(340): CodeIgniter\CodeIgniter->handleRequest()
 5 SYSTEMPATH/Boot.php(417): CodeIgniter\CodeIgniter->run()
 6 SYSTEMPATH/Boot.php(68): CodeIgniter\Boot::runCodeIgniter()
 7 FCPATH/index.php(31): CodeIgniter\Boot::bootWeb()
CRITICAL - 2026-07-22 13:41:27 --> CodeIgniter\HTTP\Exceptions\BadRequestException: The URI you submitted has disallowed characters: "प्रदेश-१"
[Method: GET, Route: category/%E0%A4%AA%E0%A5%8D%E0%A4%B0%E0%A4%A6%E0%A5%87%E0%A4%B6-%E0%A5%A7/]
in SYSTEMPATH/Router/Router.php on line 768.
 1 SYSTEMPATH/Router/Router.php(219): CodeIgniter\Router\Router->checkDisallowedChars()
 2 SYSTEMPATH/CodeIgniter.php(829): CodeIgniter\Router\Router->handle()
 3 SYSTEMPATH/CodeIgniter.php(441): CodeIgniter\CodeIgniter->tryToRouteIt()
 4 SYSTEMPATH/CodeIgniter.php(340): CodeIgniter\CodeIgniter->handleRequest()
 5 SYSTEMPATH/Boot.php(417): CodeIgniter\CodeIgniter->run()
 6 SYSTEMPATH/Boot.php(68): CodeIgniter\Boot::runCodeIgniter()
 7 FCPATH/index.php(31): CodeIgniter\Boot::bootWeb()
CRITICAL - 2026-07-22 13:41:30 --> CodeIgniter\HTTP\Exceptions\BadRequestException: The URI you submitted has disallowed characters: "प्रदेश-२"
[Method: GET, Route: category/%E0%A4%AA%E0%A5%8D%E0%A4%B0%E0%A4%A6%E0%A5%87%E0%A4%B6-%E0%A5%A8/]
in SYSTEMPATH/Router/Router.php on line 768.
 1 SYSTEMPATH/Router/Router.php(219): CodeIgniter\Router\Router->checkDisallowedChars()
 2 SYSTEMPATH/CodeIgniter.php(829): CodeIgniter\Router\Router->handle()
 3 SYSTEMPATH/CodeIgniter.php(441): CodeIgniter\CodeIgniter->tryToRouteIt()
 4 SYSTEMPATH/CodeIgniter.php(340): CodeIgniter\CodeIgniter->handleRequest()
 5 SYSTEMPATH/Boot.php(417): CodeIgniter\CodeIgniter->run()
 6 SYSTEMPATH/Boot.php(68): CodeIgniter\Boot::runCodeIgniter()
 7 FCPATH/index.php(31): CodeIgniter\Boot::bootWeb()
CRITICAL - 2026-07-22 13:41:34 --> CodeIgniter\HTTP\Exceptions\BadRequestException: The URI you submitted has disallowed characters: "प्रदेश-३"
[Method: GET, Route: category/%E0%A4%AA%E0%A5%8D%E0%A4%B0%E0%A4%A6%E0%A5%87%E0%A4%B6-%E0%A5%A9/]
in SYSTEMPATH/Router/Router.php on line 768.
 1 SYSTEMPATH/Router/Router.php(219): CodeIgniter\Router\Router->checkDisallowedChars()
 2 SYSTEMPATH/CodeIgniter.php(829): CodeIgniter\Router\Router->handle()
 3 SYSTEMPATH/CodeIgniter.php(441): CodeIgniter\CodeIgniter->tryToRouteIt()
 4 SYSTEMPATH/CodeIgniter.php(340): CodeIgniter\CodeIgniter->handleRequest()
 5 SYSTEMPATH/Boot.php(417): CodeIgniter\CodeIgniter->run()
 6 SYSTEMPATH/Boot.php(68): CodeIgniter\Boot::runCodeIgniter()
 7 FCPATH/index.php(31): CodeIgniter\Boot::bootWeb()
CRITICAL - 2026-07-22 13:41:37 --> CodeIgniter\HTTP\Exceptions\BadRequestException: The URI you submitted has disallowed characters: "प्रदेश-४"
[Method: GET, Route: category/%E0%A4%AA%E0%A5%8D%E0%A4%B0%E0%A4%A6%E0%A5%87%E0%A4%B6-%E0%A5%AA/]
in SYSTEMPATH/Router/Router.php on line 768.
 1 SYSTEMPATH/Router/Router.php(219): CodeIgniter\Router\Router->checkDisallowedChars()
 2 SYSTEMPATH/CodeIgniter.php(829): CodeIgniter\Router\Router->handle()
 3 SYSTEMPATH/CodeIgniter.php(441): CodeIgniter\CodeIgniter->tryToRouteIt()
 4 SYSTEMPATH/CodeIgniter.php(340): CodeIgniter\CodeIgniter->handleRequest()
 5 SYSTEMPATH/Boot.php(417): CodeIgniter\CodeIgniter->run()
 6 SYSTEMPATH/Boot.php(68): CodeIgniter\Boot::runCodeIgniter()
 7 FCPATH/index.php(31): CodeIgniter\Boot::bootWeb()
CRITICAL - 2026-07-22 13:41:40 --> CodeIgniter\HTTP\Exceptions\BadRequestException: The URI you submitted has disallowed characters: "प्रदेश-५"
[Method: GET, Route: category/%E0%A4%AA%E0%A5%8D%E0%A4%B0%E0%A4%A6%E0%A5%87%E0%A4%B6-%E0%A5%AB/]
in SYSTEMPATH/Router/Router.php on line 768.
 1 SYSTEMPATH/Router/Router.php(219): CodeIgniter\Router\Router->checkDisallowedChars()
 2 SYSTEMPATH/CodeIgniter.php(829): CodeIgniter\Router\Router->handle()
 3 SYSTEMPATH/CodeIgniter.php(441): CodeIgniter\CodeIgniter->tryToRouteIt()
 4 SYSTEMPATH/CodeIgniter.php(340): CodeIgniter\CodeIgniter->handleRequest()
 5 SYSTEMPATH/Boot.php(417): CodeIgniter\CodeIgniter->run()
 6 SYSTEMPATH/Boot.php(68): CodeIgniter\Boot::runCodeIgniter()
 7 FCPATH/index.php(31): CodeIgniter\Boot::bootWeb()
CRITICAL - 2026-07-22 13:41:43 --> CodeIgniter\HTTP\Exceptions\BadRequestException: The URI you submitted has disallowed characters: "प्रदेश-६"
[Method: GET, Route: category/%E0%A4%AA%E0%A5%8D%E0%A4%B0%E0%A4%A6%E0%A5%87%E0%A4%B6-%E0%A5%AC/]
in SYSTEMPATH/Router/Router.php on line 768.
 1 SYSTEMPATH/Router/Router.php(219): CodeIgniter\Router\Router->checkDisallowedChars()
 2 SYSTEMPATH/CodeIgniter.php(829): CodeIgniter\Router\Router->handle()
 3 SYSTEMPATH/CodeIgniter.php(441): CodeIgniter\CodeIgniter->tryToRouteIt()
 4 SYSTEMPATH/CodeIgniter.php(340): CodeIgniter\CodeIgniter->handleRequest()
 5 SYSTEMPATH/Boot.php(417): CodeIgniter\CodeIgniter->run()
 6 SYSTEMPATH/Boot.php(68): CodeIgniter\Boot::runCodeIgniter()
 7 FCPATH/index.php(31): CodeIgniter\Boot::bootWeb()
CRITICAL - 2026-07-22 13:41:47 --> CodeIgniter\HTTP\Exceptions\BadRequestException: The URI you submitted has disallowed characters: "प्रदेश-७"
[Method: GET, Route: category/%E0%A4%AA%E0%A5%8D%E0%A4%B0%E0%A4%A6%E0%A5%87%E0%A4%B6-%E0%A5%AD/]
in SYSTEMPATH/Router/Router.php on line 768.
 1 SYSTEMPATH/Router/Router.php(219): CodeIgniter\Router\Router->checkDisallowedChars()
 2 SYSTEMPATH/CodeIgniter.php(829): CodeIgniter\Router\Router->handle()
 3 SYSTEMPATH/CodeIgniter.php(441): CodeIgniter\CodeIgniter->tryToRouteIt()
 4 SYSTEMPATH/CodeIgniter.php(340): CodeIgniter\CodeIgniter->handleRequest()
 5 SYSTEMPATH/Boot.php(417): CodeIgniter\CodeIgniter->run()
 6 SYSTEMPATH/Boot.php(68): CodeIgniter\Boot::runCodeIgniter()
 7 FCPATH/index.php(31): CodeIgniter\Boot::bootWeb()
CRITICAL - 2026-07-22 13:41:50 --> CodeIgniter\HTTP\Exceptions\BadRequestException: The URI you submitted has disallowed characters: "प्रमुख-समाचार"
[Method: GET, Route: category/%E0%A4%AA%E0%A5%8D%E0%A4%B0%E0%A4%AE%E0%A5%81%E0%A4%96-%E0%A4%B8%E0%A4%AE%E0%A4%BE%E0%A4%9A%E0%A4%BE%E0%A4%B0/]
in SYSTEMPATH/Router/Router.php on line 768.
 1 SYSTEMPATH/Router/Router.php(219): CodeIgniter\Router\Router->checkDisallowedChars()
 2 SYSTEMPATH/CodeIgniter.php(829): CodeIgniter\Router\Router->handle()
 3 SYSTEMPATH/CodeIgniter.php(441): CodeIgniter\CodeIgniter->tryToRouteIt()
 4 SYSTEMPATH/CodeIgniter.php(340): CodeIgniter\CodeIgniter->handleRequest()
 5 SYSTEMPATH/Boot.php(417): CodeIgniter\CodeIgniter->run()
 6 SYSTEMPATH/Boot.php(68): CodeIgniter\Boot::runCodeIgniter()
 7 FCPATH/index.php(31): CodeIgniter\Boot::bootWeb()
CRITICAL - 2026-07-22 13:41:53 --> CodeIgniter\HTTP\Exceptions\BadRequestException: The URI you submitted has disallowed characters: "मनोरञ्जन"
[Method: GET, Route: category/%E0%A4%AE%E0%A4%A8%E0%A5%8B%E0%A4%B0%E0%A4%9E%E0%A5%8D%E0%A4%9C%E0%A4%A8/]
in SYSTEMPATH/Router/Router.php on line 768.
 1 SYSTEMPATH/Router/Router.php(219): CodeIgniter\Router\Router->checkDisallowedChars()
 2 SYSTEMPATH/CodeIgniter.php(829): CodeIgniter\Router\Router->handle()
 3 SYSTEMPATH/CodeIgniter.php(441): CodeIgniter\CodeIgniter->tryToRouteIt()
 4 SYSTEMPATH/CodeIgniter.php(340): CodeIgniter\CodeIgniter->handleRequest()
 5 SYSTEMPATH/Boot.php(417): CodeIgniter\CodeIgniter->run()
 6 SYSTEMPATH/Boot.php(68): CodeIgniter\Boot::runCodeIgniter()
 7 FCPATH/index.php(31): CodeIgniter\Boot::bootWeb()
CRITICAL - 2026-07-22 13:41:56 --> CodeIgniter\HTTP\Exceptions\BadRequestException: The URI you submitted has disallowed characters: "राजनीति"
[Method: GET, Route: category/%E0%A4%B0%E0%A4%BE%E0%A4%9C%E0%A4%A8%E0%A5%80%E0%A4%A4%E0%A4%BF/]
in SYSTEMPATH/Router/Router.php on line 768.
 1 SYSTEMPATH/Router/Router.php(219): CodeIgniter\Router\Router->checkDisallowedChars()
 2 SYSTEMPATH/CodeIgniter.php(829): CodeIgniter\Router\Router->handle()
 3 SYSTEMPATH/CodeIgniter.php(441): CodeIgniter\CodeIgniter->tryToRouteIt()
 4 SYSTEMPATH/CodeIgniter.php(340): CodeIgniter\CodeIgniter->handleRequest()
 5 SYSTEMPATH/Boot.php(417): CodeIgniter\CodeIgniter->run()
 6 SYSTEMPATH/Boot.php(68): CodeIgniter\Boot::runCodeIgniter()
 7 FCPATH/index.php(31): CodeIgniter\Boot::bootWeb()
CRITICAL - 2026-07-22 14:31:21 --> CodeIgniter\HTTP\Exceptions\BadRequestException: The URI you submitted has disallowed characters: "धनुषामा-प्रहरी-हिरासतबाट-भागेका-६-मध्ये-३-जना-पक्राउ.jpg"
[Method: GET, Route: wp-content/uploads/2023/02/%E0%A4%A7%E0%A4%A8%E0%A5%81%E0%A4%B7%E0%A4%BE%E0%A4%AE%E0%A4%BE-%E0%A4%AA%E0%A5%8D%E0%A4%B0%E0%A4%B9%E0%A4%B0%E0%A5%80-%E0%A4%B9%E0%A4%BF%E0%A4%B0%E0%A4%BE%E0%A4%B8%E0%A4%A4%E0%A4%AC%E0%A4%BE%E0%A4%9F-%E0%A4%AD%E0%A4%BE%E0%A4%97%E0%A5%87%E0%A4%95%E0%A4%BE-%E0%A5%AC-%E0%A4%AE%E0%A4%A7%E0%A5%8D%E0%A4%AF%E0%A5%87-%E0%A5%A9-%E0%A4%9C%E0%A4%A8%E0%A4%BE-%E0%A4%AA%E0%A4%95%E0%A5%8D%E0%A4%B0%E0%A4%BE%E0%A4%89.jpg]
in SYSTEMPATH/Router/Router.php on line 768.
 1 SYSTEMPATH/Router/Router.php(219): CodeIgniter\Router\Router->checkDisallowedChars()
 2 SYSTEMPATH/CodeIgniter.php(829): CodeIgniter\Router\Router->handle()
 3 SYSTEMPATH/CodeIgniter.php(441): CodeIgniter\CodeIgniter->tryToRouteIt()
 4 SYSTEMPATH/CodeIgniter.php(340): CodeIgniter\CodeIgniter->handleRequest()
 5 SYSTEMPATH/Boot.php(417): CodeIgniter\CodeIgniter->run()
 6 SYSTEMPATH/Boot.php(68): CodeIgniter\Boot::runCodeIgniter()
 7 FCPATH/index.php(31): CodeIgniter\Boot::bootWeb()
CRITICAL - 2026-07-22 14:33:48 --> CodeIgniter\HTTP\Exceptions\BadRequestException: The URI you submitted has disallowed characters: "प्रदेश-७"
[Method: GET, Route: category/%E0%A4%AA%E0%A5%8D%E0%A4%B0%E0%A4%A6%E0%A5%87%E0%A4%B6-%E0%A5%AD/]
in SYSTEMPATH/Router/Router.php on line 768.
 1 SYSTEMPATH/Router/Router.php(219): CodeIgniter\Router\Router->checkDisallowedChars()
 2 SYSTEMPATH/CodeIgniter.php(829): CodeIgniter\Router\Router->handle()
 3 SYSTEMPATH/CodeIgniter.php(441): CodeIgniter\CodeIgniter->tryToRouteIt()
 4 SYSTEMPATH/CodeIgniter.php(340): CodeIgniter\CodeIgniter->handleRequest()
 5 SYSTEMPATH/Boot.php(417): CodeIgniter\CodeIgniter->run()
 6 SYSTEMPATH/Boot.php(68): CodeIgniter\Boot::runCodeIgniter()
 7 FCPATH/index.php(31): CodeIgniter\Boot::bootWeb()
CRITICAL - 2026-07-22 14:33:49 --> CodeIgniter\HTTP\Exceptions\BadRequestException: The URI you submitted has disallowed characters: "प्रदेश-७"
[Method: GET, Route: category/%E0%A4%AA%E0%A5%8D%E0%A4%B0%E0%A4%A6%E0%A5%87%E0%A4%B6-%E0%A5%AD/]
in SYSTEMPATH/Router/Router.php on line 768.
 1 SYSTEMPATH/Router/Router.php(219): CodeIgniter\Router\Router->checkDisallowedChars()
 2 SYSTEMPATH/CodeIgniter.php(829): CodeIgniter\Router\Router->handle()
 3 SYSTEMPATH/CodeIgniter.php(441): CodeIgniter\CodeIgniter->tryToRouteIt()
 4 SYSTEMPATH/CodeIgniter.php(340): CodeIgniter\CodeIgniter->handleRequest()
 5 SYSTEMPATH/Boot.php(417): CodeIgniter\CodeIgniter->run()
 6 SYSTEMPATH/Boot.php(68): CodeIgniter\Boot::runCodeIgniter()
 7 FCPATH/index.php(31): CodeIgniter\Boot::bootWeb()
CRITICAL - 2026-07-22 14:35:48 --> CodeIgniter\HTTP\Exceptions\BadRequestException: The URI you submitted has disallowed characters: "छ"
[Method: GET, Route: tag/%E0%A4%9B/]
in SYSTEMPATH/Router/Router.php on line 768.
 1 SYSTEMPATH/Router/Router.php(219): CodeIgniter\Router\Router->checkDisallowedChars()
 2 SYSTEMPATH/CodeIgniter.php(829): CodeIgniter\Router\Router->handle()
 3 SYSTEMPATH/CodeIgniter.php(441): CodeIgniter\CodeIgniter->tryToRouteIt()
 4 SYSTEMPATH/CodeIgniter.php(340): CodeIgniter\CodeIgniter->handleRequest()
 5 SYSTEMPATH/Boot.php(417): CodeIgniter\CodeIgniter->run()
 6 SYSTEMPATH/Boot.php(68): CodeIgniter\Boot::runCodeIgniter()
 7 FCPATH/index.php(31): CodeIgniter\Boot::bootWeb()
CRITICAL - 2026-07-22 14:57:04 --> CodeIgniter\HTTP\Exceptions\BadRequestException: The URI you submitted has disallowed characters: "मनोरञ्जन"
[Method: GET, Route: category/%E0%A4%AE%E0%A4%A8%E0%A5%8B%E0%A4%B0%E0%A4%9E%E0%A5%8D%E0%A4%9C%E0%A4%A8/page/2/]
in SYSTEMPATH/Router/Router.php on line 768.
 1 SYSTEMPATH/Router/Router.php(219): CodeIgniter\Router\Router->checkDisallowedChars()
 2 SYSTEMPATH/CodeIgniter.php(829): CodeIgniter\Router\Router->handle()
 3 SYSTEMPATH/CodeIgniter.php(441): CodeIgniter\CodeIgniter->tryToRouteIt()
 4 SYSTEMPATH/CodeIgniter.php(340): CodeIgniter\CodeIgniter->handleRequest()
 5 SYSTEMPATH/Boot.php(417): CodeIgniter\CodeIgniter->run()
 6 SYSTEMPATH/Boot.php(68): CodeIgniter\Boot::runCodeIgniter()
 7 FCPATH/index.php(31): CodeIgniter\Boot::bootWeb()
CRITICAL - 2026-07-22 14:57:10 --> CodeIgniter\HTTP\Exceptions\BadRequestException: The URI you submitted has disallowed characters: "समाचार"
[Method: GET, Route: 3714/2021/12/%E0%A4%B8%E0%A4%AE%E0%A4%BE%E0%A4%9A%E0%A4%BE%E0%A4%B0/feed/]
in SYSTEMPATH/Router/Router.php on line 768.
 1 SYSTEMPATH/Router/Router.php(219): CodeIgniter\Router\Router->checkDisallowedChars()
 2 SYSTEMPATH/CodeIgniter.php(829): CodeIgniter\Router\Router->handle()
 3 SYSTEMPATH/CodeIgniter.php(441): CodeIgniter\CodeIgniter->tryToRouteIt()
 4 SYSTEMPATH/CodeIgniter.php(340): CodeIgniter\CodeIgniter->handleRequest()
 5 SYSTEMPATH/Boot.php(417): CodeIgniter\CodeIgniter->run()
 6 SYSTEMPATH/Boot.php(68): CodeIgniter\Boot::runCodeIgniter()
 7 FCPATH/index.php(31): CodeIgniter\Boot::bootWeb()
CRITICAL - 2026-07-22 14:57:17 --> CodeIgniter\HTTP\Exceptions\BadRequestException: The URI you submitted has disallowed characters: "समाचार"
[Method: GET, Route: 2711/2021/11/%E0%A4%B8%E0%A4%AE%E0%A4%BE%E0%A4%9A%E0%A4%BE%E0%A4%B0/feed/]
in SYSTEMPATH/Router/Router.php on line 768.
 1 SYSTEMPATH/Router/Router.php(219): CodeIgniter\Router\Router->checkDisallowedChars()
 2 SYSTEMPATH/CodeIgniter.php(829): CodeIgniter\Router\Router->handle()
 3 SYSTEMPATH/CodeIgniter.php(441): CodeIgniter\CodeIgniter->tryToRouteIt()
 4 SYSTEMPATH/CodeIgniter.php(340): CodeIgniter\CodeIgniter->handleRequest()
 5 SYSTEMPATH/Boot.php(417): CodeIgniter\CodeIgniter->run()
 6 SYSTEMPATH/Boot.php(68): CodeIgniter\Boot::runCodeIgniter()
 7 FCPATH/index.php(31): CodeIgniter\Boot::bootWeb()
CRITICAL - 2026-07-22 15:01:14 --> CodeIgniter\HTTP\Exceptions\BadRequestException: The URI you submitted has disallowed characters: "विश्व"
[Method: GET, Route: 3919/2021/12/%E0%A4%B5%E0%A4%BF%E0%A4%B6%E0%A5%8D%E0%A4%B5/feed/]
in SYSTEMPATH/Router/Router.php on line 768.
 1 SYSTEMPATH/Router/Router.php(219): CodeIgniter\Router\Router->checkDisallowedChars()
 2 SYSTEMPATH/CodeIgniter.php(829): CodeIgniter\Router\Router->handle()
 3 SYSTEMPATH/CodeIgniter.php(441): CodeIgniter\CodeIgniter->tryToRouteIt()
 4 SYSTEMPATH/CodeIgniter.php(340): CodeIgniter\CodeIgniter->handleRequest()
 5 SYSTEMPATH/Boot.php(417): CodeIgniter\CodeIgniter->run()
 6 SYSTEMPATH/Boot.php(68): CodeIgniter\Boot::runCodeIgniter()
 7 FCPATH/index.php(31): CodeIgniter\Boot::bootWeb()
CRITICAL - 2026-07-22 15:01:27 --> CodeIgniter\HTTP\Exceptions\BadRequestException: The URI you submitted has disallowed characters: "मनोरञ्जन"
[Method: GET, Route: 2940/2021/11/%E0%A4%AE%E0%A4%A8%E0%A5%8B%E0%A4%B0%E0%A4%9E%E0%A5%8D%E0%A4%9C%E0%A4%A8/feed/]
in SYSTEMPATH/Router/Router.php on line 768.
 1 SYSTEMPATH/Router/Router.php(219): CodeIgniter\Router\Router->checkDisallowedChars()
 2 SYSTEMPATH/CodeIgniter.php(829): CodeIgniter\Router\Router->handle()
 3 SYSTEMPATH/CodeIgniter.php(441): CodeIgniter\CodeIgniter->tryToRouteIt()
 4 SYSTEMPATH/CodeIgniter.php(340): CodeIgniter\CodeIgniter->handleRequest()
 5 SYSTEMPATH/Boot.php(417): CodeIgniter\CodeIgniter->run()
 6 SYSTEMPATH/Boot.php(68): CodeIgniter\Boot::runCodeIgniter()
 7 FCPATH/index.php(31): CodeIgniter\Boot::bootWeb()
CRITICAL - 2026-07-22 15:01:31 --> CodeIgniter\HTTP\Exceptions\BadRequestException: The URI you submitted has disallowed characters: "समाचार"
[Method: GET, Route: 3581/2021/12/%E0%A4%B8%E0%A4%AE%E0%A4%BE%E0%A4%9A%E0%A4%BE%E0%A4%B0/feed/]
in SYSTEMPATH/Router/Router.php on line 768.
 1 SYSTEMPATH/Router/Router.php(219): CodeIgniter\Router\Router->checkDisallowedChars()
 2 SYSTEMPATH/CodeIgniter.php(829): CodeIgniter\Router\Router->handle()
 3 SYSTEMPATH/CodeIgniter.php(441): CodeIgniter\CodeIgniter->tryToRouteIt()
 4 SYSTEMPATH/CodeIgniter.php(340): CodeIgniter\CodeIgniter->handleRequest()
 5 SYSTEMPATH/Boot.php(417): CodeIgniter\CodeIgniter->run()
 6 SYSTEMPATH/Boot.php(68): CodeIgniter\Boot::runCodeIgniter()
 7 FCPATH/index.php(31): CodeIgniter\Boot::bootWeb()
CRITICAL - 2026-07-22 15:01:45 --> CodeIgniter\HTTP\Exceptions\BadRequestException: The URI you submitted has disallowed characters: "विश्व"
[Method: GET, Route: 3884/2021/12/%E0%A4%B5%E0%A4%BF%E0%A4%B6%E0%A5%8D%E0%A4%B5/feed/]
in SYSTEMPATH/Router/Router.php on line 768.
 1 SYSTEMPATH/Router/Router.php(219): CodeIgniter\Router\Router->checkDisallowedChars()
 2 SYSTEMPATH/CodeIgniter.php(829): CodeIgniter\Router\Router->handle()
 3 SYSTEMPATH/CodeIgniter.php(441): CodeIgniter\CodeIgniter->tryToRouteIt()
 4 SYSTEMPATH/CodeIgniter.php(340): CodeIgniter\CodeIgniter->handleRequest()
 5 SYSTEMPATH/Boot.php(417): CodeIgniter\CodeIgniter->run()
 6 SYSTEMPATH/Boot.php(68): CodeIgniter\Boot::runCodeIgniter()
 7 FCPATH/index.php(31): CodeIgniter\Boot::bootWeb()
CRITICAL - 2026-07-22 15:02:43 --> CodeIgniter\HTTP\Exceptions\BadRequestException: The URI you submitted has disallowed characters: "खेलकुद"
[Method: GET, Route: 3776/2021/12/%E0%A4%96%E0%A5%87%E0%A4%B2%E0%A4%95%E0%A5%81%E0%A4%A6/feed/]
in SYSTEMPATH/Router/Router.php on line 768.
 1 SYSTEMPATH/Router/Router.php(219): CodeIgniter\Router\Router->checkDisallowedChars()
 2 SYSTEMPATH/CodeIgniter.php(829): CodeIgniter\Router\Router->handle()
 3 SYSTEMPATH/CodeIgniter.php(441): CodeIgniter\CodeIgniter->tryToRouteIt()
 4 SYSTEMPATH/CodeIgniter.php(340): CodeIgniter\CodeIgniter->handleRequest()
 5 SYSTEMPATH/Boot.php(417): CodeIgniter\CodeIgniter->run()
 6 SYSTEMPATH/Boot.php(68): CodeIgniter\Boot::runCodeIgniter()
 7 FCPATH/index.php(31): CodeIgniter\Boot::bootWeb()
CRITICAL - 2026-07-22 15:03:40 --> CodeIgniter\HTTP\Exceptions\BadRequestException: The URI you submitted has disallowed characters: "स्वास्थ्य"
[Method: GET, Route: 1570/2021/11/%E0%A4%B8%E0%A5%8D%E0%A4%B5%E0%A4%BE%E0%A4%B8%E0%A5%8D%E0%A4%A5%E0%A5%8D%E0%A4%AF/feed/]
in SYSTEMPATH/Router/Router.php on line 768.
 1 SYSTEMPATH/Router/Router.php(219): CodeIgniter\Router\Router->checkDisallowedChars()
 2 SYSTEMPATH/CodeIgniter.php(829): CodeIgniter\Router\Router->handle()
 3 SYSTEMPATH/CodeIgniter.php(441): CodeIgniter\CodeIgniter->tryToRouteIt()
 4 SYSTEMPATH/CodeIgniter.php(340): CodeIgniter\CodeIgniter->handleRequest()
 5 SYSTEMPATH/Boot.php(417): CodeIgniter\CodeIgniter->run()
 6 SYSTEMPATH/Boot.php(68): CodeIgniter\Boot::runCodeIgniter()
 7 FCPATH/index.php(31): CodeIgniter\Boot::bootWeb()
CRITICAL - 2026-07-22 15:04:23 --> CodeIgniter\HTTP\Exceptions\BadRequestException: The URI you submitted has disallowed characters: "राजनीति"
[Method: GET, Route: 3878/2021/12/%E0%A4%B0%E0%A4%BE%E0%A4%9C%E0%A4%A8%E0%A5%80%E0%A4%A4%E0%A4%BF/feed/]
in SYSTEMPATH/Router/Router.php on line 768.
 1 SYSTEMPATH/Router/Router.php(219): CodeIgniter\Router\Router->checkDisallowedChars()
 2 SYSTEMPATH/CodeIgniter.php(829): CodeIgniter\Router\Router->handle()
 3 SYSTEMPATH/CodeIgniter.php(441): CodeIgniter\CodeIgniter->tryToRouteIt()
 4 SYSTEMPATH/CodeIgniter.php(340): CodeIgniter\CodeIgniter->handleRequest()
 5 SYSTEMPATH/Boot.php(417): CodeIgniter\CodeIgniter->run()
 6 SYSTEMPATH/Boot.php(68): CodeIgniter\Boot::runCodeIgniter()
 7 FCPATH/index.php(31): CodeIgniter\Boot::bootWeb()
CRITICAL - 2026-07-22 15:05:07 --> CodeIgniter\HTTP\Exceptions\BadRequestException: The URI you submitted has disallowed characters: "स्वास्थ्य"
[Method: GET, Route: 477/2021/10/%E0%A4%B8%E0%A5%8D%E0%A4%B5%E0%A4%BE%E0%A4%B8%E0%A5%8D%E0%A4%A5%E0%A5%8D%E0%A4%AF/feed/]
in SYSTEMPATH/Router/Router.php on line 768.
 1 SYSTEMPATH/Router/Router.php(219): CodeIgniter\Router\Router->checkDisallowedChars()
 2 SYSTEMPATH/CodeIgniter.php(829): CodeIgniter\Router\Router->handle()
 3 SYSTEMPATH/CodeIgniter.php(441): CodeIgniter\CodeIgniter->tryToRouteIt()
 4 SYSTEMPATH/CodeIgniter.php(340): CodeIgniter\CodeIgniter->handleRequest()
 5 SYSTEMPATH/Boot.php(417): CodeIgniter\CodeIgniter->run()
 6 SYSTEMPATH/Boot.php(68): CodeIgniter\Boot::runCodeIgniter()
 7 FCPATH/index.php(31): CodeIgniter\Boot::bootWeb()
CRITICAL - 2026-07-22 15:05:21 --> CodeIgniter\HTTP\Exceptions\BadRequestException: The URI you submitted has disallowed characters: "समाचार"
[Method: GET, Route: category/%E0%A4%B8%E0%A4%AE%E0%A4%BE%E0%A4%9A%E0%A4%BE%E0%A4%B0/feed/]
in SYSTEMPATH/Router/Router.php on line 768.
 1 SYSTEMPATH/Router/Router.php(219): CodeIgniter\Router\Router->checkDisallowedChars()
 2 SYSTEMPATH/CodeIgniter.php(829): CodeIgniter\Router\Router->handle()
 3 SYSTEMPATH/CodeIgniter.php(441): CodeIgniter\CodeIgniter->tryToRouteIt()
 4 SYSTEMPATH/CodeIgniter.php(340): CodeIgniter\CodeIgniter->handleRequest()
 5 SYSTEMPATH/Boot.php(417): CodeIgniter\CodeIgniter->run()
 6 SYSTEMPATH/Boot.php(68): CodeIgniter\Boot::runCodeIgniter()
 7 FCPATH/index.php(31): CodeIgniter\Boot::bootWeb()
CRITICAL - 2026-07-22 15:06:40 --> CodeIgniter\HTTP\Exceptions\BadRequestException: The URI you submitted has disallowed characters: "विश्व"
[Method: GET, Route: 4270/2021/12/%E0%A4%B5%E0%A4%BF%E0%A4%B6%E0%A5%8D%E0%A4%B5/feed/]
in SYSTEMPATH/Router/Router.php on line 768.
 1 SYSTEMPATH/Router/Router.php(219): CodeIgniter\Router\Router->checkDisallowedChars()
 2 SYSTEMPATH/CodeIgniter.php(829): CodeIgniter\Router\Router->handle()
 3 SYSTEMPATH/CodeIgniter.php(441): CodeIgniter\CodeIgniter->tryToRouteIt()
 4 SYSTEMPATH/CodeIgniter.php(340): CodeIgniter\CodeIgniter->handleRequest()
 5 SYSTEMPATH/Boot.php(417): CodeIgniter\CodeIgniter->run()
 6 SYSTEMPATH/Boot.php(68): CodeIgniter\Boot::runCodeIgniter()
 7 FCPATH/index.php(31): CodeIgniter\Boot::bootWeb()
CRITICAL - 2026-07-22 15:08:21 --> CodeIgniter\HTTP\Exceptions\BadRequestException: The URI you submitted has disallowed characters: "राजनीति"
[Method: GET, Route: 3864/2021/12/%E0%A4%B0%E0%A4%BE%E0%A4%9C%E0%A4%A8%E0%A5%80%E0%A4%A4%E0%A4%BF/feed/]
in SYSTEMPATH/Router/Router.php on line 768.
 1 SYSTEMPATH/Router/Router.php(219): CodeIgniter\Router\Router->checkDisallowedChars()
 2 SYSTEMPATH/CodeIgniter.php(829): CodeIgniter\Router\Router->handle()
 3 SYSTEMPATH/CodeIgniter.php(441): CodeIgniter\CodeIgniter->tryToRouteIt()
 4 SYSTEMPATH/CodeIgniter.php(340): CodeIgniter\CodeIgniter->handleRequest()
 5 SYSTEMPATH/Boot.php(417): CodeIgniter\CodeIgniter->run()
 6 SYSTEMPATH/Boot.php(68): CodeIgniter\Boot::runCodeIgniter()
 7 FCPATH/index.php(31): CodeIgniter\Boot::bootWeb()
CRITICAL - 2026-07-22 15:08:29 --> CodeIgniter\HTTP\Exceptions\BadRequestException: The URI you submitted has disallowed characters: "कोशी"
[Method: GET, Route: tag/%E0%A4%95%E0%A5%8B%E0%A4%B6%E0%A5%80/feed/]
in SYSTEMPATH/Router/Router.php on line 768.
 1 SYSTEMPATH/Router/Router.php(219): CodeIgniter\Router\Router->checkDisallowedChars()
 2 SYSTEMPATH/CodeIgniter.php(829): CodeIgniter\Router\Router->handle()
 3 SYSTEMPATH/CodeIgniter.php(441): CodeIgniter\CodeIgniter->tryToRouteIt()
 4 SYSTEMPATH/CodeIgniter.php(340): CodeIgniter\CodeIgniter->handleRequest()
 5 SYSTEMPATH/Boot.php(417): CodeIgniter\CodeIgniter->run()
 6 SYSTEMPATH/Boot.php(68): CodeIgniter\Boot::runCodeIgniter()
 7 FCPATH/index.php(31): CodeIgniter\Boot::bootWeb()
CRITICAL - 2026-07-22 15:10:45 --> CodeIgniter\HTTP\Exceptions\BadRequestException: The URI you submitted has disallowed characters: "खेलकुद"
[Method: GET, Route: 4111/2021/12/%E0%A4%96%E0%A5%87%E0%A4%B2%E0%A4%95%E0%A5%81%E0%A4%A6/feed/]
in SYSTEMPATH/Router/Router.php on line 768.
 1 SYSTEMPATH/Router/Router.php(219): CodeIgniter\Router\Router->checkDisallowedChars()
 2 SYSTEMPATH/CodeIgniter.php(829): CodeIgniter\Router\Router->handle()
 3 SYSTEMPATH/CodeIgniter.php(441): CodeIgniter\CodeIgniter->tryToRouteIt()
 4 SYSTEMPATH/CodeIgniter.php(340): CodeIgniter\CodeIgniter->handleRequest()
 5 SYSTEMPATH/Boot.php(417): CodeIgniter\CodeIgniter->run()
 6 SYSTEMPATH/Boot.php(68): CodeIgniter\Boot::runCodeIgniter()
 7 FCPATH/index.php(31): CodeIgniter\Boot::bootWeb()
CRITICAL - 2026-07-22 15:11:43 --> CodeIgniter\HTTP\Exceptions\BadRequestException: The URI you submitted has disallowed characters: "विज्ञान-प्रविधि"
[Method: GET, Route: category/%E0%A4%B5%E0%A4%BF%E0%A4%9C%E0%A5%8D%E0%A4%9E%E0%A4%BE%E0%A4%A8-%E0%A4%AA%E0%A5%8D%E0%A4%B0%E0%A4%B5%E0%A4%BF%E0%A4%A7%E0%A4%BF/feed/]
in SYSTEMPATH/Router/Router.php on line 768.
 1 SYSTEMPATH/Router/Router.php(219): CodeIgniter\Router\Router->checkDisallowedChars()
 2 SYSTEMPATH/CodeIgniter.php(829): CodeIgniter\Router\Router->handle()
 3 SYSTEMPATH/CodeIgniter.php(441): CodeIgniter\CodeIgniter->tryToRouteIt()
 4 SYSTEMPATH/CodeIgniter.php(340): CodeIgniter\CodeIgniter->handleRequest()
 5 SYSTEMPATH/Boot.php(417): CodeIgniter\CodeIgniter->run()
 6 SYSTEMPATH/Boot.php(68): CodeIgniter\Boot::runCodeIgniter()
 7 FCPATH/index.php(31): CodeIgniter\Boot::bootWeb()
CRITICAL - 2026-07-22 15:11:50 --> CodeIgniter\HTTP\Exceptions\BadRequestException: The URI you submitted has disallowed characters: "समाचार"
[Method: GET, Route: 3097/2021/11/%E0%A4%B8%E0%A4%AE%E0%A4%BE%E0%A4%9A%E0%A4%BE%E0%A4%B0/feed/]
in SYSTEMPATH/Router/Router.php on line 768.
 1 SYSTEMPATH/Router/Router.php(219): CodeIgniter\Router\Router->checkDisallowedChars()
 2 SYSTEMPATH/CodeIgniter.php(829): CodeIgniter\Router\Router->handle()
 3 SYSTEMPATH/CodeIgniter.php(441): CodeIgniter\CodeIgniter->tryToRouteIt()
 4 SYSTEMPATH/CodeIgniter.php(340): CodeIgniter\CodeIgniter->handleRequest()
 5 SYSTEMPATH/Boot.php(417): CodeIgniter\CodeIgniter->run()
 6 SYSTEMPATH/Boot.php(68): CodeIgniter\Boot::runCodeIgniter()
 7 FCPATH/index.php(31): CodeIgniter\Boot::bootWeb()
CRITICAL - 2026-07-22 15:13:10 --> CodeIgniter\HTTP\Exceptions\BadRequestException: The URI you submitted has disallowed characters: "समाचार"
[Method: GET, Route: 1910/2021/11/%E0%A4%B8%E0%A4%AE%E0%A4%BE%E0%A4%9A%E0%A4%BE%E0%A4%B0/feed/]
in SYSTEMPATH/Router/Router.php on line 768.
 1 SYSTEMPATH/Router/Router.php(219): CodeIgniter\Router\Router->checkDisallowedChars()
 2 SYSTEMPATH/CodeIgniter.php(829): CodeIgniter\Router\Router->handle()
 3 SYSTEMPATH/CodeIgniter.php(441): CodeIgniter\CodeIgniter->tryToRouteIt()
 4 SYSTEMPATH/CodeIgniter.php(340): CodeIgniter\CodeIgniter->handleRequest()
 5 SYSTEMPATH/Boot.php(417): CodeIgniter\CodeIgniter->run()
 6 SYSTEMPATH/Boot.php(68): CodeIgniter\Boot::runCodeIgniter()
 7 FCPATH/index.php(31): CodeIgniter\Boot::bootWeb()
CRITICAL - 2026-07-22 15:15:41 --> CodeIgniter\HTTP\Exceptions\BadRequestException: The URI you submitted has disallowed characters: "समाचार"
[Method: GET, Route: 876/2021/11/%E0%A4%B8%E0%A4%AE%E0%A4%BE%E0%A4%9A%E0%A4%BE%E0%A4%B0/feed/]
in SYSTEMPATH/Router/Router.php on line 768.
 1 SYSTEMPATH/Router/Router.php(219): CodeIgniter\Router\Router->checkDisallowedChars()
 2 SYSTEMPATH/CodeIgniter.php(829): CodeIgniter\Router\Router->handle()
 3 SYSTEMPATH/CodeIgniter.php(441): CodeIgniter\CodeIgniter->tryToRouteIt()
 4 SYSTEMPATH/CodeIgniter.php(340): CodeIgniter\CodeIgniter->handleRequest()
 5 SYSTEMPATH/Boot.php(417): CodeIgniter\CodeIgniter->run()
 6 SYSTEMPATH/Boot.php(68): CodeIgniter\Boot::runCodeIgniter()
 7 FCPATH/index.php(31): CodeIgniter\Boot::bootWeb()
CRITICAL - 2026-07-22 15:37:04 --> CodeIgniter\HTTP\Exceptions\BadRequestException: The URI you submitted has disallowed characters: "प्रमुख-समाचार"
[Method: GET, Route: category/%E0%A4%AA%E0%A5%8D%E0%A4%B0%E0%A4%AE%E0%A5%81%E0%A4%96-%E0%A4%B8%E0%A4%AE%E0%A4%BE%E0%A4%9A%E0%A4%BE%E0%A4%B0/page/5/]
in SYSTEMPATH/Router/Router.php on line 768.
 1 SYSTEMPATH/Router/Router.php(219): CodeIgniter\Router\Router->checkDisallowedChars()
 2 SYSTEMPATH/CodeIgniter.php(829): CodeIgniter\Router\Router->handle()
 3 SYSTEMPATH/CodeIgniter.php(441): CodeIgniter\CodeIgniter->tryToRouteIt()
 4 SYSTEMPATH/CodeIgniter.php(340): CodeIgniter\CodeIgniter->handleRequest()
 5 SYSTEMPATH/Boot.php(417): CodeIgniter\CodeIgniter->run()
 6 SYSTEMPATH/Boot.php(68): CodeIgniter\Boot::runCodeIgniter()
 7 FCPATH/index.php(31): CodeIgniter\Boot::bootWeb()
CRITICAL - 2026-07-22 16:18:07 --> CodeIgniter\HTTP\Exceptions\BadRequestException: The URI you submitted has disallowed characters: "राजनीति"
[Method: GET, Route: category/%E0%A4%B0%E0%A4%BE%E0%A4%9C%E0%A4%A8%E0%A5%80%E0%A4%A4%E0%A4%BF/]
in SYSTEMPATH/Router/Router.php on line 768.
 1 SYSTEMPATH/Router/Router.php(219): CodeIgniter\Router\Router->checkDisallowedChars()
 2 SYSTEMPATH/CodeIgniter.php(829): CodeIgniter\Router\Router->handle()
 3 SYSTEMPATH/CodeIgniter.php(441): CodeIgniter\CodeIgniter->tryToRouteIt()
 4 SYSTEMPATH/CodeIgniter.php(340): CodeIgniter\CodeIgniter->handleRequest()
 5 SYSTEMPATH/Boot.php(417): CodeIgniter\CodeIgniter->run()
 6 SYSTEMPATH/Boot.php(68): CodeIgniter\Boot::runCodeIgniter()
 7 FCPATH/index.php(31): CodeIgniter\Boot::bootWeb()
CRITICAL - 2026-07-22 18:29:57 --> CodeIgniter\HTTP\Exceptions\BadRequestException: The URI you submitted has disallowed characters: "प्रदेश-७"
[Method: GET, Route: category/%E0%A4%AA%E0%A5%8D%E0%A4%B0%E0%A4%A6%E0%A5%87%E0%A4%B6-%E0%A5%AD/page/8/]
in SYSTEMPATH/Router/Router.php on line 768.
 1 SYSTEMPATH/Router/Router.php(219): CodeIgniter\Router\Router->checkDisallowedChars()
 2 SYSTEMPATH/CodeIgniter.php(829): CodeIgniter\Router\Router->handle()
 3 SYSTEMPATH/CodeIgniter.php(441): CodeIgniter\CodeIgniter->tryToRouteIt()
 4 SYSTEMPATH/CodeIgniter.php(340): CodeIgniter\CodeIgniter->handleRequest()
 5 SYSTEMPATH/Boot.php(417): CodeIgniter\CodeIgniter->run()
 6 SYSTEMPATH/Boot.php(68): CodeIgniter\Boot::runCodeIgniter()
 7 FCPATH/index.php(31): CodeIgniter\Boot::bootWeb()
