CRITICAL - 2026-05-28 00:27:03 --> CodeIgniter\HTTP\Exceptions\BadRequestException: The URI you submitted has disallowed characters: "तेस्रो-जीतपुरसिमरा-क्रिकेटको-उपाधि-सर्लाहीले-उचाल्यो"
[Method: GET, Route: news/%E0%A4%A4%E0%A5%87%E0%A4%B8%E0%A5%8D%E0%A4%B0%E0%A5%8B-%E0%A4%9C%E0%A5%80%E0%A4%A4%E0%A4%AA%E0%A5%81%E0%A4%B0%E0%A4%B8%E0%A4%BF%E0%A4%AE%E0%A4%B0%E0%A4%BE-%E0%A4%95%E0%A5%8D%E0%A4%B0%E0%A4%BF%E0%A4%95%E0%A5%87%E0%A4%9F%E0%A4%95%E0%A5%8B-%E0%A4%89%E0%A4%AA%E0%A4%BE%E0%A4%A7%E0%A4%BF-%E0%A4%B8%E0%A4%B0%E0%A5%8D%E0%A4%B2%E0%A4%BE%E0%A4%B9%E0%A5%80%E0%A4%B2%E0%A5%87-%E0%A4%89%E0%A4%9A%E0%A4%BE%E0%A4%B2%E0%A5%8D%E0%A4%AF%E0%A5%8B]
in SYSTEMPATH/Router/Router.php on line 768.
 1 SYSTEMPATH/Router/Router.php(219): CodeIgniter\Router\Router->checkDisallowedChars()
 2 SYSTEMPATH/CodeIgniter.php(829): CodeIgniter\Router\Router->handle()
 3 SYSTEMPATH/CodeIgniter.php(441): CodeIgniter\CodeIgniter->tryToRouteIt()
 4 SYSTEMPATH/CodeIgniter.php(340): CodeIgniter\CodeIgniter->handleRequest()
 5 SYSTEMPATH/Boot.php(417): CodeIgniter\CodeIgniter->run()
 6 SYSTEMPATH/Boot.php(68): CodeIgniter\Boot::runCodeIgniter()
 7 FCPATH/index.php(31): CodeIgniter\Boot::bootWeb()
CRITICAL - 2026-05-28 01:15:39 --> CodeIgniter\HTTP\Exceptions\BadRequestException: The URI you submitted has disallowed characters: "प्रदेश-२"
[Method: GET, Route: category/%E0%A4%AA%E0%A5%8D%E0%A4%B0%E0%A4%A6%E0%A5%87%E0%A4%B6-%E0%A5%A8/page/10/]
in SYSTEMPATH/Router/Router.php on line 768.
 1 SYSTEMPATH/Router/Router.php(219): CodeIgniter\Router\Router->checkDisallowedChars()
 2 SYSTEMPATH/CodeIgniter.php(829): CodeIgniter\Router\Router->handle()
 3 SYSTEMPATH/CodeIgniter.php(441): CodeIgniter\CodeIgniter->tryToRouteIt()
 4 SYSTEMPATH/CodeIgniter.php(340): CodeIgniter\CodeIgniter->handleRequest()
 5 SYSTEMPATH/Boot.php(417): CodeIgniter\CodeIgniter->run()
 6 SYSTEMPATH/Boot.php(68): CodeIgniter\Boot::runCodeIgniter()
 7 FCPATH/index.php(31): CodeIgniter\Boot::bootWeb()
CRITICAL - 2026-05-28 02:48:27 --> CodeIgniter\HTTP\Exceptions\BadRequestException: The URI you submitted has disallowed characters: "एसएसबीले-नेपालीलाई-कुटपिट-गरेको-भन्दै-सम्सी-नाकामा-प्रदर्शन.jpg"
[Method: GET, Route: wp-content/uploads/2023/03/%E0%A4%8F%E0%A4%B8%E0%A4%8F%E0%A4%B8%E0%A4%AC%E0%A5%80%E0%A4%B2%E0%A5%87-%E0%A4%A8%E0%A5%87%E0%A4%AA%E0%A4%BE%E0%A4%B2%E0%A5%80%E0%A4%B2%E0%A4%BE%E0%A4%88-%E0%A4%95%E0%A5%81%E0%A4%9F%E0%A4%AA%E0%A4%BF%E0%A4%9F-%E0%A4%97%E0%A4%B0%E0%A5%87%E0%A4%95%E0%A5%8B-%E0%A4%AD%E0%A4%A8%E0%A5%8D%E0%A4%A6%E0%A5%88-%E0%A4%B8%E0%A4%AE%E0%A5%8D%E0%A4%B8%E0%A5%80-%E0%A4%A8%E0%A4%BE%E0%A4%95%E0%A4%BE%E0%A4%AE%E0%A4%BE-%E0%A4%AA%E0%A5%8D%E0%A4%B0%E0%A4%A6%E0%A4%B0%E0%A5%8D%E0%A4%B6%E0%A4%A8.jpg]
in SYSTEMPATH/Router/Router.php on line 768.
 1 SYSTEMPATH/Router/Router.php(219): CodeIgniter\Router\Router->checkDisallowedChars()
 2 SYSTEMPATH/CodeIgniter.php(829): CodeIgniter\Router\Router->handle()
 3 SYSTEMPATH/CodeIgniter.php(441): CodeIgniter\CodeIgniter->tryToRouteIt()
 4 SYSTEMPATH/CodeIgniter.php(340): CodeIgniter\CodeIgniter->handleRequest()
 5 SYSTEMPATH/Boot.php(417): CodeIgniter\CodeIgniter->run()
 6 SYSTEMPATH/Boot.php(68): CodeIgniter\Boot::runCodeIgniter()
 7 FCPATH/index.php(31): CodeIgniter\Boot::bootWeb()
CRITICAL - 2026-05-28 02:59:44 --> CodeIgniter\HTTP\Exceptions\BadRequestException: The URI you submitted has disallowed characters: "इपेपर"
[Method: GET, Route: category/%E0%A4%87%E0%A4%AA%E0%A5%87%E0%A4%AA%E0%A4%B0/feed/]
in SYSTEMPATH/Router/Router.php on line 768.
 1 SYSTEMPATH/Router/Router.php(219): CodeIgniter\Router\Router->checkDisallowedChars()
 2 SYSTEMPATH/CodeIgniter.php(829): CodeIgniter\Router\Router->handle()
 3 SYSTEMPATH/CodeIgniter.php(441): CodeIgniter\CodeIgniter->tryToRouteIt()
 4 SYSTEMPATH/CodeIgniter.php(340): CodeIgniter\CodeIgniter->handleRequest()
 5 SYSTEMPATH/Boot.php(417): CodeIgniter\CodeIgniter->run()
 6 SYSTEMPATH/Boot.php(68): CodeIgniter\Boot::runCodeIgniter()
 7 FCPATH/index.php(31): CodeIgniter\Boot::bootWeb()
CRITICAL - 2026-05-28 02:59:46 --> CodeIgniter\HTTP\Exceptions\BadRequestException: The URI you submitted has disallowed characters: "पत्रपत्रिका"
[Method: GET, Route: category/%E0%A4%AA%E0%A4%A4%E0%A5%8D%E0%A4%B0%E0%A4%AA%E0%A4%A4%E0%A5%8D%E0%A4%B0%E0%A4%BF%E0%A4%95%E0%A4%BE/feed/]
in SYSTEMPATH/Router/Router.php on line 768.
 1 SYSTEMPATH/Router/Router.php(219): CodeIgniter\Router\Router->checkDisallowedChars()
 2 SYSTEMPATH/CodeIgniter.php(829): CodeIgniter\Router\Router->handle()
 3 SYSTEMPATH/CodeIgniter.php(441): CodeIgniter\CodeIgniter->tryToRouteIt()
 4 SYSTEMPATH/CodeIgniter.php(340): CodeIgniter\CodeIgniter->handleRequest()
 5 SYSTEMPATH/Boot.php(417): CodeIgniter\CodeIgniter->run()
 6 SYSTEMPATH/Boot.php(68): CodeIgniter\Boot::runCodeIgniter()
 7 FCPATH/index.php(31): CodeIgniter\Boot::bootWeb()
CRITICAL - 2026-05-28 02:59:47 --> CodeIgniter\HTTP\Exceptions\BadRequestException: The URI you submitted has disallowed characters: "प्रदेश-१"
[Method: GET, Route: category/%E0%A4%AA%E0%A5%8D%E0%A4%B0%E0%A4%A6%E0%A5%87%E0%A4%B6-%E0%A5%A7/feed/]
in SYSTEMPATH/Router/Router.php on line 768.
 1 SYSTEMPATH/Router/Router.php(219): CodeIgniter\Router\Router->checkDisallowedChars()
 2 SYSTEMPATH/CodeIgniter.php(829): CodeIgniter\Router\Router->handle()
 3 SYSTEMPATH/CodeIgniter.php(441): CodeIgniter\CodeIgniter->tryToRouteIt()
 4 SYSTEMPATH/CodeIgniter.php(340): CodeIgniter\CodeIgniter->handleRequest()
 5 SYSTEMPATH/Boot.php(417): CodeIgniter\CodeIgniter->run()
 6 SYSTEMPATH/Boot.php(68): CodeIgniter\Boot::runCodeIgniter()
 7 FCPATH/index.php(31): CodeIgniter\Boot::bootWeb()
CRITICAL - 2026-05-28 02:59:49 --> CodeIgniter\HTTP\Exceptions\BadRequestException: The URI you submitted has disallowed characters: "प्रदेश-२"
[Method: GET, Route: category/%E0%A4%AA%E0%A5%8D%E0%A4%B0%E0%A4%A6%E0%A5%87%E0%A4%B6-%E0%A5%A8/feed/]
in SYSTEMPATH/Router/Router.php on line 768.
 1 SYSTEMPATH/Router/Router.php(219): CodeIgniter\Router\Router->checkDisallowedChars()
 2 SYSTEMPATH/CodeIgniter.php(829): CodeIgniter\Router\Router->handle()
 3 SYSTEMPATH/CodeIgniter.php(441): CodeIgniter\CodeIgniter->tryToRouteIt()
 4 SYSTEMPATH/CodeIgniter.php(340): CodeIgniter\CodeIgniter->handleRequest()
 5 SYSTEMPATH/Boot.php(417): CodeIgniter\CodeIgniter->run()
 6 SYSTEMPATH/Boot.php(68): CodeIgniter\Boot::runCodeIgniter()
 7 FCPATH/index.php(31): CodeIgniter\Boot::bootWeb()
CRITICAL - 2026-05-28 02:59:51 --> CodeIgniter\HTTP\Exceptions\BadRequestException: The URI you submitted has disallowed characters: "प्रदेश-३"
[Method: GET, Route: category/%E0%A4%AA%E0%A5%8D%E0%A4%B0%E0%A4%A6%E0%A5%87%E0%A4%B6-%E0%A5%A9/feed/]
in SYSTEMPATH/Router/Router.php on line 768.
 1 SYSTEMPATH/Router/Router.php(219): CodeIgniter\Router\Router->checkDisallowedChars()
 2 SYSTEMPATH/CodeIgniter.php(829): CodeIgniter\Router\Router->handle()
 3 SYSTEMPATH/CodeIgniter.php(441): CodeIgniter\CodeIgniter->tryToRouteIt()
 4 SYSTEMPATH/CodeIgniter.php(340): CodeIgniter\CodeIgniter->handleRequest()
 5 SYSTEMPATH/Boot.php(417): CodeIgniter\CodeIgniter->run()
 6 SYSTEMPATH/Boot.php(68): CodeIgniter\Boot::runCodeIgniter()
 7 FCPATH/index.php(31): CodeIgniter\Boot::bootWeb()
CRITICAL - 2026-05-28 02:59:52 --> CodeIgniter\HTTP\Exceptions\BadRequestException: The URI you submitted has disallowed characters: "प्रदेश-४"
[Method: GET, Route: category/%E0%A4%AA%E0%A5%8D%E0%A4%B0%E0%A4%A6%E0%A5%87%E0%A4%B6-%E0%A5%AA/feed/]
in SYSTEMPATH/Router/Router.php on line 768.
 1 SYSTEMPATH/Router/Router.php(219): CodeIgniter\Router\Router->checkDisallowedChars()
 2 SYSTEMPATH/CodeIgniter.php(829): CodeIgniter\Router\Router->handle()
 3 SYSTEMPATH/CodeIgniter.php(441): CodeIgniter\CodeIgniter->tryToRouteIt()
 4 SYSTEMPATH/CodeIgniter.php(340): CodeIgniter\CodeIgniter->handleRequest()
 5 SYSTEMPATH/Boot.php(417): CodeIgniter\CodeIgniter->run()
 6 SYSTEMPATH/Boot.php(68): CodeIgniter\Boot::runCodeIgniter()
 7 FCPATH/index.php(31): CodeIgniter\Boot::bootWeb()
CRITICAL - 2026-05-28 02:59:54 --> CodeIgniter\HTTP\Exceptions\BadRequestException: The URI you submitted has disallowed characters: "प्रदेश-५"
[Method: GET, Route: category/%E0%A4%AA%E0%A5%8D%E0%A4%B0%E0%A4%A6%E0%A5%87%E0%A4%B6-%E0%A5%AB/feed/]
in SYSTEMPATH/Router/Router.php on line 768.
 1 SYSTEMPATH/Router/Router.php(219): CodeIgniter\Router\Router->checkDisallowedChars()
 2 SYSTEMPATH/CodeIgniter.php(829): CodeIgniter\Router\Router->handle()
 3 SYSTEMPATH/CodeIgniter.php(441): CodeIgniter\CodeIgniter->tryToRouteIt()
 4 SYSTEMPATH/CodeIgniter.php(340): CodeIgniter\CodeIgniter->handleRequest()
 5 SYSTEMPATH/Boot.php(417): CodeIgniter\CodeIgniter->run()
 6 SYSTEMPATH/Boot.php(68): CodeIgniter\Boot::runCodeIgniter()
 7 FCPATH/index.php(31): CodeIgniter\Boot::bootWeb()
CRITICAL - 2026-05-28 02:59:56 --> CodeIgniter\HTTP\Exceptions\BadRequestException: The URI you submitted has disallowed characters: "प्रदेश-६"
[Method: GET, Route: category/%E0%A4%AA%E0%A5%8D%E0%A4%B0%E0%A4%A6%E0%A5%87%E0%A4%B6-%E0%A5%AC/feed/]
in SYSTEMPATH/Router/Router.php on line 768.
 1 SYSTEMPATH/Router/Router.php(219): CodeIgniter\Router\Router->checkDisallowedChars()
 2 SYSTEMPATH/CodeIgniter.php(829): CodeIgniter\Router\Router->handle()
 3 SYSTEMPATH/CodeIgniter.php(441): CodeIgniter\CodeIgniter->tryToRouteIt()
 4 SYSTEMPATH/CodeIgniter.php(340): CodeIgniter\CodeIgniter->handleRequest()
 5 SYSTEMPATH/Boot.php(417): CodeIgniter\CodeIgniter->run()
 6 SYSTEMPATH/Boot.php(68): CodeIgniter\Boot::runCodeIgniter()
 7 FCPATH/index.php(31): CodeIgniter\Boot::bootWeb()
CRITICAL - 2026-05-28 02:59:58 --> CodeIgniter\HTTP\Exceptions\BadRequestException: The URI you submitted has disallowed characters: "प्रदेश-७"
[Method: GET, Route: category/%E0%A4%AA%E0%A5%8D%E0%A4%B0%E0%A4%A6%E0%A5%87%E0%A4%B6-%E0%A5%AD/feed/]
in SYSTEMPATH/Router/Router.php on line 768.
 1 SYSTEMPATH/Router/Router.php(219): CodeIgniter\Router\Router->checkDisallowedChars()
 2 SYSTEMPATH/CodeIgniter.php(829): CodeIgniter\Router\Router->handle()
 3 SYSTEMPATH/CodeIgniter.php(441): CodeIgniter\CodeIgniter->tryToRouteIt()
 4 SYSTEMPATH/CodeIgniter.php(340): CodeIgniter\CodeIgniter->handleRequest()
 5 SYSTEMPATH/Boot.php(417): CodeIgniter\CodeIgniter->run()
 6 SYSTEMPATH/Boot.php(68): CodeIgniter\Boot::runCodeIgniter()
 7 FCPATH/index.php(31): CodeIgniter\Boot::bootWeb()
CRITICAL - 2026-05-28 03:00:00 --> CodeIgniter\HTTP\Exceptions\BadRequestException: The URI you submitted has disallowed characters: "प्रमुख-समाचार"
[Method: GET, Route: category/%E0%A4%AA%E0%A5%8D%E0%A4%B0%E0%A4%AE%E0%A5%81%E0%A4%96-%E0%A4%B8%E0%A4%AE%E0%A4%BE%E0%A4%9A%E0%A4%BE%E0%A4%B0/feed/]
in SYSTEMPATH/Router/Router.php on line 768.
 1 SYSTEMPATH/Router/Router.php(219): CodeIgniter\Router\Router->checkDisallowedChars()
 2 SYSTEMPATH/CodeIgniter.php(829): CodeIgniter\Router\Router->handle()
 3 SYSTEMPATH/CodeIgniter.php(441): CodeIgniter\CodeIgniter->tryToRouteIt()
 4 SYSTEMPATH/CodeIgniter.php(340): CodeIgniter\CodeIgniter->handleRequest()
 5 SYSTEMPATH/Boot.php(417): CodeIgniter\CodeIgniter->run()
 6 SYSTEMPATH/Boot.php(68): CodeIgniter\Boot::runCodeIgniter()
 7 FCPATH/index.php(31): CodeIgniter\Boot::bootWeb()
CRITICAL - 2026-05-28 03:00:02 --> CodeIgniter\HTTP\Exceptions\BadRequestException: The URI you submitted has disallowed characters: "मनोरञ्जन"
[Method: GET, Route: category/%E0%A4%AE%E0%A4%A8%E0%A5%8B%E0%A4%B0%E0%A4%9E%E0%A5%8D%E0%A4%9C%E0%A4%A8/feed/]
in SYSTEMPATH/Router/Router.php on line 768.
 1 SYSTEMPATH/Router/Router.php(219): CodeIgniter\Router\Router->checkDisallowedChars()
 2 SYSTEMPATH/CodeIgniter.php(829): CodeIgniter\Router\Router->handle()
 3 SYSTEMPATH/CodeIgniter.php(441): CodeIgniter\CodeIgniter->tryToRouteIt()
 4 SYSTEMPATH/CodeIgniter.php(340): CodeIgniter\CodeIgniter->handleRequest()
 5 SYSTEMPATH/Boot.php(417): CodeIgniter\CodeIgniter->run()
 6 SYSTEMPATH/Boot.php(68): CodeIgniter\Boot::runCodeIgniter()
 7 FCPATH/index.php(31): CodeIgniter\Boot::bootWeb()
CRITICAL - 2026-05-28 03:00:05 --> CodeIgniter\HTTP\Exceptions\BadRequestException: The URI you submitted has disallowed characters: "राजनीति"
[Method: GET, Route: category/%E0%A4%B0%E0%A4%BE%E0%A4%9C%E0%A4%A8%E0%A5%80%E0%A4%A4%E0%A4%BF/feed/]
in SYSTEMPATH/Router/Router.php on line 768.
 1 SYSTEMPATH/Router/Router.php(219): CodeIgniter\Router\Router->checkDisallowedChars()
 2 SYSTEMPATH/CodeIgniter.php(829): CodeIgniter\Router\Router->handle()
 3 SYSTEMPATH/CodeIgniter.php(441): CodeIgniter\CodeIgniter->tryToRouteIt()
 4 SYSTEMPATH/CodeIgniter.php(340): CodeIgniter\CodeIgniter->handleRequest()
 5 SYSTEMPATH/Boot.php(417): CodeIgniter\CodeIgniter->run()
 6 SYSTEMPATH/Boot.php(68): CodeIgniter\Boot::runCodeIgniter()
 7 FCPATH/index.php(31): CodeIgniter\Boot::bootWeb()
CRITICAL - 2026-05-28 03:00:07 --> CodeIgniter\HTTP\Exceptions\BadRequestException: The URI you submitted has disallowed characters: "इपेपर"
[Method: GET, Route: category/%E0%A4%87%E0%A4%AA%E0%A5%87%E0%A4%AA%E0%A4%B0/]
in SYSTEMPATH/Router/Router.php on line 768.
 1 SYSTEMPATH/Router/Router.php(219): CodeIgniter\Router\Router->checkDisallowedChars()
 2 SYSTEMPATH/CodeIgniter.php(829): CodeIgniter\Router\Router->handle()
 3 SYSTEMPATH/CodeIgniter.php(441): CodeIgniter\CodeIgniter->tryToRouteIt()
 4 SYSTEMPATH/CodeIgniter.php(340): CodeIgniter\CodeIgniter->handleRequest()
 5 SYSTEMPATH/Boot.php(417): CodeIgniter\CodeIgniter->run()
 6 SYSTEMPATH/Boot.php(68): CodeIgniter\Boot::runCodeIgniter()
 7 FCPATH/index.php(31): CodeIgniter\Boot::bootWeb()
CRITICAL - 2026-05-28 03:00:12 --> CodeIgniter\HTTP\Exceptions\BadRequestException: The URI you submitted has disallowed characters: "इपेपर"
[Method: GET, Route: category/%E0%A4%87%E0%A4%AA%E0%A5%87%E0%A4%AA%E0%A4%B0/page/2/]
in SYSTEMPATH/Router/Router.php on line 768.
 1 SYSTEMPATH/Router/Router.php(219): CodeIgniter\Router\Router->checkDisallowedChars()
 2 SYSTEMPATH/CodeIgniter.php(829): CodeIgniter\Router\Router->handle()
 3 SYSTEMPATH/CodeIgniter.php(441): CodeIgniter\CodeIgniter->tryToRouteIt()
 4 SYSTEMPATH/CodeIgniter.php(340): CodeIgniter\CodeIgniter->handleRequest()
 5 SYSTEMPATH/Boot.php(417): CodeIgniter\CodeIgniter->run()
 6 SYSTEMPATH/Boot.php(68): CodeIgniter\Boot::runCodeIgniter()
 7 FCPATH/index.php(31): CodeIgniter\Boot::bootWeb()
CRITICAL - 2026-05-28 03:00:13 --> CodeIgniter\HTTP\Exceptions\BadRequestException: The URI you submitted has disallowed characters: "इपेपर"
[Method: GET, Route: category/%E0%A4%87%E0%A4%AA%E0%A5%87%E0%A4%AA%E0%A4%B0/page/2/]
in SYSTEMPATH/Router/Router.php on line 768.
 1 SYSTEMPATH/Router/Router.php(219): CodeIgniter\Router\Router->checkDisallowedChars()
 2 SYSTEMPATH/CodeIgniter.php(829): CodeIgniter\Router\Router->handle()
 3 SYSTEMPATH/CodeIgniter.php(441): CodeIgniter\CodeIgniter->tryToRouteIt()
 4 SYSTEMPATH/CodeIgniter.php(340): CodeIgniter\CodeIgniter->handleRequest()
 5 SYSTEMPATH/Boot.php(417): CodeIgniter\CodeIgniter->run()
 6 SYSTEMPATH/Boot.php(68): CodeIgniter\Boot::runCodeIgniter()
 7 FCPATH/index.php(31): CodeIgniter\Boot::bootWeb()
CRITICAL - 2026-05-28 03:00:17 --> CodeIgniter\HTTP\Exceptions\BadRequestException: The URI you submitted has disallowed characters: "इपेपर"
[Method: GET, Route: category/%E0%A4%87%E0%A4%AA%E0%A5%87%E0%A4%AA%E0%A4%B0/page/3/]
in SYSTEMPATH/Router/Router.php on line 768.
 1 SYSTEMPATH/Router/Router.php(219): CodeIgniter\Router\Router->checkDisallowedChars()
 2 SYSTEMPATH/CodeIgniter.php(829): CodeIgniter\Router\Router->handle()
 3 SYSTEMPATH/CodeIgniter.php(441): CodeIgniter\CodeIgniter->tryToRouteIt()
 4 SYSTEMPATH/CodeIgniter.php(340): CodeIgniter\CodeIgniter->handleRequest()
 5 SYSTEMPATH/Boot.php(417): CodeIgniter\CodeIgniter->run()
 6 SYSTEMPATH/Boot.php(68): CodeIgniter\Boot::runCodeIgniter()
 7 FCPATH/index.php(31): CodeIgniter\Boot::bootWeb()
CRITICAL - 2026-05-28 03:00:21 --> CodeIgniter\HTTP\Exceptions\BadRequestException: The URI you submitted has disallowed characters: "इपेपर"
[Method: GET, Route: category/%E0%A4%87%E0%A4%AA%E0%A5%87%E0%A4%AA%E0%A4%B0/page/3/]
in SYSTEMPATH/Router/Router.php on line 768.
 1 SYSTEMPATH/Router/Router.php(219): CodeIgniter\Router\Router->checkDisallowedChars()
 2 SYSTEMPATH/CodeIgniter.php(829): CodeIgniter\Router\Router->handle()
 3 SYSTEMPATH/CodeIgniter.php(441): CodeIgniter\CodeIgniter->tryToRouteIt()
 4 SYSTEMPATH/CodeIgniter.php(340): CodeIgniter\CodeIgniter->handleRequest()
 5 SYSTEMPATH/Boot.php(417): CodeIgniter\CodeIgniter->run()
 6 SYSTEMPATH/Boot.php(68): CodeIgniter\Boot::runCodeIgniter()
 7 FCPATH/index.php(31): CodeIgniter\Boot::bootWeb()
CRITICAL - 2026-05-28 03:00:24 --> CodeIgniter\HTTP\Exceptions\BadRequestException: The URI you submitted has disallowed characters: "इपेपर"
[Method: GET, Route: category/%E0%A4%87%E0%A4%AA%E0%A5%87%E0%A4%AA%E0%A4%B0/page/4/]
in SYSTEMPATH/Router/Router.php on line 768.
 1 SYSTEMPATH/Router/Router.php(219): CodeIgniter\Router\Router->checkDisallowedChars()
 2 SYSTEMPATH/CodeIgniter.php(829): CodeIgniter\Router\Router->handle()
 3 SYSTEMPATH/CodeIgniter.php(441): CodeIgniter\CodeIgniter->tryToRouteIt()
 4 SYSTEMPATH/CodeIgniter.php(340): CodeIgniter\CodeIgniter->handleRequest()
 5 SYSTEMPATH/Boot.php(417): CodeIgniter\CodeIgniter->run()
 6 SYSTEMPATH/Boot.php(68): CodeIgniter\Boot::runCodeIgniter()
 7 FCPATH/index.php(31): CodeIgniter\Boot::bootWeb()
CRITICAL - 2026-05-28 03:00:26 --> CodeIgniter\HTTP\Exceptions\BadRequestException: The URI you submitted has disallowed characters: "इपेपर"
[Method: GET, Route: category/%E0%A4%87%E0%A4%AA%E0%A5%87%E0%A4%AA%E0%A4%B0/page/4/]
in SYSTEMPATH/Router/Router.php on line 768.
 1 SYSTEMPATH/Router/Router.php(219): CodeIgniter\Router\Router->checkDisallowedChars()
 2 SYSTEMPATH/CodeIgniter.php(829): CodeIgniter\Router\Router->handle()
 3 SYSTEMPATH/CodeIgniter.php(441): CodeIgniter\CodeIgniter->tryToRouteIt()
 4 SYSTEMPATH/CodeIgniter.php(340): CodeIgniter\CodeIgniter->handleRequest()
 5 SYSTEMPATH/Boot.php(417): CodeIgniter\CodeIgniter->run()
 6 SYSTEMPATH/Boot.php(68): CodeIgniter\Boot::runCodeIgniter()
 7 FCPATH/index.php(31): CodeIgniter\Boot::bootWeb()
CRITICAL - 2026-05-28 03:00:29 --> CodeIgniter\HTTP\Exceptions\BadRequestException: The URI you submitted has disallowed characters: "इपेपर"
[Method: GET, Route: category/%E0%A4%87%E0%A4%AA%E0%A5%87%E0%A4%AA%E0%A4%B0/page/5/]
in SYSTEMPATH/Router/Router.php on line 768.
 1 SYSTEMPATH/Router/Router.php(219): CodeIgniter\Router\Router->checkDisallowedChars()
 2 SYSTEMPATH/CodeIgniter.php(829): CodeIgniter\Router\Router->handle()
 3 SYSTEMPATH/CodeIgniter.php(441): CodeIgniter\CodeIgniter->tryToRouteIt()
 4 SYSTEMPATH/CodeIgniter.php(340): CodeIgniter\CodeIgniter->handleRequest()
 5 SYSTEMPATH/Boot.php(417): CodeIgniter\CodeIgniter->run()
 6 SYSTEMPATH/Boot.php(68): CodeIgniter\Boot::runCodeIgniter()
 7 FCPATH/index.php(31): CodeIgniter\Boot::bootWeb()
CRITICAL - 2026-05-28 03:00:31 --> CodeIgniter\HTTP\Exceptions\BadRequestException: The URI you submitted has disallowed characters: "इपेपर"
[Method: GET, Route: category/%E0%A4%87%E0%A4%AA%E0%A5%87%E0%A4%AA%E0%A4%B0/page/5/]
in SYSTEMPATH/Router/Router.php on line 768.
 1 SYSTEMPATH/Router/Router.php(219): CodeIgniter\Router\Router->checkDisallowedChars()
 2 SYSTEMPATH/CodeIgniter.php(829): CodeIgniter\Router\Router->handle()
 3 SYSTEMPATH/CodeIgniter.php(441): CodeIgniter\CodeIgniter->tryToRouteIt()
 4 SYSTEMPATH/CodeIgniter.php(340): CodeIgniter\CodeIgniter->handleRequest()
 5 SYSTEMPATH/Boot.php(417): CodeIgniter\CodeIgniter->run()
 6 SYSTEMPATH/Boot.php(68): CodeIgniter\Boot::runCodeIgniter()
 7 FCPATH/index.php(31): CodeIgniter\Boot::bootWeb()
CRITICAL - 2026-05-28 03:00:35 --> CodeIgniter\HTTP\Exceptions\BadRequestException: The URI you submitted has disallowed characters: "इपेपर"
[Method: GET, Route: category/%E0%A4%87%E0%A4%AA%E0%A5%87%E0%A4%AA%E0%A4%B0/page/6/]
in SYSTEMPATH/Router/Router.php on line 768.
 1 SYSTEMPATH/Router/Router.php(219): CodeIgniter\Router\Router->checkDisallowedChars()
 2 SYSTEMPATH/CodeIgniter.php(829): CodeIgniter\Router\Router->handle()
 3 SYSTEMPATH/CodeIgniter.php(441): CodeIgniter\CodeIgniter->tryToRouteIt()
 4 SYSTEMPATH/CodeIgniter.php(340): CodeIgniter\CodeIgniter->handleRequest()
 5 SYSTEMPATH/Boot.php(417): CodeIgniter\CodeIgniter->run()
 6 SYSTEMPATH/Boot.php(68): CodeIgniter\Boot::runCodeIgniter()
 7 FCPATH/index.php(31): CodeIgniter\Boot::bootWeb()
CRITICAL - 2026-05-28 03:00:36 --> CodeIgniter\HTTP\Exceptions\BadRequestException: The URI you submitted has disallowed characters: "इपेपर"
[Method: GET, Route: category/%E0%A4%87%E0%A4%AA%E0%A5%87%E0%A4%AA%E0%A4%B0/page/6/]
in SYSTEMPATH/Router/Router.php on line 768.
 1 SYSTEMPATH/Router/Router.php(219): CodeIgniter\Router\Router->checkDisallowedChars()
 2 SYSTEMPATH/CodeIgniter.php(829): CodeIgniter\Router\Router->handle()
 3 SYSTEMPATH/CodeIgniter.php(441): CodeIgniter\CodeIgniter->tryToRouteIt()
 4 SYSTEMPATH/CodeIgniter.php(340): CodeIgniter\CodeIgniter->handleRequest()
 5 SYSTEMPATH/Boot.php(417): CodeIgniter\CodeIgniter->run()
 6 SYSTEMPATH/Boot.php(68): CodeIgniter\Boot::runCodeIgniter()
 7 FCPATH/index.php(31): CodeIgniter\Boot::bootWeb()
CRITICAL - 2026-05-28 03:00:40 --> CodeIgniter\HTTP\Exceptions\BadRequestException: The URI you submitted has disallowed characters: "इपेपर"
[Method: GET, Route: category/%E0%A4%87%E0%A4%AA%E0%A5%87%E0%A4%AA%E0%A4%B0/page/7/]
in SYSTEMPATH/Router/Router.php on line 768.
 1 SYSTEMPATH/Router/Router.php(219): CodeIgniter\Router\Router->checkDisallowedChars()
 2 SYSTEMPATH/CodeIgniter.php(829): CodeIgniter\Router\Router->handle()
 3 SYSTEMPATH/CodeIgniter.php(441): CodeIgniter\CodeIgniter->tryToRouteIt()
 4 SYSTEMPATH/CodeIgniter.php(340): CodeIgniter\CodeIgniter->handleRequest()
 5 SYSTEMPATH/Boot.php(417): CodeIgniter\CodeIgniter->run()
 6 SYSTEMPATH/Boot.php(68): CodeIgniter\Boot::runCodeIgniter()
 7 FCPATH/index.php(31): CodeIgniter\Boot::bootWeb()
CRITICAL - 2026-05-28 03:00:41 --> CodeIgniter\HTTP\Exceptions\BadRequestException: The URI you submitted has disallowed characters: "इपेपर"
[Method: GET, Route: category/%E0%A4%87%E0%A4%AA%E0%A5%87%E0%A4%AA%E0%A4%B0/page/7/]
in SYSTEMPATH/Router/Router.php on line 768.
 1 SYSTEMPATH/Router/Router.php(219): CodeIgniter\Router\Router->checkDisallowedChars()
 2 SYSTEMPATH/CodeIgniter.php(829): CodeIgniter\Router\Router->handle()
 3 SYSTEMPATH/CodeIgniter.php(441): CodeIgniter\CodeIgniter->tryToRouteIt()
 4 SYSTEMPATH/CodeIgniter.php(340): CodeIgniter\CodeIgniter->handleRequest()
 5 SYSTEMPATH/Boot.php(417): CodeIgniter\CodeIgniter->run()
 6 SYSTEMPATH/Boot.php(68): CodeIgniter\Boot::runCodeIgniter()
 7 FCPATH/index.php(31): CodeIgniter\Boot::bootWeb()
CRITICAL - 2026-05-28 03:00:45 --> CodeIgniter\HTTP\Exceptions\BadRequestException: The URI you submitted has disallowed characters: "पत्रपत्रिका"
[Method: GET, Route: category/%E0%A4%AA%E0%A4%A4%E0%A5%8D%E0%A4%B0%E0%A4%AA%E0%A4%A4%E0%A5%8D%E0%A4%B0%E0%A4%BF%E0%A4%95%E0%A4%BE/]
in SYSTEMPATH/Router/Router.php on line 768.
 1 SYSTEMPATH/Router/Router.php(219): CodeIgniter\Router\Router->checkDisallowedChars()
 2 SYSTEMPATH/CodeIgniter.php(829): CodeIgniter\Router\Router->handle()
 3 SYSTEMPATH/CodeIgniter.php(441): CodeIgniter\CodeIgniter->tryToRouteIt()
 4 SYSTEMPATH/CodeIgniter.php(340): CodeIgniter\CodeIgniter->handleRequest()
 5 SYSTEMPATH/Boot.php(417): CodeIgniter\CodeIgniter->run()
 6 SYSTEMPATH/Boot.php(68): CodeIgniter\Boot::runCodeIgniter()
 7 FCPATH/index.php(31): CodeIgniter\Boot::bootWeb()
CRITICAL - 2026-05-28 03:00:47 --> CodeIgniter\HTTP\Exceptions\BadRequestException: The URI you submitted has disallowed characters: "पत्रपत्रिका"
[Method: GET, Route: category/%E0%A4%AA%E0%A4%A4%E0%A5%8D%E0%A4%B0%E0%A4%AA%E0%A4%A4%E0%A5%8D%E0%A4%B0%E0%A4%BF%E0%A4%95%E0%A4%BE/]
in SYSTEMPATH/Router/Router.php on line 768.
 1 SYSTEMPATH/Router/Router.php(219): CodeIgniter\Router\Router->checkDisallowedChars()
 2 SYSTEMPATH/CodeIgniter.php(829): CodeIgniter\Router\Router->handle()
 3 SYSTEMPATH/CodeIgniter.php(441): CodeIgniter\CodeIgniter->tryToRouteIt()
 4 SYSTEMPATH/CodeIgniter.php(340): CodeIgniter\CodeIgniter->handleRequest()
 5 SYSTEMPATH/Boot.php(417): CodeIgniter\CodeIgniter->run()
 6 SYSTEMPATH/Boot.php(68): CodeIgniter\Boot::runCodeIgniter()
 7 FCPATH/index.php(31): CodeIgniter\Boot::bootWeb()
CRITICAL - 2026-05-28 03:00:48 --> CodeIgniter\HTTP\Exceptions\BadRequestException: The URI you submitted has disallowed characters: "पत्रपत्रिका"
[Method: GET, Route: category/%E0%A4%AA%E0%A4%A4%E0%A5%8D%E0%A4%B0%E0%A4%AA%E0%A4%A4%E0%A5%8D%E0%A4%B0%E0%A4%BF%E0%A4%95%E0%A4%BE/page/2/]
in SYSTEMPATH/Router/Router.php on line 768.
 1 SYSTEMPATH/Router/Router.php(219): CodeIgniter\Router\Router->checkDisallowedChars()
 2 SYSTEMPATH/CodeIgniter.php(829): CodeIgniter\Router\Router->handle()
 3 SYSTEMPATH/CodeIgniter.php(441): CodeIgniter\CodeIgniter->tryToRouteIt()
 4 SYSTEMPATH/CodeIgniter.php(340): CodeIgniter\CodeIgniter->handleRequest()
 5 SYSTEMPATH/Boot.php(417): CodeIgniter\CodeIgniter->run()
 6 SYSTEMPATH/Boot.php(68): CodeIgniter\Boot::runCodeIgniter()
 7 FCPATH/index.php(31): CodeIgniter\Boot::bootWeb()
CRITICAL - 2026-05-28 03:00:50 --> CodeIgniter\HTTP\Exceptions\BadRequestException: The URI you submitted has disallowed characters: "पत्रपत्रिका"
[Method: GET, Route: category/%E0%A4%AA%E0%A4%A4%E0%A5%8D%E0%A4%B0%E0%A4%AA%E0%A4%A4%E0%A5%8D%E0%A4%B0%E0%A4%BF%E0%A4%95%E0%A4%BE/page/3/]
in SYSTEMPATH/Router/Router.php on line 768.
 1 SYSTEMPATH/Router/Router.php(219): CodeIgniter\Router\Router->checkDisallowedChars()
 2 SYSTEMPATH/CodeIgniter.php(829): CodeIgniter\Router\Router->handle()
 3 SYSTEMPATH/CodeIgniter.php(441): CodeIgniter\CodeIgniter->tryToRouteIt()
 4 SYSTEMPATH/CodeIgniter.php(340): CodeIgniter\CodeIgniter->handleRequest()
 5 SYSTEMPATH/Boot.php(417): CodeIgniter\CodeIgniter->run()
 6 SYSTEMPATH/Boot.php(68): CodeIgniter\Boot::runCodeIgniter()
 7 FCPATH/index.php(31): CodeIgniter\Boot::bootWeb()
CRITICAL - 2026-05-28 03:00:52 --> CodeIgniter\HTTP\Exceptions\BadRequestException: The URI you submitted has disallowed characters: "पत्रपत्रिका"
[Method: GET, Route: category/%E0%A4%AA%E0%A4%A4%E0%A5%8D%E0%A4%B0%E0%A4%AA%E0%A4%A4%E0%A5%8D%E0%A4%B0%E0%A4%BF%E0%A4%95%E0%A4%BE/page/4/]
in SYSTEMPATH/Router/Router.php on line 768.
 1 SYSTEMPATH/Router/Router.php(219): CodeIgniter\Router\Router->checkDisallowedChars()
 2 SYSTEMPATH/CodeIgniter.php(829): CodeIgniter\Router\Router->handle()
 3 SYSTEMPATH/CodeIgniter.php(441): CodeIgniter\CodeIgniter->tryToRouteIt()
 4 SYSTEMPATH/CodeIgniter.php(340): CodeIgniter\CodeIgniter->handleRequest()
 5 SYSTEMPATH/Boot.php(417): CodeIgniter\CodeIgniter->run()
 6 SYSTEMPATH/Boot.php(68): CodeIgniter\Boot::runCodeIgniter()
 7 FCPATH/index.php(31): CodeIgniter\Boot::bootWeb()
CRITICAL - 2026-05-28 03:00:53 --> CodeIgniter\HTTP\Exceptions\BadRequestException: The URI you submitted has disallowed characters: "पत्रपत्रिका"
[Method: GET, Route: category/%E0%A4%AA%E0%A4%A4%E0%A5%8D%E0%A4%B0%E0%A4%AA%E0%A4%A4%E0%A5%8D%E0%A4%B0%E0%A4%BF%E0%A4%95%E0%A4%BE/page/5/]
in SYSTEMPATH/Router/Router.php on line 768.
 1 SYSTEMPATH/Router/Router.php(219): CodeIgniter\Router\Router->checkDisallowedChars()
 2 SYSTEMPATH/CodeIgniter.php(829): CodeIgniter\Router\Router->handle()
 3 SYSTEMPATH/CodeIgniter.php(441): CodeIgniter\CodeIgniter->tryToRouteIt()
 4 SYSTEMPATH/CodeIgniter.php(340): CodeIgniter\CodeIgniter->handleRequest()
 5 SYSTEMPATH/Boot.php(417): CodeIgniter\CodeIgniter->run()
 6 SYSTEMPATH/Boot.php(68): CodeIgniter\Boot::runCodeIgniter()
 7 FCPATH/index.php(31): CodeIgniter\Boot::bootWeb()
CRITICAL - 2026-05-28 03:00:55 --> CodeIgniter\HTTP\Exceptions\BadRequestException: The URI you submitted has disallowed characters: "पत्रपत्रिका"
[Method: GET, Route: category/%E0%A4%AA%E0%A4%A4%E0%A5%8D%E0%A4%B0%E0%A4%AA%E0%A4%A4%E0%A5%8D%E0%A4%B0%E0%A4%BF%E0%A4%95%E0%A4%BE/page/6/]
in SYSTEMPATH/Router/Router.php on line 768.
 1 SYSTEMPATH/Router/Router.php(219): CodeIgniter\Router\Router->checkDisallowedChars()
 2 SYSTEMPATH/CodeIgniter.php(829): CodeIgniter\Router\Router->handle()
 3 SYSTEMPATH/CodeIgniter.php(441): CodeIgniter\CodeIgniter->tryToRouteIt()
 4 SYSTEMPATH/CodeIgniter.php(340): CodeIgniter\CodeIgniter->handleRequest()
 5 SYSTEMPATH/Boot.php(417): CodeIgniter\CodeIgniter->run()
 6 SYSTEMPATH/Boot.php(68): CodeIgniter\Boot::runCodeIgniter()
 7 FCPATH/index.php(31): CodeIgniter\Boot::bootWeb()
CRITICAL - 2026-05-28 03:00:57 --> CodeIgniter\HTTP\Exceptions\BadRequestException: The URI you submitted has disallowed characters: "पत्रपत्रिका"
[Method: GET, Route: category/%E0%A4%AA%E0%A4%A4%E0%A5%8D%E0%A4%B0%E0%A4%AA%E0%A4%A4%E0%A5%8D%E0%A4%B0%E0%A4%BF%E0%A4%95%E0%A4%BE/page/7/]
in SYSTEMPATH/Router/Router.php on line 768.
 1 SYSTEMPATH/Router/Router.php(219): CodeIgniter\Router\Router->checkDisallowedChars()
 2 SYSTEMPATH/CodeIgniter.php(829): CodeIgniter\Router\Router->handle()
 3 SYSTEMPATH/CodeIgniter.php(441): CodeIgniter\CodeIgniter->tryToRouteIt()
 4 SYSTEMPATH/CodeIgniter.php(340): CodeIgniter\CodeIgniter->handleRequest()
 5 SYSTEMPATH/Boot.php(417): CodeIgniter\CodeIgniter->run()
 6 SYSTEMPATH/Boot.php(68): CodeIgniter\Boot::runCodeIgniter()
 7 FCPATH/index.php(31): CodeIgniter\Boot::bootWeb()
CRITICAL - 2026-05-28 03:01:00 --> CodeIgniter\HTTP\Exceptions\BadRequestException: The URI you submitted has disallowed characters: "पत्रपत्रिका"
[Method: GET, Route: category/%E0%A4%AA%E0%A4%A4%E0%A5%8D%E0%A4%B0%E0%A4%AA%E0%A4%A4%E0%A5%8D%E0%A4%B0%E0%A4%BF%E0%A4%95%E0%A4%BE/page/8/]
in SYSTEMPATH/Router/Router.php on line 768.
 1 SYSTEMPATH/Router/Router.php(219): CodeIgniter\Router\Router->checkDisallowedChars()
 2 SYSTEMPATH/CodeIgniter.php(829): CodeIgniter\Router\Router->handle()
 3 SYSTEMPATH/CodeIgniter.php(441): CodeIgniter\CodeIgniter->tryToRouteIt()
 4 SYSTEMPATH/CodeIgniter.php(340): CodeIgniter\CodeIgniter->handleRequest()
 5 SYSTEMPATH/Boot.php(417): CodeIgniter\CodeIgniter->run()
 6 SYSTEMPATH/Boot.php(68): CodeIgniter\Boot::runCodeIgniter()
 7 FCPATH/index.php(31): CodeIgniter\Boot::bootWeb()
CRITICAL - 2026-05-28 03:01:02 --> CodeIgniter\HTTP\Exceptions\BadRequestException: The URI you submitted has disallowed characters: "पत्रपत्रिका"
[Method: GET, Route: category/%E0%A4%AA%E0%A4%A4%E0%A5%8D%E0%A4%B0%E0%A4%AA%E0%A4%A4%E0%A5%8D%E0%A4%B0%E0%A4%BF%E0%A4%95%E0%A4%BE/page/8/]
in SYSTEMPATH/Router/Router.php on line 768.
 1 SYSTEMPATH/Router/Router.php(219): CodeIgniter\Router\Router->checkDisallowedChars()
 2 SYSTEMPATH/CodeIgniter.php(829): CodeIgniter\Router\Router->handle()
 3 SYSTEMPATH/CodeIgniter.php(441): CodeIgniter\CodeIgniter->tryToRouteIt()
 4 SYSTEMPATH/CodeIgniter.php(340): CodeIgniter\CodeIgniter->handleRequest()
 5 SYSTEMPATH/Boot.php(417): CodeIgniter\CodeIgniter->run()
 6 SYSTEMPATH/Boot.php(68): CodeIgniter\Boot::runCodeIgniter()
 7 FCPATH/index.php(31): CodeIgniter\Boot::bootWeb()
CRITICAL - 2026-05-28 03:01:05 --> CodeIgniter\HTTP\Exceptions\BadRequestException: The URI you submitted has disallowed characters: "पत्रपत्रिका"
[Method: GET, Route: category/%E0%A4%AA%E0%A4%A4%E0%A5%8D%E0%A4%B0%E0%A4%AA%E0%A4%A4%E0%A5%8D%E0%A4%B0%E0%A4%BF%E0%A4%95%E0%A4%BE/page/9/]
in SYSTEMPATH/Router/Router.php on line 768.
 1 SYSTEMPATH/Router/Router.php(219): CodeIgniter\Router\Router->checkDisallowedChars()
 2 SYSTEMPATH/CodeIgniter.php(829): CodeIgniter\Router\Router->handle()
 3 SYSTEMPATH/CodeIgniter.php(441): CodeIgniter\CodeIgniter->tryToRouteIt()
 4 SYSTEMPATH/CodeIgniter.php(340): CodeIgniter\CodeIgniter->handleRequest()
 5 SYSTEMPATH/Boot.php(417): CodeIgniter\CodeIgniter->run()
 6 SYSTEMPATH/Boot.php(68): CodeIgniter\Boot::runCodeIgniter()
 7 FCPATH/index.php(31): CodeIgniter\Boot::bootWeb()
CRITICAL - 2026-05-28 03:01:07 --> CodeIgniter\HTTP\Exceptions\BadRequestException: The URI you submitted has disallowed characters: "पत्रपत्रिका"
[Method: GET, Route: category/%E0%A4%AA%E0%A4%A4%E0%A5%8D%E0%A4%B0%E0%A4%AA%E0%A4%A4%E0%A5%8D%E0%A4%B0%E0%A4%BF%E0%A4%95%E0%A4%BE/page/9/]
in SYSTEMPATH/Router/Router.php on line 768.
 1 SYSTEMPATH/Router/Router.php(219): CodeIgniter\Router\Router->checkDisallowedChars()
 2 SYSTEMPATH/CodeIgniter.php(829): CodeIgniter\Router\Router->handle()
 3 SYSTEMPATH/CodeIgniter.php(441): CodeIgniter\CodeIgniter->tryToRouteIt()
 4 SYSTEMPATH/CodeIgniter.php(340): CodeIgniter\CodeIgniter->handleRequest()
 5 SYSTEMPATH/Boot.php(417): CodeIgniter\CodeIgniter->run()
 6 SYSTEMPATH/Boot.php(68): CodeIgniter\Boot::runCodeIgniter()
 7 FCPATH/index.php(31): CodeIgniter\Boot::bootWeb()
CRITICAL - 2026-05-28 03:01:09 --> CodeIgniter\HTTP\Exceptions\BadRequestException: The URI you submitted has disallowed characters: "प्रदेश-१"
[Method: GET, Route: category/%E0%A4%AA%E0%A5%8D%E0%A4%B0%E0%A4%A6%E0%A5%87%E0%A4%B6-%E0%A5%A7/]
in SYSTEMPATH/Router/Router.php on line 768.
 1 SYSTEMPATH/Router/Router.php(219): CodeIgniter\Router\Router->checkDisallowedChars()
 2 SYSTEMPATH/CodeIgniter.php(829): CodeIgniter\Router\Router->handle()
 3 SYSTEMPATH/CodeIgniter.php(441): CodeIgniter\CodeIgniter->tryToRouteIt()
 4 SYSTEMPATH/CodeIgniter.php(340): CodeIgniter\CodeIgniter->handleRequest()
 5 SYSTEMPATH/Boot.php(417): CodeIgniter\CodeIgniter->run()
 6 SYSTEMPATH/Boot.php(68): CodeIgniter\Boot::runCodeIgniter()
 7 FCPATH/index.php(31): CodeIgniter\Boot::bootWeb()
CRITICAL - 2026-05-28 03:01:12 --> CodeIgniter\HTTP\Exceptions\BadRequestException: The URI you submitted has disallowed characters: "प्रदेश-१"
[Method: GET, Route: category/%E0%A4%AA%E0%A5%8D%E0%A4%B0%E0%A4%A6%E0%A5%87%E0%A4%B6-%E0%A5%A7/page/2/]
in SYSTEMPATH/Router/Router.php on line 768.
 1 SYSTEMPATH/Router/Router.php(219): CodeIgniter\Router\Router->checkDisallowedChars()
 2 SYSTEMPATH/CodeIgniter.php(829): CodeIgniter\Router\Router->handle()
 3 SYSTEMPATH/CodeIgniter.php(441): CodeIgniter\CodeIgniter->tryToRouteIt()
 4 SYSTEMPATH/CodeIgniter.php(340): CodeIgniter\CodeIgniter->handleRequest()
 5 SYSTEMPATH/Boot.php(417): CodeIgniter\CodeIgniter->run()
 6 SYSTEMPATH/Boot.php(68): CodeIgniter\Boot::runCodeIgniter()
 7 FCPATH/index.php(31): CodeIgniter\Boot::bootWeb()
CRITICAL - 2026-05-28 03:01:14 --> CodeIgniter\HTTP\Exceptions\BadRequestException: The URI you submitted has disallowed characters: "प्रदेश-१"
[Method: GET, Route: category/%E0%A4%AA%E0%A5%8D%E0%A4%B0%E0%A4%A6%E0%A5%87%E0%A4%B6-%E0%A5%A7/page/2/]
in SYSTEMPATH/Router/Router.php on line 768.
 1 SYSTEMPATH/Router/Router.php(219): CodeIgniter\Router\Router->checkDisallowedChars()
 2 SYSTEMPATH/CodeIgniter.php(829): CodeIgniter\Router\Router->handle()
 3 SYSTEMPATH/CodeIgniter.php(441): CodeIgniter\CodeIgniter->tryToRouteIt()
 4 SYSTEMPATH/CodeIgniter.php(340): CodeIgniter\CodeIgniter->handleRequest()
 5 SYSTEMPATH/Boot.php(417): CodeIgniter\CodeIgniter->run()
 6 SYSTEMPATH/Boot.php(68): CodeIgniter\Boot::runCodeIgniter()
 7 FCPATH/index.php(31): CodeIgniter\Boot::bootWeb()
CRITICAL - 2026-05-28 03:01:16 --> CodeIgniter\HTTP\Exceptions\BadRequestException: The URI you submitted has disallowed characters: "प्रदेश-१"
[Method: GET, Route: category/%E0%A4%AA%E0%A5%8D%E0%A4%B0%E0%A4%A6%E0%A5%87%E0%A4%B6-%E0%A5%A7/page/3/]
in SYSTEMPATH/Router/Router.php on line 768.
 1 SYSTEMPATH/Router/Router.php(219): CodeIgniter\Router\Router->checkDisallowedChars()
 2 SYSTEMPATH/CodeIgniter.php(829): CodeIgniter\Router\Router->handle()
 3 SYSTEMPATH/CodeIgniter.php(441): CodeIgniter\CodeIgniter->tryToRouteIt()
 4 SYSTEMPATH/CodeIgniter.php(340): CodeIgniter\CodeIgniter->handleRequest()
 5 SYSTEMPATH/Boot.php(417): CodeIgniter\CodeIgniter->run()
 6 SYSTEMPATH/Boot.php(68): CodeIgniter\Boot::runCodeIgniter()
 7 FCPATH/index.php(31): CodeIgniter\Boot::bootWeb()
CRITICAL - 2026-05-28 03:01:17 --> CodeIgniter\HTTP\Exceptions\BadRequestException: The URI you submitted has disallowed characters: "प्रदेश-१"
[Method: GET, Route: category/%E0%A4%AA%E0%A5%8D%E0%A4%B0%E0%A4%A6%E0%A5%87%E0%A4%B6-%E0%A5%A7/page/4/]
in SYSTEMPATH/Router/Router.php on line 768.
 1 SYSTEMPATH/Router/Router.php(219): CodeIgniter\Router\Router->checkDisallowedChars()
 2 SYSTEMPATH/CodeIgniter.php(829): CodeIgniter\Router\Router->handle()
 3 SYSTEMPATH/CodeIgniter.php(441): CodeIgniter\CodeIgniter->tryToRouteIt()
 4 SYSTEMPATH/CodeIgniter.php(340): CodeIgniter\CodeIgniter->handleRequest()
 5 SYSTEMPATH/Boot.php(417): CodeIgniter\CodeIgniter->run()
 6 SYSTEMPATH/Boot.php(68): CodeIgniter\Boot::runCodeIgniter()
 7 FCPATH/index.php(31): CodeIgniter\Boot::bootWeb()
CRITICAL - 2026-05-28 03:01:21 --> CodeIgniter\HTTP\Exceptions\BadRequestException: The URI you submitted has disallowed characters: "प्रदेश-१"
[Method: GET, Route: category/%E0%A4%AA%E0%A5%8D%E0%A4%B0%E0%A4%A6%E0%A5%87%E0%A4%B6-%E0%A5%A7/page/5/]
in SYSTEMPATH/Router/Router.php on line 768.
 1 SYSTEMPATH/Router/Router.php(219): CodeIgniter\Router\Router->checkDisallowedChars()
 2 SYSTEMPATH/CodeIgniter.php(829): CodeIgniter\Router\Router->handle()
 3 SYSTEMPATH/CodeIgniter.php(441): CodeIgniter\CodeIgniter->tryToRouteIt()
 4 SYSTEMPATH/CodeIgniter.php(340): CodeIgniter\CodeIgniter->handleRequest()
 5 SYSTEMPATH/Boot.php(417): CodeIgniter\CodeIgniter->run()
 6 SYSTEMPATH/Boot.php(68): CodeIgniter\Boot::runCodeIgniter()
 7 FCPATH/index.php(31): CodeIgniter\Boot::bootWeb()
CRITICAL - 2026-05-28 03:01:22 --> CodeIgniter\HTTP\Exceptions\BadRequestException: The URI you submitted has disallowed characters: "प्रदेश-१"
[Method: GET, Route: category/%E0%A4%AA%E0%A5%8D%E0%A4%B0%E0%A4%A6%E0%A5%87%E0%A4%B6-%E0%A5%A7/page/5/]
in SYSTEMPATH/Router/Router.php on line 768.
 1 SYSTEMPATH/Router/Router.php(219): CodeIgniter\Router\Router->checkDisallowedChars()
 2 SYSTEMPATH/CodeIgniter.php(829): CodeIgniter\Router\Router->handle()
 3 SYSTEMPATH/CodeIgniter.php(441): CodeIgniter\CodeIgniter->tryToRouteIt()
 4 SYSTEMPATH/CodeIgniter.php(340): CodeIgniter\CodeIgniter->handleRequest()
 5 SYSTEMPATH/Boot.php(417): CodeIgniter\CodeIgniter->run()
 6 SYSTEMPATH/Boot.php(68): CodeIgniter\Boot::runCodeIgniter()
 7 FCPATH/index.php(31): CodeIgniter\Boot::bootWeb()
CRITICAL - 2026-05-28 03:01:24 --> CodeIgniter\HTTP\Exceptions\BadRequestException: The URI you submitted has disallowed characters: "प्रदेश-१"
[Method: GET, Route: category/%E0%A4%AA%E0%A5%8D%E0%A4%B0%E0%A4%A6%E0%A5%87%E0%A4%B6-%E0%A5%A7/page/6/]
in SYSTEMPATH/Router/Router.php on line 768.
 1 SYSTEMPATH/Router/Router.php(219): CodeIgniter\Router\Router->checkDisallowedChars()
 2 SYSTEMPATH/CodeIgniter.php(829): CodeIgniter\Router\Router->handle()
 3 SYSTEMPATH/CodeIgniter.php(441): CodeIgniter\CodeIgniter->tryToRouteIt()
 4 SYSTEMPATH/CodeIgniter.php(340): CodeIgniter\CodeIgniter->handleRequest()
 5 SYSTEMPATH/Boot.php(417): CodeIgniter\CodeIgniter->run()
 6 SYSTEMPATH/Boot.php(68): CodeIgniter\Boot::runCodeIgniter()
 7 FCPATH/index.php(31): CodeIgniter\Boot::bootWeb()
CRITICAL - 2026-05-28 03:01:26 --> CodeIgniter\HTTP\Exceptions\BadRequestException: The URI you submitted has disallowed characters: "प्रदेश-१"
[Method: GET, Route: category/%E0%A4%AA%E0%A5%8D%E0%A4%B0%E0%A4%A6%E0%A5%87%E0%A4%B6-%E0%A5%A7/page/7/]
in SYSTEMPATH/Router/Router.php on line 768.
 1 SYSTEMPATH/Router/Router.php(219): CodeIgniter\Router\Router->checkDisallowedChars()
 2 SYSTEMPATH/CodeIgniter.php(829): CodeIgniter\Router\Router->handle()
 3 SYSTEMPATH/CodeIgniter.php(441): CodeIgniter\CodeIgniter->tryToRouteIt()
 4 SYSTEMPATH/CodeIgniter.php(340): CodeIgniter\CodeIgniter->handleRequest()
 5 SYSTEMPATH/Boot.php(417): CodeIgniter\CodeIgniter->run()
 6 SYSTEMPATH/Boot.php(68): CodeIgniter\Boot::runCodeIgniter()
 7 FCPATH/index.php(31): CodeIgniter\Boot::bootWeb()
CRITICAL - 2026-05-28 03:01:29 --> CodeIgniter\HTTP\Exceptions\BadRequestException: The URI you submitted has disallowed characters: "प्रदेश-१"
[Method: GET, Route: category/%E0%A4%AA%E0%A5%8D%E0%A4%B0%E0%A4%A6%E0%A5%87%E0%A4%B6-%E0%A5%A7/page/8/]
in SYSTEMPATH/Router/Router.php on line 768.
 1 SYSTEMPATH/Router/Router.php(219): CodeIgniter\Router\Router->checkDisallowedChars()
 2 SYSTEMPATH/CodeIgniter.php(829): CodeIgniter\Router\Router->handle()
 3 SYSTEMPATH/CodeIgniter.php(441): CodeIgniter\CodeIgniter->tryToRouteIt()
 4 SYSTEMPATH/CodeIgniter.php(340): CodeIgniter\CodeIgniter->handleRequest()
 5 SYSTEMPATH/Boot.php(417): CodeIgniter\CodeIgniter->run()
 6 SYSTEMPATH/Boot.php(68): CodeIgniter\Boot::runCodeIgniter()
 7 FCPATH/index.php(31): CodeIgniter\Boot::bootWeb()
CRITICAL - 2026-05-28 03:01:31 --> CodeIgniter\HTTP\Exceptions\BadRequestException: The URI you submitted has disallowed characters: "प्रदेश-१"
[Method: GET, Route: category/%E0%A4%AA%E0%A5%8D%E0%A4%B0%E0%A4%A6%E0%A5%87%E0%A4%B6-%E0%A5%A7/page/8/]
in SYSTEMPATH/Router/Router.php on line 768.
 1 SYSTEMPATH/Router/Router.php(219): CodeIgniter\Router\Router->checkDisallowedChars()
 2 SYSTEMPATH/CodeIgniter.php(829): CodeIgniter\Router\Router->handle()
 3 SYSTEMPATH/CodeIgniter.php(441): CodeIgniter\CodeIgniter->tryToRouteIt()
 4 SYSTEMPATH/CodeIgniter.php(340): CodeIgniter\CodeIgniter->handleRequest()
 5 SYSTEMPATH/Boot.php(417): CodeIgniter\CodeIgniter->run()
 6 SYSTEMPATH/Boot.php(68): CodeIgniter\Boot::runCodeIgniter()
 7 FCPATH/index.php(31): CodeIgniter\Boot::bootWeb()
CRITICAL - 2026-05-28 03:01:34 --> CodeIgniter\HTTP\Exceptions\BadRequestException: The URI you submitted has disallowed characters: "प्रदेश-१"
[Method: GET, Route: category/%E0%A4%AA%E0%A5%8D%E0%A4%B0%E0%A4%A6%E0%A5%87%E0%A4%B6-%E0%A5%A7/page/9/]
in SYSTEMPATH/Router/Router.php on line 768.
 1 SYSTEMPATH/Router/Router.php(219): CodeIgniter\Router\Router->checkDisallowedChars()
 2 SYSTEMPATH/CodeIgniter.php(829): CodeIgniter\Router\Router->handle()
 3 SYSTEMPATH/CodeIgniter.php(441): CodeIgniter\CodeIgniter->tryToRouteIt()
 4 SYSTEMPATH/CodeIgniter.php(340): CodeIgniter\CodeIgniter->handleRequest()
 5 SYSTEMPATH/Boot.php(417): CodeIgniter\CodeIgniter->run()
 6 SYSTEMPATH/Boot.php(68): CodeIgniter\Boot::runCodeIgniter()
 7 FCPATH/index.php(31): CodeIgniter\Boot::bootWeb()
CRITICAL - 2026-05-28 03:01:36 --> CodeIgniter\HTTP\Exceptions\BadRequestException: The URI you submitted has disallowed characters: "प्रदेश-१"
[Method: GET, Route: category/%E0%A4%AA%E0%A5%8D%E0%A4%B0%E0%A4%A6%E0%A5%87%E0%A4%B6-%E0%A5%A7/page/9/]
in SYSTEMPATH/Router/Router.php on line 768.
 1 SYSTEMPATH/Router/Router.php(219): CodeIgniter\Router\Router->checkDisallowedChars()
 2 SYSTEMPATH/CodeIgniter.php(829): CodeIgniter\Router\Router->handle()
 3 SYSTEMPATH/CodeIgniter.php(441): CodeIgniter\CodeIgniter->tryToRouteIt()
 4 SYSTEMPATH/CodeIgniter.php(340): CodeIgniter\CodeIgniter->handleRequest()
 5 SYSTEMPATH/Boot.php(417): CodeIgniter\CodeIgniter->run()
 6 SYSTEMPATH/Boot.php(68): CodeIgniter\Boot::runCodeIgniter()
 7 FCPATH/index.php(31): CodeIgniter\Boot::bootWeb()
CRITICAL - 2026-05-28 03:01:39 --> CodeIgniter\HTTP\Exceptions\BadRequestException: The URI you submitted has disallowed characters: "प्रदेश-२"
[Method: GET, Route: category/%E0%A4%AA%E0%A5%8D%E0%A4%B0%E0%A4%A6%E0%A5%87%E0%A4%B6-%E0%A5%A8/]
in SYSTEMPATH/Router/Router.php on line 768.
 1 SYSTEMPATH/Router/Router.php(219): CodeIgniter\Router\Router->checkDisallowedChars()
 2 SYSTEMPATH/CodeIgniter.php(829): CodeIgniter\Router\Router->handle()
 3 SYSTEMPATH/CodeIgniter.php(441): CodeIgniter\CodeIgniter->tryToRouteIt()
 4 SYSTEMPATH/CodeIgniter.php(340): CodeIgniter\CodeIgniter->handleRequest()
 5 SYSTEMPATH/Boot.php(417): CodeIgniter\CodeIgniter->run()
 6 SYSTEMPATH/Boot.php(68): CodeIgniter\Boot::runCodeIgniter()
 7 FCPATH/index.php(31): CodeIgniter\Boot::bootWeb()
CRITICAL - 2026-05-28 03:01:41 --> CodeIgniter\HTTP\Exceptions\BadRequestException: The URI you submitted has disallowed characters: "प्रदेश-२"
[Method: GET, Route: category/%E0%A4%AA%E0%A5%8D%E0%A4%B0%E0%A4%A6%E0%A5%87%E0%A4%B6-%E0%A5%A8/]
in SYSTEMPATH/Router/Router.php on line 768.
 1 SYSTEMPATH/Router/Router.php(219): CodeIgniter\Router\Router->checkDisallowedChars()
 2 SYSTEMPATH/CodeIgniter.php(829): CodeIgniter\Router\Router->handle()
 3 SYSTEMPATH/CodeIgniter.php(441): CodeIgniter\CodeIgniter->tryToRouteIt()
 4 SYSTEMPATH/CodeIgniter.php(340): CodeIgniter\CodeIgniter->handleRequest()
 5 SYSTEMPATH/Boot.php(417): CodeIgniter\CodeIgniter->run()
 6 SYSTEMPATH/Boot.php(68): CodeIgniter\Boot::runCodeIgniter()
 7 FCPATH/index.php(31): CodeIgniter\Boot::bootWeb()
CRITICAL - 2026-05-28 03:01:44 --> CodeIgniter\HTTP\Exceptions\BadRequestException: The URI you submitted has disallowed characters: "प्रदेश-२"
[Method: GET, Route: category/%E0%A4%AA%E0%A5%8D%E0%A4%B0%E0%A4%A6%E0%A5%87%E0%A4%B6-%E0%A5%A8/page/10/]
in SYSTEMPATH/Router/Router.php on line 768.
 1 SYSTEMPATH/Router/Router.php(219): CodeIgniter\Router\Router->checkDisallowedChars()
 2 SYSTEMPATH/CodeIgniter.php(829): CodeIgniter\Router\Router->handle()
 3 SYSTEMPATH/CodeIgniter.php(441): CodeIgniter\CodeIgniter->tryToRouteIt()
 4 SYSTEMPATH/CodeIgniter.php(340): CodeIgniter\CodeIgniter->handleRequest()
 5 SYSTEMPATH/Boot.php(417): CodeIgniter\CodeIgniter->run()
 6 SYSTEMPATH/Boot.php(68): CodeIgniter\Boot::runCodeIgniter()
 7 FCPATH/index.php(31): CodeIgniter\Boot::bootWeb()
CRITICAL - 2026-05-28 03:01:46 --> CodeIgniter\HTTP\Exceptions\BadRequestException: The URI you submitted has disallowed characters: "प्रदेश-२"
[Method: GET, Route: category/%E0%A4%AA%E0%A5%8D%E0%A4%B0%E0%A4%A6%E0%A5%87%E0%A4%B6-%E0%A5%A8/page/10/]
in SYSTEMPATH/Router/Router.php on line 768.
 1 SYSTEMPATH/Router/Router.php(219): CodeIgniter\Router\Router->checkDisallowedChars()
 2 SYSTEMPATH/CodeIgniter.php(829): CodeIgniter\Router\Router->handle()
 3 SYSTEMPATH/CodeIgniter.php(441): CodeIgniter\CodeIgniter->tryToRouteIt()
 4 SYSTEMPATH/CodeIgniter.php(340): CodeIgniter\CodeIgniter->handleRequest()
 5 SYSTEMPATH/Boot.php(417): CodeIgniter\CodeIgniter->run()
 6 SYSTEMPATH/Boot.php(68): CodeIgniter\Boot::runCodeIgniter()
 7 FCPATH/index.php(31): CodeIgniter\Boot::bootWeb()
CRITICAL - 2026-05-28 03:01:49 --> CodeIgniter\HTTP\Exceptions\BadRequestException: The URI you submitted has disallowed characters: "प्रदेश-२"
[Method: GET, Route: category/%E0%A4%AA%E0%A5%8D%E0%A4%B0%E0%A4%A6%E0%A5%87%E0%A4%B6-%E0%A5%A8/page/11/]
in SYSTEMPATH/Router/Router.php on line 768.
 1 SYSTEMPATH/Router/Router.php(219): CodeIgniter\Router\Router->checkDisallowedChars()
 2 SYSTEMPATH/CodeIgniter.php(829): CodeIgniter\Router\Router->handle()
 3 SYSTEMPATH/CodeIgniter.php(441): CodeIgniter\CodeIgniter->tryToRouteIt()
 4 SYSTEMPATH/CodeIgniter.php(340): CodeIgniter\CodeIgniter->handleRequest()
 5 SYSTEMPATH/Boot.php(417): CodeIgniter\CodeIgniter->run()
 6 SYSTEMPATH/Boot.php(68): CodeIgniter\Boot::runCodeIgniter()
 7 FCPATH/index.php(31): CodeIgniter\Boot::bootWeb()
CRITICAL - 2026-05-28 03:01:51 --> CodeIgniter\HTTP\Exceptions\BadRequestException: The URI you submitted has disallowed characters: "प्रदेश-२"
[Method: GET, Route: category/%E0%A4%AA%E0%A5%8D%E0%A4%B0%E0%A4%A6%E0%A5%87%E0%A4%B6-%E0%A5%A8/page/11/]
in SYSTEMPATH/Router/Router.php on line 768.
 1 SYSTEMPATH/Router/Router.php(219): CodeIgniter\Router\Router->checkDisallowedChars()
 2 SYSTEMPATH/CodeIgniter.php(829): CodeIgniter\Router\Router->handle()
 3 SYSTEMPATH/CodeIgniter.php(441): CodeIgniter\CodeIgniter->tryToRouteIt()
 4 SYSTEMPATH/CodeIgniter.php(340): CodeIgniter\CodeIgniter->handleRequest()
 5 SYSTEMPATH/Boot.php(417): CodeIgniter\CodeIgniter->run()
 6 SYSTEMPATH/Boot.php(68): CodeIgniter\Boot::runCodeIgniter()
 7 FCPATH/index.php(31): CodeIgniter\Boot::bootWeb()
CRITICAL - 2026-05-28 03:01:54 --> CodeIgniter\HTTP\Exceptions\BadRequestException: The URI you submitted has disallowed characters: "प्रदेश-२"
[Method: GET, Route: category/%E0%A4%AA%E0%A5%8D%E0%A4%B0%E0%A4%A6%E0%A5%87%E0%A4%B6-%E0%A5%A8/page/12/]
in SYSTEMPATH/Router/Router.php on line 768.
 1 SYSTEMPATH/Router/Router.php(219): CodeIgniter\Router\Router->checkDisallowedChars()
 2 SYSTEMPATH/CodeIgniter.php(829): CodeIgniter\Router\Router->handle()
 3 SYSTEMPATH/CodeIgniter.php(441): CodeIgniter\CodeIgniter->tryToRouteIt()
 4 SYSTEMPATH/CodeIgniter.php(340): CodeIgniter\CodeIgniter->handleRequest()
 5 SYSTEMPATH/Boot.php(417): CodeIgniter\CodeIgniter->run()
 6 SYSTEMPATH/Boot.php(68): CodeIgniter\Boot::runCodeIgniter()
 7 FCPATH/index.php(31): CodeIgniter\Boot::bootWeb()
CRITICAL - 2026-05-28 03:01:56 --> CodeIgniter\HTTP\Exceptions\BadRequestException: The URI you submitted has disallowed characters: "प्रदेश-२"
[Method: GET, Route: category/%E0%A4%AA%E0%A5%8D%E0%A4%B0%E0%A4%A6%E0%A5%87%E0%A4%B6-%E0%A5%A8/page/12/]
in SYSTEMPATH/Router/Router.php on line 768.
 1 SYSTEMPATH/Router/Router.php(219): CodeIgniter\Router\Router->checkDisallowedChars()
 2 SYSTEMPATH/CodeIgniter.php(829): CodeIgniter\Router\Router->handle()
 3 SYSTEMPATH/CodeIgniter.php(441): CodeIgniter\CodeIgniter->tryToRouteIt()
 4 SYSTEMPATH/CodeIgniter.php(340): CodeIgniter\CodeIgniter->handleRequest()
 5 SYSTEMPATH/Boot.php(417): CodeIgniter\CodeIgniter->run()
 6 SYSTEMPATH/Boot.php(68): CodeIgniter\Boot::runCodeIgniter()
 7 FCPATH/index.php(31): CodeIgniter\Boot::bootWeb()
CRITICAL - 2026-05-28 03:01:59 --> CodeIgniter\HTTP\Exceptions\BadRequestException: The URI you submitted has disallowed characters: "प्रदेश-२"
[Method: GET, Route: category/%E0%A4%AA%E0%A5%8D%E0%A4%B0%E0%A4%A6%E0%A5%87%E0%A4%B6-%E0%A5%A8/page/2/]
in SYSTEMPATH/Router/Router.php on line 768.
 1 SYSTEMPATH/Router/Router.php(219): CodeIgniter\Router\Router->checkDisallowedChars()
 2 SYSTEMPATH/CodeIgniter.php(829): CodeIgniter\Router\Router->handle()
 3 SYSTEMPATH/CodeIgniter.php(441): CodeIgniter\CodeIgniter->tryToRouteIt()
 4 SYSTEMPATH/CodeIgniter.php(340): CodeIgniter\CodeIgniter->handleRequest()
 5 SYSTEMPATH/Boot.php(417): CodeIgniter\CodeIgniter->run()
 6 SYSTEMPATH/Boot.php(68): CodeIgniter\Boot::runCodeIgniter()
 7 FCPATH/index.php(31): CodeIgniter\Boot::bootWeb()
CRITICAL - 2026-05-28 03:02:01 --> CodeIgniter\HTTP\Exceptions\BadRequestException: The URI you submitted has disallowed characters: "प्रदेश-२"
[Method: GET, Route: category/%E0%A4%AA%E0%A5%8D%E0%A4%B0%E0%A4%A6%E0%A5%87%E0%A4%B6-%E0%A5%A8/page/2/]
in SYSTEMPATH/Router/Router.php on line 768.
 1 SYSTEMPATH/Router/Router.php(219): CodeIgniter\Router\Router->checkDisallowedChars()
 2 SYSTEMPATH/CodeIgniter.php(829): CodeIgniter\Router\Router->handle()
 3 SYSTEMPATH/CodeIgniter.php(441): CodeIgniter\CodeIgniter->tryToRouteIt()
 4 SYSTEMPATH/CodeIgniter.php(340): CodeIgniter\CodeIgniter->handleRequest()
 5 SYSTEMPATH/Boot.php(417): CodeIgniter\CodeIgniter->run()
 6 SYSTEMPATH/Boot.php(68): CodeIgniter\Boot::runCodeIgniter()
 7 FCPATH/index.php(31): CodeIgniter\Boot::bootWeb()
CRITICAL - 2026-05-28 03:02:04 --> CodeIgniter\HTTP\Exceptions\BadRequestException: The URI you submitted has disallowed characters: "प्रदेश-२"
[Method: GET, Route: category/%E0%A4%AA%E0%A5%8D%E0%A4%B0%E0%A4%A6%E0%A5%87%E0%A4%B6-%E0%A5%A8/page/3/]
in SYSTEMPATH/Router/Router.php on line 768.
 1 SYSTEMPATH/Router/Router.php(219): CodeIgniter\Router\Router->checkDisallowedChars()
 2 SYSTEMPATH/CodeIgniter.php(829): CodeIgniter\Router\Router->handle()
 3 SYSTEMPATH/CodeIgniter.php(441): CodeIgniter\CodeIgniter->tryToRouteIt()
 4 SYSTEMPATH/CodeIgniter.php(340): CodeIgniter\CodeIgniter->handleRequest()
 5 SYSTEMPATH/Boot.php(417): CodeIgniter\CodeIgniter->run()
 6 SYSTEMPATH/Boot.php(68): CodeIgniter\Boot::runCodeIgniter()
 7 FCPATH/index.php(31): CodeIgniter\Boot::bootWeb()
CRITICAL - 2026-05-28 03:02:06 --> CodeIgniter\HTTP\Exceptions\BadRequestException: The URI you submitted has disallowed characters: "प्रदेश-२"
[Method: GET, Route: category/%E0%A4%AA%E0%A5%8D%E0%A4%B0%E0%A4%A6%E0%A5%87%E0%A4%B6-%E0%A5%A8/page/3/]
in SYSTEMPATH/Router/Router.php on line 768.
 1 SYSTEMPATH/Router/Router.php(219): CodeIgniter\Router\Router->checkDisallowedChars()
 2 SYSTEMPATH/CodeIgniter.php(829): CodeIgniter\Router\Router->handle()
 3 SYSTEMPATH/CodeIgniter.php(441): CodeIgniter\CodeIgniter->tryToRouteIt()
 4 SYSTEMPATH/CodeIgniter.php(340): CodeIgniter\CodeIgniter->handleRequest()
 5 SYSTEMPATH/Boot.php(417): CodeIgniter\CodeIgniter->run()
 6 SYSTEMPATH/Boot.php(68): CodeIgniter\Boot::runCodeIgniter()
 7 FCPATH/index.php(31): CodeIgniter\Boot::bootWeb()
CRITICAL - 2026-05-28 03:02:09 --> CodeIgniter\HTTP\Exceptions\BadRequestException: The URI you submitted has disallowed characters: "प्रदेश-२"
[Method: GET, Route: category/%E0%A4%AA%E0%A5%8D%E0%A4%B0%E0%A4%A6%E0%A5%87%E0%A4%B6-%E0%A5%A8/page/4/]
in SYSTEMPATH/Router/Router.php on line 768.
 1 SYSTEMPATH/Router/Router.php(219): CodeIgniter\Router\Router->checkDisallowedChars()
 2 SYSTEMPATH/CodeIgniter.php(829): CodeIgniter\Router\Router->handle()
 3 SYSTEMPATH/CodeIgniter.php(441): CodeIgniter\CodeIgniter->tryToRouteIt()
 4 SYSTEMPATH/CodeIgniter.php(340): CodeIgniter\CodeIgniter->handleRequest()
 5 SYSTEMPATH/Boot.php(417): CodeIgniter\CodeIgniter->run()
 6 SYSTEMPATH/Boot.php(68): CodeIgniter\Boot::runCodeIgniter()
 7 FCPATH/index.php(31): CodeIgniter\Boot::bootWeb()
CRITICAL - 2026-05-28 03:02:11 --> CodeIgniter\HTTP\Exceptions\BadRequestException: The URI you submitted has disallowed characters: "प्रदेश-२"
[Method: GET, Route: category/%E0%A4%AA%E0%A5%8D%E0%A4%B0%E0%A4%A6%E0%A5%87%E0%A4%B6-%E0%A5%A8/page/4/]
in SYSTEMPATH/Router/Router.php on line 768.
 1 SYSTEMPATH/Router/Router.php(219): CodeIgniter\Router\Router->checkDisallowedChars()
 2 SYSTEMPATH/CodeIgniter.php(829): CodeIgniter\Router\Router->handle()
 3 SYSTEMPATH/CodeIgniter.php(441): CodeIgniter\CodeIgniter->tryToRouteIt()
 4 SYSTEMPATH/CodeIgniter.php(340): CodeIgniter\CodeIgniter->handleRequest()
 5 SYSTEMPATH/Boot.php(417): CodeIgniter\CodeIgniter->run()
 6 SYSTEMPATH/Boot.php(68): CodeIgniter\Boot::runCodeIgniter()
 7 FCPATH/index.php(31): CodeIgniter\Boot::bootWeb()
CRITICAL - 2026-05-28 03:02:14 --> CodeIgniter\HTTP\Exceptions\BadRequestException: The URI you submitted has disallowed characters: "प्रदेश-२"
[Method: GET, Route: category/%E0%A4%AA%E0%A5%8D%E0%A4%B0%E0%A4%A6%E0%A5%87%E0%A4%B6-%E0%A5%A8/page/5/]
in SYSTEMPATH/Router/Router.php on line 768.
 1 SYSTEMPATH/Router/Router.php(219): CodeIgniter\Router\Router->checkDisallowedChars()
 2 SYSTEMPATH/CodeIgniter.php(829): CodeIgniter\Router\Router->handle()
 3 SYSTEMPATH/CodeIgniter.php(441): CodeIgniter\CodeIgniter->tryToRouteIt()
 4 SYSTEMPATH/CodeIgniter.php(340): CodeIgniter\CodeIgniter->handleRequest()
 5 SYSTEMPATH/Boot.php(417): CodeIgniter\CodeIgniter->run()
 6 SYSTEMPATH/Boot.php(68): CodeIgniter\Boot::runCodeIgniter()
 7 FCPATH/index.php(31): CodeIgniter\Boot::bootWeb()
CRITICAL - 2026-05-28 03:02:16 --> CodeIgniter\HTTP\Exceptions\BadRequestException: The URI you submitted has disallowed characters: "प्रदेश-२"
[Method: GET, Route: category/%E0%A4%AA%E0%A5%8D%E0%A4%B0%E0%A4%A6%E0%A5%87%E0%A4%B6-%E0%A5%A8/page/5/]
in SYSTEMPATH/Router/Router.php on line 768.
 1 SYSTEMPATH/Router/Router.php(219): CodeIgniter\Router\Router->checkDisallowedChars()
 2 SYSTEMPATH/CodeIgniter.php(829): CodeIgniter\Router\Router->handle()
 3 SYSTEMPATH/CodeIgniter.php(441): CodeIgniter\CodeIgniter->tryToRouteIt()
 4 SYSTEMPATH/CodeIgniter.php(340): CodeIgniter\CodeIgniter->handleRequest()
 5 SYSTEMPATH/Boot.php(417): CodeIgniter\CodeIgniter->run()
 6 SYSTEMPATH/Boot.php(68): CodeIgniter\Boot::runCodeIgniter()
 7 FCPATH/index.php(31): CodeIgniter\Boot::bootWeb()
CRITICAL - 2026-05-28 03:02:20 --> CodeIgniter\HTTP\Exceptions\BadRequestException: The URI you submitted has disallowed characters: "प्रदेश-२"
[Method: GET, Route: category/%E0%A4%AA%E0%A5%8D%E0%A4%B0%E0%A4%A6%E0%A5%87%E0%A4%B6-%E0%A5%A8/page/6/]
in SYSTEMPATH/Router/Router.php on line 768.
 1 SYSTEMPATH/Router/Router.php(219): CodeIgniter\Router\Router->checkDisallowedChars()
 2 SYSTEMPATH/CodeIgniter.php(829): CodeIgniter\Router\Router->handle()
 3 SYSTEMPATH/CodeIgniter.php(441): CodeIgniter\CodeIgniter->tryToRouteIt()
 4 SYSTEMPATH/CodeIgniter.php(340): CodeIgniter\CodeIgniter->handleRequest()
 5 SYSTEMPATH/Boot.php(417): CodeIgniter\CodeIgniter->run()
 6 SYSTEMPATH/Boot.php(68): CodeIgniter\Boot::runCodeIgniter()
 7 FCPATH/index.php(31): CodeIgniter\Boot::bootWeb()
CRITICAL - 2026-05-28 03:02:22 --> CodeIgniter\HTTP\Exceptions\BadRequestException: The URI you submitted has disallowed characters: "प्रदेश-२"
[Method: GET, Route: category/%E0%A4%AA%E0%A5%8D%E0%A4%B0%E0%A4%A6%E0%A5%87%E0%A4%B6-%E0%A5%A8/page/6/]
in SYSTEMPATH/Router/Router.php on line 768.
 1 SYSTEMPATH/Router/Router.php(219): CodeIgniter\Router\Router->checkDisallowedChars()
 2 SYSTEMPATH/CodeIgniter.php(829): CodeIgniter\Router\Router->handle()
 3 SYSTEMPATH/CodeIgniter.php(441): CodeIgniter\CodeIgniter->tryToRouteIt()
 4 SYSTEMPATH/CodeIgniter.php(340): CodeIgniter\CodeIgniter->handleRequest()
 5 SYSTEMPATH/Boot.php(417): CodeIgniter\CodeIgniter->run()
 6 SYSTEMPATH/Boot.php(68): CodeIgniter\Boot::runCodeIgniter()
 7 FCPATH/index.php(31): CodeIgniter\Boot::bootWeb()
CRITICAL - 2026-05-28 03:02:25 --> CodeIgniter\HTTP\Exceptions\BadRequestException: The URI you submitted has disallowed characters: "प्रदेश-२"
[Method: GET, Route: category/%E0%A4%AA%E0%A5%8D%E0%A4%B0%E0%A4%A6%E0%A5%87%E0%A4%B6-%E0%A5%A8/page/7/]
in SYSTEMPATH/Router/Router.php on line 768.
 1 SYSTEMPATH/Router/Router.php(219): CodeIgniter\Router\Router->checkDisallowedChars()
 2 SYSTEMPATH/CodeIgniter.php(829): CodeIgniter\Router\Router->handle()
 3 SYSTEMPATH/CodeIgniter.php(441): CodeIgniter\CodeIgniter->tryToRouteIt()
 4 SYSTEMPATH/CodeIgniter.php(340): CodeIgniter\CodeIgniter->handleRequest()
 5 SYSTEMPATH/Boot.php(417): CodeIgniter\CodeIgniter->run()
 6 SYSTEMPATH/Boot.php(68): CodeIgniter\Boot::runCodeIgniter()
 7 FCPATH/index.php(31): CodeIgniter\Boot::bootWeb()
CRITICAL - 2026-05-28 03:02:26 --> CodeIgniter\HTTP\Exceptions\BadRequestException: The URI you submitted has disallowed characters: "प्रदेश-२"
[Method: GET, Route: category/%E0%A4%AA%E0%A5%8D%E0%A4%B0%E0%A4%A6%E0%A5%87%E0%A4%B6-%E0%A5%A8/page/7/]
in SYSTEMPATH/Router/Router.php on line 768.
 1 SYSTEMPATH/Router/Router.php(219): CodeIgniter\Router\Router->checkDisallowedChars()
 2 SYSTEMPATH/CodeIgniter.php(829): CodeIgniter\Router\Router->handle()
 3 SYSTEMPATH/CodeIgniter.php(441): CodeIgniter\CodeIgniter->tryToRouteIt()
 4 SYSTEMPATH/CodeIgniter.php(340): CodeIgniter\CodeIgniter->handleRequest()
 5 SYSTEMPATH/Boot.php(417): CodeIgniter\CodeIgniter->run()
 6 SYSTEMPATH/Boot.php(68): CodeIgniter\Boot::runCodeIgniter()
 7 FCPATH/index.php(31): CodeIgniter\Boot::bootWeb()
CRITICAL - 2026-05-28 03:02:30 --> CodeIgniter\HTTP\Exceptions\BadRequestException: The URI you submitted has disallowed characters: "प्रदेश-२"
[Method: GET, Route: category/%E0%A4%AA%E0%A5%8D%E0%A4%B0%E0%A4%A6%E0%A5%87%E0%A4%B6-%E0%A5%A8/page/8/]
in SYSTEMPATH/Router/Router.php on line 768.
 1 SYSTEMPATH/Router/Router.php(219): CodeIgniter\Router\Router->checkDisallowedChars()
 2 SYSTEMPATH/CodeIgniter.php(829): CodeIgniter\Router\Router->handle()
 3 SYSTEMPATH/CodeIgniter.php(441): CodeIgniter\CodeIgniter->tryToRouteIt()
 4 SYSTEMPATH/CodeIgniter.php(340): CodeIgniter\CodeIgniter->handleRequest()
 5 SYSTEMPATH/Boot.php(417): CodeIgniter\CodeIgniter->run()
 6 SYSTEMPATH/Boot.php(68): CodeIgniter\Boot::runCodeIgniter()
 7 FCPATH/index.php(31): CodeIgniter\Boot::bootWeb()
CRITICAL - 2026-05-28 03:02:31 --> CodeIgniter\HTTP\Exceptions\BadRequestException: The URI you submitted has disallowed characters: "प्रदेश-२"
[Method: GET, Route: category/%E0%A4%AA%E0%A5%8D%E0%A4%B0%E0%A4%A6%E0%A5%87%E0%A4%B6-%E0%A5%A8/page/8/]
in SYSTEMPATH/Router/Router.php on line 768.
 1 SYSTEMPATH/Router/Router.php(219): CodeIgniter\Router\Router->checkDisallowedChars()
 2 SYSTEMPATH/CodeIgniter.php(829): CodeIgniter\Router\Router->handle()
 3 SYSTEMPATH/CodeIgniter.php(441): CodeIgniter\CodeIgniter->tryToRouteIt()
 4 SYSTEMPATH/CodeIgniter.php(340): CodeIgniter\CodeIgniter->handleRequest()
 5 SYSTEMPATH/Boot.php(417): CodeIgniter\CodeIgniter->run()
 6 SYSTEMPATH/Boot.php(68): CodeIgniter\Boot::runCodeIgniter()
 7 FCPATH/index.php(31): CodeIgniter\Boot::bootWeb()
CRITICAL - 2026-05-28 03:02:33 --> CodeIgniter\HTTP\Exceptions\BadRequestException: The URI you submitted has disallowed characters: "प्रदेश-२"
[Method: GET, Route: category/%E0%A4%AA%E0%A5%8D%E0%A4%B0%E0%A4%A6%E0%A5%87%E0%A4%B6-%E0%A5%A8/page/9/]
in SYSTEMPATH/Router/Router.php on line 768.
 1 SYSTEMPATH/Router/Router.php(219): CodeIgniter\Router\Router->checkDisallowedChars()
 2 SYSTEMPATH/CodeIgniter.php(829): CodeIgniter\Router\Router->handle()
 3 SYSTEMPATH/CodeIgniter.php(441): CodeIgniter\CodeIgniter->tryToRouteIt()
 4 SYSTEMPATH/CodeIgniter.php(340): CodeIgniter\CodeIgniter->handleRequest()
 5 SYSTEMPATH/Boot.php(417): CodeIgniter\CodeIgniter->run()
 6 SYSTEMPATH/Boot.php(68): CodeIgniter\Boot::runCodeIgniter()
 7 FCPATH/index.php(31): CodeIgniter\Boot::bootWeb()
CRITICAL - 2026-05-28 03:02:35 --> CodeIgniter\HTTP\Exceptions\BadRequestException: The URI you submitted has disallowed characters: "प्रदेश-३"
[Method: GET, Route: category/%E0%A4%AA%E0%A5%8D%E0%A4%B0%E0%A4%A6%E0%A5%87%E0%A4%B6-%E0%A5%A9/]
in SYSTEMPATH/Router/Router.php on line 768.
 1 SYSTEMPATH/Router/Router.php(219): CodeIgniter\Router\Router->checkDisallowedChars()
 2 SYSTEMPATH/CodeIgniter.php(829): CodeIgniter\Router\Router->handle()
 3 SYSTEMPATH/CodeIgniter.php(441): CodeIgniter\CodeIgniter->tryToRouteIt()
 4 SYSTEMPATH/CodeIgniter.php(340): CodeIgniter\CodeIgniter->handleRequest()
 5 SYSTEMPATH/Boot.php(417): CodeIgniter\CodeIgniter->run()
 6 SYSTEMPATH/Boot.php(68): CodeIgniter\Boot::runCodeIgniter()
 7 FCPATH/index.php(31): CodeIgniter\Boot::bootWeb()
CRITICAL - 2026-05-28 03:02:36 --> CodeIgniter\HTTP\Exceptions\BadRequestException: The URI you submitted has disallowed characters: "प्रदेश-३"
[Method: GET, Route: category/%E0%A4%AA%E0%A5%8D%E0%A4%B0%E0%A4%A6%E0%A5%87%E0%A4%B6-%E0%A5%A9/page/2/]
in SYSTEMPATH/Router/Router.php on line 768.
 1 SYSTEMPATH/Router/Router.php(219): CodeIgniter\Router\Router->checkDisallowedChars()
 2 SYSTEMPATH/CodeIgniter.php(829): CodeIgniter\Router\Router->handle()
 3 SYSTEMPATH/CodeIgniter.php(441): CodeIgniter\CodeIgniter->tryToRouteIt()
 4 SYSTEMPATH/CodeIgniter.php(340): CodeIgniter\CodeIgniter->handleRequest()
 5 SYSTEMPATH/Boot.php(417): CodeIgniter\CodeIgniter->run()
 6 SYSTEMPATH/Boot.php(68): CodeIgniter\Boot::runCodeIgniter()
 7 FCPATH/index.php(31): CodeIgniter\Boot::bootWeb()
CRITICAL - 2026-05-28 03:02:40 --> CodeIgniter\HTTP\Exceptions\BadRequestException: The URI you submitted has disallowed characters: "प्रदेश-३"
[Method: GET, Route: category/%E0%A4%AA%E0%A5%8D%E0%A4%B0%E0%A4%A6%E0%A5%87%E0%A4%B6-%E0%A5%A9/page/3/]
in SYSTEMPATH/Router/Router.php on line 768.
 1 SYSTEMPATH/Router/Router.php(219): CodeIgniter\Router\Router->checkDisallowedChars()
 2 SYSTEMPATH/CodeIgniter.php(829): CodeIgniter\Router\Router->handle()
 3 SYSTEMPATH/CodeIgniter.php(441): CodeIgniter\CodeIgniter->tryToRouteIt()
 4 SYSTEMPATH/CodeIgniter.php(340): CodeIgniter\CodeIgniter->handleRequest()
 5 SYSTEMPATH/Boot.php(417): CodeIgniter\CodeIgniter->run()
 6 SYSTEMPATH/Boot.php(68): CodeIgniter\Boot::runCodeIgniter()
 7 FCPATH/index.php(31): CodeIgniter\Boot::bootWeb()
CRITICAL - 2026-05-28 03:02:41 --> CodeIgniter\HTTP\Exceptions\BadRequestException: The URI you submitted has disallowed characters: "प्रदेश-३"
[Method: GET, Route: category/%E0%A4%AA%E0%A5%8D%E0%A4%B0%E0%A4%A6%E0%A5%87%E0%A4%B6-%E0%A5%A9/page/3/]
in SYSTEMPATH/Router/Router.php on line 768.
 1 SYSTEMPATH/Router/Router.php(219): CodeIgniter\Router\Router->checkDisallowedChars()
 2 SYSTEMPATH/CodeIgniter.php(829): CodeIgniter\Router\Router->handle()
 3 SYSTEMPATH/CodeIgniter.php(441): CodeIgniter\CodeIgniter->tryToRouteIt()
 4 SYSTEMPATH/CodeIgniter.php(340): CodeIgniter\CodeIgniter->handleRequest()
 5 SYSTEMPATH/Boot.php(417): CodeIgniter\CodeIgniter->run()
 6 SYSTEMPATH/Boot.php(68): CodeIgniter\Boot::runCodeIgniter()
 7 FCPATH/index.php(31): CodeIgniter\Boot::bootWeb()
CRITICAL - 2026-05-28 03:02:43 --> CodeIgniter\HTTP\Exceptions\BadRequestException: The URI you submitted has disallowed characters: "प्रदेश-३"
[Method: GET, Route: category/%E0%A4%AA%E0%A5%8D%E0%A4%B0%E0%A4%A6%E0%A5%87%E0%A4%B6-%E0%A5%A9/page/4/]
in SYSTEMPATH/Router/Router.php on line 768.
 1 SYSTEMPATH/Router/Router.php(219): CodeIgniter\Router\Router->checkDisallowedChars()
 2 SYSTEMPATH/CodeIgniter.php(829): CodeIgniter\Router\Router->handle()
 3 SYSTEMPATH/CodeIgniter.php(441): CodeIgniter\CodeIgniter->tryToRouteIt()
 4 SYSTEMPATH/CodeIgniter.php(340): CodeIgniter\CodeIgniter->handleRequest()
 5 SYSTEMPATH/Boot.php(417): CodeIgniter\CodeIgniter->run()
 6 SYSTEMPATH/Boot.php(68): CodeIgniter\Boot::runCodeIgniter()
 7 FCPATH/index.php(31): CodeIgniter\Boot::bootWeb()
CRITICAL - 2026-05-28 03:02:45 --> CodeIgniter\HTTP\Exceptions\BadRequestException: The URI you submitted has disallowed characters: "प्रदेश-३"
[Method: GET, Route: category/%E0%A4%AA%E0%A5%8D%E0%A4%B0%E0%A4%A6%E0%A5%87%E0%A4%B6-%E0%A5%A9/page/5/]
in SYSTEMPATH/Router/Router.php on line 768.
 1 SYSTEMPATH/Router/Router.php(219): CodeIgniter\Router\Router->checkDisallowedChars()
 2 SYSTEMPATH/CodeIgniter.php(829): CodeIgniter\Router\Router->handle()
 3 SYSTEMPATH/CodeIgniter.php(441): CodeIgniter\CodeIgniter->tryToRouteIt()
 4 SYSTEMPATH/CodeIgniter.php(340): CodeIgniter\CodeIgniter->handleRequest()
 5 SYSTEMPATH/Boot.php(417): CodeIgniter\CodeIgniter->run()
 6 SYSTEMPATH/Boot.php(68): CodeIgniter\Boot::runCodeIgniter()
 7 FCPATH/index.php(31): CodeIgniter\Boot::bootWeb()
CRITICAL - 2026-05-28 03:02:47 --> CodeIgniter\HTTP\Exceptions\BadRequestException: The URI you submitted has disallowed characters: "प्रदेश-३"
[Method: GET, Route: category/%E0%A4%AA%E0%A5%8D%E0%A4%B0%E0%A4%A6%E0%A5%87%E0%A4%B6-%E0%A5%A9/page/6/]
in SYSTEMPATH/Router/Router.php on line 768.
 1 SYSTEMPATH/Router/Router.php(219): CodeIgniter\Router\Router->checkDisallowedChars()
 2 SYSTEMPATH/CodeIgniter.php(829): CodeIgniter\Router\Router->handle()
 3 SYSTEMPATH/CodeIgniter.php(441): CodeIgniter\CodeIgniter->tryToRouteIt()
 4 SYSTEMPATH/CodeIgniter.php(340): CodeIgniter\CodeIgniter->handleRequest()
 5 SYSTEMPATH/Boot.php(417): CodeIgniter\CodeIgniter->run()
 6 SYSTEMPATH/Boot.php(68): CodeIgniter\Boot::runCodeIgniter()
 7 FCPATH/index.php(31): CodeIgniter\Boot::bootWeb()
CRITICAL - 2026-05-28 03:02:48 --> CodeIgniter\HTTP\Exceptions\BadRequestException: The URI you submitted has disallowed characters: "प्रदेश-३"
[Method: GET, Route: category/%E0%A4%AA%E0%A5%8D%E0%A4%B0%E0%A4%A6%E0%A5%87%E0%A4%B6-%E0%A5%A9/page/7/]
in SYSTEMPATH/Router/Router.php on line 768.
 1 SYSTEMPATH/Router/Router.php(219): CodeIgniter\Router\Router->checkDisallowedChars()
 2 SYSTEMPATH/CodeIgniter.php(829): CodeIgniter\Router\Router->handle()
 3 SYSTEMPATH/CodeIgniter.php(441): CodeIgniter\CodeIgniter->tryToRouteIt()
 4 SYSTEMPATH/CodeIgniter.php(340): CodeIgniter\CodeIgniter->handleRequest()
 5 SYSTEMPATH/Boot.php(417): CodeIgniter\CodeIgniter->run()
 6 SYSTEMPATH/Boot.php(68): CodeIgniter\Boot::runCodeIgniter()
 7 FCPATH/index.php(31): CodeIgniter\Boot::bootWeb()
CRITICAL - 2026-05-28 03:02:50 --> CodeIgniter\HTTP\Exceptions\BadRequestException: The URI you submitted has disallowed characters: "प्रदेश-३"
[Method: GET, Route: category/%E0%A4%AA%E0%A5%8D%E0%A4%B0%E0%A4%A6%E0%A5%87%E0%A4%B6-%E0%A5%A9/page/8/]
in SYSTEMPATH/Router/Router.php on line 768.
 1 SYSTEMPATH/Router/Router.php(219): CodeIgniter\Router\Router->checkDisallowedChars()
 2 SYSTEMPATH/CodeIgniter.php(829): CodeIgniter\Router\Router->handle()
 3 SYSTEMPATH/CodeIgniter.php(441): CodeIgniter\CodeIgniter->tryToRouteIt()
 4 SYSTEMPATH/CodeIgniter.php(340): CodeIgniter\CodeIgniter->handleRequest()
 5 SYSTEMPATH/Boot.php(417): CodeIgniter\CodeIgniter->run()
 6 SYSTEMPATH/Boot.php(68): CodeIgniter\Boot::runCodeIgniter()
 7 FCPATH/index.php(31): CodeIgniter\Boot::bootWeb()
CRITICAL - 2026-05-28 03:02:52 --> CodeIgniter\HTTP\Exceptions\BadRequestException: The URI you submitted has disallowed characters: "प्रदेश-३"
[Method: GET, Route: category/%E0%A4%AA%E0%A5%8D%E0%A4%B0%E0%A4%A6%E0%A5%87%E0%A4%B6-%E0%A5%A9/page/9/]
in SYSTEMPATH/Router/Router.php on line 768.
 1 SYSTEMPATH/Router/Router.php(219): CodeIgniter\Router\Router->checkDisallowedChars()
 2 SYSTEMPATH/CodeIgniter.php(829): CodeIgniter\Router\Router->handle()
 3 SYSTEMPATH/CodeIgniter.php(441): CodeIgniter\CodeIgniter->tryToRouteIt()
 4 SYSTEMPATH/CodeIgniter.php(340): CodeIgniter\CodeIgniter->handleRequest()
 5 SYSTEMPATH/Boot.php(417): CodeIgniter\CodeIgniter->run()
 6 SYSTEMPATH/Boot.php(68): CodeIgniter\Boot::runCodeIgniter()
 7 FCPATH/index.php(31): CodeIgniter\Boot::bootWeb()
CRITICAL - 2026-05-28 03:02:54 --> CodeIgniter\HTTP\Exceptions\BadRequestException: The URI you submitted has disallowed characters: "प्रदेश-४"
[Method: GET, Route: category/%E0%A4%AA%E0%A5%8D%E0%A4%B0%E0%A4%A6%E0%A5%87%E0%A4%B6-%E0%A5%AA/]
in SYSTEMPATH/Router/Router.php on line 768.
 1 SYSTEMPATH/Router/Router.php(219): CodeIgniter\Router\Router->checkDisallowedChars()
 2 SYSTEMPATH/CodeIgniter.php(829): CodeIgniter\Router\Router->handle()
 3 SYSTEMPATH/CodeIgniter.php(441): CodeIgniter\CodeIgniter->tryToRouteIt()
 4 SYSTEMPATH/CodeIgniter.php(340): CodeIgniter\CodeIgniter->handleRequest()
 5 SYSTEMPATH/Boot.php(417): CodeIgniter\CodeIgniter->run()
 6 SYSTEMPATH/Boot.php(68): CodeIgniter\Boot::runCodeIgniter()
 7 FCPATH/index.php(31): CodeIgniter\Boot::bootWeb()
CRITICAL - 2026-05-28 03:02:55 --> CodeIgniter\HTTP\Exceptions\BadRequestException: The URI you submitted has disallowed characters: "प्रदेश-४"
[Method: GET, Route: category/%E0%A4%AA%E0%A5%8D%E0%A4%B0%E0%A4%A6%E0%A5%87%E0%A4%B6-%E0%A5%AA/page/2/]
in SYSTEMPATH/Router/Router.php on line 768.
 1 SYSTEMPATH/Router/Router.php(219): CodeIgniter\Router\Router->checkDisallowedChars()
 2 SYSTEMPATH/CodeIgniter.php(829): CodeIgniter\Router\Router->handle()
 3 SYSTEMPATH/CodeIgniter.php(441): CodeIgniter\CodeIgniter->tryToRouteIt()
 4 SYSTEMPATH/CodeIgniter.php(340): CodeIgniter\CodeIgniter->handleRequest()
 5 SYSTEMPATH/Boot.php(417): CodeIgniter\CodeIgniter->run()
 6 SYSTEMPATH/Boot.php(68): CodeIgniter\Boot::runCodeIgniter()
 7 FCPATH/index.php(31): CodeIgniter\Boot::bootWeb()
CRITICAL - 2026-05-28 03:02:57 --> CodeIgniter\HTTP\Exceptions\BadRequestException: The URI you submitted has disallowed characters: "प्रदेश-४"
[Method: GET, Route: category/%E0%A4%AA%E0%A5%8D%E0%A4%B0%E0%A4%A6%E0%A5%87%E0%A4%B6-%E0%A5%AA/page/3/]
in SYSTEMPATH/Router/Router.php on line 768.
 1 SYSTEMPATH/Router/Router.php(219): CodeIgniter\Router\Router->checkDisallowedChars()
 2 SYSTEMPATH/CodeIgniter.php(829): CodeIgniter\Router\Router->handle()
 3 SYSTEMPATH/CodeIgniter.php(441): CodeIgniter\CodeIgniter->tryToRouteIt()
 4 SYSTEMPATH/CodeIgniter.php(340): CodeIgniter\CodeIgniter->handleRequest()
 5 SYSTEMPATH/Boot.php(417): CodeIgniter\CodeIgniter->run()
 6 SYSTEMPATH/Boot.php(68): CodeIgniter\Boot::runCodeIgniter()
 7 FCPATH/index.php(31): CodeIgniter\Boot::bootWeb()
CRITICAL - 2026-05-28 03:02:59 --> CodeIgniter\HTTP\Exceptions\BadRequestException: The URI you submitted has disallowed characters: "प्रदेश-४"
[Method: GET, Route: category/%E0%A4%AA%E0%A5%8D%E0%A4%B0%E0%A4%A6%E0%A5%87%E0%A4%B6-%E0%A5%AA/page/4/]
in SYSTEMPATH/Router/Router.php on line 768.
 1 SYSTEMPATH/Router/Router.php(219): CodeIgniter\Router\Router->checkDisallowedChars()
 2 SYSTEMPATH/CodeIgniter.php(829): CodeIgniter\Router\Router->handle()
 3 SYSTEMPATH/CodeIgniter.php(441): CodeIgniter\CodeIgniter->tryToRouteIt()
 4 SYSTEMPATH/CodeIgniter.php(340): CodeIgniter\CodeIgniter->handleRequest()
 5 SYSTEMPATH/Boot.php(417): CodeIgniter\CodeIgniter->run()
 6 SYSTEMPATH/Boot.php(68): CodeIgniter\Boot::runCodeIgniter()
 7 FCPATH/index.php(31): CodeIgniter\Boot::bootWeb()
CRITICAL - 2026-05-28 03:03:01 --> CodeIgniter\HTTP\Exceptions\BadRequestException: The URI you submitted has disallowed characters: "प्रदेश-४"
[Method: GET, Route: category/%E0%A4%AA%E0%A5%8D%E0%A4%B0%E0%A4%A6%E0%A5%87%E0%A4%B6-%E0%A5%AA/page/5/]
in SYSTEMPATH/Router/Router.php on line 768.
 1 SYSTEMPATH/Router/Router.php(219): CodeIgniter\Router\Router->checkDisallowedChars()
 2 SYSTEMPATH/CodeIgniter.php(829): CodeIgniter\Router\Router->handle()
 3 SYSTEMPATH/CodeIgniter.php(441): CodeIgniter\CodeIgniter->tryToRouteIt()
 4 SYSTEMPATH/CodeIgniter.php(340): CodeIgniter\CodeIgniter->handleRequest()
 5 SYSTEMPATH/Boot.php(417): CodeIgniter\CodeIgniter->run()
 6 SYSTEMPATH/Boot.php(68): CodeIgniter\Boot::runCodeIgniter()
 7 FCPATH/index.php(31): CodeIgniter\Boot::bootWeb()
CRITICAL - 2026-05-28 03:03:02 --> CodeIgniter\HTTP\Exceptions\BadRequestException: The URI you submitted has disallowed characters: "प्रदेश-४"
[Method: GET, Route: category/%E0%A4%AA%E0%A5%8D%E0%A4%B0%E0%A4%A6%E0%A5%87%E0%A4%B6-%E0%A5%AA/page/6/]
in SYSTEMPATH/Router/Router.php on line 768.
 1 SYSTEMPATH/Router/Router.php(219): CodeIgniter\Router\Router->checkDisallowedChars()
 2 SYSTEMPATH/CodeIgniter.php(829): CodeIgniter\Router\Router->handle()
 3 SYSTEMPATH/CodeIgniter.php(441): CodeIgniter\CodeIgniter->tryToRouteIt()
 4 SYSTEMPATH/CodeIgniter.php(340): CodeIgniter\CodeIgniter->handleRequest()
 5 SYSTEMPATH/Boot.php(417): CodeIgniter\CodeIgniter->run()
 6 SYSTEMPATH/Boot.php(68): CodeIgniter\Boot::runCodeIgniter()
 7 FCPATH/index.php(31): CodeIgniter\Boot::bootWeb()
CRITICAL - 2026-05-28 03:03:04 --> CodeIgniter\HTTP\Exceptions\BadRequestException: The URI you submitted has disallowed characters: "प्रदेश-४"
[Method: GET, Route: category/%E0%A4%AA%E0%A5%8D%E0%A4%B0%E0%A4%A6%E0%A5%87%E0%A4%B6-%E0%A5%AA/page/7/]
in SYSTEMPATH/Router/Router.php on line 768.
 1 SYSTEMPATH/Router/Router.php(219): CodeIgniter\Router\Router->checkDisallowedChars()
 2 SYSTEMPATH/CodeIgniter.php(829): CodeIgniter\Router\Router->handle()
 3 SYSTEMPATH/CodeIgniter.php(441): CodeIgniter\CodeIgniter->tryToRouteIt()
 4 SYSTEMPATH/CodeIgniter.php(340): CodeIgniter\CodeIgniter->handleRequest()
 5 SYSTEMPATH/Boot.php(417): CodeIgniter\CodeIgniter->run()
 6 SYSTEMPATH/Boot.php(68): CodeIgniter\Boot::runCodeIgniter()
 7 FCPATH/index.php(31): CodeIgniter\Boot::bootWeb()
CRITICAL - 2026-05-28 03:03:06 --> CodeIgniter\HTTP\Exceptions\BadRequestException: The URI you submitted has disallowed characters: "प्रदेश-४"
[Method: GET, Route: category/%E0%A4%AA%E0%A5%8D%E0%A4%B0%E0%A4%A6%E0%A5%87%E0%A4%B6-%E0%A5%AA/page/8/]
in SYSTEMPATH/Router/Router.php on line 768.
 1 SYSTEMPATH/Router/Router.php(219): CodeIgniter\Router\Router->checkDisallowedChars()
 2 SYSTEMPATH/CodeIgniter.php(829): CodeIgniter\Router\Router->handle()
 3 SYSTEMPATH/CodeIgniter.php(441): CodeIgniter\CodeIgniter->tryToRouteIt()
 4 SYSTEMPATH/CodeIgniter.php(340): CodeIgniter\CodeIgniter->handleRequest()
 5 SYSTEMPATH/Boot.php(417): CodeIgniter\CodeIgniter->run()
 6 SYSTEMPATH/Boot.php(68): CodeIgniter\Boot::runCodeIgniter()
 7 FCPATH/index.php(31): CodeIgniter\Boot::bootWeb()
CRITICAL - 2026-05-28 03:03:08 --> CodeIgniter\HTTP\Exceptions\BadRequestException: The URI you submitted has disallowed characters: "प्रदेश-४"
[Method: GET, Route: category/%E0%A4%AA%E0%A5%8D%E0%A4%B0%E0%A4%A6%E0%A5%87%E0%A4%B6-%E0%A5%AA/page/9/]
in SYSTEMPATH/Router/Router.php on line 768.
 1 SYSTEMPATH/Router/Router.php(219): CodeIgniter\Router\Router->checkDisallowedChars()
 2 SYSTEMPATH/CodeIgniter.php(829): CodeIgniter\Router\Router->handle()
 3 SYSTEMPATH/CodeIgniter.php(441): CodeIgniter\CodeIgniter->tryToRouteIt()
 4 SYSTEMPATH/CodeIgniter.php(340): CodeIgniter\CodeIgniter->handleRequest()
 5 SYSTEMPATH/Boot.php(417): CodeIgniter\CodeIgniter->run()
 6 SYSTEMPATH/Boot.php(68): CodeIgniter\Boot::runCodeIgniter()
 7 FCPATH/index.php(31): CodeIgniter\Boot::bootWeb()
CRITICAL - 2026-05-28 03:03:12 --> CodeIgniter\HTTP\Exceptions\BadRequestException: The URI you submitted has disallowed characters: "प्रदेश-५"
[Method: GET, Route: category/%E0%A4%AA%E0%A5%8D%E0%A4%B0%E0%A4%A6%E0%A5%87%E0%A4%B6-%E0%A5%AB/]
in SYSTEMPATH/Router/Router.php on line 768.
 1 SYSTEMPATH/Router/Router.php(219): CodeIgniter\Router\Router->checkDisallowedChars()
 2 SYSTEMPATH/CodeIgniter.php(829): CodeIgniter\Router\Router->handle()
 3 SYSTEMPATH/CodeIgniter.php(441): CodeIgniter\CodeIgniter->tryToRouteIt()
 4 SYSTEMPATH/CodeIgniter.php(340): CodeIgniter\CodeIgniter->handleRequest()
 5 SYSTEMPATH/Boot.php(417): CodeIgniter\CodeIgniter->run()
 6 SYSTEMPATH/Boot.php(68): CodeIgniter\Boot::runCodeIgniter()
 7 FCPATH/index.php(31): CodeIgniter\Boot::bootWeb()
CRITICAL - 2026-05-28 03:03:14 --> CodeIgniter\HTTP\Exceptions\BadRequestException: The URI you submitted has disallowed characters: "प्रदेश-५"
[Method: GET, Route: category/%E0%A4%AA%E0%A5%8D%E0%A4%B0%E0%A4%A6%E0%A5%87%E0%A4%B6-%E0%A5%AB/]
in SYSTEMPATH/Router/Router.php on line 768.
 1 SYSTEMPATH/Router/Router.php(219): CodeIgniter\Router\Router->checkDisallowedChars()
 2 SYSTEMPATH/CodeIgniter.php(829): CodeIgniter\Router\Router->handle()
 3 SYSTEMPATH/CodeIgniter.php(441): CodeIgniter\CodeIgniter->tryToRouteIt()
 4 SYSTEMPATH/CodeIgniter.php(340): CodeIgniter\CodeIgniter->handleRequest()
 5 SYSTEMPATH/Boot.php(417): CodeIgniter\CodeIgniter->run()
 6 SYSTEMPATH/Boot.php(68): CodeIgniter\Boot::runCodeIgniter()
 7 FCPATH/index.php(31): CodeIgniter\Boot::bootWeb()
CRITICAL - 2026-05-28 03:03:17 --> CodeIgniter\HTTP\Exceptions\BadRequestException: The URI you submitted has disallowed characters: "प्रदेश-५"
[Method: GET, Route: category/%E0%A4%AA%E0%A5%8D%E0%A4%B0%E0%A4%A6%E0%A5%87%E0%A4%B6-%E0%A5%AB/page/2/]
in SYSTEMPATH/Router/Router.php on line 768.
 1 SYSTEMPATH/Router/Router.php(219): CodeIgniter\Router\Router->checkDisallowedChars()
 2 SYSTEMPATH/CodeIgniter.php(829): CodeIgniter\Router\Router->handle()
 3 SYSTEMPATH/CodeIgniter.php(441): CodeIgniter\CodeIgniter->tryToRouteIt()
 4 SYSTEMPATH/CodeIgniter.php(340): CodeIgniter\CodeIgniter->handleRequest()
 5 SYSTEMPATH/Boot.php(417): CodeIgniter\CodeIgniter->run()
 6 SYSTEMPATH/Boot.php(68): CodeIgniter\Boot::runCodeIgniter()
 7 FCPATH/index.php(31): CodeIgniter\Boot::bootWeb()
CRITICAL - 2026-05-28 03:03:18 --> CodeIgniter\HTTP\Exceptions\BadRequestException: The URI you submitted has disallowed characters: "प्रदेश-५"
[Method: GET, Route: category/%E0%A4%AA%E0%A5%8D%E0%A4%B0%E0%A4%A6%E0%A5%87%E0%A4%B6-%E0%A5%AB/page/2/]
in SYSTEMPATH/Router/Router.php on line 768.
 1 SYSTEMPATH/Router/Router.php(219): CodeIgniter\Router\Router->checkDisallowedChars()
 2 SYSTEMPATH/CodeIgniter.php(829): CodeIgniter\Router\Router->handle()
 3 SYSTEMPATH/CodeIgniter.php(441): CodeIgniter\CodeIgniter->tryToRouteIt()
 4 SYSTEMPATH/CodeIgniter.php(340): CodeIgniter\CodeIgniter->handleRequest()
 5 SYSTEMPATH/Boot.php(417): CodeIgniter\CodeIgniter->run()
 6 SYSTEMPATH/Boot.php(68): CodeIgniter\Boot::runCodeIgniter()
 7 FCPATH/index.php(31): CodeIgniter\Boot::bootWeb()
CRITICAL - 2026-05-28 03:03:20 --> CodeIgniter\HTTP\Exceptions\BadRequestException: The URI you submitted has disallowed characters: "प्रदेश-५"
[Method: GET, Route: category/%E0%A4%AA%E0%A5%8D%E0%A4%B0%E0%A4%A6%E0%A5%87%E0%A4%B6-%E0%A5%AB/page/3/]
in SYSTEMPATH/Router/Router.php on line 768.
 1 SYSTEMPATH/Router/Router.php(219): CodeIgniter\Router\Router->checkDisallowedChars()
 2 SYSTEMPATH/CodeIgniter.php(829): CodeIgniter\Router\Router->handle()
 3 SYSTEMPATH/CodeIgniter.php(441): CodeIgniter\CodeIgniter->tryToRouteIt()
 4 SYSTEMPATH/CodeIgniter.php(340): CodeIgniter\CodeIgniter->handleRequest()
 5 SYSTEMPATH/Boot.php(417): CodeIgniter\CodeIgniter->run()
 6 SYSTEMPATH/Boot.php(68): CodeIgniter\Boot::runCodeIgniter()
 7 FCPATH/index.php(31): CodeIgniter\Boot::bootWeb()
CRITICAL - 2026-05-28 03:03:22 --> CodeIgniter\HTTP\Exceptions\BadRequestException: The URI you submitted has disallowed characters: "प्रदेश-५"
[Method: GET, Route: category/%E0%A4%AA%E0%A5%8D%E0%A4%B0%E0%A4%A6%E0%A5%87%E0%A4%B6-%E0%A5%AB/page/4/]
in SYSTEMPATH/Router/Router.php on line 768.
 1 SYSTEMPATH/Router/Router.php(219): CodeIgniter\Router\Router->checkDisallowedChars()
 2 SYSTEMPATH/CodeIgniter.php(829): CodeIgniter\Router\Router->handle()
 3 SYSTEMPATH/CodeIgniter.php(441): CodeIgniter\CodeIgniter->tryToRouteIt()
 4 SYSTEMPATH/CodeIgniter.php(340): CodeIgniter\CodeIgniter->handleRequest()
 5 SYSTEMPATH/Boot.php(417): CodeIgniter\CodeIgniter->run()
 6 SYSTEMPATH/Boot.php(68): CodeIgniter\Boot::runCodeIgniter()
 7 FCPATH/index.php(31): CodeIgniter\Boot::bootWeb()
CRITICAL - 2026-05-28 03:03:24 --> CodeIgniter\HTTP\Exceptions\BadRequestException: The URI you submitted has disallowed characters: "प्रदेश-५"
[Method: GET, Route: category/%E0%A4%AA%E0%A5%8D%E0%A4%B0%E0%A4%A6%E0%A5%87%E0%A4%B6-%E0%A5%AB/page/5/]
in SYSTEMPATH/Router/Router.php on line 768.
 1 SYSTEMPATH/Router/Router.php(219): CodeIgniter\Router\Router->checkDisallowedChars()
 2 SYSTEMPATH/CodeIgniter.php(829): CodeIgniter\Router\Router->handle()
 3 SYSTEMPATH/CodeIgniter.php(441): CodeIgniter\CodeIgniter->tryToRouteIt()
 4 SYSTEMPATH/CodeIgniter.php(340): CodeIgniter\CodeIgniter->handleRequest()
 5 SYSTEMPATH/Boot.php(417): CodeIgniter\CodeIgniter->run()
 6 SYSTEMPATH/Boot.php(68): CodeIgniter\Boot::runCodeIgniter()
 7 FCPATH/index.php(31): CodeIgniter\Boot::bootWeb()
CRITICAL - 2026-05-28 03:03:27 --> CodeIgniter\HTTP\Exceptions\BadRequestException: The URI you submitted has disallowed characters: "प्रदेश-५"
[Method: GET, Route: category/%E0%A4%AA%E0%A5%8D%E0%A4%B0%E0%A4%A6%E0%A5%87%E0%A4%B6-%E0%A5%AB/page/6/]
in SYSTEMPATH/Router/Router.php on line 768.
 1 SYSTEMPATH/Router/Router.php(219): CodeIgniter\Router\Router->checkDisallowedChars()
 2 SYSTEMPATH/CodeIgniter.php(829): CodeIgniter\Router\Router->handle()
 3 SYSTEMPATH/CodeIgniter.php(441): CodeIgniter\CodeIgniter->tryToRouteIt()
 4 SYSTEMPATH/CodeIgniter.php(340): CodeIgniter\CodeIgniter->handleRequest()
 5 SYSTEMPATH/Boot.php(417): CodeIgniter\CodeIgniter->run()
 6 SYSTEMPATH/Boot.php(68): CodeIgniter\Boot::runCodeIgniter()
 7 FCPATH/index.php(31): CodeIgniter\Boot::bootWeb()
CRITICAL - 2026-05-28 03:03:29 --> CodeIgniter\HTTP\Exceptions\BadRequestException: The URI you submitted has disallowed characters: "प्रदेश-५"
[Method: GET, Route: category/%E0%A4%AA%E0%A5%8D%E0%A4%B0%E0%A4%A6%E0%A5%87%E0%A4%B6-%E0%A5%AB/page/6/]
in SYSTEMPATH/Router/Router.php on line 768.
 1 SYSTEMPATH/Router/Router.php(219): CodeIgniter\Router\Router->checkDisallowedChars()
 2 SYSTEMPATH/CodeIgniter.php(829): CodeIgniter\Router\Router->handle()
 3 SYSTEMPATH/CodeIgniter.php(441): CodeIgniter\CodeIgniter->tryToRouteIt()
 4 SYSTEMPATH/CodeIgniter.php(340): CodeIgniter\CodeIgniter->handleRequest()
 5 SYSTEMPATH/Boot.php(417): CodeIgniter\CodeIgniter->run()
 6 SYSTEMPATH/Boot.php(68): CodeIgniter\Boot::runCodeIgniter()
 7 FCPATH/index.php(31): CodeIgniter\Boot::bootWeb()
CRITICAL - 2026-05-28 03:03:32 --> CodeIgniter\HTTP\Exceptions\BadRequestException: The URI you submitted has disallowed characters: "प्रदेश-५"
[Method: GET, Route: category/%E0%A4%AA%E0%A5%8D%E0%A4%B0%E0%A4%A6%E0%A5%87%E0%A4%B6-%E0%A5%AB/page/7/]
in SYSTEMPATH/Router/Router.php on line 768.
 1 SYSTEMPATH/Router/Router.php(219): CodeIgniter\Router\Router->checkDisallowedChars()
 2 SYSTEMPATH/CodeIgniter.php(829): CodeIgniter\Router\Router->handle()
 3 SYSTEMPATH/CodeIgniter.php(441): CodeIgniter\CodeIgniter->tryToRouteIt()
 4 SYSTEMPATH/CodeIgniter.php(340): CodeIgniter\CodeIgniter->handleRequest()
 5 SYSTEMPATH/Boot.php(417): CodeIgniter\CodeIgniter->run()
 6 SYSTEMPATH/Boot.php(68): CodeIgniter\Boot::runCodeIgniter()
 7 FCPATH/index.php(31): CodeIgniter\Boot::bootWeb()
CRITICAL - 2026-05-28 03:03:34 --> CodeIgniter\HTTP\Exceptions\BadRequestException: The URI you submitted has disallowed characters: "प्रदेश-५"
[Method: GET, Route: category/%E0%A4%AA%E0%A5%8D%E0%A4%B0%E0%A4%A6%E0%A5%87%E0%A4%B6-%E0%A5%AB/page/7/]
in SYSTEMPATH/Router/Router.php on line 768.
 1 SYSTEMPATH/Router/Router.php(219): CodeIgniter\Router\Router->checkDisallowedChars()
 2 SYSTEMPATH/CodeIgniter.php(829): CodeIgniter\Router\Router->handle()
 3 SYSTEMPATH/CodeIgniter.php(441): CodeIgniter\CodeIgniter->tryToRouteIt()
 4 SYSTEMPATH/CodeIgniter.php(340): CodeIgniter\CodeIgniter->handleRequest()
 5 SYSTEMPATH/Boot.php(417): CodeIgniter\CodeIgniter->run()
 6 SYSTEMPATH/Boot.php(68): CodeIgniter\Boot::runCodeIgniter()
 7 FCPATH/index.php(31): CodeIgniter\Boot::bootWeb()
CRITICAL - 2026-05-28 03:03:35 --> CodeIgniter\HTTP\Exceptions\BadRequestException: The URI you submitted has disallowed characters: "प्रदेश-५"
[Method: GET, Route: category/%E0%A4%AA%E0%A5%8D%E0%A4%B0%E0%A4%A6%E0%A5%87%E0%A4%B6-%E0%A5%AB/page/8/]
in SYSTEMPATH/Router/Router.php on line 768.
 1 SYSTEMPATH/Router/Router.php(219): CodeIgniter\Router\Router->checkDisallowedChars()
 2 SYSTEMPATH/CodeIgniter.php(829): CodeIgniter\Router\Router->handle()
 3 SYSTEMPATH/CodeIgniter.php(441): CodeIgniter\CodeIgniter->tryToRouteIt()
 4 SYSTEMPATH/CodeIgniter.php(340): CodeIgniter\CodeIgniter->handleRequest()
 5 SYSTEMPATH/Boot.php(417): CodeIgniter\CodeIgniter->run()
 6 SYSTEMPATH/Boot.php(68): CodeIgniter\Boot::runCodeIgniter()
 7 FCPATH/index.php(31): CodeIgniter\Boot::bootWeb()
CRITICAL - 2026-05-28 03:03:39 --> CodeIgniter\HTTP\Exceptions\BadRequestException: The URI you submitted has disallowed characters: "प्रदेश-५"
[Method: GET, Route: category/%E0%A4%AA%E0%A5%8D%E0%A4%B0%E0%A4%A6%E0%A5%87%E0%A4%B6-%E0%A5%AB/page/9/]
in SYSTEMPATH/Router/Router.php on line 768.
 1 SYSTEMPATH/Router/Router.php(219): CodeIgniter\Router\Router->checkDisallowedChars()
 2 SYSTEMPATH/CodeIgniter.php(829): CodeIgniter\Router\Router->handle()
 3 SYSTEMPATH/CodeIgniter.php(441): CodeIgniter\CodeIgniter->tryToRouteIt()
 4 SYSTEMPATH/CodeIgniter.php(340): CodeIgniter\CodeIgniter->handleRequest()
 5 SYSTEMPATH/Boot.php(417): CodeIgniter\CodeIgniter->run()
 6 SYSTEMPATH/Boot.php(68): CodeIgniter\Boot::runCodeIgniter()
 7 FCPATH/index.php(31): CodeIgniter\Boot::bootWeb()
CRITICAL - 2026-05-28 03:03:40 --> CodeIgniter\HTTP\Exceptions\BadRequestException: The URI you submitted has disallowed characters: "प्रदेश-५"
[Method: GET, Route: category/%E0%A4%AA%E0%A5%8D%E0%A4%B0%E0%A4%A6%E0%A5%87%E0%A4%B6-%E0%A5%AB/page/9/]
in SYSTEMPATH/Router/Router.php on line 768.
 1 SYSTEMPATH/Router/Router.php(219): CodeIgniter\Router\Router->checkDisallowedChars()
 2 SYSTEMPATH/CodeIgniter.php(829): CodeIgniter\Router\Router->handle()
 3 SYSTEMPATH/CodeIgniter.php(441): CodeIgniter\CodeIgniter->tryToRouteIt()
 4 SYSTEMPATH/CodeIgniter.php(340): CodeIgniter\CodeIgniter->handleRequest()
 5 SYSTEMPATH/Boot.php(417): CodeIgniter\CodeIgniter->run()
 6 SYSTEMPATH/Boot.php(68): CodeIgniter\Boot::runCodeIgniter()
 7 FCPATH/index.php(31): CodeIgniter\Boot::bootWeb()
CRITICAL - 2026-05-28 03:03:42 --> CodeIgniter\HTTP\Exceptions\BadRequestException: The URI you submitted has disallowed characters: "प्रदेश-६"
[Method: GET, Route: category/%E0%A4%AA%E0%A5%8D%E0%A4%B0%E0%A4%A6%E0%A5%87%E0%A4%B6-%E0%A5%AC/]
in SYSTEMPATH/Router/Router.php on line 768.
 1 SYSTEMPATH/Router/Router.php(219): CodeIgniter\Router\Router->checkDisallowedChars()
 2 SYSTEMPATH/CodeIgniter.php(829): CodeIgniter\Router\Router->handle()
 3 SYSTEMPATH/CodeIgniter.php(441): CodeIgniter\CodeIgniter->tryToRouteIt()
 4 SYSTEMPATH/CodeIgniter.php(340): CodeIgniter\CodeIgniter->handleRequest()
 5 SYSTEMPATH/Boot.php(417): CodeIgniter\CodeIgniter->run()
 6 SYSTEMPATH/Boot.php(68): CodeIgniter\Boot::runCodeIgniter()
 7 FCPATH/index.php(31): CodeIgniter\Boot::bootWeb()
CRITICAL - 2026-05-28 03:03:46 --> CodeIgniter\HTTP\Exceptions\BadRequestException: The URI you submitted has disallowed characters: "प्रदेश-६"
[Method: GET, Route: category/%E0%A4%AA%E0%A5%8D%E0%A4%B0%E0%A4%A6%E0%A5%87%E0%A4%B6-%E0%A5%AC/page/2/]
in SYSTEMPATH/Router/Router.php on line 768.
 1 SYSTEMPATH/Router/Router.php(219): CodeIgniter\Router\Router->checkDisallowedChars()
 2 SYSTEMPATH/CodeIgniter.php(829): CodeIgniter\Router\Router->handle()
 3 SYSTEMPATH/CodeIgniter.php(441): CodeIgniter\CodeIgniter->tryToRouteIt()
 4 SYSTEMPATH/CodeIgniter.php(340): CodeIgniter\CodeIgniter->handleRequest()
 5 SYSTEMPATH/Boot.php(417): CodeIgniter\CodeIgniter->run()
 6 SYSTEMPATH/Boot.php(68): CodeIgniter\Boot::runCodeIgniter()
 7 FCPATH/index.php(31): CodeIgniter\Boot::bootWeb()
CRITICAL - 2026-05-28 03:03:47 --> CodeIgniter\HTTP\Exceptions\BadRequestException: The URI you submitted has disallowed characters: "प्रदेश-६"
[Method: GET, Route: category/%E0%A4%AA%E0%A5%8D%E0%A4%B0%E0%A4%A6%E0%A5%87%E0%A4%B6-%E0%A5%AC/page/2/]
in SYSTEMPATH/Router/Router.php on line 768.
 1 SYSTEMPATH/Router/Router.php(219): CodeIgniter\Router\Router->checkDisallowedChars()
 2 SYSTEMPATH/CodeIgniter.php(829): CodeIgniter\Router\Router->handle()
 3 SYSTEMPATH/CodeIgniter.php(441): CodeIgniter\CodeIgniter->tryToRouteIt()
 4 SYSTEMPATH/CodeIgniter.php(340): CodeIgniter\CodeIgniter->handleRequest()
 5 SYSTEMPATH/Boot.php(417): CodeIgniter\CodeIgniter->run()
 6 SYSTEMPATH/Boot.php(68): CodeIgniter\Boot::runCodeIgniter()
 7 FCPATH/index.php(31): CodeIgniter\Boot::bootWeb()
CRITICAL - 2026-05-28 03:03:49 --> CodeIgniter\HTTP\Exceptions\BadRequestException: The URI you submitted has disallowed characters: "प्रदेश-६"
[Method: GET, Route: category/%E0%A4%AA%E0%A5%8D%E0%A4%B0%E0%A4%A6%E0%A5%87%E0%A4%B6-%E0%A5%AC/page/3/]
in SYSTEMPATH/Router/Router.php on line 768.
 1 SYSTEMPATH/Router/Router.php(219): CodeIgniter\Router\Router->checkDisallowedChars()
 2 SYSTEMPATH/CodeIgniter.php(829): CodeIgniter\Router\Router->handle()
 3 SYSTEMPATH/CodeIgniter.php(441): CodeIgniter\CodeIgniter->tryToRouteIt()
 4 SYSTEMPATH/CodeIgniter.php(340): CodeIgniter\CodeIgniter->handleRequest()
 5 SYSTEMPATH/Boot.php(417): CodeIgniter\CodeIgniter->run()
 6 SYSTEMPATH/Boot.php(68): CodeIgniter\Boot::runCodeIgniter()
 7 FCPATH/index.php(31): CodeIgniter\Boot::bootWeb()
CRITICAL - 2026-05-28 03:03:52 --> CodeIgniter\HTTP\Exceptions\BadRequestException: The URI you submitted has disallowed characters: "प्रदेश-६"
[Method: GET, Route: category/%E0%A4%AA%E0%A5%8D%E0%A4%B0%E0%A4%A6%E0%A5%87%E0%A4%B6-%E0%A5%AC/page/4/]
in SYSTEMPATH/Router/Router.php on line 768.
 1 SYSTEMPATH/Router/Router.php(219): CodeIgniter\Router\Router->checkDisallowedChars()
 2 SYSTEMPATH/CodeIgniter.php(829): CodeIgniter\Router\Router->handle()
 3 SYSTEMPATH/CodeIgniter.php(441): CodeIgniter\CodeIgniter->tryToRouteIt()
 4 SYSTEMPATH/CodeIgniter.php(340): CodeIgniter\CodeIgniter->handleRequest()
 5 SYSTEMPATH/Boot.php(417): CodeIgniter\CodeIgniter->run()
 6 SYSTEMPATH/Boot.php(68): CodeIgniter\Boot::runCodeIgniter()
 7 FCPATH/index.php(31): CodeIgniter\Boot::bootWeb()
CRITICAL - 2026-05-28 03:03:54 --> CodeIgniter\HTTP\Exceptions\BadRequestException: The URI you submitted has disallowed characters: "प्रदेश-६"
[Method: GET, Route: category/%E0%A4%AA%E0%A5%8D%E0%A4%B0%E0%A4%A6%E0%A5%87%E0%A4%B6-%E0%A5%AC/page/4/]
in SYSTEMPATH/Router/Router.php on line 768.
 1 SYSTEMPATH/Router/Router.php(219): CodeIgniter\Router\Router->checkDisallowedChars()
 2 SYSTEMPATH/CodeIgniter.php(829): CodeIgniter\Router\Router->handle()
 3 SYSTEMPATH/CodeIgniter.php(441): CodeIgniter\CodeIgniter->tryToRouteIt()
 4 SYSTEMPATH/CodeIgniter.php(340): CodeIgniter\CodeIgniter->handleRequest()
 5 SYSTEMPATH/Boot.php(417): CodeIgniter\CodeIgniter->run()
 6 SYSTEMPATH/Boot.php(68): CodeIgniter\Boot::runCodeIgniter()
 7 FCPATH/index.php(31): CodeIgniter\Boot::bootWeb()
CRITICAL - 2026-05-28 03:03:55 --> CodeIgniter\HTTP\Exceptions\BadRequestException: The URI you submitted has disallowed characters: "प्रदेश-६"
[Method: GET, Route: category/%E0%A4%AA%E0%A5%8D%E0%A4%B0%E0%A4%A6%E0%A5%87%E0%A4%B6-%E0%A5%AC/page/5/]
in SYSTEMPATH/Router/Router.php on line 768.
 1 SYSTEMPATH/Router/Router.php(219): CodeIgniter\Router\Router->checkDisallowedChars()
 2 SYSTEMPATH/CodeIgniter.php(829): CodeIgniter\Router\Router->handle()
 3 SYSTEMPATH/CodeIgniter.php(441): CodeIgniter\CodeIgniter->tryToRouteIt()
 4 SYSTEMPATH/CodeIgniter.php(340): CodeIgniter\CodeIgniter->handleRequest()
 5 SYSTEMPATH/Boot.php(417): CodeIgniter\CodeIgniter->run()
 6 SYSTEMPATH/Boot.php(68): CodeIgniter\Boot::runCodeIgniter()
 7 FCPATH/index.php(31): CodeIgniter\Boot::bootWeb()
CRITICAL - 2026-05-28 03:03:57 --> CodeIgniter\HTTP\Exceptions\BadRequestException: The URI you submitted has disallowed characters: "प्रदेश-६"
[Method: GET, Route: category/%E0%A4%AA%E0%A5%8D%E0%A4%B0%E0%A4%A6%E0%A5%87%E0%A4%B6-%E0%A5%AC/page/6/]
in SYSTEMPATH/Router/Router.php on line 768.
 1 SYSTEMPATH/Router/Router.php(219): CodeIgniter\Router\Router->checkDisallowedChars()
 2 SYSTEMPATH/CodeIgniter.php(829): CodeIgniter\Router\Router->handle()
 3 SYSTEMPATH/CodeIgniter.php(441): CodeIgniter\CodeIgniter->tryToRouteIt()
 4 SYSTEMPATH/CodeIgniter.php(340): CodeIgniter\CodeIgniter->handleRequest()
 5 SYSTEMPATH/Boot.php(417): CodeIgniter\CodeIgniter->run()
 6 SYSTEMPATH/Boot.php(68): CodeIgniter\Boot::runCodeIgniter()
 7 FCPATH/index.php(31): CodeIgniter\Boot::bootWeb()
CRITICAL - 2026-05-28 03:03:59 --> CodeIgniter\HTTP\Exceptions\BadRequestException: The URI you submitted has disallowed characters: "प्रदेश-६"
[Method: GET, Route: category/%E0%A4%AA%E0%A5%8D%E0%A4%B0%E0%A4%A6%E0%A5%87%E0%A4%B6-%E0%A5%AC/page/7/]
in SYSTEMPATH/Router/Router.php on line 768.
 1 SYSTEMPATH/Router/Router.php(219): CodeIgniter\Router\Router->checkDisallowedChars()
 2 SYSTEMPATH/CodeIgniter.php(829): CodeIgniter\Router\Router->handle()
 3 SYSTEMPATH/CodeIgniter.php(441): CodeIgniter\CodeIgniter->tryToRouteIt()
 4 SYSTEMPATH/CodeIgniter.php(340): CodeIgniter\CodeIgniter->handleRequest()
 5 SYSTEMPATH/Boot.php(417): CodeIgniter\CodeIgniter->run()
 6 SYSTEMPATH/Boot.php(68): CodeIgniter\Boot::runCodeIgniter()
 7 FCPATH/index.php(31): CodeIgniter\Boot::bootWeb()
CRITICAL - 2026-05-28 03:04:01 --> CodeIgniter\HTTP\Exceptions\BadRequestException: The URI you submitted has disallowed characters: "प्रदेश-६"
[Method: GET, Route: category/%E0%A4%AA%E0%A5%8D%E0%A4%B0%E0%A4%A6%E0%A5%87%E0%A4%B6-%E0%A5%AC/page/8/]
in SYSTEMPATH/Router/Router.php on line 768.
 1 SYSTEMPATH/Router/Router.php(219): CodeIgniter\Router\Router->checkDisallowedChars()
 2 SYSTEMPATH/CodeIgniter.php(829): CodeIgniter\Router\Router->handle()
 3 SYSTEMPATH/CodeIgniter.php(441): CodeIgniter\CodeIgniter->tryToRouteIt()
 4 SYSTEMPATH/CodeIgniter.php(340): CodeIgniter\CodeIgniter->handleRequest()
 5 SYSTEMPATH/Boot.php(417): CodeIgniter\CodeIgniter->run()
 6 SYSTEMPATH/Boot.php(68): CodeIgniter\Boot::runCodeIgniter()
 7 FCPATH/index.php(31): CodeIgniter\Boot::bootWeb()
CRITICAL - 2026-05-28 03:04:03 --> CodeIgniter\HTTP\Exceptions\BadRequestException: The URI you submitted has disallowed characters: "प्रदेश-६"
[Method: GET, Route: category/%E0%A4%AA%E0%A5%8D%E0%A4%B0%E0%A4%A6%E0%A5%87%E0%A4%B6-%E0%A5%AC/page/9/]
in SYSTEMPATH/Router/Router.php on line 768.
 1 SYSTEMPATH/Router/Router.php(219): CodeIgniter\Router\Router->checkDisallowedChars()
 2 SYSTEMPATH/CodeIgniter.php(829): CodeIgniter\Router\Router->handle()
 3 SYSTEMPATH/CodeIgniter.php(441): CodeIgniter\CodeIgniter->tryToRouteIt()
 4 SYSTEMPATH/CodeIgniter.php(340): CodeIgniter\CodeIgniter->handleRequest()
 5 SYSTEMPATH/Boot.php(417): CodeIgniter\CodeIgniter->run()
 6 SYSTEMPATH/Boot.php(68): CodeIgniter\Boot::runCodeIgniter()
 7 FCPATH/index.php(31): CodeIgniter\Boot::bootWeb()
CRITICAL - 2026-05-28 03:04:04 --> CodeIgniter\HTTP\Exceptions\BadRequestException: The URI you submitted has disallowed characters: "प्रदेश-७"
[Method: GET, Route: category/%E0%A4%AA%E0%A5%8D%E0%A4%B0%E0%A4%A6%E0%A5%87%E0%A4%B6-%E0%A5%AD/]
in SYSTEMPATH/Router/Router.php on line 768.
 1 SYSTEMPATH/Router/Router.php(219): CodeIgniter\Router\Router->checkDisallowedChars()
 2 SYSTEMPATH/CodeIgniter.php(829): CodeIgniter\Router\Router->handle()
 3 SYSTEMPATH/CodeIgniter.php(441): CodeIgniter\CodeIgniter->tryToRouteIt()
 4 SYSTEMPATH/CodeIgniter.php(340): CodeIgniter\CodeIgniter->handleRequest()
 5 SYSTEMPATH/Boot.php(417): CodeIgniter\CodeIgniter->run()
 6 SYSTEMPATH/Boot.php(68): CodeIgniter\Boot::runCodeIgniter()
 7 FCPATH/index.php(31): CodeIgniter\Boot::bootWeb()
CRITICAL - 2026-05-28 03:04:06 --> CodeIgniter\HTTP\Exceptions\BadRequestException: The URI you submitted has disallowed characters: "प्रदेश-७"
[Method: GET, Route: category/%E0%A4%AA%E0%A5%8D%E0%A4%B0%E0%A4%A6%E0%A5%87%E0%A4%B6-%E0%A5%AD/page/2/]
in SYSTEMPATH/Router/Router.php on line 768.
 1 SYSTEMPATH/Router/Router.php(219): CodeIgniter\Router\Router->checkDisallowedChars()
 2 SYSTEMPATH/CodeIgniter.php(829): CodeIgniter\Router\Router->handle()
 3 SYSTEMPATH/CodeIgniter.php(441): CodeIgniter\CodeIgniter->tryToRouteIt()
 4 SYSTEMPATH/CodeIgniter.php(340): CodeIgniter\CodeIgniter->handleRequest()
 5 SYSTEMPATH/Boot.php(417): CodeIgniter\CodeIgniter->run()
 6 SYSTEMPATH/Boot.php(68): CodeIgniter\Boot::runCodeIgniter()
 7 FCPATH/index.php(31): CodeIgniter\Boot::bootWeb()
CRITICAL - 2026-05-28 03:04:08 --> CodeIgniter\HTTP\Exceptions\BadRequestException: The URI you submitted has disallowed characters: "प्रदेश-७"
[Method: GET, Route: category/%E0%A4%AA%E0%A5%8D%E0%A4%B0%E0%A4%A6%E0%A5%87%E0%A4%B6-%E0%A5%AD/page/3/]
in SYSTEMPATH/Router/Router.php on line 768.
 1 SYSTEMPATH/Router/Router.php(219): CodeIgniter\Router\Router->checkDisallowedChars()
 2 SYSTEMPATH/CodeIgniter.php(829): CodeIgniter\Router\Router->handle()
 3 SYSTEMPATH/CodeIgniter.php(441): CodeIgniter\CodeIgniter->tryToRouteIt()
 4 SYSTEMPATH/CodeIgniter.php(340): CodeIgniter\CodeIgniter->handleRequest()
 5 SYSTEMPATH/Boot.php(417): CodeIgniter\CodeIgniter->run()
 6 SYSTEMPATH/Boot.php(68): CodeIgniter\Boot::runCodeIgniter()
 7 FCPATH/index.php(31): CodeIgniter\Boot::bootWeb()
CRITICAL - 2026-05-28 03:04:10 --> CodeIgniter\HTTP\Exceptions\BadRequestException: The URI you submitted has disallowed characters: "प्रदेश-७"
[Method: GET, Route: category/%E0%A4%AA%E0%A5%8D%E0%A4%B0%E0%A4%A6%E0%A5%87%E0%A4%B6-%E0%A5%AD/page/4/]
in SYSTEMPATH/Router/Router.php on line 768.
 1 SYSTEMPATH/Router/Router.php(219): CodeIgniter\Router\Router->checkDisallowedChars()
 2 SYSTEMPATH/CodeIgniter.php(829): CodeIgniter\Router\Router->handle()
 3 SYSTEMPATH/CodeIgniter.php(441): CodeIgniter\CodeIgniter->tryToRouteIt()
 4 SYSTEMPATH/CodeIgniter.php(340): CodeIgniter\CodeIgniter->handleRequest()
 5 SYSTEMPATH/Boot.php(417): CodeIgniter\CodeIgniter->run()
 6 SYSTEMPATH/Boot.php(68): CodeIgniter\Boot::runCodeIgniter()
 7 FCPATH/index.php(31): CodeIgniter\Boot::bootWeb()
CRITICAL - 2026-05-28 03:04:11 --> CodeIgniter\HTTP\Exceptions\BadRequestException: The URI you submitted has disallowed characters: "प्रदेश-७"
[Method: GET, Route: category/%E0%A4%AA%E0%A5%8D%E0%A4%B0%E0%A4%A6%E0%A5%87%E0%A4%B6-%E0%A5%AD/page/5/]
in SYSTEMPATH/Router/Router.php on line 768.
 1 SYSTEMPATH/Router/Router.php(219): CodeIgniter\Router\Router->checkDisallowedChars()
 2 SYSTEMPATH/CodeIgniter.php(829): CodeIgniter\Router\Router->handle()
 3 SYSTEMPATH/CodeIgniter.php(441): CodeIgniter\CodeIgniter->tryToRouteIt()
 4 SYSTEMPATH/CodeIgniter.php(340): CodeIgniter\CodeIgniter->handleRequest()
 5 SYSTEMPATH/Boot.php(417): CodeIgniter\CodeIgniter->run()
 6 SYSTEMPATH/Boot.php(68): CodeIgniter\Boot::runCodeIgniter()
 7 FCPATH/index.php(31): CodeIgniter\Boot::bootWeb()
CRITICAL - 2026-05-28 03:04:13 --> CodeIgniter\HTTP\Exceptions\BadRequestException: The URI you submitted has disallowed characters: "प्रदेश-७"
[Method: GET, Route: category/%E0%A4%AA%E0%A5%8D%E0%A4%B0%E0%A4%A6%E0%A5%87%E0%A4%B6-%E0%A5%AD/page/6/]
in SYSTEMPATH/Router/Router.php on line 768.
 1 SYSTEMPATH/Router/Router.php(219): CodeIgniter\Router\Router->checkDisallowedChars()
 2 SYSTEMPATH/CodeIgniter.php(829): CodeIgniter\Router\Router->handle()
 3 SYSTEMPATH/CodeIgniter.php(441): CodeIgniter\CodeIgniter->tryToRouteIt()
 4 SYSTEMPATH/CodeIgniter.php(340): CodeIgniter\CodeIgniter->handleRequest()
 5 SYSTEMPATH/Boot.php(417): CodeIgniter\CodeIgniter->run()
 6 SYSTEMPATH/Boot.php(68): CodeIgniter\Boot::runCodeIgniter()
 7 FCPATH/index.php(31): CodeIgniter\Boot::bootWeb()
CRITICAL - 2026-05-28 03:04:15 --> CodeIgniter\HTTP\Exceptions\BadRequestException: The URI you submitted has disallowed characters: "प्रदेश-७"
[Method: GET, Route: category/%E0%A4%AA%E0%A5%8D%E0%A4%B0%E0%A4%A6%E0%A5%87%E0%A4%B6-%E0%A5%AD/page/7/]
in SYSTEMPATH/Router/Router.php on line 768.
 1 SYSTEMPATH/Router/Router.php(219): CodeIgniter\Router\Router->checkDisallowedChars()
 2 SYSTEMPATH/CodeIgniter.php(829): CodeIgniter\Router\Router->handle()
 3 SYSTEMPATH/CodeIgniter.php(441): CodeIgniter\CodeIgniter->tryToRouteIt()
 4 SYSTEMPATH/CodeIgniter.php(340): CodeIgniter\CodeIgniter->handleRequest()
 5 SYSTEMPATH/Boot.php(417): CodeIgniter\CodeIgniter->run()
 6 SYSTEMPATH/Boot.php(68): CodeIgniter\Boot::runCodeIgniter()
 7 FCPATH/index.php(31): CodeIgniter\Boot::bootWeb()
CRITICAL - 2026-05-28 03:04:16 --> CodeIgniter\HTTP\Exceptions\BadRequestException: The URI you submitted has disallowed characters: "प्रदेश-७"
[Method: GET, Route: category/%E0%A4%AA%E0%A5%8D%E0%A4%B0%E0%A4%A6%E0%A5%87%E0%A4%B6-%E0%A5%AD/page/8/]
in SYSTEMPATH/Router/Router.php on line 768.
 1 SYSTEMPATH/Router/Router.php(219): CodeIgniter\Router\Router->checkDisallowedChars()
 2 SYSTEMPATH/CodeIgniter.php(829): CodeIgniter\Router\Router->handle()
 3 SYSTEMPATH/CodeIgniter.php(441): CodeIgniter\CodeIgniter->tryToRouteIt()
 4 SYSTEMPATH/CodeIgniter.php(340): CodeIgniter\CodeIgniter->handleRequest()
 5 SYSTEMPATH/Boot.php(417): CodeIgniter\CodeIgniter->run()
 6 SYSTEMPATH/Boot.php(68): CodeIgniter\Boot::runCodeIgniter()
 7 FCPATH/index.php(31): CodeIgniter\Boot::bootWeb()
CRITICAL - 2026-05-28 03:04:18 --> CodeIgniter\HTTP\Exceptions\BadRequestException: The URI you submitted has disallowed characters: "प्रदेश-७"
[Method: GET, Route: category/%E0%A4%AA%E0%A5%8D%E0%A4%B0%E0%A4%A6%E0%A5%87%E0%A4%B6-%E0%A5%AD/page/9/]
in SYSTEMPATH/Router/Router.php on line 768.
 1 SYSTEMPATH/Router/Router.php(219): CodeIgniter\Router\Router->checkDisallowedChars()
 2 SYSTEMPATH/CodeIgniter.php(829): CodeIgniter\Router\Router->handle()
 3 SYSTEMPATH/CodeIgniter.php(441): CodeIgniter\CodeIgniter->tryToRouteIt()
 4 SYSTEMPATH/CodeIgniter.php(340): CodeIgniter\CodeIgniter->handleRequest()
 5 SYSTEMPATH/Boot.php(417): CodeIgniter\CodeIgniter->run()
 6 SYSTEMPATH/Boot.php(68): CodeIgniter\Boot::runCodeIgniter()
 7 FCPATH/index.php(31): CodeIgniter\Boot::bootWeb()
CRITICAL - 2026-05-28 03:04:20 --> CodeIgniter\HTTP\Exceptions\BadRequestException: The URI you submitted has disallowed characters: "प्रमुख-समाचार"
[Method: GET, Route: category/%E0%A4%AA%E0%A5%8D%E0%A4%B0%E0%A4%AE%E0%A5%81%E0%A4%96-%E0%A4%B8%E0%A4%AE%E0%A4%BE%E0%A4%9A%E0%A4%BE%E0%A4%B0/]
in SYSTEMPATH/Router/Router.php on line 768.
 1 SYSTEMPATH/Router/Router.php(219): CodeIgniter\Router\Router->checkDisallowedChars()
 2 SYSTEMPATH/CodeIgniter.php(829): CodeIgniter\Router\Router->handle()
 3 SYSTEMPATH/CodeIgniter.php(441): CodeIgniter\CodeIgniter->tryToRouteIt()
 4 SYSTEMPATH/CodeIgniter.php(340): CodeIgniter\CodeIgniter->handleRequest()
 5 SYSTEMPATH/Boot.php(417): CodeIgniter\CodeIgniter->run()
 6 SYSTEMPATH/Boot.php(68): CodeIgniter\Boot::runCodeIgniter()
 7 FCPATH/index.php(31): CodeIgniter\Boot::bootWeb()
CRITICAL - 2026-05-28 03:04:22 --> CodeIgniter\HTTP\Exceptions\BadRequestException: The URI you submitted has disallowed characters: "प्रमुख-समाचार"
[Method: GET, Route: category/%E0%A4%AA%E0%A5%8D%E0%A4%B0%E0%A4%AE%E0%A5%81%E0%A4%96-%E0%A4%B8%E0%A4%AE%E0%A4%BE%E0%A4%9A%E0%A4%BE%E0%A4%B0/page/10/]
in SYSTEMPATH/Router/Router.php on line 768.
 1 SYSTEMPATH/Router/Router.php(219): CodeIgniter\Router\Router->checkDisallowedChars()
 2 SYSTEMPATH/CodeIgniter.php(829): CodeIgniter\Router\Router->handle()
 3 SYSTEMPATH/CodeIgniter.php(441): CodeIgniter\CodeIgniter->tryToRouteIt()
 4 SYSTEMPATH/CodeIgniter.php(340): CodeIgniter\CodeIgniter->handleRequest()
 5 SYSTEMPATH/Boot.php(417): CodeIgniter\CodeIgniter->run()
 6 SYSTEMPATH/Boot.php(68): CodeIgniter\Boot::runCodeIgniter()
 7 FCPATH/index.php(31): CodeIgniter\Boot::bootWeb()
CRITICAL - 2026-05-28 03:04:24 --> CodeIgniter\HTTP\Exceptions\BadRequestException: The URI you submitted has disallowed characters: "प्रमुख-समाचार"
[Method: GET, Route: category/%E0%A4%AA%E0%A5%8D%E0%A4%B0%E0%A4%AE%E0%A5%81%E0%A4%96-%E0%A4%B8%E0%A4%AE%E0%A4%BE%E0%A4%9A%E0%A4%BE%E0%A4%B0/page/11/]
in SYSTEMPATH/Router/Router.php on line 768.
 1 SYSTEMPATH/Router/Router.php(219): CodeIgniter\Router\Router->checkDisallowedChars()
 2 SYSTEMPATH/CodeIgniter.php(829): CodeIgniter\Router\Router->handle()
 3 SYSTEMPATH/CodeIgniter.php(441): CodeIgniter\CodeIgniter->tryToRouteIt()
 4 SYSTEMPATH/CodeIgniter.php(340): CodeIgniter\CodeIgniter->handleRequest()
 5 SYSTEMPATH/Boot.php(417): CodeIgniter\CodeIgniter->run()
 6 SYSTEMPATH/Boot.php(68): CodeIgniter\Boot::runCodeIgniter()
 7 FCPATH/index.php(31): CodeIgniter\Boot::bootWeb()
CRITICAL - 2026-05-28 03:04:26 --> CodeIgniter\HTTP\Exceptions\BadRequestException: The URI you submitted has disallowed characters: "प्रमुख-समाचार"
[Method: GET, Route: category/%E0%A4%AA%E0%A5%8D%E0%A4%B0%E0%A4%AE%E0%A5%81%E0%A4%96-%E0%A4%B8%E0%A4%AE%E0%A4%BE%E0%A4%9A%E0%A4%BE%E0%A4%B0/page/12/]
in SYSTEMPATH/Router/Router.php on line 768.
 1 SYSTEMPATH/Router/Router.php(219): CodeIgniter\Router\Router->checkDisallowedChars()
 2 SYSTEMPATH/CodeIgniter.php(829): CodeIgniter\Router\Router->handle()
 3 SYSTEMPATH/CodeIgniter.php(441): CodeIgniter\CodeIgniter->tryToRouteIt()
 4 SYSTEMPATH/CodeIgniter.php(340): CodeIgniter\CodeIgniter->handleRequest()
 5 SYSTEMPATH/Boot.php(417): CodeIgniter\CodeIgniter->run()
 6 SYSTEMPATH/Boot.php(68): CodeIgniter\Boot::runCodeIgniter()
 7 FCPATH/index.php(31): CodeIgniter\Boot::bootWeb()
CRITICAL - 2026-05-28 03:04:27 --> CodeIgniter\HTTP\Exceptions\BadRequestException: The URI you submitted has disallowed characters: "प्रमुख-समाचार"
[Method: GET, Route: category/%E0%A4%AA%E0%A5%8D%E0%A4%B0%E0%A4%AE%E0%A5%81%E0%A4%96-%E0%A4%B8%E0%A4%AE%E0%A4%BE%E0%A4%9A%E0%A4%BE%E0%A4%B0/page/13/]
in SYSTEMPATH/Router/Router.php on line 768.
 1 SYSTEMPATH/Router/Router.php(219): CodeIgniter\Router\Router->checkDisallowedChars()
 2 SYSTEMPATH/CodeIgniter.php(829): CodeIgniter\Router\Router->handle()
 3 SYSTEMPATH/CodeIgniter.php(441): CodeIgniter\CodeIgniter->tryToRouteIt()
 4 SYSTEMPATH/CodeIgniter.php(340): CodeIgniter\CodeIgniter->handleRequest()
 5 SYSTEMPATH/Boot.php(417): CodeIgniter\CodeIgniter->run()
 6 SYSTEMPATH/Boot.php(68): CodeIgniter\Boot::runCodeIgniter()
 7 FCPATH/index.php(31): CodeIgniter\Boot::bootWeb()
CRITICAL - 2026-05-28 03:04:29 --> CodeIgniter\HTTP\Exceptions\BadRequestException: The URI you submitted has disallowed characters: "प्रमुख-समाचार"
[Method: GET, Route: category/%E0%A4%AA%E0%A5%8D%E0%A4%B0%E0%A4%AE%E0%A5%81%E0%A4%96-%E0%A4%B8%E0%A4%AE%E0%A4%BE%E0%A4%9A%E0%A4%BE%E0%A4%B0/page/2/]
in SYSTEMPATH/Router/Router.php on line 768.
 1 SYSTEMPATH/Router/Router.php(219): CodeIgniter\Router\Router->checkDisallowedChars()
 2 SYSTEMPATH/CodeIgniter.php(829): CodeIgniter\Router\Router->handle()
 3 SYSTEMPATH/CodeIgniter.php(441): CodeIgniter\CodeIgniter->tryToRouteIt()
 4 SYSTEMPATH/CodeIgniter.php(340): CodeIgniter\CodeIgniter->handleRequest()
 5 SYSTEMPATH/Boot.php(417): CodeIgniter\CodeIgniter->run()
 6 SYSTEMPATH/Boot.php(68): CodeIgniter\Boot::runCodeIgniter()
 7 FCPATH/index.php(31): CodeIgniter\Boot::bootWeb()
CRITICAL - 2026-05-28 03:04:31 --> CodeIgniter\HTTP\Exceptions\BadRequestException: The URI you submitted has disallowed characters: "प्रमुख-समाचार"
[Method: GET, Route: category/%E0%A4%AA%E0%A5%8D%E0%A4%B0%E0%A4%AE%E0%A5%81%E0%A4%96-%E0%A4%B8%E0%A4%AE%E0%A4%BE%E0%A4%9A%E0%A4%BE%E0%A4%B0/page/3/]
in SYSTEMPATH/Router/Router.php on line 768.
 1 SYSTEMPATH/Router/Router.php(219): CodeIgniter\Router\Router->checkDisallowedChars()
 2 SYSTEMPATH/CodeIgniter.php(829): CodeIgniter\Router\Router->handle()
 3 SYSTEMPATH/CodeIgniter.php(441): CodeIgniter\CodeIgniter->tryToRouteIt()
 4 SYSTEMPATH/CodeIgniter.php(340): CodeIgniter\CodeIgniter->handleRequest()
 5 SYSTEMPATH/Boot.php(417): CodeIgniter\CodeIgniter->run()
 6 SYSTEMPATH/Boot.php(68): CodeIgniter\Boot::runCodeIgniter()
 7 FCPATH/index.php(31): CodeIgniter\Boot::bootWeb()
CRITICAL - 2026-05-28 03:04:33 --> CodeIgniter\HTTP\Exceptions\BadRequestException: The URI you submitted has disallowed characters: "प्रमुख-समाचार"
[Method: GET, Route: category/%E0%A4%AA%E0%A5%8D%E0%A4%B0%E0%A4%AE%E0%A5%81%E0%A4%96-%E0%A4%B8%E0%A4%AE%E0%A4%BE%E0%A4%9A%E0%A4%BE%E0%A4%B0/page/4/]
in SYSTEMPATH/Router/Router.php on line 768.
 1 SYSTEMPATH/Router/Router.php(219): CodeIgniter\Router\Router->checkDisallowedChars()
 2 SYSTEMPATH/CodeIgniter.php(829): CodeIgniter\Router\Router->handle()
 3 SYSTEMPATH/CodeIgniter.php(441): CodeIgniter\CodeIgniter->tryToRouteIt()
 4 SYSTEMPATH/CodeIgniter.php(340): CodeIgniter\CodeIgniter->handleRequest()
 5 SYSTEMPATH/Boot.php(417): CodeIgniter\CodeIgniter->run()
 6 SYSTEMPATH/Boot.php(68): CodeIgniter\Boot::runCodeIgniter()
 7 FCPATH/index.php(31): CodeIgniter\Boot::bootWeb()
CRITICAL - 2026-05-28 03:04:35 --> CodeIgniter\HTTP\Exceptions\BadRequestException: The URI you submitted has disallowed characters: "प्रमुख-समाचार"
[Method: GET, Route: category/%E0%A4%AA%E0%A5%8D%E0%A4%B0%E0%A4%AE%E0%A5%81%E0%A4%96-%E0%A4%B8%E0%A4%AE%E0%A4%BE%E0%A4%9A%E0%A4%BE%E0%A4%B0/page/5/]
in SYSTEMPATH/Router/Router.php on line 768.
 1 SYSTEMPATH/Router/Router.php(219): CodeIgniter\Router\Router->checkDisallowedChars()
 2 SYSTEMPATH/CodeIgniter.php(829): CodeIgniter\Router\Router->handle()
 3 SYSTEMPATH/CodeIgniter.php(441): CodeIgniter\CodeIgniter->tryToRouteIt()
 4 SYSTEMPATH/CodeIgniter.php(340): CodeIgniter\CodeIgniter->handleRequest()
 5 SYSTEMPATH/Boot.php(417): CodeIgniter\CodeIgniter->run()
 6 SYSTEMPATH/Boot.php(68): CodeIgniter\Boot::runCodeIgniter()
 7 FCPATH/index.php(31): CodeIgniter\Boot::bootWeb()
CRITICAL - 2026-05-28 03:04:36 --> CodeIgniter\HTTP\Exceptions\BadRequestException: The URI you submitted has disallowed characters: "प्रमुख-समाचार"
[Method: GET, Route: category/%E0%A4%AA%E0%A5%8D%E0%A4%B0%E0%A4%AE%E0%A5%81%E0%A4%96-%E0%A4%B8%E0%A4%AE%E0%A4%BE%E0%A4%9A%E0%A4%BE%E0%A4%B0/page/6/]
in SYSTEMPATH/Router/Router.php on line 768.
 1 SYSTEMPATH/Router/Router.php(219): CodeIgniter\Router\Router->checkDisallowedChars()
 2 SYSTEMPATH/CodeIgniter.php(829): CodeIgniter\Router\Router->handle()
 3 SYSTEMPATH/CodeIgniter.php(441): CodeIgniter\CodeIgniter->tryToRouteIt()
 4 SYSTEMPATH/CodeIgniter.php(340): CodeIgniter\CodeIgniter->handleRequest()
 5 SYSTEMPATH/Boot.php(417): CodeIgniter\CodeIgniter->run()
 6 SYSTEMPATH/Boot.php(68): CodeIgniter\Boot::runCodeIgniter()
 7 FCPATH/index.php(31): CodeIgniter\Boot::bootWeb()
CRITICAL - 2026-05-28 03:04:38 --> CodeIgniter\HTTP\Exceptions\BadRequestException: The URI you submitted has disallowed characters: "प्रमुख-समाचार"
[Method: GET, Route: category/%E0%A4%AA%E0%A5%8D%E0%A4%B0%E0%A4%AE%E0%A5%81%E0%A4%96-%E0%A4%B8%E0%A4%AE%E0%A4%BE%E0%A4%9A%E0%A4%BE%E0%A4%B0/page/9/]
in SYSTEMPATH/Router/Router.php on line 768.
 1 SYSTEMPATH/Router/Router.php(219): CodeIgniter\Router\Router->checkDisallowedChars()
 2 SYSTEMPATH/CodeIgniter.php(829): CodeIgniter\Router\Router->handle()
 3 SYSTEMPATH/CodeIgniter.php(441): CodeIgniter\CodeIgniter->tryToRouteIt()
 4 SYSTEMPATH/CodeIgniter.php(340): CodeIgniter\CodeIgniter->handleRequest()
 5 SYSTEMPATH/Boot.php(417): CodeIgniter\CodeIgniter->run()
 6 SYSTEMPATH/Boot.php(68): CodeIgniter\Boot::runCodeIgniter()
 7 FCPATH/index.php(31): CodeIgniter\Boot::bootWeb()
CRITICAL - 2026-05-28 03:04:40 --> CodeIgniter\HTTP\Exceptions\BadRequestException: The URI you submitted has disallowed characters: "मनोरञ्जन"
[Method: GET, Route: category/%E0%A4%AE%E0%A4%A8%E0%A5%8B%E0%A4%B0%E0%A4%9E%E0%A5%8D%E0%A4%9C%E0%A4%A8/]
in SYSTEMPATH/Router/Router.php on line 768.
 1 SYSTEMPATH/Router/Router.php(219): CodeIgniter\Router\Router->checkDisallowedChars()
 2 SYSTEMPATH/CodeIgniter.php(829): CodeIgniter\Router\Router->handle()
 3 SYSTEMPATH/CodeIgniter.php(441): CodeIgniter\CodeIgniter->tryToRouteIt()
 4 SYSTEMPATH/CodeIgniter.php(340): CodeIgniter\CodeIgniter->handleRequest()
 5 SYSTEMPATH/Boot.php(417): CodeIgniter\CodeIgniter->run()
 6 SYSTEMPATH/Boot.php(68): CodeIgniter\Boot::runCodeIgniter()
 7 FCPATH/index.php(31): CodeIgniter\Boot::bootWeb()
CRITICAL - 2026-05-28 03:04:42 --> CodeIgniter\HTTP\Exceptions\BadRequestException: The URI you submitted has disallowed characters: "मनोरञ्जन"
[Method: GET, Route: category/%E0%A4%AE%E0%A4%A8%E0%A5%8B%E0%A4%B0%E0%A4%9E%E0%A5%8D%E0%A4%9C%E0%A4%A8/page/2/]
in SYSTEMPATH/Router/Router.php on line 768.
 1 SYSTEMPATH/Router/Router.php(219): CodeIgniter\Router\Router->checkDisallowedChars()
 2 SYSTEMPATH/CodeIgniter.php(829): CodeIgniter\Router\Router->handle()
 3 SYSTEMPATH/CodeIgniter.php(441): CodeIgniter\CodeIgniter->tryToRouteIt()
 4 SYSTEMPATH/CodeIgniter.php(340): CodeIgniter\CodeIgniter->handleRequest()
 5 SYSTEMPATH/Boot.php(417): CodeIgniter\CodeIgniter->run()
 6 SYSTEMPATH/Boot.php(68): CodeIgniter\Boot::runCodeIgniter()
 7 FCPATH/index.php(31): CodeIgniter\Boot::bootWeb()
CRITICAL - 2026-05-28 03:04:43 --> CodeIgniter\HTTP\Exceptions\BadRequestException: The URI you submitted has disallowed characters: "मनोरञ्जन"
[Method: GET, Route: category/%E0%A4%AE%E0%A4%A8%E0%A5%8B%E0%A4%B0%E0%A4%9E%E0%A5%8D%E0%A4%9C%E0%A4%A8/page/3/]
in SYSTEMPATH/Router/Router.php on line 768.
 1 SYSTEMPATH/Router/Router.php(219): CodeIgniter\Router\Router->checkDisallowedChars()
 2 SYSTEMPATH/CodeIgniter.php(829): CodeIgniter\Router\Router->handle()
 3 SYSTEMPATH/CodeIgniter.php(441): CodeIgniter\CodeIgniter->tryToRouteIt()
 4 SYSTEMPATH/CodeIgniter.php(340): CodeIgniter\CodeIgniter->handleRequest()
 5 SYSTEMPATH/Boot.php(417): CodeIgniter\CodeIgniter->run()
 6 SYSTEMPATH/Boot.php(68): CodeIgniter\Boot::runCodeIgniter()
 7 FCPATH/index.php(31): CodeIgniter\Boot::bootWeb()
CRITICAL - 2026-05-28 03:04:45 --> CodeIgniter\HTTP\Exceptions\BadRequestException: The URI you submitted has disallowed characters: "मनोरञ्जन"
[Method: GET, Route: category/%E0%A4%AE%E0%A4%A8%E0%A5%8B%E0%A4%B0%E0%A4%9E%E0%A5%8D%E0%A4%9C%E0%A4%A8/page/4/]
in SYSTEMPATH/Router/Router.php on line 768.
 1 SYSTEMPATH/Router/Router.php(219): CodeIgniter\Router\Router->checkDisallowedChars()
 2 SYSTEMPATH/CodeIgniter.php(829): CodeIgniter\Router\Router->handle()
 3 SYSTEMPATH/CodeIgniter.php(441): CodeIgniter\CodeIgniter->tryToRouteIt()
 4 SYSTEMPATH/CodeIgniter.php(340): CodeIgniter\CodeIgniter->handleRequest()
 5 SYSTEMPATH/Boot.php(417): CodeIgniter\CodeIgniter->run()
 6 SYSTEMPATH/Boot.php(68): CodeIgniter\Boot::runCodeIgniter()
 7 FCPATH/index.php(31): CodeIgniter\Boot::bootWeb()
CRITICAL - 2026-05-28 03:04:49 --> CodeIgniter\HTTP\Exceptions\BadRequestException: The URI you submitted has disallowed characters: "मनोरञ्जन"
[Method: GET, Route: category/%E0%A4%AE%E0%A4%A8%E0%A5%8B%E0%A4%B0%E0%A4%9E%E0%A5%8D%E0%A4%9C%E0%A4%A8/page/5/]
in SYSTEMPATH/Router/Router.php on line 768.
 1 SYSTEMPATH/Router/Router.php(219): CodeIgniter\Router\Router->checkDisallowedChars()
 2 SYSTEMPATH/CodeIgniter.php(829): CodeIgniter\Router\Router->handle()
 3 SYSTEMPATH/CodeIgniter.php(441): CodeIgniter\CodeIgniter->tryToRouteIt()
 4 SYSTEMPATH/CodeIgniter.php(340): CodeIgniter\CodeIgniter->handleRequest()
 5 SYSTEMPATH/Boot.php(417): CodeIgniter\CodeIgniter->run()
 6 SYSTEMPATH/Boot.php(68): CodeIgniter\Boot::runCodeIgniter()
 7 FCPATH/index.php(31): CodeIgniter\Boot::bootWeb()
CRITICAL - 2026-05-28 03:04:50 --> CodeIgniter\HTTP\Exceptions\BadRequestException: The URI you submitted has disallowed characters: "मनोरञ्जन"
[Method: GET, Route: category/%E0%A4%AE%E0%A4%A8%E0%A5%8B%E0%A4%B0%E0%A4%9E%E0%A5%8D%E0%A4%9C%E0%A4%A8/page/5/]
in SYSTEMPATH/Router/Router.php on line 768.
 1 SYSTEMPATH/Router/Router.php(219): CodeIgniter\Router\Router->checkDisallowedChars()
 2 SYSTEMPATH/CodeIgniter.php(829): CodeIgniter\Router\Router->handle()
 3 SYSTEMPATH/CodeIgniter.php(441): CodeIgniter\CodeIgniter->tryToRouteIt()
 4 SYSTEMPATH/CodeIgniter.php(340): CodeIgniter\CodeIgniter->handleRequest()
 5 SYSTEMPATH/Boot.php(417): CodeIgniter\CodeIgniter->run()
 6 SYSTEMPATH/Boot.php(68): CodeIgniter\Boot::runCodeIgniter()
 7 FCPATH/index.php(31): CodeIgniter\Boot::bootWeb()
CRITICAL - 2026-05-28 03:04:54 --> CodeIgniter\HTTP\Exceptions\BadRequestException: The URI you submitted has disallowed characters: "मनोरञ्जन"
[Method: GET, Route: category/%E0%A4%AE%E0%A4%A8%E0%A5%8B%E0%A4%B0%E0%A4%9E%E0%A5%8D%E0%A4%9C%E0%A4%A8/page/6/]
in SYSTEMPATH/Router/Router.php on line 768.
 1 SYSTEMPATH/Router/Router.php(219): CodeIgniter\Router\Router->checkDisallowedChars()
 2 SYSTEMPATH/CodeIgniter.php(829): CodeIgniter\Router\Router->handle()
 3 SYSTEMPATH/CodeIgniter.php(441): CodeIgniter\CodeIgniter->tryToRouteIt()
 4 SYSTEMPATH/CodeIgniter.php(340): CodeIgniter\CodeIgniter->handleRequest()
 5 SYSTEMPATH/Boot.php(417): CodeIgniter\CodeIgniter->run()
 6 SYSTEMPATH/Boot.php(68): CodeIgniter\Boot::runCodeIgniter()
 7 FCPATH/index.php(31): CodeIgniter\Boot::bootWeb()
CRITICAL - 2026-05-28 03:04:55 --> CodeIgniter\HTTP\Exceptions\BadRequestException: The URI you submitted has disallowed characters: "मनोरञ्जन"
[Method: GET, Route: category/%E0%A4%AE%E0%A4%A8%E0%A5%8B%E0%A4%B0%E0%A4%9E%E0%A5%8D%E0%A4%9C%E0%A4%A8/page/6/]
in SYSTEMPATH/Router/Router.php on line 768.
 1 SYSTEMPATH/Router/Router.php(219): CodeIgniter\Router\Router->checkDisallowedChars()
 2 SYSTEMPATH/CodeIgniter.php(829): CodeIgniter\Router\Router->handle()
 3 SYSTEMPATH/CodeIgniter.php(441): CodeIgniter\CodeIgniter->tryToRouteIt()
 4 SYSTEMPATH/CodeIgniter.php(340): CodeIgniter\CodeIgniter->handleRequest()
 5 SYSTEMPATH/Boot.php(417): CodeIgniter\CodeIgniter->run()
 6 SYSTEMPATH/Boot.php(68): CodeIgniter\Boot::runCodeIgniter()
 7 FCPATH/index.php(31): CodeIgniter\Boot::bootWeb()
CRITICAL - 2026-05-28 03:04:59 --> CodeIgniter\HTTP\Exceptions\BadRequestException: The URI you submitted has disallowed characters: "मनोरञ्जन"
[Method: GET, Route: category/%E0%A4%AE%E0%A4%A8%E0%A5%8B%E0%A4%B0%E0%A4%9E%E0%A5%8D%E0%A4%9C%E0%A4%A8/page/7/]
in SYSTEMPATH/Router/Router.php on line 768.
 1 SYSTEMPATH/Router/Router.php(219): CodeIgniter\Router\Router->checkDisallowedChars()
 2 SYSTEMPATH/CodeIgniter.php(829): CodeIgniter\Router\Router->handle()
 3 SYSTEMPATH/CodeIgniter.php(441): CodeIgniter\CodeIgniter->tryToRouteIt()
 4 SYSTEMPATH/CodeIgniter.php(340): CodeIgniter\CodeIgniter->handleRequest()
 5 SYSTEMPATH/Boot.php(417): CodeIgniter\CodeIgniter->run()
 6 SYSTEMPATH/Boot.php(68): CodeIgniter\Boot::runCodeIgniter()
 7 FCPATH/index.php(31): CodeIgniter\Boot::bootWeb()
CRITICAL - 2026-05-28 03:05:01 --> CodeIgniter\HTTP\Exceptions\BadRequestException: The URI you submitted has disallowed characters: "मनोरञ्जन"
[Method: GET, Route: category/%E0%A4%AE%E0%A4%A8%E0%A5%8B%E0%A4%B0%E0%A4%9E%E0%A5%8D%E0%A4%9C%E0%A4%A8/page/7/]
in SYSTEMPATH/Router/Router.php on line 768.
 1 SYSTEMPATH/Router/Router.php(219): CodeIgniter\Router\Router->checkDisallowedChars()
 2 SYSTEMPATH/CodeIgniter.php(829): CodeIgniter\Router\Router->handle()
 3 SYSTEMPATH/CodeIgniter.php(441): CodeIgniter\CodeIgniter->tryToRouteIt()
 4 SYSTEMPATH/CodeIgniter.php(340): CodeIgniter\CodeIgniter->handleRequest()
 5 SYSTEMPATH/Boot.php(417): CodeIgniter\CodeIgniter->run()
 6 SYSTEMPATH/Boot.php(68): CodeIgniter\Boot::runCodeIgniter()
 7 FCPATH/index.php(31): CodeIgniter\Boot::bootWeb()
CRITICAL - 2026-05-28 03:05:04 --> CodeIgniter\HTTP\Exceptions\BadRequestException: The URI you submitted has disallowed characters: "मनोरञ्जन"
[Method: GET, Route: category/%E0%A4%AE%E0%A4%A8%E0%A5%8B%E0%A4%B0%E0%A4%9E%E0%A5%8D%E0%A4%9C%E0%A4%A8/page/8/]
in SYSTEMPATH/Router/Router.php on line 768.
 1 SYSTEMPATH/Router/Router.php(219): CodeIgniter\Router\Router->checkDisallowedChars()
 2 SYSTEMPATH/CodeIgniter.php(829): CodeIgniter\Router\Router->handle()
 3 SYSTEMPATH/CodeIgniter.php(441): CodeIgniter\CodeIgniter->tryToRouteIt()
 4 SYSTEMPATH/CodeIgniter.php(340): CodeIgniter\CodeIgniter->handleRequest()
 5 SYSTEMPATH/Boot.php(417): CodeIgniter\CodeIgniter->run()
 6 SYSTEMPATH/Boot.php(68): CodeIgniter\Boot::runCodeIgniter()
 7 FCPATH/index.php(31): CodeIgniter\Boot::bootWeb()
CRITICAL - 2026-05-28 03:05:06 --> CodeIgniter\HTTP\Exceptions\BadRequestException: The URI you submitted has disallowed characters: "मनोरञ्जन"
[Method: GET, Route: category/%E0%A4%AE%E0%A4%A8%E0%A5%8B%E0%A4%B0%E0%A4%9E%E0%A5%8D%E0%A4%9C%E0%A4%A8/page/8/]
in SYSTEMPATH/Router/Router.php on line 768.
 1 SYSTEMPATH/Router/Router.php(219): CodeIgniter\Router\Router->checkDisallowedChars()
 2 SYSTEMPATH/CodeIgniter.php(829): CodeIgniter\Router\Router->handle()
 3 SYSTEMPATH/CodeIgniter.php(441): CodeIgniter\CodeIgniter->tryToRouteIt()
 4 SYSTEMPATH/CodeIgniter.php(340): CodeIgniter\CodeIgniter->handleRequest()
 5 SYSTEMPATH/Boot.php(417): CodeIgniter\CodeIgniter->run()
 6 SYSTEMPATH/Boot.php(68): CodeIgniter\Boot::runCodeIgniter()
 7 FCPATH/index.php(31): CodeIgniter\Boot::bootWeb()
CRITICAL - 2026-05-28 03:05:10 --> CodeIgniter\HTTP\Exceptions\BadRequestException: The URI you submitted has disallowed characters: "मनोरञ्जन"
[Method: GET, Route: category/%E0%A4%AE%E0%A4%A8%E0%A5%8B%E0%A4%B0%E0%A4%9E%E0%A5%8D%E0%A4%9C%E0%A4%A8/page/9/]
in SYSTEMPATH/Router/Router.php on line 768.
 1 SYSTEMPATH/Router/Router.php(219): CodeIgniter\Router\Router->checkDisallowedChars()
 2 SYSTEMPATH/CodeIgniter.php(829): CodeIgniter\Router\Router->handle()
 3 SYSTEMPATH/CodeIgniter.php(441): CodeIgniter\CodeIgniter->tryToRouteIt()
 4 SYSTEMPATH/CodeIgniter.php(340): CodeIgniter\CodeIgniter->handleRequest()
 5 SYSTEMPATH/Boot.php(417): CodeIgniter\CodeIgniter->run()
 6 SYSTEMPATH/Boot.php(68): CodeIgniter\Boot::runCodeIgniter()
 7 FCPATH/index.php(31): CodeIgniter\Boot::bootWeb()
CRITICAL - 2026-05-28 03:05:12 --> CodeIgniter\HTTP\Exceptions\BadRequestException: The URI you submitted has disallowed characters: "मनोरञ्जन"
[Method: GET, Route: category/%E0%A4%AE%E0%A4%A8%E0%A5%8B%E0%A4%B0%E0%A4%9E%E0%A5%8D%E0%A4%9C%E0%A4%A8/page/9/]
in SYSTEMPATH/Router/Router.php on line 768.
 1 SYSTEMPATH/Router/Router.php(219): CodeIgniter\Router\Router->checkDisallowedChars()
 2 SYSTEMPATH/CodeIgniter.php(829): CodeIgniter\Router\Router->handle()
 3 SYSTEMPATH/CodeIgniter.php(441): CodeIgniter\CodeIgniter->tryToRouteIt()
 4 SYSTEMPATH/CodeIgniter.php(340): CodeIgniter\CodeIgniter->handleRequest()
 5 SYSTEMPATH/Boot.php(417): CodeIgniter\CodeIgniter->run()
 6 SYSTEMPATH/Boot.php(68): CodeIgniter\Boot::runCodeIgniter()
 7 FCPATH/index.php(31): CodeIgniter\Boot::bootWeb()
CRITICAL - 2026-05-28 03:05:14 --> CodeIgniter\HTTP\Exceptions\BadRequestException: The URI you submitted has disallowed characters: "राजनीति"
[Method: GET, Route: category/%E0%A4%B0%E0%A4%BE%E0%A4%9C%E0%A4%A8%E0%A5%80%E0%A4%A4%E0%A4%BF/]
in SYSTEMPATH/Router/Router.php on line 768.
 1 SYSTEMPATH/Router/Router.php(219): CodeIgniter\Router\Router->checkDisallowedChars()
 2 SYSTEMPATH/CodeIgniter.php(829): CodeIgniter\Router\Router->handle()
 3 SYSTEMPATH/CodeIgniter.php(441): CodeIgniter\CodeIgniter->tryToRouteIt()
 4 SYSTEMPATH/CodeIgniter.php(340): CodeIgniter\CodeIgniter->handleRequest()
 5 SYSTEMPATH/Boot.php(417): CodeIgniter\CodeIgniter->run()
 6 SYSTEMPATH/Boot.php(68): CodeIgniter\Boot::runCodeIgniter()
 7 FCPATH/index.php(31): CodeIgniter\Boot::bootWeb()
CRITICAL - 2026-05-28 03:05:17 --> CodeIgniter\HTTP\Exceptions\BadRequestException: The URI you submitted has disallowed characters: "राजनीति"
[Method: GET, Route: category/%E0%A4%B0%E0%A4%BE%E0%A4%9C%E0%A4%A8%E0%A5%80%E0%A4%A4%E0%A4%BF/page/10/]
in SYSTEMPATH/Router/Router.php on line 768.
 1 SYSTEMPATH/Router/Router.php(219): CodeIgniter\Router\Router->checkDisallowedChars()
 2 SYSTEMPATH/CodeIgniter.php(829): CodeIgniter\Router\Router->handle()
 3 SYSTEMPATH/CodeIgniter.php(441): CodeIgniter\CodeIgniter->tryToRouteIt()
 4 SYSTEMPATH/CodeIgniter.php(340): CodeIgniter\CodeIgniter->handleRequest()
 5 SYSTEMPATH/Boot.php(417): CodeIgniter\CodeIgniter->run()
 6 SYSTEMPATH/Boot.php(68): CodeIgniter\Boot::runCodeIgniter()
 7 FCPATH/index.php(31): CodeIgniter\Boot::bootWeb()
CRITICAL - 2026-05-28 03:05:19 --> CodeIgniter\HTTP\Exceptions\BadRequestException: The URI you submitted has disallowed characters: "राजनीति"
[Method: GET, Route: category/%E0%A4%B0%E0%A4%BE%E0%A4%9C%E0%A4%A8%E0%A5%80%E0%A4%A4%E0%A4%BF/page/10/]
in SYSTEMPATH/Router/Router.php on line 768.
 1 SYSTEMPATH/Router/Router.php(219): CodeIgniter\Router\Router->checkDisallowedChars()
 2 SYSTEMPATH/CodeIgniter.php(829): CodeIgniter\Router\Router->handle()
 3 SYSTEMPATH/CodeIgniter.php(441): CodeIgniter\CodeIgniter->tryToRouteIt()
 4 SYSTEMPATH/CodeIgniter.php(340): CodeIgniter\CodeIgniter->handleRequest()
 5 SYSTEMPATH/Boot.php(417): CodeIgniter\CodeIgniter->run()
 6 SYSTEMPATH/Boot.php(68): CodeIgniter\Boot::runCodeIgniter()
 7 FCPATH/index.php(31): CodeIgniter\Boot::bootWeb()
CRITICAL - 2026-05-28 03:05:22 --> CodeIgniter\HTTP\Exceptions\BadRequestException: The URI you submitted has disallowed characters: "राजनीति"
[Method: GET, Route: category/%E0%A4%B0%E0%A4%BE%E0%A4%9C%E0%A4%A8%E0%A5%80%E0%A4%A4%E0%A4%BF/page/2/]
in SYSTEMPATH/Router/Router.php on line 768.
 1 SYSTEMPATH/Router/Router.php(219): CodeIgniter\Router\Router->checkDisallowedChars()
 2 SYSTEMPATH/CodeIgniter.php(829): CodeIgniter\Router\Router->handle()
 3 SYSTEMPATH/CodeIgniter.php(441): CodeIgniter\CodeIgniter->tryToRouteIt()
 4 SYSTEMPATH/CodeIgniter.php(340): CodeIgniter\CodeIgniter->handleRequest()
 5 SYSTEMPATH/Boot.php(417): CodeIgniter\CodeIgniter->run()
 6 SYSTEMPATH/Boot.php(68): CodeIgniter\Boot::runCodeIgniter()
 7 FCPATH/index.php(31): CodeIgniter\Boot::bootWeb()
CRITICAL - 2026-05-28 03:05:24 --> CodeIgniter\HTTP\Exceptions\BadRequestException: The URI you submitted has disallowed characters: "राजनीति"
[Method: GET, Route: category/%E0%A4%B0%E0%A4%BE%E0%A4%9C%E0%A4%A8%E0%A5%80%E0%A4%A4%E0%A4%BF/page/2/]
in SYSTEMPATH/Router/Router.php on line 768.
 1 SYSTEMPATH/Router/Router.php(219): CodeIgniter\Router\Router->checkDisallowedChars()
 2 SYSTEMPATH/CodeIgniter.php(829): CodeIgniter\Router\Router->handle()
 3 SYSTEMPATH/CodeIgniter.php(441): CodeIgniter\CodeIgniter->tryToRouteIt()
 4 SYSTEMPATH/CodeIgniter.php(340): CodeIgniter\CodeIgniter->handleRequest()
 5 SYSTEMPATH/Boot.php(417): CodeIgniter\CodeIgniter->run()
 6 SYSTEMPATH/Boot.php(68): CodeIgniter\Boot::runCodeIgniter()
 7 FCPATH/index.php(31): CodeIgniter\Boot::bootWeb()
CRITICAL - 2026-05-28 03:05:27 --> CodeIgniter\HTTP\Exceptions\BadRequestException: The URI you submitted has disallowed characters: "राजनीति"
[Method: GET, Route: category/%E0%A4%B0%E0%A4%BE%E0%A4%9C%E0%A4%A8%E0%A5%80%E0%A4%A4%E0%A4%BF/page/3/]
in SYSTEMPATH/Router/Router.php on line 768.
 1 SYSTEMPATH/Router/Router.php(219): CodeIgniter\Router\Router->checkDisallowedChars()
 2 SYSTEMPATH/CodeIgniter.php(829): CodeIgniter\Router\Router->handle()
 3 SYSTEMPATH/CodeIgniter.php(441): CodeIgniter\CodeIgniter->tryToRouteIt()
 4 SYSTEMPATH/CodeIgniter.php(340): CodeIgniter\CodeIgniter->handleRequest()
 5 SYSTEMPATH/Boot.php(417): CodeIgniter\CodeIgniter->run()
 6 SYSTEMPATH/Boot.php(68): CodeIgniter\Boot::runCodeIgniter()
 7 FCPATH/index.php(31): CodeIgniter\Boot::bootWeb()
CRITICAL - 2026-05-28 03:05:29 --> CodeIgniter\HTTP\Exceptions\BadRequestException: The URI you submitted has disallowed characters: "राजनीति"
[Method: GET, Route: category/%E0%A4%B0%E0%A4%BE%E0%A4%9C%E0%A4%A8%E0%A5%80%E0%A4%A4%E0%A4%BF/page/3/]
in SYSTEMPATH/Router/Router.php on line 768.
 1 SYSTEMPATH/Router/Router.php(219): CodeIgniter\Router\Router->checkDisallowedChars()
 2 SYSTEMPATH/CodeIgniter.php(829): CodeIgniter\Router\Router->handle()
 3 SYSTEMPATH/CodeIgniter.php(441): CodeIgniter\CodeIgniter->tryToRouteIt()
 4 SYSTEMPATH/CodeIgniter.php(340): CodeIgniter\CodeIgniter->handleRequest()
 5 SYSTEMPATH/Boot.php(417): CodeIgniter\CodeIgniter->run()
 6 SYSTEMPATH/Boot.php(68): CodeIgniter\Boot::runCodeIgniter()
 7 FCPATH/index.php(31): CodeIgniter\Boot::bootWeb()
CRITICAL - 2026-05-28 03:05:32 --> CodeIgniter\HTTP\Exceptions\BadRequestException: The URI you submitted has disallowed characters: "राजनीति"
[Method: GET, Route: category/%E0%A4%B0%E0%A4%BE%E0%A4%9C%E0%A4%A8%E0%A5%80%E0%A4%A4%E0%A4%BF/page/4/]
in SYSTEMPATH/Router/Router.php on line 768.
 1 SYSTEMPATH/Router/Router.php(219): CodeIgniter\Router\Router->checkDisallowedChars()
 2 SYSTEMPATH/CodeIgniter.php(829): CodeIgniter\Router\Router->handle()
 3 SYSTEMPATH/CodeIgniter.php(441): CodeIgniter\CodeIgniter->tryToRouteIt()
 4 SYSTEMPATH/CodeIgniter.php(340): CodeIgniter\CodeIgniter->handleRequest()
 5 SYSTEMPATH/Boot.php(417): CodeIgniter\CodeIgniter->run()
 6 SYSTEMPATH/Boot.php(68): CodeIgniter\Boot::runCodeIgniter()
 7 FCPATH/index.php(31): CodeIgniter\Boot::bootWeb()
CRITICAL - 2026-05-28 03:05:34 --> CodeIgniter\HTTP\Exceptions\BadRequestException: The URI you submitted has disallowed characters: "राजनीति"
[Method: GET, Route: category/%E0%A4%B0%E0%A4%BE%E0%A4%9C%E0%A4%A8%E0%A5%80%E0%A4%A4%E0%A4%BF/page/4/]
in SYSTEMPATH/Router/Router.php on line 768.
 1 SYSTEMPATH/Router/Router.php(219): CodeIgniter\Router\Router->checkDisallowedChars()
 2 SYSTEMPATH/CodeIgniter.php(829): CodeIgniter\Router\Router->handle()
 3 SYSTEMPATH/CodeIgniter.php(441): CodeIgniter\CodeIgniter->tryToRouteIt()
 4 SYSTEMPATH/CodeIgniter.php(340): CodeIgniter\CodeIgniter->handleRequest()
 5 SYSTEMPATH/Boot.php(417): CodeIgniter\CodeIgniter->run()
 6 SYSTEMPATH/Boot.php(68): CodeIgniter\Boot::runCodeIgniter()
 7 FCPATH/index.php(31): CodeIgniter\Boot::bootWeb()
CRITICAL - 2026-05-28 03:05:37 --> CodeIgniter\HTTP\Exceptions\BadRequestException: The URI you submitted has disallowed characters: "राजनीति"
[Method: GET, Route: category/%E0%A4%B0%E0%A4%BE%E0%A4%9C%E0%A4%A8%E0%A5%80%E0%A4%A4%E0%A4%BF/page/5/]
in SYSTEMPATH/Router/Router.php on line 768.
 1 SYSTEMPATH/Router/Router.php(219): CodeIgniter\Router\Router->checkDisallowedChars()
 2 SYSTEMPATH/CodeIgniter.php(829): CodeIgniter\Router\Router->handle()
 3 SYSTEMPATH/CodeIgniter.php(441): CodeIgniter\CodeIgniter->tryToRouteIt()
 4 SYSTEMPATH/CodeIgniter.php(340): CodeIgniter\CodeIgniter->handleRequest()
 5 SYSTEMPATH/Boot.php(417): CodeIgniter\CodeIgniter->run()
 6 SYSTEMPATH/Boot.php(68): CodeIgniter\Boot::runCodeIgniter()
 7 FCPATH/index.php(31): CodeIgniter\Boot::bootWeb()
CRITICAL - 2026-05-28 03:05:39 --> CodeIgniter\HTTP\Exceptions\BadRequestException: The URI you submitted has disallowed characters: "राजनीति"
[Method: GET, Route: category/%E0%A4%B0%E0%A4%BE%E0%A4%9C%E0%A4%A8%E0%A5%80%E0%A4%A4%E0%A4%BF/page/5/]
in SYSTEMPATH/Router/Router.php on line 768.
 1 SYSTEMPATH/Router/Router.php(219): CodeIgniter\Router\Router->checkDisallowedChars()
 2 SYSTEMPATH/CodeIgniter.php(829): CodeIgniter\Router\Router->handle()
 3 SYSTEMPATH/CodeIgniter.php(441): CodeIgniter\CodeIgniter->tryToRouteIt()
 4 SYSTEMPATH/CodeIgniter.php(340): CodeIgniter\CodeIgniter->handleRequest()
 5 SYSTEMPATH/Boot.php(417): CodeIgniter\CodeIgniter->run()
 6 SYSTEMPATH/Boot.php(68): CodeIgniter\Boot::runCodeIgniter()
 7 FCPATH/index.php(31): CodeIgniter\Boot::bootWeb()
CRITICAL - 2026-05-28 03:05:42 --> CodeIgniter\HTTP\Exceptions\BadRequestException: The URI you submitted has disallowed characters: "राजनीति"
[Method: GET, Route: category/%E0%A4%B0%E0%A4%BE%E0%A4%9C%E0%A4%A8%E0%A5%80%E0%A4%A4%E0%A4%BF/page/6/]
in SYSTEMPATH/Router/Router.php on line 768.
 1 SYSTEMPATH/Router/Router.php(219): CodeIgniter\Router\Router->checkDisallowedChars()
 2 SYSTEMPATH/CodeIgniter.php(829): CodeIgniter\Router\Router->handle()
 3 SYSTEMPATH/CodeIgniter.php(441): CodeIgniter\CodeIgniter->tryToRouteIt()
 4 SYSTEMPATH/CodeIgniter.php(340): CodeIgniter\CodeIgniter->handleRequest()
 5 SYSTEMPATH/Boot.php(417): CodeIgniter\CodeIgniter->run()
 6 SYSTEMPATH/Boot.php(68): CodeIgniter\Boot::runCodeIgniter()
 7 FCPATH/index.php(31): CodeIgniter\Boot::bootWeb()
CRITICAL - 2026-05-28 03:05:44 --> CodeIgniter\HTTP\Exceptions\BadRequestException: The URI you submitted has disallowed characters: "राजनीति"
[Method: GET, Route: category/%E0%A4%B0%E0%A4%BE%E0%A4%9C%E0%A4%A8%E0%A5%80%E0%A4%A4%E0%A4%BF/page/6/]
in SYSTEMPATH/Router/Router.php on line 768.
 1 SYSTEMPATH/Router/Router.php(219): CodeIgniter\Router\Router->checkDisallowedChars()
 2 SYSTEMPATH/CodeIgniter.php(829): CodeIgniter\Router\Router->handle()
 3 SYSTEMPATH/CodeIgniter.php(441): CodeIgniter\CodeIgniter->tryToRouteIt()
 4 SYSTEMPATH/CodeIgniter.php(340): CodeIgniter\CodeIgniter->handleRequest()
 5 SYSTEMPATH/Boot.php(417): CodeIgniter\CodeIgniter->run()
 6 SYSTEMPATH/Boot.php(68): CodeIgniter\Boot::runCodeIgniter()
 7 FCPATH/index.php(31): CodeIgniter\Boot::bootWeb()
CRITICAL - 2026-05-28 03:05:47 --> CodeIgniter\HTTP\Exceptions\BadRequestException: The URI you submitted has disallowed characters: "राजनीति"
[Method: GET, Route: category/%E0%A4%B0%E0%A4%BE%E0%A4%9C%E0%A4%A8%E0%A5%80%E0%A4%A4%E0%A4%BF/page/7/]
in SYSTEMPATH/Router/Router.php on line 768.
 1 SYSTEMPATH/Router/Router.php(219): CodeIgniter\Router\Router->checkDisallowedChars()
 2 SYSTEMPATH/CodeIgniter.php(829): CodeIgniter\Router\Router->handle()
 3 SYSTEMPATH/CodeIgniter.php(441): CodeIgniter\CodeIgniter->tryToRouteIt()
 4 SYSTEMPATH/CodeIgniter.php(340): CodeIgniter\CodeIgniter->handleRequest()
 5 SYSTEMPATH/Boot.php(417): CodeIgniter\CodeIgniter->run()
 6 SYSTEMPATH/Boot.php(68): CodeIgniter\Boot::runCodeIgniter()
 7 FCPATH/index.php(31): CodeIgniter\Boot::bootWeb()
CRITICAL - 2026-05-28 03:05:49 --> CodeIgniter\HTTP\Exceptions\BadRequestException: The URI you submitted has disallowed characters: "राजनीति"
[Method: GET, Route: category/%E0%A4%B0%E0%A4%BE%E0%A4%9C%E0%A4%A8%E0%A5%80%E0%A4%A4%E0%A4%BF/page/7/]
in SYSTEMPATH/Router/Router.php on line 768.
 1 SYSTEMPATH/Router/Router.php(219): CodeIgniter\Router\Router->checkDisallowedChars()
 2 SYSTEMPATH/CodeIgniter.php(829): CodeIgniter\Router\Router->handle()
 3 SYSTEMPATH/CodeIgniter.php(441): CodeIgniter\CodeIgniter->tryToRouteIt()
 4 SYSTEMPATH/CodeIgniter.php(340): CodeIgniter\CodeIgniter->handleRequest()
 5 SYSTEMPATH/Boot.php(417): CodeIgniter\CodeIgniter->run()
 6 SYSTEMPATH/Boot.php(68): CodeIgniter\Boot::runCodeIgniter()
 7 FCPATH/index.php(31): CodeIgniter\Boot::bootWeb()
CRITICAL - 2026-05-28 03:05:53 --> CodeIgniter\HTTP\Exceptions\BadRequestException: The URI you submitted has disallowed characters: "राजनीति"
[Method: GET, Route: category/%E0%A4%B0%E0%A4%BE%E0%A4%9C%E0%A4%A8%E0%A5%80%E0%A4%A4%E0%A4%BF/page/8/]
in SYSTEMPATH/Router/Router.php on line 768.
 1 SYSTEMPATH/Router/Router.php(219): CodeIgniter\Router\Router->checkDisallowedChars()
 2 SYSTEMPATH/CodeIgniter.php(829): CodeIgniter\Router\Router->handle()
 3 SYSTEMPATH/CodeIgniter.php(441): CodeIgniter\CodeIgniter->tryToRouteIt()
 4 SYSTEMPATH/CodeIgniter.php(340): CodeIgniter\CodeIgniter->handleRequest()
 5 SYSTEMPATH/Boot.php(417): CodeIgniter\CodeIgniter->run()
 6 SYSTEMPATH/Boot.php(68): CodeIgniter\Boot::runCodeIgniter()
 7 FCPATH/index.php(31): CodeIgniter\Boot::bootWeb()
CRITICAL - 2026-05-28 03:05:54 --> CodeIgniter\HTTP\Exceptions\BadRequestException: The URI you submitted has disallowed characters: "राजनीति"
[Method: GET, Route: category/%E0%A4%B0%E0%A4%BE%E0%A4%9C%E0%A4%A8%E0%A5%80%E0%A4%A4%E0%A4%BF/page/8/]
in SYSTEMPATH/Router/Router.php on line 768.
 1 SYSTEMPATH/Router/Router.php(219): CodeIgniter\Router\Router->checkDisallowedChars()
 2 SYSTEMPATH/CodeIgniter.php(829): CodeIgniter\Router\Router->handle()
 3 SYSTEMPATH/CodeIgniter.php(441): CodeIgniter\CodeIgniter->tryToRouteIt()
 4 SYSTEMPATH/CodeIgniter.php(340): CodeIgniter\CodeIgniter->handleRequest()
 5 SYSTEMPATH/Boot.php(417): CodeIgniter\CodeIgniter->run()
 6 SYSTEMPATH/Boot.php(68): CodeIgniter\Boot::runCodeIgniter()
 7 FCPATH/index.php(31): CodeIgniter\Boot::bootWeb()
CRITICAL - 2026-05-28 03:05:58 --> CodeIgniter\HTTP\Exceptions\BadRequestException: The URI you submitted has disallowed characters: "राजनीति"
[Method: GET, Route: category/%E0%A4%B0%E0%A4%BE%E0%A4%9C%E0%A4%A8%E0%A5%80%E0%A4%A4%E0%A4%BF/page/9/]
in SYSTEMPATH/Router/Router.php on line 768.
 1 SYSTEMPATH/Router/Router.php(219): CodeIgniter\Router\Router->checkDisallowedChars()
 2 SYSTEMPATH/CodeIgniter.php(829): CodeIgniter\Router\Router->handle()
 3 SYSTEMPATH/CodeIgniter.php(441): CodeIgniter\CodeIgniter->tryToRouteIt()
 4 SYSTEMPATH/CodeIgniter.php(340): CodeIgniter\CodeIgniter->handleRequest()
 5 SYSTEMPATH/Boot.php(417): CodeIgniter\CodeIgniter->run()
 6 SYSTEMPATH/Boot.php(68): CodeIgniter\Boot::runCodeIgniter()
 7 FCPATH/index.php(31): CodeIgniter\Boot::bootWeb()
CRITICAL - 2026-05-28 03:06:00 --> CodeIgniter\HTTP\Exceptions\BadRequestException: The URI you submitted has disallowed characters: "राजनीति"
[Method: GET, Route: category/%E0%A4%B0%E0%A4%BE%E0%A4%9C%E0%A4%A8%E0%A5%80%E0%A4%A4%E0%A4%BF/page/9/]
in SYSTEMPATH/Router/Router.php on line 768.
 1 SYSTEMPATH/Router/Router.php(219): CodeIgniter\Router\Router->checkDisallowedChars()
 2 SYSTEMPATH/CodeIgniter.php(829): CodeIgniter\Router\Router->handle()
 3 SYSTEMPATH/CodeIgniter.php(441): CodeIgniter\CodeIgniter->tryToRouteIt()
 4 SYSTEMPATH/CodeIgniter.php(340): CodeIgniter\CodeIgniter->handleRequest()
 5 SYSTEMPATH/Boot.php(417): CodeIgniter\CodeIgniter->run()
 6 SYSTEMPATH/Boot.php(68): CodeIgniter\Boot::runCodeIgniter()
 7 FCPATH/index.php(31): CodeIgniter\Boot::bootWeb()
CRITICAL - 2026-05-28 03:19:57 --> CodeIgniter\HTTP\Exceptions\BadRequestException: The URI you submitted has disallowed characters: "बाराको-कोल्हबीमा-५-हेक्टर-वन-क्षेत्रको-विरुवा-सखाप.jpg"
[Method: GET, Route: wp-content/uploads/2023/03/%E0%A4%AC%E0%A4%BE%E0%A4%B0%E0%A4%BE%E0%A4%95%E0%A5%8B-%E0%A4%95%E0%A5%8B%E0%A4%B2%E0%A5%8D%E0%A4%B9%E0%A4%AC%E0%A5%80%E0%A4%AE%E0%A4%BE-%E0%A5%AB-%E0%A4%B9%E0%A5%87%E0%A4%95%E0%A5%8D%E0%A4%9F%E0%A4%B0-%E0%A4%B5%E0%A4%A8-%E0%A4%95%E0%A5%8D%E0%A4%B7%E0%A5%87%E0%A4%A4%E0%A5%8D%E0%A4%B0%E0%A4%95%E0%A5%8B-%E0%A4%B5%E0%A4%BF%E0%A4%B0%E0%A5%81%E0%A4%B5%E0%A4%BE-%E0%A4%B8%E0%A4%96%E0%A4%BE%E0%A4%AA.jpg]
in SYSTEMPATH/Router/Router.php on line 768.
 1 SYSTEMPATH/Router/Router.php(219): CodeIgniter\Router\Router->checkDisallowedChars()
 2 SYSTEMPATH/CodeIgniter.php(829): CodeIgniter\Router\Router->handle()
 3 SYSTEMPATH/CodeIgniter.php(441): CodeIgniter\CodeIgniter->tryToRouteIt()
 4 SYSTEMPATH/CodeIgniter.php(340): CodeIgniter\CodeIgniter->handleRequest()
 5 SYSTEMPATH/Boot.php(417): CodeIgniter\CodeIgniter->run()
 6 SYSTEMPATH/Boot.php(68): CodeIgniter\Boot::runCodeIgniter()
 7 FCPATH/index.php(31): CodeIgniter\Boot::bootWeb()
CRITICAL - 2026-05-28 04:06:11 --> CodeIgniter\HTTP\Exceptions\BadRequestException: The URI you submitted has disallowed characters: "इपेपर"
[Method: GET, Route: category/%E0%A4%87%E0%A4%AA%E0%A5%87%E0%A4%AA%E0%A4%B0/]
in SYSTEMPATH/Router/Router.php on line 768.
 1 SYSTEMPATH/Router/Router.php(219): CodeIgniter\Router\Router->checkDisallowedChars()
 2 SYSTEMPATH/CodeIgniter.php(829): CodeIgniter\Router\Router->handle()
 3 SYSTEMPATH/CodeIgniter.php(441): CodeIgniter\CodeIgniter->tryToRouteIt()
 4 SYSTEMPATH/CodeIgniter.php(340): CodeIgniter\CodeIgniter->handleRequest()
 5 SYSTEMPATH/Boot.php(417): CodeIgniter\CodeIgniter->run()
 6 SYSTEMPATH/Boot.php(68): CodeIgniter\Boot::runCodeIgniter()
 7 FCPATH/index.php(31): CodeIgniter\Boot::bootWeb()
CRITICAL - 2026-05-28 04:06:15 --> CodeIgniter\HTTP\Exceptions\BadRequestException: The URI you submitted has disallowed characters: "पत्रपत्रिका"
[Method: GET, Route: category/%E0%A4%AA%E0%A4%A4%E0%A5%8D%E0%A4%B0%E0%A4%AA%E0%A4%A4%E0%A5%8D%E0%A4%B0%E0%A4%BF%E0%A4%95%E0%A4%BE/]
in SYSTEMPATH/Router/Router.php on line 768.
 1 SYSTEMPATH/Router/Router.php(219): CodeIgniter\Router\Router->checkDisallowedChars()
 2 SYSTEMPATH/CodeIgniter.php(829): CodeIgniter\Router\Router->handle()
 3 SYSTEMPATH/CodeIgniter.php(441): CodeIgniter\CodeIgniter->tryToRouteIt()
 4 SYSTEMPATH/CodeIgniter.php(340): CodeIgniter\CodeIgniter->handleRequest()
 5 SYSTEMPATH/Boot.php(417): CodeIgniter\CodeIgniter->run()
 6 SYSTEMPATH/Boot.php(68): CodeIgniter\Boot::runCodeIgniter()
 7 FCPATH/index.php(31): CodeIgniter\Boot::bootWeb()
CRITICAL - 2026-05-28 04:06:19 --> CodeIgniter\HTTP\Exceptions\BadRequestException: The URI you submitted has disallowed characters: "प्रदेश-१"
[Method: GET, Route: category/%E0%A4%AA%E0%A5%8D%E0%A4%B0%E0%A4%A6%E0%A5%87%E0%A4%B6-%E0%A5%A7/]
in SYSTEMPATH/Router/Router.php on line 768.
 1 SYSTEMPATH/Router/Router.php(219): CodeIgniter\Router\Router->checkDisallowedChars()
 2 SYSTEMPATH/CodeIgniter.php(829): CodeIgniter\Router\Router->handle()
 3 SYSTEMPATH/CodeIgniter.php(441): CodeIgniter\CodeIgniter->tryToRouteIt()
 4 SYSTEMPATH/CodeIgniter.php(340): CodeIgniter\CodeIgniter->handleRequest()
 5 SYSTEMPATH/Boot.php(417): CodeIgniter\CodeIgniter->run()
 6 SYSTEMPATH/Boot.php(68): CodeIgniter\Boot::runCodeIgniter()
 7 FCPATH/index.php(31): CodeIgniter\Boot::bootWeb()
CRITICAL - 2026-05-28 04:06:23 --> CodeIgniter\HTTP\Exceptions\BadRequestException: The URI you submitted has disallowed characters: "प्रदेश-२"
[Method: GET, Route: category/%E0%A4%AA%E0%A5%8D%E0%A4%B0%E0%A4%A6%E0%A5%87%E0%A4%B6-%E0%A5%A8/]
in SYSTEMPATH/Router/Router.php on line 768.
 1 SYSTEMPATH/Router/Router.php(219): CodeIgniter\Router\Router->checkDisallowedChars()
 2 SYSTEMPATH/CodeIgniter.php(829): CodeIgniter\Router\Router->handle()
 3 SYSTEMPATH/CodeIgniter.php(441): CodeIgniter\CodeIgniter->tryToRouteIt()
 4 SYSTEMPATH/CodeIgniter.php(340): CodeIgniter\CodeIgniter->handleRequest()
 5 SYSTEMPATH/Boot.php(417): CodeIgniter\CodeIgniter->run()
 6 SYSTEMPATH/Boot.php(68): CodeIgniter\Boot::runCodeIgniter()
 7 FCPATH/index.php(31): CodeIgniter\Boot::bootWeb()
CRITICAL - 2026-05-28 04:06:27 --> CodeIgniter\HTTP\Exceptions\BadRequestException: The URI you submitted has disallowed characters: "प्रदेश-३"
[Method: GET, Route: category/%E0%A4%AA%E0%A5%8D%E0%A4%B0%E0%A4%A6%E0%A5%87%E0%A4%B6-%E0%A5%A9/]
in SYSTEMPATH/Router/Router.php on line 768.
 1 SYSTEMPATH/Router/Router.php(219): CodeIgniter\Router\Router->checkDisallowedChars()
 2 SYSTEMPATH/CodeIgniter.php(829): CodeIgniter\Router\Router->handle()
 3 SYSTEMPATH/CodeIgniter.php(441): CodeIgniter\CodeIgniter->tryToRouteIt()
 4 SYSTEMPATH/CodeIgniter.php(340): CodeIgniter\CodeIgniter->handleRequest()
 5 SYSTEMPATH/Boot.php(417): CodeIgniter\CodeIgniter->run()
 6 SYSTEMPATH/Boot.php(68): CodeIgniter\Boot::runCodeIgniter()
 7 FCPATH/index.php(31): CodeIgniter\Boot::bootWeb()
CRITICAL - 2026-05-28 04:06:31 --> CodeIgniter\HTTP\Exceptions\BadRequestException: The URI you submitted has disallowed characters: "प्रदेश-४"
[Method: GET, Route: category/%E0%A4%AA%E0%A5%8D%E0%A4%B0%E0%A4%A6%E0%A5%87%E0%A4%B6-%E0%A5%AA/]
in SYSTEMPATH/Router/Router.php on line 768.
 1 SYSTEMPATH/Router/Router.php(219): CodeIgniter\Router\Router->checkDisallowedChars()
 2 SYSTEMPATH/CodeIgniter.php(829): CodeIgniter\Router\Router->handle()
 3 SYSTEMPATH/CodeIgniter.php(441): CodeIgniter\CodeIgniter->tryToRouteIt()
 4 SYSTEMPATH/CodeIgniter.php(340): CodeIgniter\CodeIgniter->handleRequest()
 5 SYSTEMPATH/Boot.php(417): CodeIgniter\CodeIgniter->run()
 6 SYSTEMPATH/Boot.php(68): CodeIgniter\Boot::runCodeIgniter()
 7 FCPATH/index.php(31): CodeIgniter\Boot::bootWeb()
CRITICAL - 2026-05-28 04:06:35 --> CodeIgniter\HTTP\Exceptions\BadRequestException: The URI you submitted has disallowed characters: "प्रदेश-५"
[Method: GET, Route: category/%E0%A4%AA%E0%A5%8D%E0%A4%B0%E0%A4%A6%E0%A5%87%E0%A4%B6-%E0%A5%AB/]
in SYSTEMPATH/Router/Router.php on line 768.
 1 SYSTEMPATH/Router/Router.php(219): CodeIgniter\Router\Router->checkDisallowedChars()
 2 SYSTEMPATH/CodeIgniter.php(829): CodeIgniter\Router\Router->handle()
 3 SYSTEMPATH/CodeIgniter.php(441): CodeIgniter\CodeIgniter->tryToRouteIt()
 4 SYSTEMPATH/CodeIgniter.php(340): CodeIgniter\CodeIgniter->handleRequest()
 5 SYSTEMPATH/Boot.php(417): CodeIgniter\CodeIgniter->run()
 6 SYSTEMPATH/Boot.php(68): CodeIgniter\Boot::runCodeIgniter()
 7 FCPATH/index.php(31): CodeIgniter\Boot::bootWeb()
CRITICAL - 2026-05-28 04:06:39 --> CodeIgniter\HTTP\Exceptions\BadRequestException: The URI you submitted has disallowed characters: "प्रदेश-६"
[Method: GET, Route: category/%E0%A4%AA%E0%A5%8D%E0%A4%B0%E0%A4%A6%E0%A5%87%E0%A4%B6-%E0%A5%AC/]
in SYSTEMPATH/Router/Router.php on line 768.
 1 SYSTEMPATH/Router/Router.php(219): CodeIgniter\Router\Router->checkDisallowedChars()
 2 SYSTEMPATH/CodeIgniter.php(829): CodeIgniter\Router\Router->handle()
 3 SYSTEMPATH/CodeIgniter.php(441): CodeIgniter\CodeIgniter->tryToRouteIt()
 4 SYSTEMPATH/CodeIgniter.php(340): CodeIgniter\CodeIgniter->handleRequest()
 5 SYSTEMPATH/Boot.php(417): CodeIgniter\CodeIgniter->run()
 6 SYSTEMPATH/Boot.php(68): CodeIgniter\Boot::runCodeIgniter()
 7 FCPATH/index.php(31): CodeIgniter\Boot::bootWeb()
CRITICAL - 2026-05-28 04:06:43 --> CodeIgniter\HTTP\Exceptions\BadRequestException: The URI you submitted has disallowed characters: "प्रदेश-७"
[Method: GET, Route: category/%E0%A4%AA%E0%A5%8D%E0%A4%B0%E0%A4%A6%E0%A5%87%E0%A4%B6-%E0%A5%AD/]
in SYSTEMPATH/Router/Router.php on line 768.
 1 SYSTEMPATH/Router/Router.php(219): CodeIgniter\Router\Router->checkDisallowedChars()
 2 SYSTEMPATH/CodeIgniter.php(829): CodeIgniter\Router\Router->handle()
 3 SYSTEMPATH/CodeIgniter.php(441): CodeIgniter\CodeIgniter->tryToRouteIt()
 4 SYSTEMPATH/CodeIgniter.php(340): CodeIgniter\CodeIgniter->handleRequest()
 5 SYSTEMPATH/Boot.php(417): CodeIgniter\CodeIgniter->run()
 6 SYSTEMPATH/Boot.php(68): CodeIgniter\Boot::runCodeIgniter()
 7 FCPATH/index.php(31): CodeIgniter\Boot::bootWeb()
CRITICAL - 2026-05-28 04:06:47 --> CodeIgniter\HTTP\Exceptions\BadRequestException: The URI you submitted has disallowed characters: "प्रमुख-समाचार"
[Method: GET, Route: category/%E0%A4%AA%E0%A5%8D%E0%A4%B0%E0%A4%AE%E0%A5%81%E0%A4%96-%E0%A4%B8%E0%A4%AE%E0%A4%BE%E0%A4%9A%E0%A4%BE%E0%A4%B0/]
in SYSTEMPATH/Router/Router.php on line 768.
 1 SYSTEMPATH/Router/Router.php(219): CodeIgniter\Router\Router->checkDisallowedChars()
 2 SYSTEMPATH/CodeIgniter.php(829): CodeIgniter\Router\Router->handle()
 3 SYSTEMPATH/CodeIgniter.php(441): CodeIgniter\CodeIgniter->tryToRouteIt()
 4 SYSTEMPATH/CodeIgniter.php(340): CodeIgniter\CodeIgniter->handleRequest()
 5 SYSTEMPATH/Boot.php(417): CodeIgniter\CodeIgniter->run()
 6 SYSTEMPATH/Boot.php(68): CodeIgniter\Boot::runCodeIgniter()
 7 FCPATH/index.php(31): CodeIgniter\Boot::bootWeb()
CRITICAL - 2026-05-28 04:06:51 --> CodeIgniter\HTTP\Exceptions\BadRequestException: The URI you submitted has disallowed characters: "मनोरञ्जन"
[Method: GET, Route: category/%E0%A4%AE%E0%A4%A8%E0%A5%8B%E0%A4%B0%E0%A4%9E%E0%A5%8D%E0%A4%9C%E0%A4%A8/]
in SYSTEMPATH/Router/Router.php on line 768.
 1 SYSTEMPATH/Router/Router.php(219): CodeIgniter\Router\Router->checkDisallowedChars()
 2 SYSTEMPATH/CodeIgniter.php(829): CodeIgniter\Router\Router->handle()
 3 SYSTEMPATH/CodeIgniter.php(441): CodeIgniter\CodeIgniter->tryToRouteIt()
 4 SYSTEMPATH/CodeIgniter.php(340): CodeIgniter\CodeIgniter->handleRequest()
 5 SYSTEMPATH/Boot.php(417): CodeIgniter\CodeIgniter->run()
 6 SYSTEMPATH/Boot.php(68): CodeIgniter\Boot::runCodeIgniter()
 7 FCPATH/index.php(31): CodeIgniter\Boot::bootWeb()
CRITICAL - 2026-05-28 04:06:54 --> CodeIgniter\HTTP\Exceptions\BadRequestException: The URI you submitted has disallowed characters: "राजनीति"
[Method: GET, Route: category/%E0%A4%B0%E0%A4%BE%E0%A4%9C%E0%A4%A8%E0%A5%80%E0%A4%A4%E0%A4%BF/]
in SYSTEMPATH/Router/Router.php on line 768.
 1 SYSTEMPATH/Router/Router.php(219): CodeIgniter\Router\Router->checkDisallowedChars()
 2 SYSTEMPATH/CodeIgniter.php(829): CodeIgniter\Router\Router->handle()
 3 SYSTEMPATH/CodeIgniter.php(441): CodeIgniter\CodeIgniter->tryToRouteIt()
 4 SYSTEMPATH/CodeIgniter.php(340): CodeIgniter\CodeIgniter->handleRequest()
 5 SYSTEMPATH/Boot.php(417): CodeIgniter\CodeIgniter->run()
 6 SYSTEMPATH/Boot.php(68): CodeIgniter\Boot::runCodeIgniter()
 7 FCPATH/index.php(31): CodeIgniter\Boot::bootWeb()
CRITICAL - 2026-05-28 04:25:23 --> CodeIgniter\HTTP\Exceptions\BadRequestException: The URI you submitted has disallowed characters: "मधेश-सरकारको-भुक्तानी-विवाद-छानबिन-समिति-सभापतिले-दिइन्-राजीनामा.jpg"
[Method: GET, Route: storage/2023/03/%E0%A4%AE%E0%A4%A7%E0%A5%87%E0%A4%B6-%E0%A4%B8%E0%A4%B0%E0%A4%95%E0%A4%BE%E0%A4%B0%E0%A4%95%E0%A5%8B-%E0%A4%AD%E0%A5%81%E0%A4%95%E0%A5%8D%E0%A4%A4%E0%A4%BE%E0%A4%A8%E0%A5%80-%E0%A4%B5%E0%A4%BF%E0%A4%B5%E0%A4%BE%E0%A4%A6-%E0%A4%9B%E0%A4%BE%E0%A4%A8%E0%A4%AC%E0%A4%BF%E0%A4%A8-%E0%A4%B8%E0%A4%AE%E0%A4%BF%E0%A4%A4%E0%A4%BF-%E0%A4%B8%E0%A4%AD%E0%A4%BE%E0%A4%AA%E0%A4%A4%E0%A4%BF%E0%A4%B2%E0%A5%87-%E0%A4%A6%E0%A4%BF%E0%A4%87%E0%A4%A8%E0%A5%8D-%E0%A4%B0%E0%A4%BE%E0%A4%9C%E0%A5%80%E0%A4%A8%E0%A4%BE%E0%A4%AE%E0%A4%BE.jpg]
in SYSTEMPATH/Router/Router.php on line 768.
 1 SYSTEMPATH/Router/Router.php(219): CodeIgniter\Router\Router->checkDisallowedChars()
 2 SYSTEMPATH/CodeIgniter.php(829): CodeIgniter\Router\Router->handle()
 3 SYSTEMPATH/CodeIgniter.php(441): CodeIgniter\CodeIgniter->tryToRouteIt()
 4 SYSTEMPATH/CodeIgniter.php(340): CodeIgniter\CodeIgniter->handleRequest()
 5 SYSTEMPATH/Boot.php(417): CodeIgniter\CodeIgniter->run()
 6 SYSTEMPATH/Boot.php(68): CodeIgniter\Boot::runCodeIgniter()
 7 FCPATH/index.php(31): CodeIgniter\Boot::bootWeb()
CRITICAL - 2026-05-28 04:59:31 --> CodeIgniter\HTTP\Exceptions\BadRequestException: The URI you submitted has disallowed characters: "रौतहटमा-फरार-अभियुक्तको-चक्कु-प्रहारबाट-हवल्दार-घाइते-हवाइ-फायर-गरी.jpg"
[Method: GET, Route: wp-content/uploads/2023/02/%E0%A4%B0%E0%A5%8C%E0%A4%A4%E0%A4%B9%E0%A4%9F%E0%A4%AE%E0%A4%BE-%E0%A4%AB%E0%A4%B0%E0%A4%BE%E0%A4%B0-%E0%A4%85%E0%A4%AD%E0%A4%BF%E0%A4%AF%E0%A5%81%E0%A4%95%E0%A5%8D%E0%A4%A4%E0%A4%95%E0%A5%8B-%E0%A4%9A%E0%A4%95%E0%A5%8D%E0%A4%95%E0%A5%81-%E0%A4%AA%E0%A5%8D%E0%A4%B0%E0%A4%B9%E0%A4%BE%E0%A4%B0%E0%A4%AC%E0%A4%BE%E0%A4%9F-%E0%A4%B9%E0%A4%B5%E0%A4%B2%E0%A5%8D%E0%A4%A6%E0%A4%BE%E0%A4%B0-%E0%A4%98%E0%A4%BE%E0%A4%87%E0%A4%A4%E0%A5%87-%E0%A4%B9%E0%A4%B5%E0%A4%BE%E0%A4%87-%E0%A4%AB%E0%A4%BE%E0%A4%AF%E0%A4%B0-%E0%A4%97%E0%A4%B0%E0%A5%80.jpg]
in SYSTEMPATH/Router/Router.php on line 768.
 1 SYSTEMPATH/Router/Router.php(219): CodeIgniter\Router\Router->checkDisallowedChars()
 2 SYSTEMPATH/CodeIgniter.php(829): CodeIgniter\Router\Router->handle()
 3 SYSTEMPATH/CodeIgniter.php(441): CodeIgniter\CodeIgniter->tryToRouteIt()
 4 SYSTEMPATH/CodeIgniter.php(340): CodeIgniter\CodeIgniter->handleRequest()
 5 SYSTEMPATH/Boot.php(417): CodeIgniter\CodeIgniter->run()
 6 SYSTEMPATH/Boot.php(68): CodeIgniter\Boot::runCodeIgniter()
 7 FCPATH/index.php(31): CodeIgniter\Boot::bootWeb()
CRITICAL - 2026-05-28 06:19:43 --> CodeIgniter\HTTP\Exceptions\BadRequestException: The URI you submitted has disallowed characters: "राजमार्गमा-ढाट-राखेर-पैसा-असुल्छ-गैंडाकोट-नगरपालिका.jpg"
[Method: GET, Route: storage/2023/02/%E0%A4%B0%E0%A4%BE%E0%A4%9C%E0%A4%AE%E0%A4%BE%E0%A4%B0%E0%A5%8D%E0%A4%97%E0%A4%AE%E0%A4%BE-%E0%A4%A2%E0%A4%BE%E0%A4%9F-%E0%A4%B0%E0%A4%BE%E0%A4%96%E0%A5%87%E0%A4%B0-%E0%A4%AA%E0%A5%88%E0%A4%B8%E0%A4%BE-%E0%A4%85%E0%A4%B8%E0%A5%81%E0%A4%B2%E0%A5%8D%E0%A4%9B-%E0%A4%97%E0%A5%88%E0%A4%82%E0%A4%A1%E0%A4%BE%E0%A4%95%E0%A5%8B%E0%A4%9F-%E0%A4%A8%E0%A4%97%E0%A4%B0%E0%A4%AA%E0%A4%BE%E0%A4%B2%E0%A4%BF%E0%A4%95%E0%A4%BE.jpg]
in SYSTEMPATH/Router/Router.php on line 768.
 1 SYSTEMPATH/Router/Router.php(219): CodeIgniter\Router\Router->checkDisallowedChars()
 2 SYSTEMPATH/CodeIgniter.php(829): CodeIgniter\Router\Router->handle()
 3 SYSTEMPATH/CodeIgniter.php(441): CodeIgniter\CodeIgniter->tryToRouteIt()
 4 SYSTEMPATH/CodeIgniter.php(340): CodeIgniter\CodeIgniter->handleRequest()
 5 SYSTEMPATH/Boot.php(417): CodeIgniter\CodeIgniter->run()
 6 SYSTEMPATH/Boot.php(68): CodeIgniter\Boot::runCodeIgniter()
 7 FCPATH/index.php(31): CodeIgniter\Boot::bootWeb()
CRITICAL - 2026-05-28 06:52:14 --> CodeIgniter\HTTP\Exceptions\BadRequestException: The URI you submitted has disallowed characters: "इपेपर"
[Method: GET, Route: category/%E0%A4%87%E0%A4%AA%E0%A5%87%E0%A4%AA%E0%A4%B0/page/5/]
in SYSTEMPATH/Router/Router.php on line 768.
 1 SYSTEMPATH/Router/Router.php(219): CodeIgniter\Router\Router->checkDisallowedChars()
 2 SYSTEMPATH/CodeIgniter.php(829): CodeIgniter\Router\Router->handle()
 3 SYSTEMPATH/CodeIgniter.php(441): CodeIgniter\CodeIgniter->tryToRouteIt()
 4 SYSTEMPATH/CodeIgniter.php(340): CodeIgniter\CodeIgniter->handleRequest()
 5 SYSTEMPATH/Boot.php(417): CodeIgniter\CodeIgniter->run()
 6 SYSTEMPATH/Boot.php(68): CodeIgniter\Boot::runCodeIgniter()
 7 FCPATH/index.php(31): CodeIgniter\Boot::bootWeb()
CRITICAL - 2026-05-28 08:22:45 --> CodeIgniter\HTTP\Exceptions\BadRequestException: The URI you submitted has disallowed characters: "झाक्री"
[Method: GET, Route: tag/%E0%A4%9D%E0%A4%BE%E0%A4%95%E0%A5%8D%E0%A4%B0%E0%A5%80/]
in SYSTEMPATH/Router/Router.php on line 768.
 1 SYSTEMPATH/Router/Router.php(219): CodeIgniter\Router\Router->checkDisallowedChars()
 2 SYSTEMPATH/CodeIgniter.php(829): CodeIgniter\Router\Router->handle()
 3 SYSTEMPATH/CodeIgniter.php(441): CodeIgniter\CodeIgniter->tryToRouteIt()
 4 SYSTEMPATH/CodeIgniter.php(340): CodeIgniter\CodeIgniter->handleRequest()
 5 SYSTEMPATH/Boot.php(417): CodeIgniter\CodeIgniter->run()
 6 SYSTEMPATH/Boot.php(68): CodeIgniter\Boot::runCodeIgniter()
 7 FCPATH/index.php(31): CodeIgniter\Boot::bootWeb()
CRITICAL - 2026-05-28 08:31:52 --> CodeIgniter\HTTP\Exceptions\BadRequestException: The URI you submitted has disallowed characters: "मधेश-प्रदेशका-२-सांसदले-आज-शपथ-लिए.jpg"
[Method: GET, Route: wp-content/uploads/2023/01/%E0%A4%AE%E0%A4%A7%E0%A5%87%E0%A4%B6-%E0%A4%AA%E0%A5%8D%E0%A4%B0%E0%A4%A6%E0%A5%87%E0%A4%B6%E0%A4%95%E0%A4%BE-%E0%A5%A8-%E0%A4%B8%E0%A4%BE%E0%A4%82%E0%A4%B8%E0%A4%A6%E0%A4%B2%E0%A5%87-%E0%A4%86%E0%A4%9C-%E0%A4%B6%E0%A4%AA%E0%A4%A5-%E0%A4%B2%E0%A4%BF%E0%A4%8F.jpg]
in SYSTEMPATH/Router/Router.php on line 768.
 1 SYSTEMPATH/Router/Router.php(219): CodeIgniter\Router\Router->checkDisallowedChars()
 2 SYSTEMPATH/CodeIgniter.php(829): CodeIgniter\Router\Router->handle()
 3 SYSTEMPATH/CodeIgniter.php(441): CodeIgniter\CodeIgniter->tryToRouteIt()
 4 SYSTEMPATH/CodeIgniter.php(340): CodeIgniter\CodeIgniter->handleRequest()
 5 SYSTEMPATH/Boot.php(417): CodeIgniter\CodeIgniter->run()
 6 SYSTEMPATH/Boot.php(68): CodeIgniter\Boot::runCodeIgniter()
 7 FCPATH/index.php(31): CodeIgniter\Boot::bootWeb()
CRITICAL - 2026-05-28 10:52:50 --> CodeIgniter\HTTP\Exceptions\BadRequestException: The URI you submitted has disallowed characters: "बीरगंज-सिमा-नाकामा-सतर्कता-बढाईयो-1.jpg"
[Method: GET, Route: wp-content/uploads/2021/12/%E0%A4%AC%E0%A5%80%E0%A4%B0%E0%A4%97%E0%A4%82%E0%A4%9C-%E0%A4%B8%E0%A4%BF%E0%A4%AE%E0%A4%BE-%E0%A4%A8%E0%A4%BE%E0%A4%95%E0%A4%BE%E0%A4%AE%E0%A4%BE-%E0%A4%B8%E0%A4%A4%E0%A4%B0%E0%A5%8D%E0%A4%95%E0%A4%A4%E0%A4%BE-%E0%A4%AC%E0%A4%A2%E0%A4%BE%E0%A4%88%E0%A4%AF%E0%A5%8B-1.jpg]
in SYSTEMPATH/Router/Router.php on line 768.
 1 SYSTEMPATH/Router/Router.php(219): CodeIgniter\Router\Router->checkDisallowedChars()
 2 SYSTEMPATH/CodeIgniter.php(829): CodeIgniter\Router\Router->handle()
 3 SYSTEMPATH/CodeIgniter.php(441): CodeIgniter\CodeIgniter->tryToRouteIt()
 4 SYSTEMPATH/CodeIgniter.php(340): CodeIgniter\CodeIgniter->handleRequest()
 5 SYSTEMPATH/Boot.php(417): CodeIgniter\CodeIgniter->run()
 6 SYSTEMPATH/Boot.php(68): CodeIgniter\Boot::runCodeIgniter()
 7 FCPATH/index.php(31): CodeIgniter\Boot::bootWeb()
CRITICAL - 2026-05-28 10:57:54 --> CodeIgniter\HTTP\Exceptions\BadRequestException: The URI you submitted has disallowed characters: "मनोरञ्जन"
[Method: GET, Route: category/%E0%A4%AE%E0%A4%A8%E0%A5%8B%E0%A4%B0%E0%A4%9E%E0%A5%8D%E0%A4%9C%E0%A4%A8/]
in SYSTEMPATH/Router/Router.php on line 768.
 1 SYSTEMPATH/Router/Router.php(219): CodeIgniter\Router\Router->checkDisallowedChars()
 2 SYSTEMPATH/CodeIgniter.php(829): CodeIgniter\Router\Router->handle()
 3 SYSTEMPATH/CodeIgniter.php(441): CodeIgniter\CodeIgniter->tryToRouteIt()
 4 SYSTEMPATH/CodeIgniter.php(340): CodeIgniter\CodeIgniter->handleRequest()
 5 SYSTEMPATH/Boot.php(417): CodeIgniter\CodeIgniter->run()
 6 SYSTEMPATH/Boot.php(68): CodeIgniter\Boot::runCodeIgniter()
 7 FCPATH/index.php(31): CodeIgniter\Boot::bootWeb()
CRITICAL - 2026-05-28 11:55:20 --> CodeIgniter\HTTP\Exceptions\BadRequestException: The URI you submitted has disallowed characters: "शिक्षाको"
[Method: GET, Route: tag/%E0%A4%B6%E0%A4%BF%E0%A4%95%E0%A5%8D%E0%A4%B7%E0%A4%BE%E0%A4%95%E0%A5%8B/]
in SYSTEMPATH/Router/Router.php on line 768.
 1 SYSTEMPATH/Router/Router.php(219): CodeIgniter\Router\Router->checkDisallowedChars()
 2 SYSTEMPATH/CodeIgniter.php(829): CodeIgniter\Router\Router->handle()
 3 SYSTEMPATH/CodeIgniter.php(441): CodeIgniter\CodeIgniter->tryToRouteIt()
 4 SYSTEMPATH/CodeIgniter.php(340): CodeIgniter\CodeIgniter->handleRequest()
 5 SYSTEMPATH/Boot.php(417): CodeIgniter\CodeIgniter->run()
 6 SYSTEMPATH/Boot.php(68): CodeIgniter\Boot::runCodeIgniter()
 7 FCPATH/index.php(31): CodeIgniter\Boot::bootWeb()
CRITICAL - 2026-05-28 12:22:17 --> CodeIgniter\HTTP\Exceptions\BadRequestException: The URI you submitted has disallowed characters: "प्रहरीको-हिरासत-फोडेर-भागेका-थप-एकजना-पक्राउ.jpg"
[Method: GET, Route: wp-content/uploads/2023/03/%E0%A4%AA%E0%A5%8D%E0%A4%B0%E0%A4%B9%E0%A4%B0%E0%A5%80%E0%A4%95%E0%A5%8B-%E0%A4%B9%E0%A4%BF%E0%A4%B0%E0%A4%BE%E0%A4%B8%E0%A4%A4-%E0%A4%AB%E0%A5%8B%E0%A4%A1%E0%A5%87%E0%A4%B0-%E0%A4%AD%E0%A4%BE%E0%A4%97%E0%A5%87%E0%A4%95%E0%A4%BE-%E0%A4%A5%E0%A4%AA-%E0%A4%8F%E0%A4%95%E0%A4%9C%E0%A4%A8%E0%A4%BE-%E0%A4%AA%E0%A4%95%E0%A5%8D%E0%A4%B0%E0%A4%BE%E0%A4%89.jpg]
in SYSTEMPATH/Router/Router.php on line 768.
 1 SYSTEMPATH/Router/Router.php(219): CodeIgniter\Router\Router->checkDisallowedChars()
 2 SYSTEMPATH/CodeIgniter.php(829): CodeIgniter\Router\Router->handle()
 3 SYSTEMPATH/CodeIgniter.php(441): CodeIgniter\CodeIgniter->tryToRouteIt()
 4 SYSTEMPATH/CodeIgniter.php(340): CodeIgniter\CodeIgniter->handleRequest()
 5 SYSTEMPATH/Boot.php(417): CodeIgniter\CodeIgniter->run()
 6 SYSTEMPATH/Boot.php(68): CodeIgniter\Boot::runCodeIgniter()
 7 FCPATH/index.php(31): CodeIgniter\Boot::bootWeb()
CRITICAL - 2026-05-28 15:51:58 --> CodeIgniter\HTTP\Exceptions\BadRequestException: The URI you submitted has disallowed characters: "मिसावट-गरिएको-पोटाससहित-सर्लाहीबाट-एक-जना-पक्राउ.jpg"
[Method: GET, Route: wp-content/uploads/2023/01/%E0%A4%AE%E0%A4%BF%E0%A4%B8%E0%A4%BE%E0%A4%B5%E0%A4%9F-%E0%A4%97%E0%A4%B0%E0%A4%BF%E0%A4%8F%E0%A4%95%E0%A5%8B-%E0%A4%AA%E0%A5%8B%E0%A4%9F%E0%A4%BE%E0%A4%B8%E0%A4%B8%E0%A4%B9%E0%A4%BF%E0%A4%A4-%E0%A4%B8%E0%A4%B0%E0%A5%8D%E0%A4%B2%E0%A4%BE%E0%A4%B9%E0%A5%80%E0%A4%AC%E0%A4%BE%E0%A4%9F-%E0%A4%8F%E0%A4%95-%E0%A4%9C%E0%A4%A8%E0%A4%BE-%E0%A4%AA%E0%A4%95%E0%A5%8D%E0%A4%B0%E0%A4%BE%E0%A4%89.jpg]
in SYSTEMPATH/Router/Router.php on line 768.
 1 SYSTEMPATH/Router/Router.php(219): CodeIgniter\Router\Router->checkDisallowedChars()
 2 SYSTEMPATH/CodeIgniter.php(829): CodeIgniter\Router\Router->handle()
 3 SYSTEMPATH/CodeIgniter.php(441): CodeIgniter\CodeIgniter->tryToRouteIt()
 4 SYSTEMPATH/CodeIgniter.php(340): CodeIgniter\CodeIgniter->handleRequest()
 5 SYSTEMPATH/Boot.php(417): CodeIgniter\CodeIgniter->run()
 6 SYSTEMPATH/Boot.php(68): CodeIgniter\Boot::runCodeIgniter()
 7 FCPATH/index.php(31): CodeIgniter\Boot::bootWeb()
CRITICAL - 2026-05-28 17:16:24 --> CodeIgniter\HTTP\Exceptions\BadRequestException: The URI you submitted has disallowed characters: "नगरपालिकासँग-१२-बुँदे-माग-राखेर-गरुडाका-मेयर-उम्मेदवार-आमरण-अनसनमा.jpg"
[Method: GET, Route: wp-content/uploads/2023/03/%E0%A4%A8%E0%A4%97%E0%A4%B0%E0%A4%AA%E0%A4%BE%E0%A4%B2%E0%A4%BF%E0%A4%95%E0%A4%BE%E0%A4%B8%E0%A4%81%E0%A4%97-%E0%A5%A7%E0%A5%A8-%E0%A4%AC%E0%A5%81%E0%A4%81%E0%A4%A6%E0%A5%87-%E0%A4%AE%E0%A4%BE%E0%A4%97-%E0%A4%B0%E0%A4%BE%E0%A4%96%E0%A5%87%E0%A4%B0-%E0%A4%97%E0%A4%B0%E0%A5%81%E0%A4%A1%E0%A4%BE%E0%A4%95%E0%A4%BE-%E0%A4%AE%E0%A5%87%E0%A4%AF%E0%A4%B0-%E0%A4%89%E0%A4%AE%E0%A5%8D%E0%A4%AE%E0%A5%87%E0%A4%A6%E0%A4%B5%E0%A4%BE%E0%A4%B0-%E0%A4%86%E0%A4%AE%E0%A4%B0%E0%A4%A3-%E0%A4%85%E0%A4%A8%E0%A4%B8%E0%A4%A8%E0%A4%AE%E0%A4%BE.jpg]
in SYSTEMPATH/Router/Router.php on line 768.
 1 SYSTEMPATH/Router/Router.php(219): CodeIgniter\Router\Router->checkDisallowedChars()
 2 SYSTEMPATH/CodeIgniter.php(829): CodeIgniter\Router\Router->handle()
 3 SYSTEMPATH/CodeIgniter.php(441): CodeIgniter\CodeIgniter->tryToRouteIt()
 4 SYSTEMPATH/CodeIgniter.php(340): CodeIgniter\CodeIgniter->handleRequest()
 5 SYSTEMPATH/Boot.php(417): CodeIgniter\CodeIgniter->run()
 6 SYSTEMPATH/Boot.php(68): CodeIgniter\Boot::runCodeIgniter()
 7 FCPATH/index.php(31): CodeIgniter\Boot::bootWeb()
CRITICAL - 2026-05-28 19:15:06 --> CodeIgniter\HTTP\Exceptions\BadRequestException: The URI you submitted has disallowed characters: "इपेपर"
[Method: GET, Route: category/%E0%A4%87%E0%A4%AA%E0%A5%87%E0%A4%AA%E0%A4%B0/feed/]
in SYSTEMPATH/Router/Router.php on line 768.
 1 SYSTEMPATH/Router/Router.php(219): CodeIgniter\Router\Router->checkDisallowedChars()
 2 SYSTEMPATH/CodeIgniter.php(829): CodeIgniter\Router\Router->handle()
 3 SYSTEMPATH/CodeIgniter.php(441): CodeIgniter\CodeIgniter->tryToRouteIt()
 4 SYSTEMPATH/CodeIgniter.php(340): CodeIgniter\CodeIgniter->handleRequest()
 5 SYSTEMPATH/Boot.php(417): CodeIgniter\CodeIgniter->run()
 6 SYSTEMPATH/Boot.php(68): CodeIgniter\Boot::runCodeIgniter()
 7 FCPATH/index.php(31): CodeIgniter\Boot::bootWeb()
CRITICAL - 2026-05-28 19:15:09 --> CodeIgniter\HTTP\Exceptions\BadRequestException: The URI you submitted has disallowed characters: "पत्रपत्रिका"
[Method: GET, Route: category/%E0%A4%AA%E0%A4%A4%E0%A5%8D%E0%A4%B0%E0%A4%AA%E0%A4%A4%E0%A5%8D%E0%A4%B0%E0%A4%BF%E0%A4%95%E0%A4%BE/feed/]
in SYSTEMPATH/Router/Router.php on line 768.
 1 SYSTEMPATH/Router/Router.php(219): CodeIgniter\Router\Router->checkDisallowedChars()
 2 SYSTEMPATH/CodeIgniter.php(829): CodeIgniter\Router\Router->handle()
 3 SYSTEMPATH/CodeIgniter.php(441): CodeIgniter\CodeIgniter->tryToRouteIt()
 4 SYSTEMPATH/CodeIgniter.php(340): CodeIgniter\CodeIgniter->handleRequest()
 5 SYSTEMPATH/Boot.php(417): CodeIgniter\CodeIgniter->run()
 6 SYSTEMPATH/Boot.php(68): CodeIgniter\Boot::runCodeIgniter()
 7 FCPATH/index.php(31): CodeIgniter\Boot::bootWeb()
CRITICAL - 2026-05-28 19:15:12 --> CodeIgniter\HTTP\Exceptions\BadRequestException: The URI you submitted has disallowed characters: "प्रदेश-१"
[Method: GET, Route: category/%E0%A4%AA%E0%A5%8D%E0%A4%B0%E0%A4%A6%E0%A5%87%E0%A4%B6-%E0%A5%A7/feed/]
in SYSTEMPATH/Router/Router.php on line 768.
 1 SYSTEMPATH/Router/Router.php(219): CodeIgniter\Router\Router->checkDisallowedChars()
 2 SYSTEMPATH/CodeIgniter.php(829): CodeIgniter\Router\Router->handle()
 3 SYSTEMPATH/CodeIgniter.php(441): CodeIgniter\CodeIgniter->tryToRouteIt()
 4 SYSTEMPATH/CodeIgniter.php(340): CodeIgniter\CodeIgniter->handleRequest()
 5 SYSTEMPATH/Boot.php(417): CodeIgniter\CodeIgniter->run()
 6 SYSTEMPATH/Boot.php(68): CodeIgniter\Boot::runCodeIgniter()
 7 FCPATH/index.php(31): CodeIgniter\Boot::bootWeb()
CRITICAL - 2026-05-28 19:15:14 --> CodeIgniter\HTTP\Exceptions\BadRequestException: The URI you submitted has disallowed characters: "प्रदेश-२"
[Method: GET, Route: category/%E0%A4%AA%E0%A5%8D%E0%A4%B0%E0%A4%A6%E0%A5%87%E0%A4%B6-%E0%A5%A8/feed/]
in SYSTEMPATH/Router/Router.php on line 768.
 1 SYSTEMPATH/Router/Router.php(219): CodeIgniter\Router\Router->checkDisallowedChars()
 2 SYSTEMPATH/CodeIgniter.php(829): CodeIgniter\Router\Router->handle()
 3 SYSTEMPATH/CodeIgniter.php(441): CodeIgniter\CodeIgniter->tryToRouteIt()
 4 SYSTEMPATH/CodeIgniter.php(340): CodeIgniter\CodeIgniter->handleRequest()
 5 SYSTEMPATH/Boot.php(417): CodeIgniter\CodeIgniter->run()
 6 SYSTEMPATH/Boot.php(68): CodeIgniter\Boot::runCodeIgniter()
 7 FCPATH/index.php(31): CodeIgniter\Boot::bootWeb()
CRITICAL - 2026-05-28 19:15:17 --> CodeIgniter\HTTP\Exceptions\BadRequestException: The URI you submitted has disallowed characters: "प्रदेश-३"
[Method: GET, Route: category/%E0%A4%AA%E0%A5%8D%E0%A4%B0%E0%A4%A6%E0%A5%87%E0%A4%B6-%E0%A5%A9/feed/]
in SYSTEMPATH/Router/Router.php on line 768.
 1 SYSTEMPATH/Router/Router.php(219): CodeIgniter\Router\Router->checkDisallowedChars()
 2 SYSTEMPATH/CodeIgniter.php(829): CodeIgniter\Router\Router->handle()
 3 SYSTEMPATH/CodeIgniter.php(441): CodeIgniter\CodeIgniter->tryToRouteIt()
 4 SYSTEMPATH/CodeIgniter.php(340): CodeIgniter\CodeIgniter->handleRequest()
 5 SYSTEMPATH/Boot.php(417): CodeIgniter\CodeIgniter->run()
 6 SYSTEMPATH/Boot.php(68): CodeIgniter\Boot::runCodeIgniter()
 7 FCPATH/index.php(31): CodeIgniter\Boot::bootWeb()
CRITICAL - 2026-05-28 19:15:19 --> CodeIgniter\HTTP\Exceptions\BadRequestException: The URI you submitted has disallowed characters: "प्रदेश-४"
[Method: GET, Route: category/%E0%A4%AA%E0%A5%8D%E0%A4%B0%E0%A4%A6%E0%A5%87%E0%A4%B6-%E0%A5%AA/feed/]
in SYSTEMPATH/Router/Router.php on line 768.
 1 SYSTEMPATH/Router/Router.php(219): CodeIgniter\Router\Router->checkDisallowedChars()
 2 SYSTEMPATH/CodeIgniter.php(829): CodeIgniter\Router\Router->handle()
 3 SYSTEMPATH/CodeIgniter.php(441): CodeIgniter\CodeIgniter->tryToRouteIt()
 4 SYSTEMPATH/CodeIgniter.php(340): CodeIgniter\CodeIgniter->handleRequest()
 5 SYSTEMPATH/Boot.php(417): CodeIgniter\CodeIgniter->run()
 6 SYSTEMPATH/Boot.php(68): CodeIgniter\Boot::runCodeIgniter()
 7 FCPATH/index.php(31): CodeIgniter\Boot::bootWeb()
CRITICAL - 2026-05-28 19:15:22 --> CodeIgniter\HTTP\Exceptions\BadRequestException: The URI you submitted has disallowed characters: "प्रदेश-५"
[Method: GET, Route: category/%E0%A4%AA%E0%A5%8D%E0%A4%B0%E0%A4%A6%E0%A5%87%E0%A4%B6-%E0%A5%AB/feed/]
in SYSTEMPATH/Router/Router.php on line 768.
 1 SYSTEMPATH/Router/Router.php(219): CodeIgniter\Router\Router->checkDisallowedChars()
 2 SYSTEMPATH/CodeIgniter.php(829): CodeIgniter\Router\Router->handle()
 3 SYSTEMPATH/CodeIgniter.php(441): CodeIgniter\CodeIgniter->tryToRouteIt()
 4 SYSTEMPATH/CodeIgniter.php(340): CodeIgniter\CodeIgniter->handleRequest()
 5 SYSTEMPATH/Boot.php(417): CodeIgniter\CodeIgniter->run()
 6 SYSTEMPATH/Boot.php(68): CodeIgniter\Boot::runCodeIgniter()
 7 FCPATH/index.php(31): CodeIgniter\Boot::bootWeb()
CRITICAL - 2026-05-28 19:15:25 --> CodeIgniter\HTTP\Exceptions\BadRequestException: The URI you submitted has disallowed characters: "प्रदेश-६"
[Method: GET, Route: category/%E0%A4%AA%E0%A5%8D%E0%A4%B0%E0%A4%A6%E0%A5%87%E0%A4%B6-%E0%A5%AC/feed/]
in SYSTEMPATH/Router/Router.php on line 768.
 1 SYSTEMPATH/Router/Router.php(219): CodeIgniter\Router\Router->checkDisallowedChars()
 2 SYSTEMPATH/CodeIgniter.php(829): CodeIgniter\Router\Router->handle()
 3 SYSTEMPATH/CodeIgniter.php(441): CodeIgniter\CodeIgniter->tryToRouteIt()
 4 SYSTEMPATH/CodeIgniter.php(340): CodeIgniter\CodeIgniter->handleRequest()
 5 SYSTEMPATH/Boot.php(417): CodeIgniter\CodeIgniter->run()
 6 SYSTEMPATH/Boot.php(68): CodeIgniter\Boot::runCodeIgniter()
 7 FCPATH/index.php(31): CodeIgniter\Boot::bootWeb()
CRITICAL - 2026-05-28 19:15:27 --> CodeIgniter\HTTP\Exceptions\BadRequestException: The URI you submitted has disallowed characters: "प्रदेश-७"
[Method: GET, Route: category/%E0%A4%AA%E0%A5%8D%E0%A4%B0%E0%A4%A6%E0%A5%87%E0%A4%B6-%E0%A5%AD/feed/]
in SYSTEMPATH/Router/Router.php on line 768.
 1 SYSTEMPATH/Router/Router.php(219): CodeIgniter\Router\Router->checkDisallowedChars()
 2 SYSTEMPATH/CodeIgniter.php(829): CodeIgniter\Router\Router->handle()
 3 SYSTEMPATH/CodeIgniter.php(441): CodeIgniter\CodeIgniter->tryToRouteIt()
 4 SYSTEMPATH/CodeIgniter.php(340): CodeIgniter\CodeIgniter->handleRequest()
 5 SYSTEMPATH/Boot.php(417): CodeIgniter\CodeIgniter->run()
 6 SYSTEMPATH/Boot.php(68): CodeIgniter\Boot::runCodeIgniter()
 7 FCPATH/index.php(31): CodeIgniter\Boot::bootWeb()
CRITICAL - 2026-05-28 19:15:30 --> CodeIgniter\HTTP\Exceptions\BadRequestException: The URI you submitted has disallowed characters: "प्रमुख-समाचार"
[Method: GET, Route: category/%E0%A4%AA%E0%A5%8D%E0%A4%B0%E0%A4%AE%E0%A5%81%E0%A4%96-%E0%A4%B8%E0%A4%AE%E0%A4%BE%E0%A4%9A%E0%A4%BE%E0%A4%B0/feed/]
in SYSTEMPATH/Router/Router.php on line 768.
 1 SYSTEMPATH/Router/Router.php(219): CodeIgniter\Router\Router->checkDisallowedChars()
 2 SYSTEMPATH/CodeIgniter.php(829): CodeIgniter\Router\Router->handle()
 3 SYSTEMPATH/CodeIgniter.php(441): CodeIgniter\CodeIgniter->tryToRouteIt()
 4 SYSTEMPATH/CodeIgniter.php(340): CodeIgniter\CodeIgniter->handleRequest()
 5 SYSTEMPATH/Boot.php(417): CodeIgniter\CodeIgniter->run()
 6 SYSTEMPATH/Boot.php(68): CodeIgniter\Boot::runCodeIgniter()
 7 FCPATH/index.php(31): CodeIgniter\Boot::bootWeb()
CRITICAL - 2026-05-28 19:15:32 --> CodeIgniter\HTTP\Exceptions\BadRequestException: The URI you submitted has disallowed characters: "मनोरञ्जन"
[Method: GET, Route: category/%E0%A4%AE%E0%A4%A8%E0%A5%8B%E0%A4%B0%E0%A4%9E%E0%A5%8D%E0%A4%9C%E0%A4%A8/feed/]
in SYSTEMPATH/Router/Router.php on line 768.
 1 SYSTEMPATH/Router/Router.php(219): CodeIgniter\Router\Router->checkDisallowedChars()
 2 SYSTEMPATH/CodeIgniter.php(829): CodeIgniter\Router\Router->handle()
 3 SYSTEMPATH/CodeIgniter.php(441): CodeIgniter\CodeIgniter->tryToRouteIt()
 4 SYSTEMPATH/CodeIgniter.php(340): CodeIgniter\CodeIgniter->handleRequest()
 5 SYSTEMPATH/Boot.php(417): CodeIgniter\CodeIgniter->run()
 6 SYSTEMPATH/Boot.php(68): CodeIgniter\Boot::runCodeIgniter()
 7 FCPATH/index.php(31): CodeIgniter\Boot::bootWeb()
CRITICAL - 2026-05-28 19:15:35 --> CodeIgniter\HTTP\Exceptions\BadRequestException: The URI you submitted has disallowed characters: "राजनीति"
[Method: GET, Route: category/%E0%A4%B0%E0%A4%BE%E0%A4%9C%E0%A4%A8%E0%A5%80%E0%A4%A4%E0%A4%BF/feed/]
in SYSTEMPATH/Router/Router.php on line 768.
 1 SYSTEMPATH/Router/Router.php(219): CodeIgniter\Router\Router->checkDisallowedChars()
 2 SYSTEMPATH/CodeIgniter.php(829): CodeIgniter\Router\Router->handle()
 3 SYSTEMPATH/CodeIgniter.php(441): CodeIgniter\CodeIgniter->tryToRouteIt()
 4 SYSTEMPATH/CodeIgniter.php(340): CodeIgniter\CodeIgniter->handleRequest()
 5 SYSTEMPATH/Boot.php(417): CodeIgniter\CodeIgniter->run()
 6 SYSTEMPATH/Boot.php(68): CodeIgniter\Boot::runCodeIgniter()
 7 FCPATH/index.php(31): CodeIgniter\Boot::bootWeb()
CRITICAL - 2026-05-28 19:15:37 --> CodeIgniter\HTTP\Exceptions\BadRequestException: The URI you submitted has disallowed characters: "इपेपर"
[Method: GET, Route: category/%E0%A4%87%E0%A4%AA%E0%A5%87%E0%A4%AA%E0%A4%B0/]
in SYSTEMPATH/Router/Router.php on line 768.
 1 SYSTEMPATH/Router/Router.php(219): CodeIgniter\Router\Router->checkDisallowedChars()
 2 SYSTEMPATH/CodeIgniter.php(829): CodeIgniter\Router\Router->handle()
 3 SYSTEMPATH/CodeIgniter.php(441): CodeIgniter\CodeIgniter->tryToRouteIt()
 4 SYSTEMPATH/CodeIgniter.php(340): CodeIgniter\CodeIgniter->handleRequest()
 5 SYSTEMPATH/Boot.php(417): CodeIgniter\CodeIgniter->run()
 6 SYSTEMPATH/Boot.php(68): CodeIgniter\Boot::runCodeIgniter()
 7 FCPATH/index.php(31): CodeIgniter\Boot::bootWeb()
CRITICAL - 2026-05-28 19:15:43 --> CodeIgniter\HTTP\Exceptions\BadRequestException: The URI you submitted has disallowed characters: "इपेपर"
[Method: GET, Route: category/%E0%A4%87%E0%A4%AA%E0%A5%87%E0%A4%AA%E0%A4%B0/page/2/]
in SYSTEMPATH/Router/Router.php on line 768.
 1 SYSTEMPATH/Router/Router.php(219): CodeIgniter\Router\Router->checkDisallowedChars()
 2 SYSTEMPATH/CodeIgniter.php(829): CodeIgniter\Router\Router->handle()
 3 SYSTEMPATH/CodeIgniter.php(441): CodeIgniter\CodeIgniter->tryToRouteIt()
 4 SYSTEMPATH/CodeIgniter.php(340): CodeIgniter\CodeIgniter->handleRequest()
 5 SYSTEMPATH/Boot.php(417): CodeIgniter\CodeIgniter->run()
 6 SYSTEMPATH/Boot.php(68): CodeIgniter\Boot::runCodeIgniter()
 7 FCPATH/index.php(31): CodeIgniter\Boot::bootWeb()
CRITICAL - 2026-05-28 19:15:46 --> CodeIgniter\HTTP\Exceptions\BadRequestException: The URI you submitted has disallowed characters: "इपेपर"
[Method: GET, Route: category/%E0%A4%87%E0%A4%AA%E0%A5%87%E0%A4%AA%E0%A4%B0/page/2/]
in SYSTEMPATH/Router/Router.php on line 768.
 1 SYSTEMPATH/Router/Router.php(219): CodeIgniter\Router\Router->checkDisallowedChars()
 2 SYSTEMPATH/CodeIgniter.php(829): CodeIgniter\Router\Router->handle()
 3 SYSTEMPATH/CodeIgniter.php(441): CodeIgniter\CodeIgniter->tryToRouteIt()
 4 SYSTEMPATH/CodeIgniter.php(340): CodeIgniter\CodeIgniter->handleRequest()
 5 SYSTEMPATH/Boot.php(417): CodeIgniter\CodeIgniter->run()
 6 SYSTEMPATH/Boot.php(68): CodeIgniter\Boot::runCodeIgniter()
 7 FCPATH/index.php(31): CodeIgniter\Boot::bootWeb()
CRITICAL - 2026-05-28 19:15:50 --> CodeIgniter\HTTP\Exceptions\BadRequestException: The URI you submitted has disallowed characters: "इपेपर"
[Method: GET, Route: category/%E0%A4%87%E0%A4%AA%E0%A5%87%E0%A4%AA%E0%A4%B0/page/3/]
in SYSTEMPATH/Router/Router.php on line 768.
 1 SYSTEMPATH/Router/Router.php(219): CodeIgniter\Router\Router->checkDisallowedChars()
 2 SYSTEMPATH/CodeIgniter.php(829): CodeIgniter\Router\Router->handle()
 3 SYSTEMPATH/CodeIgniter.php(441): CodeIgniter\CodeIgniter->tryToRouteIt()
 4 SYSTEMPATH/CodeIgniter.php(340): CodeIgniter\CodeIgniter->handleRequest()
 5 SYSTEMPATH/Boot.php(417): CodeIgniter\CodeIgniter->run()
 6 SYSTEMPATH/Boot.php(68): CodeIgniter\Boot::runCodeIgniter()
 7 FCPATH/index.php(31): CodeIgniter\Boot::bootWeb()
CRITICAL - 2026-05-28 19:15:52 --> CodeIgniter\HTTP\Exceptions\BadRequestException: The URI you submitted has disallowed characters: "इपेपर"
[Method: GET, Route: category/%E0%A4%87%E0%A4%AA%E0%A5%87%E0%A4%AA%E0%A4%B0/page/3/]
in SYSTEMPATH/Router/Router.php on line 768.
 1 SYSTEMPATH/Router/Router.php(219): CodeIgniter\Router\Router->checkDisallowedChars()
 2 SYSTEMPATH/CodeIgniter.php(829): CodeIgniter\Router\Router->handle()
 3 SYSTEMPATH/CodeIgniter.php(441): CodeIgniter\CodeIgniter->tryToRouteIt()
 4 SYSTEMPATH/CodeIgniter.php(340): CodeIgniter\CodeIgniter->handleRequest()
 5 SYSTEMPATH/Boot.php(417): CodeIgniter\CodeIgniter->run()
 6 SYSTEMPATH/Boot.php(68): CodeIgniter\Boot::runCodeIgniter()
 7 FCPATH/index.php(31): CodeIgniter\Boot::bootWeb()
CRITICAL - 2026-05-28 19:15:57 --> CodeIgniter\HTTP\Exceptions\BadRequestException: The URI you submitted has disallowed characters: "इपेपर"
[Method: GET, Route: category/%E0%A4%87%E0%A4%AA%E0%A5%87%E0%A4%AA%E0%A4%B0/page/4/]
in SYSTEMPATH/Router/Router.php on line 768.
 1 SYSTEMPATH/Router/Router.php(219): CodeIgniter\Router\Router->checkDisallowedChars()
 2 SYSTEMPATH/CodeIgniter.php(829): CodeIgniter\Router\Router->handle()
 3 SYSTEMPATH/CodeIgniter.php(441): CodeIgniter\CodeIgniter->tryToRouteIt()
 4 SYSTEMPATH/CodeIgniter.php(340): CodeIgniter\CodeIgniter->handleRequest()
 5 SYSTEMPATH/Boot.php(417): CodeIgniter\CodeIgniter->run()
 6 SYSTEMPATH/Boot.php(68): CodeIgniter\Boot::runCodeIgniter()
 7 FCPATH/index.php(31): CodeIgniter\Boot::bootWeb()
CRITICAL - 2026-05-28 19:15:59 --> CodeIgniter\HTTP\Exceptions\BadRequestException: The URI you submitted has disallowed characters: "इपेपर"
[Method: GET, Route: category/%E0%A4%87%E0%A4%AA%E0%A5%87%E0%A4%AA%E0%A4%B0/page/4/]
in SYSTEMPATH/Router/Router.php on line 768.
 1 SYSTEMPATH/Router/Router.php(219): CodeIgniter\Router\Router->checkDisallowedChars()
 2 SYSTEMPATH/CodeIgniter.php(829): CodeIgniter\Router\Router->handle()
 3 SYSTEMPATH/CodeIgniter.php(441): CodeIgniter\CodeIgniter->tryToRouteIt()
 4 SYSTEMPATH/CodeIgniter.php(340): CodeIgniter\CodeIgniter->handleRequest()
 5 SYSTEMPATH/Boot.php(417): CodeIgniter\CodeIgniter->run()
 6 SYSTEMPATH/Boot.php(68): CodeIgniter\Boot::runCodeIgniter()
 7 FCPATH/index.php(31): CodeIgniter\Boot::bootWeb()
CRITICAL - 2026-05-28 19:16:03 --> CodeIgniter\HTTP\Exceptions\BadRequestException: The URI you submitted has disallowed characters: "इपेपर"
[Method: GET, Route: category/%E0%A4%87%E0%A4%AA%E0%A5%87%E0%A4%AA%E0%A4%B0/page/5/]
in SYSTEMPATH/Router/Router.php on line 768.
 1 SYSTEMPATH/Router/Router.php(219): CodeIgniter\Router\Router->checkDisallowedChars()
 2 SYSTEMPATH/CodeIgniter.php(829): CodeIgniter\Router\Router->handle()
 3 SYSTEMPATH/CodeIgniter.php(441): CodeIgniter\CodeIgniter->tryToRouteIt()
 4 SYSTEMPATH/CodeIgniter.php(340): CodeIgniter\CodeIgniter->handleRequest()
 5 SYSTEMPATH/Boot.php(417): CodeIgniter\CodeIgniter->run()
 6 SYSTEMPATH/Boot.php(68): CodeIgniter\Boot::runCodeIgniter()
 7 FCPATH/index.php(31): CodeIgniter\Boot::bootWeb()
CRITICAL - 2026-05-28 19:16:06 --> CodeIgniter\HTTP\Exceptions\BadRequestException: The URI you submitted has disallowed characters: "इपेपर"
[Method: GET, Route: category/%E0%A4%87%E0%A4%AA%E0%A5%87%E0%A4%AA%E0%A4%B0/page/5/]
in SYSTEMPATH/Router/Router.php on line 768.
 1 SYSTEMPATH/Router/Router.php(219): CodeIgniter\Router\Router->checkDisallowedChars()
 2 SYSTEMPATH/CodeIgniter.php(829): CodeIgniter\Router\Router->handle()
 3 SYSTEMPATH/CodeIgniter.php(441): CodeIgniter\CodeIgniter->tryToRouteIt()
 4 SYSTEMPATH/CodeIgniter.php(340): CodeIgniter\CodeIgniter->handleRequest()
 5 SYSTEMPATH/Boot.php(417): CodeIgniter\CodeIgniter->run()
 6 SYSTEMPATH/Boot.php(68): CodeIgniter\Boot::runCodeIgniter()
 7 FCPATH/index.php(31): CodeIgniter\Boot::bootWeb()
CRITICAL - 2026-05-28 19:16:10 --> CodeIgniter\HTTP\Exceptions\BadRequestException: The URI you submitted has disallowed characters: "इपेपर"
[Method: GET, Route: category/%E0%A4%87%E0%A4%AA%E0%A5%87%E0%A4%AA%E0%A4%B0/page/6/]
in SYSTEMPATH/Router/Router.php on line 768.
 1 SYSTEMPATH/Router/Router.php(219): CodeIgniter\Router\Router->checkDisallowedChars()
 2 SYSTEMPATH/CodeIgniter.php(829): CodeIgniter\Router\Router->handle()
 3 SYSTEMPATH/CodeIgniter.php(441): CodeIgniter\CodeIgniter->tryToRouteIt()
 4 SYSTEMPATH/CodeIgniter.php(340): CodeIgniter\CodeIgniter->handleRequest()
 5 SYSTEMPATH/Boot.php(417): CodeIgniter\CodeIgniter->run()
 6 SYSTEMPATH/Boot.php(68): CodeIgniter\Boot::runCodeIgniter()
 7 FCPATH/index.php(31): CodeIgniter\Boot::bootWeb()
CRITICAL - 2026-05-28 19:16:13 --> CodeIgniter\HTTP\Exceptions\BadRequestException: The URI you submitted has disallowed characters: "इपेपर"
[Method: GET, Route: category/%E0%A4%87%E0%A4%AA%E0%A5%87%E0%A4%AA%E0%A4%B0/page/6/]
in SYSTEMPATH/Router/Router.php on line 768.
 1 SYSTEMPATH/Router/Router.php(219): CodeIgniter\Router\Router->checkDisallowedChars()
 2 SYSTEMPATH/CodeIgniter.php(829): CodeIgniter\Router\Router->handle()
 3 SYSTEMPATH/CodeIgniter.php(441): CodeIgniter\CodeIgniter->tryToRouteIt()
 4 SYSTEMPATH/CodeIgniter.php(340): CodeIgniter\CodeIgniter->handleRequest()
 5 SYSTEMPATH/Boot.php(417): CodeIgniter\CodeIgniter->run()
 6 SYSTEMPATH/Boot.php(68): CodeIgniter\Boot::runCodeIgniter()
 7 FCPATH/index.php(31): CodeIgniter\Boot::bootWeb()
CRITICAL - 2026-05-28 19:16:18 --> CodeIgniter\HTTP\Exceptions\BadRequestException: The URI you submitted has disallowed characters: "इपेपर"
[Method: GET, Route: category/%E0%A4%87%E0%A4%AA%E0%A5%87%E0%A4%AA%E0%A4%B0/page/7/]
in SYSTEMPATH/Router/Router.php on line 768.
 1 SYSTEMPATH/Router/Router.php(219): CodeIgniter\Router\Router->checkDisallowedChars()
 2 SYSTEMPATH/CodeIgniter.php(829): CodeIgniter\Router\Router->handle()
 3 SYSTEMPATH/CodeIgniter.php(441): CodeIgniter\CodeIgniter->tryToRouteIt()
 4 SYSTEMPATH/CodeIgniter.php(340): CodeIgniter\CodeIgniter->handleRequest()
 5 SYSTEMPATH/Boot.php(417): CodeIgniter\CodeIgniter->run()
 6 SYSTEMPATH/Boot.php(68): CodeIgniter\Boot::runCodeIgniter()
 7 FCPATH/index.php(31): CodeIgniter\Boot::bootWeb()
CRITICAL - 2026-05-28 19:16:20 --> CodeIgniter\HTTP\Exceptions\BadRequestException: The URI you submitted has disallowed characters: "इपेपर"
[Method: GET, Route: category/%E0%A4%87%E0%A4%AA%E0%A5%87%E0%A4%AA%E0%A4%B0/page/7/]
in SYSTEMPATH/Router/Router.php on line 768.
 1 SYSTEMPATH/Router/Router.php(219): CodeIgniter\Router\Router->checkDisallowedChars()
 2 SYSTEMPATH/CodeIgniter.php(829): CodeIgniter\Router\Router->handle()
 3 SYSTEMPATH/CodeIgniter.php(441): CodeIgniter\CodeIgniter->tryToRouteIt()
 4 SYSTEMPATH/CodeIgniter.php(340): CodeIgniter\CodeIgniter->handleRequest()
 5 SYSTEMPATH/Boot.php(417): CodeIgniter\CodeIgniter->run()
 6 SYSTEMPATH/Boot.php(68): CodeIgniter\Boot::runCodeIgniter()
 7 FCPATH/index.php(31): CodeIgniter\Boot::bootWeb()
CRITICAL - 2026-05-28 19:16:24 --> CodeIgniter\HTTP\Exceptions\BadRequestException: The URI you submitted has disallowed characters: "पत्रपत्रिका"
[Method: GET, Route: category/%E0%A4%AA%E0%A4%A4%E0%A5%8D%E0%A4%B0%E0%A4%AA%E0%A4%A4%E0%A5%8D%E0%A4%B0%E0%A4%BF%E0%A4%95%E0%A4%BE/]
in SYSTEMPATH/Router/Router.php on line 768.
 1 SYSTEMPATH/Router/Router.php(219): CodeIgniter\Router\Router->checkDisallowedChars()
 2 SYSTEMPATH/CodeIgniter.php(829): CodeIgniter\Router\Router->handle()
 3 SYSTEMPATH/CodeIgniter.php(441): CodeIgniter\CodeIgniter->tryToRouteIt()
 4 SYSTEMPATH/CodeIgniter.php(340): CodeIgniter\CodeIgniter->handleRequest()
 5 SYSTEMPATH/Boot.php(417): CodeIgniter\CodeIgniter->run()
 6 SYSTEMPATH/Boot.php(68): CodeIgniter\Boot::runCodeIgniter()
 7 FCPATH/index.php(31): CodeIgniter\Boot::bootWeb()
CRITICAL - 2026-05-28 19:16:26 --> CodeIgniter\HTTP\Exceptions\BadRequestException: The URI you submitted has disallowed characters: "पत्रपत्रिका"
[Method: GET, Route: category/%E0%A4%AA%E0%A4%A4%E0%A5%8D%E0%A4%B0%E0%A4%AA%E0%A4%A4%E0%A5%8D%E0%A4%B0%E0%A4%BF%E0%A4%95%E0%A4%BE/]
in SYSTEMPATH/Router/Router.php on line 768.
 1 SYSTEMPATH/Router/Router.php(219): CodeIgniter\Router\Router->checkDisallowedChars()
 2 SYSTEMPATH/CodeIgniter.php(829): CodeIgniter\Router\Router->handle()
 3 SYSTEMPATH/CodeIgniter.php(441): CodeIgniter\CodeIgniter->tryToRouteIt()
 4 SYSTEMPATH/CodeIgniter.php(340): CodeIgniter\CodeIgniter->handleRequest()
 5 SYSTEMPATH/Boot.php(417): CodeIgniter\CodeIgniter->run()
 6 SYSTEMPATH/Boot.php(68): CodeIgniter\Boot::runCodeIgniter()
 7 FCPATH/index.php(31): CodeIgniter\Boot::bootWeb()
CRITICAL - 2026-05-28 19:16:29 --> CodeIgniter\HTTP\Exceptions\BadRequestException: The URI you submitted has disallowed characters: "पत्रपत्रिका"
[Method: GET, Route: category/%E0%A4%AA%E0%A4%A4%E0%A5%8D%E0%A4%B0%E0%A4%AA%E0%A4%A4%E0%A5%8D%E0%A4%B0%E0%A4%BF%E0%A4%95%E0%A4%BE/page/2/]
in SYSTEMPATH/Router/Router.php on line 768.
 1 SYSTEMPATH/Router/Router.php(219): CodeIgniter\Router\Router->checkDisallowedChars()
 2 SYSTEMPATH/CodeIgniter.php(829): CodeIgniter\Router\Router->handle()
 3 SYSTEMPATH/CodeIgniter.php(441): CodeIgniter\CodeIgniter->tryToRouteIt()
 4 SYSTEMPATH/CodeIgniter.php(340): CodeIgniter\CodeIgniter->handleRequest()
 5 SYSTEMPATH/Boot.php(417): CodeIgniter\CodeIgniter->run()
 6 SYSTEMPATH/Boot.php(68): CodeIgniter\Boot::runCodeIgniter()
 7 FCPATH/index.php(31): CodeIgniter\Boot::bootWeb()
CRITICAL - 2026-05-28 19:16:31 --> CodeIgniter\HTTP\Exceptions\BadRequestException: The URI you submitted has disallowed characters: "पत्रपत्रिका"
[Method: GET, Route: category/%E0%A4%AA%E0%A4%A4%E0%A5%8D%E0%A4%B0%E0%A4%AA%E0%A4%A4%E0%A5%8D%E0%A4%B0%E0%A4%BF%E0%A4%95%E0%A4%BE/page/3/]
in SYSTEMPATH/Router/Router.php on line 768.
 1 SYSTEMPATH/Router/Router.php(219): CodeIgniter\Router\Router->checkDisallowedChars()
 2 SYSTEMPATH/CodeIgniter.php(829): CodeIgniter\Router\Router->handle()
 3 SYSTEMPATH/CodeIgniter.php(441): CodeIgniter\CodeIgniter->tryToRouteIt()
 4 SYSTEMPATH/CodeIgniter.php(340): CodeIgniter\CodeIgniter->handleRequest()
 5 SYSTEMPATH/Boot.php(417): CodeIgniter\CodeIgniter->run()
 6 SYSTEMPATH/Boot.php(68): CodeIgniter\Boot::runCodeIgniter()
 7 FCPATH/index.php(31): CodeIgniter\Boot::bootWeb()
CRITICAL - 2026-05-28 19:16:33 --> CodeIgniter\HTTP\Exceptions\BadRequestException: The URI you submitted has disallowed characters: "पत्रपत्रिका"
[Method: GET, Route: category/%E0%A4%AA%E0%A4%A4%E0%A5%8D%E0%A4%B0%E0%A4%AA%E0%A4%A4%E0%A5%8D%E0%A4%B0%E0%A4%BF%E0%A4%95%E0%A4%BE/page/4/]
in SYSTEMPATH/Router/Router.php on line 768.
 1 SYSTEMPATH/Router/Router.php(219): CodeIgniter\Router\Router->checkDisallowedChars()
 2 SYSTEMPATH/CodeIgniter.php(829): CodeIgniter\Router\Router->handle()
 3 SYSTEMPATH/CodeIgniter.php(441): CodeIgniter\CodeIgniter->tryToRouteIt()
 4 SYSTEMPATH/CodeIgniter.php(340): CodeIgniter\CodeIgniter->handleRequest()
 5 SYSTEMPATH/Boot.php(417): CodeIgniter\CodeIgniter->run()
 6 SYSTEMPATH/Boot.php(68): CodeIgniter\Boot::runCodeIgniter()
 7 FCPATH/index.php(31): CodeIgniter\Boot::bootWeb()
CRITICAL - 2026-05-28 19:16:36 --> CodeIgniter\HTTP\Exceptions\BadRequestException: The URI you submitted has disallowed characters: "पत्रपत्रिका"
[Method: GET, Route: category/%E0%A4%AA%E0%A4%A4%E0%A5%8D%E0%A4%B0%E0%A4%AA%E0%A4%A4%E0%A5%8D%E0%A4%B0%E0%A4%BF%E0%A4%95%E0%A4%BE/page/5/]
in SYSTEMPATH/Router/Router.php on line 768.
 1 SYSTEMPATH/Router/Router.php(219): CodeIgniter\Router\Router->checkDisallowedChars()
 2 SYSTEMPATH/CodeIgniter.php(829): CodeIgniter\Router\Router->handle()
 3 SYSTEMPATH/CodeIgniter.php(441): CodeIgniter\CodeIgniter->tryToRouteIt()
 4 SYSTEMPATH/CodeIgniter.php(340): CodeIgniter\CodeIgniter->handleRequest()
 5 SYSTEMPATH/Boot.php(417): CodeIgniter\CodeIgniter->run()
 6 SYSTEMPATH/Boot.php(68): CodeIgniter\Boot::runCodeIgniter()
 7 FCPATH/index.php(31): CodeIgniter\Boot::bootWeb()
CRITICAL - 2026-05-28 19:16:38 --> CodeIgniter\HTTP\Exceptions\BadRequestException: The URI you submitted has disallowed characters: "पत्रपत्रिका"
[Method: GET, Route: category/%E0%A4%AA%E0%A4%A4%E0%A5%8D%E0%A4%B0%E0%A4%AA%E0%A4%A4%E0%A5%8D%E0%A4%B0%E0%A4%BF%E0%A4%95%E0%A4%BE/page/6/]
in SYSTEMPATH/Router/Router.php on line 768.
 1 SYSTEMPATH/Router/Router.php(219): CodeIgniter\Router\Router->checkDisallowedChars()
 2 SYSTEMPATH/CodeIgniter.php(829): CodeIgniter\Router\Router->handle()
 3 SYSTEMPATH/CodeIgniter.php(441): CodeIgniter\CodeIgniter->tryToRouteIt()
 4 SYSTEMPATH/CodeIgniter.php(340): CodeIgniter\CodeIgniter->handleRequest()
 5 SYSTEMPATH/Boot.php(417): CodeIgniter\CodeIgniter->run()
 6 SYSTEMPATH/Boot.php(68): CodeIgniter\Boot::runCodeIgniter()
 7 FCPATH/index.php(31): CodeIgniter\Boot::bootWeb()
CRITICAL - 2026-05-28 19:16:40 --> CodeIgniter\HTTP\Exceptions\BadRequestException: The URI you submitted has disallowed characters: "पत्रपत्रिका"
[Method: GET, Route: category/%E0%A4%AA%E0%A4%A4%E0%A5%8D%E0%A4%B0%E0%A4%AA%E0%A4%A4%E0%A5%8D%E0%A4%B0%E0%A4%BF%E0%A4%95%E0%A4%BE/page/7/]
in SYSTEMPATH/Router/Router.php on line 768.
 1 SYSTEMPATH/Router/Router.php(219): CodeIgniter\Router\Router->checkDisallowedChars()
 2 SYSTEMPATH/CodeIgniter.php(829): CodeIgniter\Router\Router->handle()
 3 SYSTEMPATH/CodeIgniter.php(441): CodeIgniter\CodeIgniter->tryToRouteIt()
 4 SYSTEMPATH/CodeIgniter.php(340): CodeIgniter\CodeIgniter->handleRequest()
 5 SYSTEMPATH/Boot.php(417): CodeIgniter\CodeIgniter->run()
 6 SYSTEMPATH/Boot.php(68): CodeIgniter\Boot::runCodeIgniter()
 7 FCPATH/index.php(31): CodeIgniter\Boot::bootWeb()
CRITICAL - 2026-05-28 19:16:45 --> CodeIgniter\HTTP\Exceptions\BadRequestException: The URI you submitted has disallowed characters: "पत्रपत्रिका"
[Method: GET, Route: category/%E0%A4%AA%E0%A4%A4%E0%A5%8D%E0%A4%B0%E0%A4%AA%E0%A4%A4%E0%A5%8D%E0%A4%B0%E0%A4%BF%E0%A4%95%E0%A4%BE/page/8/]
in SYSTEMPATH/Router/Router.php on line 768.
 1 SYSTEMPATH/Router/Router.php(219): CodeIgniter\Router\Router->checkDisallowedChars()
 2 SYSTEMPATH/CodeIgniter.php(829): CodeIgniter\Router\Router->handle()
 3 SYSTEMPATH/CodeIgniter.php(441): CodeIgniter\CodeIgniter->tryToRouteIt()
 4 SYSTEMPATH/CodeIgniter.php(340): CodeIgniter\CodeIgniter->handleRequest()
 5 SYSTEMPATH/Boot.php(417): CodeIgniter\CodeIgniter->run()
 6 SYSTEMPATH/Boot.php(68): CodeIgniter\Boot::runCodeIgniter()
 7 FCPATH/index.php(31): CodeIgniter\Boot::bootWeb()
CRITICAL - 2026-05-28 19:16:47 --> CodeIgniter\HTTP\Exceptions\BadRequestException: The URI you submitted has disallowed characters: "पत्रपत्रिका"
[Method: GET, Route: category/%E0%A4%AA%E0%A4%A4%E0%A5%8D%E0%A4%B0%E0%A4%AA%E0%A4%A4%E0%A5%8D%E0%A4%B0%E0%A4%BF%E0%A4%95%E0%A4%BE/page/8/]
in SYSTEMPATH/Router/Router.php on line 768.
 1 SYSTEMPATH/Router/Router.php(219): CodeIgniter\Router\Router->checkDisallowedChars()
 2 SYSTEMPATH/CodeIgniter.php(829): CodeIgniter\Router\Router->handle()
 3 SYSTEMPATH/CodeIgniter.php(441): CodeIgniter\CodeIgniter->tryToRouteIt()
 4 SYSTEMPATH/CodeIgniter.php(340): CodeIgniter\CodeIgniter->handleRequest()
 5 SYSTEMPATH/Boot.php(417): CodeIgniter\CodeIgniter->run()
 6 SYSTEMPATH/Boot.php(68): CodeIgniter\Boot::runCodeIgniter()
 7 FCPATH/index.php(31): CodeIgniter\Boot::bootWeb()
CRITICAL - 2026-05-28 19:16:51 --> CodeIgniter\HTTP\Exceptions\BadRequestException: The URI you submitted has disallowed characters: "पत्रपत्रिका"
[Method: GET, Route: category/%E0%A4%AA%E0%A4%A4%E0%A5%8D%E0%A4%B0%E0%A4%AA%E0%A4%A4%E0%A5%8D%E0%A4%B0%E0%A4%BF%E0%A4%95%E0%A4%BE/page/9/]
in SYSTEMPATH/Router/Router.php on line 768.
 1 SYSTEMPATH/Router/Router.php(219): CodeIgniter\Router\Router->checkDisallowedChars()
 2 SYSTEMPATH/CodeIgniter.php(829): CodeIgniter\Router\Router->handle()
 3 SYSTEMPATH/CodeIgniter.php(441): CodeIgniter\CodeIgniter->tryToRouteIt()
 4 SYSTEMPATH/CodeIgniter.php(340): CodeIgniter\CodeIgniter->handleRequest()
 5 SYSTEMPATH/Boot.php(417): CodeIgniter\CodeIgniter->run()
 6 SYSTEMPATH/Boot.php(68): CodeIgniter\Boot::runCodeIgniter()
 7 FCPATH/index.php(31): CodeIgniter\Boot::bootWeb()
CRITICAL - 2026-05-28 19:16:53 --> CodeIgniter\HTTP\Exceptions\BadRequestException: The URI you submitted has disallowed characters: "पत्रपत्रिका"
[Method: GET, Route: category/%E0%A4%AA%E0%A4%A4%E0%A5%8D%E0%A4%B0%E0%A4%AA%E0%A4%A4%E0%A5%8D%E0%A4%B0%E0%A4%BF%E0%A4%95%E0%A4%BE/page/9/]
in SYSTEMPATH/Router/Router.php on line 768.
 1 SYSTEMPATH/Router/Router.php(219): CodeIgniter\Router\Router->checkDisallowedChars()
 2 SYSTEMPATH/CodeIgniter.php(829): CodeIgniter\Router\Router->handle()
 3 SYSTEMPATH/CodeIgniter.php(441): CodeIgniter\CodeIgniter->tryToRouteIt()
 4 SYSTEMPATH/CodeIgniter.php(340): CodeIgniter\CodeIgniter->handleRequest()
 5 SYSTEMPATH/Boot.php(417): CodeIgniter\CodeIgniter->run()
 6 SYSTEMPATH/Boot.php(68): CodeIgniter\Boot::runCodeIgniter()
 7 FCPATH/index.php(31): CodeIgniter\Boot::bootWeb()
CRITICAL - 2026-05-28 19:16:55 --> CodeIgniter\HTTP\Exceptions\BadRequestException: The URI you submitted has disallowed characters: "प्रदेश-१"
[Method: GET, Route: category/%E0%A4%AA%E0%A5%8D%E0%A4%B0%E0%A4%A6%E0%A5%87%E0%A4%B6-%E0%A5%A7/]
in SYSTEMPATH/Router/Router.php on line 768.
 1 SYSTEMPATH/Router/Router.php(219): CodeIgniter\Router\Router->checkDisallowedChars()
 2 SYSTEMPATH/CodeIgniter.php(829): CodeIgniter\Router\Router->handle()
 3 SYSTEMPATH/CodeIgniter.php(441): CodeIgniter\CodeIgniter->tryToRouteIt()
 4 SYSTEMPATH/CodeIgniter.php(340): CodeIgniter\CodeIgniter->handleRequest()
 5 SYSTEMPATH/Boot.php(417): CodeIgniter\CodeIgniter->run()
 6 SYSTEMPATH/Boot.php(68): CodeIgniter\Boot::runCodeIgniter()
 7 FCPATH/index.php(31): CodeIgniter\Boot::bootWeb()
CRITICAL - 2026-05-28 19:17:00 --> CodeIgniter\HTTP\Exceptions\BadRequestException: The URI you submitted has disallowed characters: "प्रदेश-१"
[Method: GET, Route: category/%E0%A4%AA%E0%A5%8D%E0%A4%B0%E0%A4%A6%E0%A5%87%E0%A4%B6-%E0%A5%A7/page/2/]
in SYSTEMPATH/Router/Router.php on line 768.
 1 SYSTEMPATH/Router/Router.php(219): CodeIgniter\Router\Router->checkDisallowedChars()
 2 SYSTEMPATH/CodeIgniter.php(829): CodeIgniter\Router\Router->handle()
 3 SYSTEMPATH/CodeIgniter.php(441): CodeIgniter\CodeIgniter->tryToRouteIt()
 4 SYSTEMPATH/CodeIgniter.php(340): CodeIgniter\CodeIgniter->handleRequest()
 5 SYSTEMPATH/Boot.php(417): CodeIgniter\CodeIgniter->run()
 6 SYSTEMPATH/Boot.php(68): CodeIgniter\Boot::runCodeIgniter()
 7 FCPATH/index.php(31): CodeIgniter\Boot::bootWeb()
CRITICAL - 2026-05-28 19:17:02 --> CodeIgniter\HTTP\Exceptions\BadRequestException: The URI you submitted has disallowed characters: "प्रदेश-१"
[Method: GET, Route: category/%E0%A4%AA%E0%A5%8D%E0%A4%B0%E0%A4%A6%E0%A5%87%E0%A4%B6-%E0%A5%A7/page/2/]
in SYSTEMPATH/Router/Router.php on line 768.
 1 SYSTEMPATH/Router/Router.php(219): CodeIgniter\Router\Router->checkDisallowedChars()
 2 SYSTEMPATH/CodeIgniter.php(829): CodeIgniter\Router\Router->handle()
 3 SYSTEMPATH/CodeIgniter.php(441): CodeIgniter\CodeIgniter->tryToRouteIt()
 4 SYSTEMPATH/CodeIgniter.php(340): CodeIgniter\CodeIgniter->handleRequest()
 5 SYSTEMPATH/Boot.php(417): CodeIgniter\CodeIgniter->run()
 6 SYSTEMPATH/Boot.php(68): CodeIgniter\Boot::runCodeIgniter()
 7 FCPATH/index.php(31): CodeIgniter\Boot::bootWeb()
CRITICAL - 2026-05-28 19:17:04 --> CodeIgniter\HTTP\Exceptions\BadRequestException: The URI you submitted has disallowed characters: "प्रदेश-१"
[Method: GET, Route: category/%E0%A4%AA%E0%A5%8D%E0%A4%B0%E0%A4%A6%E0%A5%87%E0%A4%B6-%E0%A5%A7/page/3/]
in SYSTEMPATH/Router/Router.php on line 768.
 1 SYSTEMPATH/Router/Router.php(219): CodeIgniter\Router\Router->checkDisallowedChars()
 2 SYSTEMPATH/CodeIgniter.php(829): CodeIgniter\Router\Router->handle()
 3 SYSTEMPATH/CodeIgniter.php(441): CodeIgniter\CodeIgniter->tryToRouteIt()
 4 SYSTEMPATH/CodeIgniter.php(340): CodeIgniter\CodeIgniter->handleRequest()
 5 SYSTEMPATH/Boot.php(417): CodeIgniter\CodeIgniter->run()
 6 SYSTEMPATH/Boot.php(68): CodeIgniter\Boot::runCodeIgniter()
 7 FCPATH/index.php(31): CodeIgniter\Boot::bootWeb()
CRITICAL - 2026-05-28 19:17:06 --> CodeIgniter\HTTP\Exceptions\BadRequestException: The URI you submitted has disallowed characters: "प्रदेश-१"
[Method: GET, Route: category/%E0%A4%AA%E0%A5%8D%E0%A4%B0%E0%A4%A6%E0%A5%87%E0%A4%B6-%E0%A5%A7/page/4/]
in SYSTEMPATH/Router/Router.php on line 768.
 1 SYSTEMPATH/Router/Router.php(219): CodeIgniter\Router\Router->checkDisallowedChars()
 2 SYSTEMPATH/CodeIgniter.php(829): CodeIgniter\Router\Router->handle()
 3 SYSTEMPATH/CodeIgniter.php(441): CodeIgniter\CodeIgniter->tryToRouteIt()
 4 SYSTEMPATH/CodeIgniter.php(340): CodeIgniter\CodeIgniter->handleRequest()
 5 SYSTEMPATH/Boot.php(417): CodeIgniter\CodeIgniter->run()
 6 SYSTEMPATH/Boot.php(68): CodeIgniter\Boot::runCodeIgniter()
 7 FCPATH/index.php(31): CodeIgniter\Boot::bootWeb()
CRITICAL - 2026-05-28 19:17:11 --> CodeIgniter\HTTP\Exceptions\BadRequestException: The URI you submitted has disallowed characters: "प्रदेश-१"
[Method: GET, Route: category/%E0%A4%AA%E0%A5%8D%E0%A4%B0%E0%A4%A6%E0%A5%87%E0%A4%B6-%E0%A5%A7/page/5/]
in SYSTEMPATH/Router/Router.php on line 768.
 1 SYSTEMPATH/Router/Router.php(219): CodeIgniter\Router\Router->checkDisallowedChars()
 2 SYSTEMPATH/CodeIgniter.php(829): CodeIgniter\Router\Router->handle()
 3 SYSTEMPATH/CodeIgniter.php(441): CodeIgniter\CodeIgniter->tryToRouteIt()
 4 SYSTEMPATH/CodeIgniter.php(340): CodeIgniter\CodeIgniter->handleRequest()
 5 SYSTEMPATH/Boot.php(417): CodeIgniter\CodeIgniter->run()
 6 SYSTEMPATH/Boot.php(68): CodeIgniter\Boot::runCodeIgniter()
 7 FCPATH/index.php(31): CodeIgniter\Boot::bootWeb()
CRITICAL - 2026-05-28 19:17:13 --> CodeIgniter\HTTP\Exceptions\BadRequestException: The URI you submitted has disallowed characters: "प्रदेश-१"
[Method: GET, Route: category/%E0%A4%AA%E0%A5%8D%E0%A4%B0%E0%A4%A6%E0%A5%87%E0%A4%B6-%E0%A5%A7/page/5/]
in SYSTEMPATH/Router/Router.php on line 768.
 1 SYSTEMPATH/Router/Router.php(219): CodeIgniter\Router\Router->checkDisallowedChars()
 2 SYSTEMPATH/CodeIgniter.php(829): CodeIgniter\Router\Router->handle()
 3 SYSTEMPATH/CodeIgniter.php(441): CodeIgniter\CodeIgniter->tryToRouteIt()
 4 SYSTEMPATH/CodeIgniter.php(340): CodeIgniter\CodeIgniter->handleRequest()
 5 SYSTEMPATH/Boot.php(417): CodeIgniter\CodeIgniter->run()
 6 SYSTEMPATH/Boot.php(68): CodeIgniter\Boot::runCodeIgniter()
 7 FCPATH/index.php(31): CodeIgniter\Boot::bootWeb()
CRITICAL - 2026-05-28 19:17:16 --> CodeIgniter\HTTP\Exceptions\BadRequestException: The URI you submitted has disallowed characters: "प्रदेश-१"
[Method: GET, Route: category/%E0%A4%AA%E0%A5%8D%E0%A4%B0%E0%A4%A6%E0%A5%87%E0%A4%B6-%E0%A5%A7/page/6/]
in SYSTEMPATH/Router/Router.php on line 768.
 1 SYSTEMPATH/Router/Router.php(219): CodeIgniter\Router\Router->checkDisallowedChars()
 2 SYSTEMPATH/CodeIgniter.php(829): CodeIgniter\Router\Router->handle()
 3 SYSTEMPATH/CodeIgniter.php(441): CodeIgniter\CodeIgniter->tryToRouteIt()
 4 SYSTEMPATH/CodeIgniter.php(340): CodeIgniter\CodeIgniter->handleRequest()
 5 SYSTEMPATH/Boot.php(417): CodeIgniter\CodeIgniter->run()
 6 SYSTEMPATH/Boot.php(68): CodeIgniter\Boot::runCodeIgniter()
 7 FCPATH/index.php(31): CodeIgniter\Boot::bootWeb()
CRITICAL - 2026-05-28 19:17:18 --> CodeIgniter\HTTP\Exceptions\BadRequestException: The URI you submitted has disallowed characters: "प्रदेश-१"
[Method: GET, Route: category/%E0%A4%AA%E0%A5%8D%E0%A4%B0%E0%A4%A6%E0%A5%87%E0%A4%B6-%E0%A5%A7/page/7/]
in SYSTEMPATH/Router/Router.php on line 768.
 1 SYSTEMPATH/Router/Router.php(219): CodeIgniter\Router\Router->checkDisallowedChars()
 2 SYSTEMPATH/CodeIgniter.php(829): CodeIgniter\Router\Router->handle()
 3 SYSTEMPATH/CodeIgniter.php(441): CodeIgniter\CodeIgniter->tryToRouteIt()
 4 SYSTEMPATH/CodeIgniter.php(340): CodeIgniter\CodeIgniter->handleRequest()
 5 SYSTEMPATH/Boot.php(417): CodeIgniter\CodeIgniter->run()
 6 SYSTEMPATH/Boot.php(68): CodeIgniter\Boot::runCodeIgniter()
 7 FCPATH/index.php(31): CodeIgniter\Boot::bootWeb()
CRITICAL - 2026-05-28 19:17:22 --> CodeIgniter\HTTP\Exceptions\BadRequestException: The URI you submitted has disallowed characters: "प्रदेश-१"
[Method: GET, Route: category/%E0%A4%AA%E0%A5%8D%E0%A4%B0%E0%A4%A6%E0%A5%87%E0%A4%B6-%E0%A5%A7/page/8/]
in SYSTEMPATH/Router/Router.php on line 768.
 1 SYSTEMPATH/Router/Router.php(219): CodeIgniter\Router\Router->checkDisallowedChars()
 2 SYSTEMPATH/CodeIgniter.php(829): CodeIgniter\Router\Router->handle()
 3 SYSTEMPATH/CodeIgniter.php(441): CodeIgniter\CodeIgniter->tryToRouteIt()
 4 SYSTEMPATH/CodeIgniter.php(340): CodeIgniter\CodeIgniter->handleRequest()
 5 SYSTEMPATH/Boot.php(417): CodeIgniter\CodeIgniter->run()
 6 SYSTEMPATH/Boot.php(68): CodeIgniter\Boot::runCodeIgniter()
 7 FCPATH/index.php(31): CodeIgniter\Boot::bootWeb()
CRITICAL - 2026-05-28 19:17:24 --> CodeIgniter\HTTP\Exceptions\BadRequestException: The URI you submitted has disallowed characters: "प्रदेश-१"
[Method: GET, Route: category/%E0%A4%AA%E0%A5%8D%E0%A4%B0%E0%A4%A6%E0%A5%87%E0%A4%B6-%E0%A5%A7/page/8/]
in SYSTEMPATH/Router/Router.php on line 768.
 1 SYSTEMPATH/Router/Router.php(219): CodeIgniter\Router\Router->checkDisallowedChars()
 2 SYSTEMPATH/CodeIgniter.php(829): CodeIgniter\Router\Router->handle()
 3 SYSTEMPATH/CodeIgniter.php(441): CodeIgniter\CodeIgniter->tryToRouteIt()
 4 SYSTEMPATH/CodeIgniter.php(340): CodeIgniter\CodeIgniter->handleRequest()
 5 SYSTEMPATH/Boot.php(417): CodeIgniter\CodeIgniter->run()
 6 SYSTEMPATH/Boot.php(68): CodeIgniter\Boot::runCodeIgniter()
 7 FCPATH/index.php(31): CodeIgniter\Boot::bootWeb()
CRITICAL - 2026-05-28 19:17:28 --> CodeIgniter\HTTP\Exceptions\BadRequestException: The URI you submitted has disallowed characters: "प्रदेश-१"
[Method: GET, Route: category/%E0%A4%AA%E0%A5%8D%E0%A4%B0%E0%A4%A6%E0%A5%87%E0%A4%B6-%E0%A5%A7/page/9/]
in SYSTEMPATH/Router/Router.php on line 768.
 1 SYSTEMPATH/Router/Router.php(219): CodeIgniter\Router\Router->checkDisallowedChars()
 2 SYSTEMPATH/CodeIgniter.php(829): CodeIgniter\Router\Router->handle()
 3 SYSTEMPATH/CodeIgniter.php(441): CodeIgniter\CodeIgniter->tryToRouteIt()
 4 SYSTEMPATH/CodeIgniter.php(340): CodeIgniter\CodeIgniter->handleRequest()
 5 SYSTEMPATH/Boot.php(417): CodeIgniter\CodeIgniter->run()
 6 SYSTEMPATH/Boot.php(68): CodeIgniter\Boot::runCodeIgniter()
 7 FCPATH/index.php(31): CodeIgniter\Boot::bootWeb()
CRITICAL - 2026-05-28 19:17:31 --> CodeIgniter\HTTP\Exceptions\BadRequestException: The URI you submitted has disallowed characters: "प्रदेश-१"
[Method: GET, Route: category/%E0%A4%AA%E0%A5%8D%E0%A4%B0%E0%A4%A6%E0%A5%87%E0%A4%B6-%E0%A5%A7/page/9/]
in SYSTEMPATH/Router/Router.php on line 768.
 1 SYSTEMPATH/Router/Router.php(219): CodeIgniter\Router\Router->checkDisallowedChars()
 2 SYSTEMPATH/CodeIgniter.php(829): CodeIgniter\Router\Router->handle()
 3 SYSTEMPATH/CodeIgniter.php(441): CodeIgniter\CodeIgniter->tryToRouteIt()
 4 SYSTEMPATH/CodeIgniter.php(340): CodeIgniter\CodeIgniter->handleRequest()
 5 SYSTEMPATH/Boot.php(417): CodeIgniter\CodeIgniter->run()
 6 SYSTEMPATH/Boot.php(68): CodeIgniter\Boot::runCodeIgniter()
 7 FCPATH/index.php(31): CodeIgniter\Boot::bootWeb()
CRITICAL - 2026-05-28 19:17:35 --> CodeIgniter\HTTP\Exceptions\BadRequestException: The URI you submitted has disallowed characters: "प्रदेश-२"
[Method: GET, Route: category/%E0%A4%AA%E0%A5%8D%E0%A4%B0%E0%A4%A6%E0%A5%87%E0%A4%B6-%E0%A5%A8/]
in SYSTEMPATH/Router/Router.php on line 768.
 1 SYSTEMPATH/Router/Router.php(219): CodeIgniter\Router\Router->checkDisallowedChars()
 2 SYSTEMPATH/CodeIgniter.php(829): CodeIgniter\Router\Router->handle()
 3 SYSTEMPATH/CodeIgniter.php(441): CodeIgniter\CodeIgniter->tryToRouteIt()
 4 SYSTEMPATH/CodeIgniter.php(340): CodeIgniter\CodeIgniter->handleRequest()
 5 SYSTEMPATH/Boot.php(417): CodeIgniter\CodeIgniter->run()
 6 SYSTEMPATH/Boot.php(68): CodeIgniter\Boot::runCodeIgniter()
 7 FCPATH/index.php(31): CodeIgniter\Boot::bootWeb()
CRITICAL - 2026-05-28 19:17:37 --> CodeIgniter\HTTP\Exceptions\BadRequestException: The URI you submitted has disallowed characters: "प्रदेश-२"
[Method: GET, Route: category/%E0%A4%AA%E0%A5%8D%E0%A4%B0%E0%A4%A6%E0%A5%87%E0%A4%B6-%E0%A5%A8/]
in SYSTEMPATH/Router/Router.php on line 768.
 1 SYSTEMPATH/Router/Router.php(219): CodeIgniter\Router\Router->checkDisallowedChars()
 2 SYSTEMPATH/CodeIgniter.php(829): CodeIgniter\Router\Router->handle()
 3 SYSTEMPATH/CodeIgniter.php(441): CodeIgniter\CodeIgniter->tryToRouteIt()
 4 SYSTEMPATH/CodeIgniter.php(340): CodeIgniter\CodeIgniter->handleRequest()
 5 SYSTEMPATH/Boot.php(417): CodeIgniter\CodeIgniter->run()
 6 SYSTEMPATH/Boot.php(68): CodeIgniter\Boot::runCodeIgniter()
 7 FCPATH/index.php(31): CodeIgniter\Boot::bootWeb()
CRITICAL - 2026-05-28 19:17:41 --> CodeIgniter\HTTP\Exceptions\BadRequestException: The URI you submitted has disallowed characters: "प्रदेश-२"
[Method: GET, Route: category/%E0%A4%AA%E0%A5%8D%E0%A4%B0%E0%A4%A6%E0%A5%87%E0%A4%B6-%E0%A5%A8/page/10/]
in SYSTEMPATH/Router/Router.php on line 768.
 1 SYSTEMPATH/Router/Router.php(219): CodeIgniter\Router\Router->checkDisallowedChars()
 2 SYSTEMPATH/CodeIgniter.php(829): CodeIgniter\Router\Router->handle()
 3 SYSTEMPATH/CodeIgniter.php(441): CodeIgniter\CodeIgniter->tryToRouteIt()
 4 SYSTEMPATH/CodeIgniter.php(340): CodeIgniter\CodeIgniter->handleRequest()
 5 SYSTEMPATH/Boot.php(417): CodeIgniter\CodeIgniter->run()
 6 SYSTEMPATH/Boot.php(68): CodeIgniter\Boot::runCodeIgniter()
 7 FCPATH/index.php(31): CodeIgniter\Boot::bootWeb()
CRITICAL - 2026-05-28 19:17:44 --> CodeIgniter\HTTP\Exceptions\BadRequestException: The URI you submitted has disallowed characters: "प्रदेश-२"
[Method: GET, Route: category/%E0%A4%AA%E0%A5%8D%E0%A4%B0%E0%A4%A6%E0%A5%87%E0%A4%B6-%E0%A5%A8/page/10/]
in SYSTEMPATH/Router/Router.php on line 768.
 1 SYSTEMPATH/Router/Router.php(219): CodeIgniter\Router\Router->checkDisallowedChars()
 2 SYSTEMPATH/CodeIgniter.php(829): CodeIgniter\Router\Router->handle()
 3 SYSTEMPATH/CodeIgniter.php(441): CodeIgniter\CodeIgniter->tryToRouteIt()
 4 SYSTEMPATH/CodeIgniter.php(340): CodeIgniter\CodeIgniter->handleRequest()
 5 SYSTEMPATH/Boot.php(417): CodeIgniter\CodeIgniter->run()
 6 SYSTEMPATH/Boot.php(68): CodeIgniter\Boot::runCodeIgniter()
 7 FCPATH/index.php(31): CodeIgniter\Boot::bootWeb()
CRITICAL - 2026-05-28 19:17:48 --> CodeIgniter\HTTP\Exceptions\BadRequestException: The URI you submitted has disallowed characters: "प्रदेश-२"
[Method: GET, Route: category/%E0%A4%AA%E0%A5%8D%E0%A4%B0%E0%A4%A6%E0%A5%87%E0%A4%B6-%E0%A5%A8/page/11/]
in SYSTEMPATH/Router/Router.php on line 768.
 1 SYSTEMPATH/Router/Router.php(219): CodeIgniter\Router\Router->checkDisallowedChars()
 2 SYSTEMPATH/CodeIgniter.php(829): CodeIgniter\Router\Router->handle()
 3 SYSTEMPATH/CodeIgniter.php(441): CodeIgniter\CodeIgniter->tryToRouteIt()
 4 SYSTEMPATH/CodeIgniter.php(340): CodeIgniter\CodeIgniter->handleRequest()
 5 SYSTEMPATH/Boot.php(417): CodeIgniter\CodeIgniter->run()
 6 SYSTEMPATH/Boot.php(68): CodeIgniter\Boot::runCodeIgniter()
 7 FCPATH/index.php(31): CodeIgniter\Boot::bootWeb()
CRITICAL - 2026-05-28 19:17:50 --> CodeIgniter\HTTP\Exceptions\BadRequestException: The URI you submitted has disallowed characters: "प्रदेश-२"
[Method: GET, Route: category/%E0%A4%AA%E0%A5%8D%E0%A4%B0%E0%A4%A6%E0%A5%87%E0%A4%B6-%E0%A5%A8/page/11/]
in SYSTEMPATH/Router/Router.php on line 768.
 1 SYSTEMPATH/Router/Router.php(219): CodeIgniter\Router\Router->checkDisallowedChars()
 2 SYSTEMPATH/CodeIgniter.php(829): CodeIgniter\Router\Router->handle()
 3 SYSTEMPATH/CodeIgniter.php(441): CodeIgniter\CodeIgniter->tryToRouteIt()
 4 SYSTEMPATH/CodeIgniter.php(340): CodeIgniter\CodeIgniter->handleRequest()
 5 SYSTEMPATH/Boot.php(417): CodeIgniter\CodeIgniter->run()
 6 SYSTEMPATH/Boot.php(68): CodeIgniter\Boot::runCodeIgniter()
 7 FCPATH/index.php(31): CodeIgniter\Boot::bootWeb()
CRITICAL - 2026-05-28 19:17:54 --> CodeIgniter\HTTP\Exceptions\BadRequestException: The URI you submitted has disallowed characters: "प्रदेश-२"
[Method: GET, Route: category/%E0%A4%AA%E0%A5%8D%E0%A4%B0%E0%A4%A6%E0%A5%87%E0%A4%B6-%E0%A5%A8/page/12/]
in SYSTEMPATH/Router/Router.php on line 768.
 1 SYSTEMPATH/Router/Router.php(219): CodeIgniter\Router\Router->checkDisallowedChars()
 2 SYSTEMPATH/CodeIgniter.php(829): CodeIgniter\Router\Router->handle()
 3 SYSTEMPATH/CodeIgniter.php(441): CodeIgniter\CodeIgniter->tryToRouteIt()
 4 SYSTEMPATH/CodeIgniter.php(340): CodeIgniter\CodeIgniter->handleRequest()
 5 SYSTEMPATH/Boot.php(417): CodeIgniter\CodeIgniter->run()
 6 SYSTEMPATH/Boot.php(68): CodeIgniter\Boot::runCodeIgniter()
 7 FCPATH/index.php(31): CodeIgniter\Boot::bootWeb()
CRITICAL - 2026-05-28 19:17:56 --> CodeIgniter\HTTP\Exceptions\BadRequestException: The URI you submitted has disallowed characters: "प्रदेश-२"
[Method: GET, Route: category/%E0%A4%AA%E0%A5%8D%E0%A4%B0%E0%A4%A6%E0%A5%87%E0%A4%B6-%E0%A5%A8/page/12/]
in SYSTEMPATH/Router/Router.php on line 768.
 1 SYSTEMPATH/Router/Router.php(219): CodeIgniter\Router\Router->checkDisallowedChars()
 2 SYSTEMPATH/CodeIgniter.php(829): CodeIgniter\Router\Router->handle()
 3 SYSTEMPATH/CodeIgniter.php(441): CodeIgniter\CodeIgniter->tryToRouteIt()
 4 SYSTEMPATH/CodeIgniter.php(340): CodeIgniter\CodeIgniter->handleRequest()
 5 SYSTEMPATH/Boot.php(417): CodeIgniter\CodeIgniter->run()
 6 SYSTEMPATH/Boot.php(68): CodeIgniter\Boot::runCodeIgniter()
 7 FCPATH/index.php(31): CodeIgniter\Boot::bootWeb()
CRITICAL - 2026-05-28 19:18:00 --> CodeIgniter\HTTP\Exceptions\BadRequestException: The URI you submitted has disallowed characters: "प्रदेश-२"
[Method: GET, Route: category/%E0%A4%AA%E0%A5%8D%E0%A4%B0%E0%A4%A6%E0%A5%87%E0%A4%B6-%E0%A5%A8/page/2/]
in SYSTEMPATH/Router/Router.php on line 768.
 1 SYSTEMPATH/Router/Router.php(219): CodeIgniter\Router\Router->checkDisallowedChars()
 2 SYSTEMPATH/CodeIgniter.php(829): CodeIgniter\Router\Router->handle()
 3 SYSTEMPATH/CodeIgniter.php(441): CodeIgniter\CodeIgniter->tryToRouteIt()
 4 SYSTEMPATH/CodeIgniter.php(340): CodeIgniter\CodeIgniter->handleRequest()
 5 SYSTEMPATH/Boot.php(417): CodeIgniter\CodeIgniter->run()
 6 SYSTEMPATH/Boot.php(68): CodeIgniter\Boot::runCodeIgniter()
 7 FCPATH/index.php(31): CodeIgniter\Boot::bootWeb()
CRITICAL - 2026-05-28 19:18:03 --> CodeIgniter\HTTP\Exceptions\BadRequestException: The URI you submitted has disallowed characters: "प्रदेश-२"
[Method: GET, Route: category/%E0%A4%AA%E0%A5%8D%E0%A4%B0%E0%A4%A6%E0%A5%87%E0%A4%B6-%E0%A5%A8/page/2/]
in SYSTEMPATH/Router/Router.php on line 768.
 1 SYSTEMPATH/Router/Router.php(219): CodeIgniter\Router\Router->checkDisallowedChars()
 2 SYSTEMPATH/CodeIgniter.php(829): CodeIgniter\Router\Router->handle()
 3 SYSTEMPATH/CodeIgniter.php(441): CodeIgniter\CodeIgniter->tryToRouteIt()
 4 SYSTEMPATH/CodeIgniter.php(340): CodeIgniter\CodeIgniter->handleRequest()
 5 SYSTEMPATH/Boot.php(417): CodeIgniter\CodeIgniter->run()
 6 SYSTEMPATH/Boot.php(68): CodeIgniter\Boot::runCodeIgniter()
 7 FCPATH/index.php(31): CodeIgniter\Boot::bootWeb()
CRITICAL - 2026-05-28 19:18:07 --> CodeIgniter\HTTP\Exceptions\BadRequestException: The URI you submitted has disallowed characters: "प्रदेश-२"
[Method: GET, Route: category/%E0%A4%AA%E0%A5%8D%E0%A4%B0%E0%A4%A6%E0%A5%87%E0%A4%B6-%E0%A5%A8/page/3/]
in SYSTEMPATH/Router/Router.php on line 768.
 1 SYSTEMPATH/Router/Router.php(219): CodeIgniter\Router\Router->checkDisallowedChars()
 2 SYSTEMPATH/CodeIgniter.php(829): CodeIgniter\Router\Router->handle()
 3 SYSTEMPATH/CodeIgniter.php(441): CodeIgniter\CodeIgniter->tryToRouteIt()
 4 SYSTEMPATH/CodeIgniter.php(340): CodeIgniter\CodeIgniter->handleRequest()
 5 SYSTEMPATH/Boot.php(417): CodeIgniter\CodeIgniter->run()
 6 SYSTEMPATH/Boot.php(68): CodeIgniter\Boot::runCodeIgniter()
 7 FCPATH/index.php(31): CodeIgniter\Boot::bootWeb()
CRITICAL - 2026-05-28 19:18:09 --> CodeIgniter\HTTP\Exceptions\BadRequestException: The URI you submitted has disallowed characters: "प्रदेश-२"
[Method: GET, Route: category/%E0%A4%AA%E0%A5%8D%E0%A4%B0%E0%A4%A6%E0%A5%87%E0%A4%B6-%E0%A5%A8/page/3/]
in SYSTEMPATH/Router/Router.php on line 768.
 1 SYSTEMPATH/Router/Router.php(219): CodeIgniter\Router\Router->checkDisallowedChars()
 2 SYSTEMPATH/CodeIgniter.php(829): CodeIgniter\Router\Router->handle()
 3 SYSTEMPATH/CodeIgniter.php(441): CodeIgniter\CodeIgniter->tryToRouteIt()
 4 SYSTEMPATH/CodeIgniter.php(340): CodeIgniter\CodeIgniter->handleRequest()
 5 SYSTEMPATH/Boot.php(417): CodeIgniter\CodeIgniter->run()
 6 SYSTEMPATH/Boot.php(68): CodeIgniter\Boot::runCodeIgniter()
 7 FCPATH/index.php(31): CodeIgniter\Boot::bootWeb()
CRITICAL - 2026-05-28 19:18:13 --> CodeIgniter\HTTP\Exceptions\BadRequestException: The URI you submitted has disallowed characters: "प्रदेश-२"
[Method: GET, Route: category/%E0%A4%AA%E0%A5%8D%E0%A4%B0%E0%A4%A6%E0%A5%87%E0%A4%B6-%E0%A5%A8/page/4/]
in SYSTEMPATH/Router/Router.php on line 768.
 1 SYSTEMPATH/Router/Router.php(219): CodeIgniter\Router\Router->checkDisallowedChars()
 2 SYSTEMPATH/CodeIgniter.php(829): CodeIgniter\Router\Router->handle()
 3 SYSTEMPATH/CodeIgniter.php(441): CodeIgniter\CodeIgniter->tryToRouteIt()
 4 SYSTEMPATH/CodeIgniter.php(340): CodeIgniter\CodeIgniter->handleRequest()
 5 SYSTEMPATH/Boot.php(417): CodeIgniter\CodeIgniter->run()
 6 SYSTEMPATH/Boot.php(68): CodeIgniter\Boot::runCodeIgniter()
 7 FCPATH/index.php(31): CodeIgniter\Boot::bootWeb()
CRITICAL - 2026-05-28 19:18:16 --> CodeIgniter\HTTP\Exceptions\BadRequestException: The URI you submitted has disallowed characters: "प्रदेश-२"
[Method: GET, Route: category/%E0%A4%AA%E0%A5%8D%E0%A4%B0%E0%A4%A6%E0%A5%87%E0%A4%B6-%E0%A5%A8/page/4/]
in SYSTEMPATH/Router/Router.php on line 768.
 1 SYSTEMPATH/Router/Router.php(219): CodeIgniter\Router\Router->checkDisallowedChars()
 2 SYSTEMPATH/CodeIgniter.php(829): CodeIgniter\Router\Router->handle()
 3 SYSTEMPATH/CodeIgniter.php(441): CodeIgniter\CodeIgniter->tryToRouteIt()
 4 SYSTEMPATH/CodeIgniter.php(340): CodeIgniter\CodeIgniter->handleRequest()
 5 SYSTEMPATH/Boot.php(417): CodeIgniter\CodeIgniter->run()
 6 SYSTEMPATH/Boot.php(68): CodeIgniter\Boot::runCodeIgniter()
 7 FCPATH/index.php(31): CodeIgniter\Boot::bootWeb()
CRITICAL - 2026-05-28 19:18:20 --> CodeIgniter\HTTP\Exceptions\BadRequestException: The URI you submitted has disallowed characters: "प्रदेश-२"
[Method: GET, Route: category/%E0%A4%AA%E0%A5%8D%E0%A4%B0%E0%A4%A6%E0%A5%87%E0%A4%B6-%E0%A5%A8/page/5/]
in SYSTEMPATH/Router/Router.php on line 768.
 1 SYSTEMPATH/Router/Router.php(219): CodeIgniter\Router\Router->checkDisallowedChars()
 2 SYSTEMPATH/CodeIgniter.php(829): CodeIgniter\Router\Router->handle()
 3 SYSTEMPATH/CodeIgniter.php(441): CodeIgniter\CodeIgniter->tryToRouteIt()
 4 SYSTEMPATH/CodeIgniter.php(340): CodeIgniter\CodeIgniter->handleRequest()
 5 SYSTEMPATH/Boot.php(417): CodeIgniter\CodeIgniter->run()
 6 SYSTEMPATH/Boot.php(68): CodeIgniter\Boot::runCodeIgniter()
 7 FCPATH/index.php(31): CodeIgniter\Boot::bootWeb()
CRITICAL - 2026-05-28 19:18:22 --> CodeIgniter\HTTP\Exceptions\BadRequestException: The URI you submitted has disallowed characters: "प्रदेश-२"
[Method: GET, Route: category/%E0%A4%AA%E0%A5%8D%E0%A4%B0%E0%A4%A6%E0%A5%87%E0%A4%B6-%E0%A5%A8/page/5/]
in SYSTEMPATH/Router/Router.php on line 768.
 1 SYSTEMPATH/Router/Router.php(219): CodeIgniter\Router\Router->checkDisallowedChars()
 2 SYSTEMPATH/CodeIgniter.php(829): CodeIgniter\Router\Router->handle()
 3 SYSTEMPATH/CodeIgniter.php(441): CodeIgniter\CodeIgniter->tryToRouteIt()
 4 SYSTEMPATH/CodeIgniter.php(340): CodeIgniter\CodeIgniter->handleRequest()
 5 SYSTEMPATH/Boot.php(417): CodeIgniter\CodeIgniter->run()
 6 SYSTEMPATH/Boot.php(68): CodeIgniter\Boot::runCodeIgniter()
 7 FCPATH/index.php(31): CodeIgniter\Boot::bootWeb()
CRITICAL - 2026-05-28 19:18:27 --> CodeIgniter\HTTP\Exceptions\BadRequestException: The URI you submitted has disallowed characters: "प्रदेश-२"
[Method: GET, Route: category/%E0%A4%AA%E0%A5%8D%E0%A4%B0%E0%A4%A6%E0%A5%87%E0%A4%B6-%E0%A5%A8/page/6/]
in SYSTEMPATH/Router/Router.php on line 768.
 1 SYSTEMPATH/Router/Router.php(219): CodeIgniter\Router\Router->checkDisallowedChars()
 2 SYSTEMPATH/CodeIgniter.php(829): CodeIgniter\Router\Router->handle()
 3 SYSTEMPATH/CodeIgniter.php(441): CodeIgniter\CodeIgniter->tryToRouteIt()
 4 SYSTEMPATH/CodeIgniter.php(340): CodeIgniter\CodeIgniter->handleRequest()
 5 SYSTEMPATH/Boot.php(417): CodeIgniter\CodeIgniter->run()
 6 SYSTEMPATH/Boot.php(68): CodeIgniter\Boot::runCodeIgniter()
 7 FCPATH/index.php(31): CodeIgniter\Boot::bootWeb()
CRITICAL - 2026-05-28 19:18:29 --> CodeIgniter\HTTP\Exceptions\BadRequestException: The URI you submitted has disallowed characters: "प्रदेश-२"
[Method: GET, Route: category/%E0%A4%AA%E0%A5%8D%E0%A4%B0%E0%A4%A6%E0%A5%87%E0%A4%B6-%E0%A5%A8/page/6/]
in SYSTEMPATH/Router/Router.php on line 768.
 1 SYSTEMPATH/Router/Router.php(219): CodeIgniter\Router\Router->checkDisallowedChars()
 2 SYSTEMPATH/CodeIgniter.php(829): CodeIgniter\Router\Router->handle()
 3 SYSTEMPATH/CodeIgniter.php(441): CodeIgniter\CodeIgniter->tryToRouteIt()
 4 SYSTEMPATH/CodeIgniter.php(340): CodeIgniter\CodeIgniter->handleRequest()
 5 SYSTEMPATH/Boot.php(417): CodeIgniter\CodeIgniter->run()
 6 SYSTEMPATH/Boot.php(68): CodeIgniter\Boot::runCodeIgniter()
 7 FCPATH/index.php(31): CodeIgniter\Boot::bootWeb()
CRITICAL - 2026-05-28 19:18:33 --> CodeIgniter\HTTP\Exceptions\BadRequestException: The URI you submitted has disallowed characters: "प्रदेश-२"
[Method: GET, Route: category/%E0%A4%AA%E0%A5%8D%E0%A4%B0%E0%A4%A6%E0%A5%87%E0%A4%B6-%E0%A5%A8/page/7/]
in SYSTEMPATH/Router/Router.php on line 768.
 1 SYSTEMPATH/Router/Router.php(219): CodeIgniter\Router\Router->checkDisallowedChars()
 2 SYSTEMPATH/CodeIgniter.php(829): CodeIgniter\Router\Router->handle()
 3 SYSTEMPATH/CodeIgniter.php(441): CodeIgniter\CodeIgniter->tryToRouteIt()
 4 SYSTEMPATH/CodeIgniter.php(340): CodeIgniter\CodeIgniter->handleRequest()
 5 SYSTEMPATH/Boot.php(417): CodeIgniter\CodeIgniter->run()
 6 SYSTEMPATH/Boot.php(68): CodeIgniter\Boot::runCodeIgniter()
 7 FCPATH/index.php(31): CodeIgniter\Boot::bootWeb()
CRITICAL - 2026-05-28 19:18:36 --> CodeIgniter\HTTP\Exceptions\BadRequestException: The URI you submitted has disallowed characters: "प्रदेश-२"
[Method: GET, Route: category/%E0%A4%AA%E0%A5%8D%E0%A4%B0%E0%A4%A6%E0%A5%87%E0%A4%B6-%E0%A5%A8/page/7/]
in SYSTEMPATH/Router/Router.php on line 768.
 1 SYSTEMPATH/Router/Router.php(219): CodeIgniter\Router\Router->checkDisallowedChars()
 2 SYSTEMPATH/CodeIgniter.php(829): CodeIgniter\Router\Router->handle()
 3 SYSTEMPATH/CodeIgniter.php(441): CodeIgniter\CodeIgniter->tryToRouteIt()
 4 SYSTEMPATH/CodeIgniter.php(340): CodeIgniter\CodeIgniter->handleRequest()
 5 SYSTEMPATH/Boot.php(417): CodeIgniter\CodeIgniter->run()
 6 SYSTEMPATH/Boot.php(68): CodeIgniter\Boot::runCodeIgniter()
 7 FCPATH/index.php(31): CodeIgniter\Boot::bootWeb()
CRITICAL - 2026-05-28 19:18:40 --> CodeIgniter\HTTP\Exceptions\BadRequestException: The URI you submitted has disallowed characters: "प्रदेश-२"
[Method: GET, Route: category/%E0%A4%AA%E0%A5%8D%E0%A4%B0%E0%A4%A6%E0%A5%87%E0%A4%B6-%E0%A5%A8/page/8/]
in SYSTEMPATH/Router/Router.php on line 768.
 1 SYSTEMPATH/Router/Router.php(219): CodeIgniter\Router\Router->checkDisallowedChars()
 2 SYSTEMPATH/CodeIgniter.php(829): CodeIgniter\Router\Router->handle()
 3 SYSTEMPATH/CodeIgniter.php(441): CodeIgniter\CodeIgniter->tryToRouteIt()
 4 SYSTEMPATH/CodeIgniter.php(340): CodeIgniter\CodeIgniter->handleRequest()
 5 SYSTEMPATH/Boot.php(417): CodeIgniter\CodeIgniter->run()
 6 SYSTEMPATH/Boot.php(68): CodeIgniter\Boot::runCodeIgniter()
 7 FCPATH/index.php(31): CodeIgniter\Boot::bootWeb()
CRITICAL - 2026-05-28 19:18:42 --> CodeIgniter\HTTP\Exceptions\BadRequestException: The URI you submitted has disallowed characters: "प्रदेश-२"
[Method: GET, Route: category/%E0%A4%AA%E0%A5%8D%E0%A4%B0%E0%A4%A6%E0%A5%87%E0%A4%B6-%E0%A5%A8/page/8/]
in SYSTEMPATH/Router/Router.php on line 768.
 1 SYSTEMPATH/Router/Router.php(219): CodeIgniter\Router\Router->checkDisallowedChars()
 2 SYSTEMPATH/CodeIgniter.php(829): CodeIgniter\Router\Router->handle()
 3 SYSTEMPATH/CodeIgniter.php(441): CodeIgniter\CodeIgniter->tryToRouteIt()
 4 SYSTEMPATH/CodeIgniter.php(340): CodeIgniter\CodeIgniter->handleRequest()
 5 SYSTEMPATH/Boot.php(417): CodeIgniter\CodeIgniter->run()
 6 SYSTEMPATH/Boot.php(68): CodeIgniter\Boot::runCodeIgniter()
 7 FCPATH/index.php(31): CodeIgniter\Boot::bootWeb()
CRITICAL - 2026-05-28 19:18:44 --> CodeIgniter\HTTP\Exceptions\BadRequestException: The URI you submitted has disallowed characters: "प्रदेश-२"
[Method: GET, Route: category/%E0%A4%AA%E0%A5%8D%E0%A4%B0%E0%A4%A6%E0%A5%87%E0%A4%B6-%E0%A5%A8/page/9/]
in SYSTEMPATH/Router/Router.php on line 768.
 1 SYSTEMPATH/Router/Router.php(219): CodeIgniter\Router\Router->checkDisallowedChars()
 2 SYSTEMPATH/CodeIgniter.php(829): CodeIgniter\Router\Router->handle()
 3 SYSTEMPATH/CodeIgniter.php(441): CodeIgniter\CodeIgniter->tryToRouteIt()
 4 SYSTEMPATH/CodeIgniter.php(340): CodeIgniter\CodeIgniter->handleRequest()
 5 SYSTEMPATH/Boot.php(417): CodeIgniter\CodeIgniter->run()
 6 SYSTEMPATH/Boot.php(68): CodeIgniter\Boot::runCodeIgniter()
 7 FCPATH/index.php(31): CodeIgniter\Boot::bootWeb()
CRITICAL - 2026-05-28 19:18:47 --> CodeIgniter\HTTP\Exceptions\BadRequestException: The URI you submitted has disallowed characters: "प्रदेश-३"
[Method: GET, Route: category/%E0%A4%AA%E0%A5%8D%E0%A4%B0%E0%A4%A6%E0%A5%87%E0%A4%B6-%E0%A5%A9/]
in SYSTEMPATH/Router/Router.php on line 768.
 1 SYSTEMPATH/Router/Router.php(219): CodeIgniter\Router\Router->checkDisallowedChars()
 2 SYSTEMPATH/CodeIgniter.php(829): CodeIgniter\Router\Router->handle()
 3 SYSTEMPATH/CodeIgniter.php(441): CodeIgniter\CodeIgniter->tryToRouteIt()
 4 SYSTEMPATH/CodeIgniter.php(340): CodeIgniter\CodeIgniter->handleRequest()
 5 SYSTEMPATH/Boot.php(417): CodeIgniter\CodeIgniter->run()
 6 SYSTEMPATH/Boot.php(68): CodeIgniter\Boot::runCodeIgniter()
 7 FCPATH/index.php(31): CodeIgniter\Boot::bootWeb()
CRITICAL - 2026-05-28 19:18:49 --> CodeIgniter\HTTP\Exceptions\BadRequestException: The URI you submitted has disallowed characters: "प्रदेश-३"
[Method: GET, Route: category/%E0%A4%AA%E0%A5%8D%E0%A4%B0%E0%A4%A6%E0%A5%87%E0%A4%B6-%E0%A5%A9/page/2/]
in SYSTEMPATH/Router/Router.php on line 768.
 1 SYSTEMPATH/Router/Router.php(219): CodeIgniter\Router\Router->checkDisallowedChars()
 2 SYSTEMPATH/CodeIgniter.php(829): CodeIgniter\Router\Router->handle()
 3 SYSTEMPATH/CodeIgniter.php(441): CodeIgniter\CodeIgniter->tryToRouteIt()
 4 SYSTEMPATH/CodeIgniter.php(340): CodeIgniter\CodeIgniter->handleRequest()
 5 SYSTEMPATH/Boot.php(417): CodeIgniter\CodeIgniter->run()
 6 SYSTEMPATH/Boot.php(68): CodeIgniter\Boot::runCodeIgniter()
 7 FCPATH/index.php(31): CodeIgniter\Boot::bootWeb()
CRITICAL - 2026-05-28 19:18:53 --> CodeIgniter\HTTP\Exceptions\BadRequestException: The URI you submitted has disallowed characters: "प्रदेश-३"
[Method: GET, Route: category/%E0%A4%AA%E0%A5%8D%E0%A4%B0%E0%A4%A6%E0%A5%87%E0%A4%B6-%E0%A5%A9/page/3/]
in SYSTEMPATH/Router/Router.php on line 768.
 1 SYSTEMPATH/Router/Router.php(219): CodeIgniter\Router\Router->checkDisallowedChars()
 2 SYSTEMPATH/CodeIgniter.php(829): CodeIgniter\Router\Router->handle()
 3 SYSTEMPATH/CodeIgniter.php(441): CodeIgniter\CodeIgniter->tryToRouteIt()
 4 SYSTEMPATH/CodeIgniter.php(340): CodeIgniter\CodeIgniter->handleRequest()
 5 SYSTEMPATH/Boot.php(417): CodeIgniter\CodeIgniter->run()
 6 SYSTEMPATH/Boot.php(68): CodeIgniter\Boot::runCodeIgniter()
 7 FCPATH/index.php(31): CodeIgniter\Boot::bootWeb()
CRITICAL - 2026-05-28 19:18:55 --> CodeIgniter\HTTP\Exceptions\BadRequestException: The URI you submitted has disallowed characters: "प्रदेश-३"
[Method: GET, Route: category/%E0%A4%AA%E0%A5%8D%E0%A4%B0%E0%A4%A6%E0%A5%87%E0%A4%B6-%E0%A5%A9/page/3/]
in SYSTEMPATH/Router/Router.php on line 768.
 1 SYSTEMPATH/Router/Router.php(219): CodeIgniter\Router\Router->checkDisallowedChars()
 2 SYSTEMPATH/CodeIgniter.php(829): CodeIgniter\Router\Router->handle()
 3 SYSTEMPATH/CodeIgniter.php(441): CodeIgniter\CodeIgniter->tryToRouteIt()
 4 SYSTEMPATH/CodeIgniter.php(340): CodeIgniter\CodeIgniter->handleRequest()
 5 SYSTEMPATH/Boot.php(417): CodeIgniter\CodeIgniter->run()
 6 SYSTEMPATH/Boot.php(68): CodeIgniter\Boot::runCodeIgniter()
 7 FCPATH/index.php(31): CodeIgniter\Boot::bootWeb()
CRITICAL - 2026-05-28 19:18:58 --> CodeIgniter\HTTP\Exceptions\BadRequestException: The URI you submitted has disallowed characters: "प्रदेश-३"
[Method: GET, Route: category/%E0%A4%AA%E0%A5%8D%E0%A4%B0%E0%A4%A6%E0%A5%87%E0%A4%B6-%E0%A5%A9/page/4/]
in SYSTEMPATH/Router/Router.php on line 768.
 1 SYSTEMPATH/Router/Router.php(219): CodeIgniter\Router\Router->checkDisallowedChars()
 2 SYSTEMPATH/CodeIgniter.php(829): CodeIgniter\Router\Router->handle()
 3 SYSTEMPATH/CodeIgniter.php(441): CodeIgniter\CodeIgniter->tryToRouteIt()
 4 SYSTEMPATH/CodeIgniter.php(340): CodeIgniter\CodeIgniter->handleRequest()
 5 SYSTEMPATH/Boot.php(417): CodeIgniter\CodeIgniter->run()
 6 SYSTEMPATH/Boot.php(68): CodeIgniter\Boot::runCodeIgniter()
 7 FCPATH/index.php(31): CodeIgniter\Boot::bootWeb()
CRITICAL - 2026-05-28 19:19:00 --> CodeIgniter\HTTP\Exceptions\BadRequestException: The URI you submitted has disallowed characters: "प्रदेश-३"
[Method: GET, Route: category/%E0%A4%AA%E0%A5%8D%E0%A4%B0%E0%A4%A6%E0%A5%87%E0%A4%B6-%E0%A5%A9/page/5/]
in SYSTEMPATH/Router/Router.php on line 768.
 1 SYSTEMPATH/Router/Router.php(219): CodeIgniter\Router\Router->checkDisallowedChars()
 2 SYSTEMPATH/CodeIgniter.php(829): CodeIgniter\Router\Router->handle()
 3 SYSTEMPATH/CodeIgniter.php(441): CodeIgniter\CodeIgniter->tryToRouteIt()
 4 SYSTEMPATH/CodeIgniter.php(340): CodeIgniter\CodeIgniter->handleRequest()
 5 SYSTEMPATH/Boot.php(417): CodeIgniter\CodeIgniter->run()
 6 SYSTEMPATH/Boot.php(68): CodeIgniter\Boot::runCodeIgniter()
 7 FCPATH/index.php(31): CodeIgniter\Boot::bootWeb()
CRITICAL - 2026-05-28 19:19:03 --> CodeIgniter\HTTP\Exceptions\BadRequestException: The URI you submitted has disallowed characters: "प्रदेश-३"
[Method: GET, Route: category/%E0%A4%AA%E0%A5%8D%E0%A4%B0%E0%A4%A6%E0%A5%87%E0%A4%B6-%E0%A5%A9/page/6/]
in SYSTEMPATH/Router/Router.php on line 768.
 1 SYSTEMPATH/Router/Router.php(219): CodeIgniter\Router\Router->checkDisallowedChars()
 2 SYSTEMPATH/CodeIgniter.php(829): CodeIgniter\Router\Router->handle()
 3 SYSTEMPATH/CodeIgniter.php(441): CodeIgniter\CodeIgniter->tryToRouteIt()
 4 SYSTEMPATH/CodeIgniter.php(340): CodeIgniter\CodeIgniter->handleRequest()
 5 SYSTEMPATH/Boot.php(417): CodeIgniter\CodeIgniter->run()
 6 SYSTEMPATH/Boot.php(68): CodeIgniter\Boot::runCodeIgniter()
 7 FCPATH/index.php(31): CodeIgniter\Boot::bootWeb()
CRITICAL - 2026-05-28 19:19:05 --> CodeIgniter\HTTP\Exceptions\BadRequestException: The URI you submitted has disallowed characters: "प्रदेश-३"
[Method: GET, Route: category/%E0%A4%AA%E0%A5%8D%E0%A4%B0%E0%A4%A6%E0%A5%87%E0%A4%B6-%E0%A5%A9/page/7/]
in SYSTEMPATH/Router/Router.php on line 768.
 1 SYSTEMPATH/Router/Router.php(219): CodeIgniter\Router\Router->checkDisallowedChars()
 2 SYSTEMPATH/CodeIgniter.php(829): CodeIgniter\Router\Router->handle()
 3 SYSTEMPATH/CodeIgniter.php(441): CodeIgniter\CodeIgniter->tryToRouteIt()
 4 SYSTEMPATH/CodeIgniter.php(340): CodeIgniter\CodeIgniter->handleRequest()
 5 SYSTEMPATH/Boot.php(417): CodeIgniter\CodeIgniter->run()
 6 SYSTEMPATH/Boot.php(68): CodeIgniter\Boot::runCodeIgniter()
 7 FCPATH/index.php(31): CodeIgniter\Boot::bootWeb()
CRITICAL - 2026-05-28 19:19:07 --> CodeIgniter\HTTP\Exceptions\BadRequestException: The URI you submitted has disallowed characters: "प्रदेश-३"
[Method: GET, Route: category/%E0%A4%AA%E0%A5%8D%E0%A4%B0%E0%A4%A6%E0%A5%87%E0%A4%B6-%E0%A5%A9/page/8/]
in SYSTEMPATH/Router/Router.php on line 768.
 1 SYSTEMPATH/Router/Router.php(219): CodeIgniter\Router\Router->checkDisallowedChars()
 2 SYSTEMPATH/CodeIgniter.php(829): CodeIgniter\Router\Router->handle()
 3 SYSTEMPATH/CodeIgniter.php(441): CodeIgniter\CodeIgniter->tryToRouteIt()
 4 SYSTEMPATH/CodeIgniter.php(340): CodeIgniter\CodeIgniter->handleRequest()
 5 SYSTEMPATH/Boot.php(417): CodeIgniter\CodeIgniter->run()
 6 SYSTEMPATH/Boot.php(68): CodeIgniter\Boot::runCodeIgniter()
 7 FCPATH/index.php(31): CodeIgniter\Boot::bootWeb()
CRITICAL - 2026-05-28 19:19:10 --> CodeIgniter\HTTP\Exceptions\BadRequestException: The URI you submitted has disallowed characters: "प्रदेश-३"
[Method: GET, Route: category/%E0%A4%AA%E0%A5%8D%E0%A4%B0%E0%A4%A6%E0%A5%87%E0%A4%B6-%E0%A5%A9/page/9/]
in SYSTEMPATH/Router/Router.php on line 768.
 1 SYSTEMPATH/Router/Router.php(219): CodeIgniter\Router\Router->checkDisallowedChars()
 2 SYSTEMPATH/CodeIgniter.php(829): CodeIgniter\Router\Router->handle()
 3 SYSTEMPATH/CodeIgniter.php(441): CodeIgniter\CodeIgniter->tryToRouteIt()
 4 SYSTEMPATH/CodeIgniter.php(340): CodeIgniter\CodeIgniter->handleRequest()
 5 SYSTEMPATH/Boot.php(417): CodeIgniter\CodeIgniter->run()
 6 SYSTEMPATH/Boot.php(68): CodeIgniter\Boot::runCodeIgniter()
 7 FCPATH/index.php(31): CodeIgniter\Boot::bootWeb()
CRITICAL - 2026-05-28 19:19:12 --> CodeIgniter\HTTP\Exceptions\BadRequestException: The URI you submitted has disallowed characters: "प्रदेश-४"
[Method: GET, Route: category/%E0%A4%AA%E0%A5%8D%E0%A4%B0%E0%A4%A6%E0%A5%87%E0%A4%B6-%E0%A5%AA/]
in SYSTEMPATH/Router/Router.php on line 768.
 1 SYSTEMPATH/Router/Router.php(219): CodeIgniter\Router\Router->checkDisallowedChars()
 2 SYSTEMPATH/CodeIgniter.php(829): CodeIgniter\Router\Router->handle()
 3 SYSTEMPATH/CodeIgniter.php(441): CodeIgniter\CodeIgniter->tryToRouteIt()
 4 SYSTEMPATH/CodeIgniter.php(340): CodeIgniter\CodeIgniter->handleRequest()
 5 SYSTEMPATH/Boot.php(417): CodeIgniter\CodeIgniter->run()
 6 SYSTEMPATH/Boot.php(68): CodeIgniter\Boot::runCodeIgniter()
 7 FCPATH/index.php(31): CodeIgniter\Boot::bootWeb()
CRITICAL - 2026-05-28 19:19:14 --> CodeIgniter\HTTP\Exceptions\BadRequestException: The URI you submitted has disallowed characters: "प्रदेश-४"
[Method: GET, Route: category/%E0%A4%AA%E0%A5%8D%E0%A4%B0%E0%A4%A6%E0%A5%87%E0%A4%B6-%E0%A5%AA/page/2/]
in SYSTEMPATH/Router/Router.php on line 768.
 1 SYSTEMPATH/Router/Router.php(219): CodeIgniter\Router\Router->checkDisallowedChars()
 2 SYSTEMPATH/CodeIgniter.php(829): CodeIgniter\Router\Router->handle()
 3 SYSTEMPATH/CodeIgniter.php(441): CodeIgniter\CodeIgniter->tryToRouteIt()
 4 SYSTEMPATH/CodeIgniter.php(340): CodeIgniter\CodeIgniter->handleRequest()
 5 SYSTEMPATH/Boot.php(417): CodeIgniter\CodeIgniter->run()
 6 SYSTEMPATH/Boot.php(68): CodeIgniter\Boot::runCodeIgniter()
 7 FCPATH/index.php(31): CodeIgniter\Boot::bootWeb()
CRITICAL - 2026-05-28 19:19:17 --> CodeIgniter\HTTP\Exceptions\BadRequestException: The URI you submitted has disallowed characters: "प्रदेश-४"
[Method: GET, Route: category/%E0%A4%AA%E0%A5%8D%E0%A4%B0%E0%A4%A6%E0%A5%87%E0%A4%B6-%E0%A5%AA/page/3/]
in SYSTEMPATH/Router/Router.php on line 768.
 1 SYSTEMPATH/Router/Router.php(219): CodeIgniter\Router\Router->checkDisallowedChars()
 2 SYSTEMPATH/CodeIgniter.php(829): CodeIgniter\Router\Router->handle()
 3 SYSTEMPATH/CodeIgniter.php(441): CodeIgniter\CodeIgniter->tryToRouteIt()
 4 SYSTEMPATH/CodeIgniter.php(340): CodeIgniter\CodeIgniter->handleRequest()
 5 SYSTEMPATH/Boot.php(417): CodeIgniter\CodeIgniter->run()
 6 SYSTEMPATH/Boot.php(68): CodeIgniter\Boot::runCodeIgniter()
 7 FCPATH/index.php(31): CodeIgniter\Boot::bootWeb()
CRITICAL - 2026-05-28 19:19:19 --> CodeIgniter\HTTP\Exceptions\BadRequestException: The URI you submitted has disallowed characters: "प्रदेश-४"
[Method: GET, Route: category/%E0%A4%AA%E0%A5%8D%E0%A4%B0%E0%A4%A6%E0%A5%87%E0%A4%B6-%E0%A5%AA/page/4/]
in SYSTEMPATH/Router/Router.php on line 768.
 1 SYSTEMPATH/Router/Router.php(219): CodeIgniter\Router\Router->checkDisallowedChars()
 2 SYSTEMPATH/CodeIgniter.php(829): CodeIgniter\Router\Router->handle()
 3 SYSTEMPATH/CodeIgniter.php(441): CodeIgniter\CodeIgniter->tryToRouteIt()
 4 SYSTEMPATH/CodeIgniter.php(340): CodeIgniter\CodeIgniter->handleRequest()
 5 SYSTEMPATH/Boot.php(417): CodeIgniter\CodeIgniter->run()
 6 SYSTEMPATH/Boot.php(68): CodeIgniter\Boot::runCodeIgniter()
 7 FCPATH/index.php(31): CodeIgniter\Boot::bootWeb()
CRITICAL - 2026-05-28 19:19:21 --> CodeIgniter\HTTP\Exceptions\BadRequestException: The URI you submitted has disallowed characters: "प्रदेश-४"
[Method: GET, Route: category/%E0%A4%AA%E0%A5%8D%E0%A4%B0%E0%A4%A6%E0%A5%87%E0%A4%B6-%E0%A5%AA/page/5/]
in SYSTEMPATH/Router/Router.php on line 768.
 1 SYSTEMPATH/Router/Router.php(219): CodeIgniter\Router\Router->checkDisallowedChars()
 2 SYSTEMPATH/CodeIgniter.php(829): CodeIgniter\Router\Router->handle()
 3 SYSTEMPATH/CodeIgniter.php(441): CodeIgniter\CodeIgniter->tryToRouteIt()
 4 SYSTEMPATH/CodeIgniter.php(340): CodeIgniter\CodeIgniter->handleRequest()
 5 SYSTEMPATH/Boot.php(417): CodeIgniter\CodeIgniter->run()
 6 SYSTEMPATH/Boot.php(68): CodeIgniter\Boot::runCodeIgniter()
 7 FCPATH/index.php(31): CodeIgniter\Boot::bootWeb()
CRITICAL - 2026-05-28 19:19:24 --> CodeIgniter\HTTP\Exceptions\BadRequestException: The URI you submitted has disallowed characters: "प्रदेश-४"
[Method: GET, Route: category/%E0%A4%AA%E0%A5%8D%E0%A4%B0%E0%A4%A6%E0%A5%87%E0%A4%B6-%E0%A5%AA/page/6/]
in SYSTEMPATH/Router/Router.php on line 768.
 1 SYSTEMPATH/Router/Router.php(219): CodeIgniter\Router\Router->checkDisallowedChars()
 2 SYSTEMPATH/CodeIgniter.php(829): CodeIgniter\Router\Router->handle()
 3 SYSTEMPATH/CodeIgniter.php(441): CodeIgniter\CodeIgniter->tryToRouteIt()
 4 SYSTEMPATH/CodeIgniter.php(340): CodeIgniter\CodeIgniter->handleRequest()
 5 SYSTEMPATH/Boot.php(417): CodeIgniter\CodeIgniter->run()
 6 SYSTEMPATH/Boot.php(68): CodeIgniter\Boot::runCodeIgniter()
 7 FCPATH/index.php(31): CodeIgniter\Boot::bootWeb()
CRITICAL - 2026-05-28 19:19:26 --> CodeIgniter\HTTP\Exceptions\BadRequestException: The URI you submitted has disallowed characters: "प्रदेश-४"
[Method: GET, Route: category/%E0%A4%AA%E0%A5%8D%E0%A4%B0%E0%A4%A6%E0%A5%87%E0%A4%B6-%E0%A5%AA/page/7/]
in SYSTEMPATH/Router/Router.php on line 768.
 1 SYSTEMPATH/Router/Router.php(219): CodeIgniter\Router\Router->checkDisallowedChars()
 2 SYSTEMPATH/CodeIgniter.php(829): CodeIgniter\Router\Router->handle()
 3 SYSTEMPATH/CodeIgniter.php(441): CodeIgniter\CodeIgniter->tryToRouteIt()
 4 SYSTEMPATH/CodeIgniter.php(340): CodeIgniter\CodeIgniter->handleRequest()
 5 SYSTEMPATH/Boot.php(417): CodeIgniter\CodeIgniter->run()
 6 SYSTEMPATH/Boot.php(68): CodeIgniter\Boot::runCodeIgniter()
 7 FCPATH/index.php(31): CodeIgniter\Boot::bootWeb()
CRITICAL - 2026-05-28 19:19:28 --> CodeIgniter\HTTP\Exceptions\BadRequestException: The URI you submitted has disallowed characters: "प्रदेश-४"
[Method: GET, Route: category/%E0%A4%AA%E0%A5%8D%E0%A4%B0%E0%A4%A6%E0%A5%87%E0%A4%B6-%E0%A5%AA/page/8/]
in SYSTEMPATH/Router/Router.php on line 768.
 1 SYSTEMPATH/Router/Router.php(219): CodeIgniter\Router\Router->checkDisallowedChars()
 2 SYSTEMPATH/CodeIgniter.php(829): CodeIgniter\Router\Router->handle()
 3 SYSTEMPATH/CodeIgniter.php(441): CodeIgniter\CodeIgniter->tryToRouteIt()
 4 SYSTEMPATH/CodeIgniter.php(340): CodeIgniter\CodeIgniter->handleRequest()
 5 SYSTEMPATH/Boot.php(417): CodeIgniter\CodeIgniter->run()
 6 SYSTEMPATH/Boot.php(68): CodeIgniter\Boot::runCodeIgniter()
 7 FCPATH/index.php(31): CodeIgniter\Boot::bootWeb()
CRITICAL - 2026-05-28 19:19:30 --> CodeIgniter\HTTP\Exceptions\BadRequestException: The URI you submitted has disallowed characters: "प्रदेश-४"
[Method: GET, Route: category/%E0%A4%AA%E0%A5%8D%E0%A4%B0%E0%A4%A6%E0%A5%87%E0%A4%B6-%E0%A5%AA/page/9/]
in SYSTEMPATH/Router/Router.php on line 768.
 1 SYSTEMPATH/Router/Router.php(219): CodeIgniter\Router\Router->checkDisallowedChars()
 2 SYSTEMPATH/CodeIgniter.php(829): CodeIgniter\Router\Router->handle()
 3 SYSTEMPATH/CodeIgniter.php(441): CodeIgniter\CodeIgniter->tryToRouteIt()
 4 SYSTEMPATH/CodeIgniter.php(340): CodeIgniter\CodeIgniter->handleRequest()
 5 SYSTEMPATH/Boot.php(417): CodeIgniter\CodeIgniter->run()
 6 SYSTEMPATH/Boot.php(68): CodeIgniter\Boot::runCodeIgniter()
 7 FCPATH/index.php(31): CodeIgniter\Boot::bootWeb()
CRITICAL - 2026-05-28 19:19:34 --> CodeIgniter\HTTP\Exceptions\BadRequestException: The URI you submitted has disallowed characters: "प्रदेश-५"
[Method: GET, Route: category/%E0%A4%AA%E0%A5%8D%E0%A4%B0%E0%A4%A6%E0%A5%87%E0%A4%B6-%E0%A5%AB/]
in SYSTEMPATH/Router/Router.php on line 768.
 1 SYSTEMPATH/Router/Router.php(219): CodeIgniter\Router\Router->checkDisallowedChars()
 2 SYSTEMPATH/CodeIgniter.php(829): CodeIgniter\Router\Router->handle()
 3 SYSTEMPATH/CodeIgniter.php(441): CodeIgniter\CodeIgniter->tryToRouteIt()
 4 SYSTEMPATH/CodeIgniter.php(340): CodeIgniter\CodeIgniter->handleRequest()
 5 SYSTEMPATH/Boot.php(417): CodeIgniter\CodeIgniter->run()
 6 SYSTEMPATH/Boot.php(68): CodeIgniter\Boot::runCodeIgniter()
 7 FCPATH/index.php(31): CodeIgniter\Boot::bootWeb()
CRITICAL - 2026-05-28 19:19:37 --> CodeIgniter\HTTP\Exceptions\BadRequestException: The URI you submitted has disallowed characters: "प्रदेश-५"
[Method: GET, Route: category/%E0%A4%AA%E0%A5%8D%E0%A4%B0%E0%A4%A6%E0%A5%87%E0%A4%B6-%E0%A5%AB/]
in SYSTEMPATH/Router/Router.php on line 768.
 1 SYSTEMPATH/Router/Router.php(219): CodeIgniter\Router\Router->checkDisallowedChars()
 2 SYSTEMPATH/CodeIgniter.php(829): CodeIgniter\Router\Router->handle()
 3 SYSTEMPATH/CodeIgniter.php(441): CodeIgniter\CodeIgniter->tryToRouteIt()
 4 SYSTEMPATH/CodeIgniter.php(340): CodeIgniter\CodeIgniter->handleRequest()
 5 SYSTEMPATH/Boot.php(417): CodeIgniter\CodeIgniter->run()
 6 SYSTEMPATH/Boot.php(68): CodeIgniter\Boot::runCodeIgniter()
 7 FCPATH/index.php(31): CodeIgniter\Boot::bootWeb()
CRITICAL - 2026-05-28 19:19:41 --> CodeIgniter\HTTP\Exceptions\BadRequestException: The URI you submitted has disallowed characters: "प्रदेश-५"
[Method: GET, Route: category/%E0%A4%AA%E0%A5%8D%E0%A4%B0%E0%A4%A6%E0%A5%87%E0%A4%B6-%E0%A5%AB/page/2/]
in SYSTEMPATH/Router/Router.php on line 768.
 1 SYSTEMPATH/Router/Router.php(219): CodeIgniter\Router\Router->checkDisallowedChars()
 2 SYSTEMPATH/CodeIgniter.php(829): CodeIgniter\Router\Router->handle()
 3 SYSTEMPATH/CodeIgniter.php(441): CodeIgniter\CodeIgniter->tryToRouteIt()
 4 SYSTEMPATH/CodeIgniter.php(340): CodeIgniter\CodeIgniter->handleRequest()
 5 SYSTEMPATH/Boot.php(417): CodeIgniter\CodeIgniter->run()
 6 SYSTEMPATH/Boot.php(68): CodeIgniter\Boot::runCodeIgniter()
 7 FCPATH/index.php(31): CodeIgniter\Boot::bootWeb()
CRITICAL - 2026-05-28 19:19:43 --> CodeIgniter\HTTP\Exceptions\BadRequestException: The URI you submitted has disallowed characters: "प्रदेश-५"
[Method: GET, Route: category/%E0%A4%AA%E0%A5%8D%E0%A4%B0%E0%A4%A6%E0%A5%87%E0%A4%B6-%E0%A5%AB/page/2/]
in SYSTEMPATH/Router/Router.php on line 768.
 1 SYSTEMPATH/Router/Router.php(219): CodeIgniter\Router\Router->checkDisallowedChars()
 2 SYSTEMPATH/CodeIgniter.php(829): CodeIgniter\Router\Router->handle()
 3 SYSTEMPATH/CodeIgniter.php(441): CodeIgniter\CodeIgniter->tryToRouteIt()
 4 SYSTEMPATH/CodeIgniter.php(340): CodeIgniter\CodeIgniter->handleRequest()
 5 SYSTEMPATH/Boot.php(417): CodeIgniter\CodeIgniter->run()
 6 SYSTEMPATH/Boot.php(68): CodeIgniter\Boot::runCodeIgniter()
 7 FCPATH/index.php(31): CodeIgniter\Boot::bootWeb()
CRITICAL - 2026-05-28 19:19:46 --> CodeIgniter\HTTP\Exceptions\BadRequestException: The URI you submitted has disallowed characters: "प्रदेश-५"
[Method: GET, Route: category/%E0%A4%AA%E0%A5%8D%E0%A4%B0%E0%A4%A6%E0%A5%87%E0%A4%B6-%E0%A5%AB/page/3/]
in SYSTEMPATH/Router/Router.php on line 768.
 1 SYSTEMPATH/Router/Router.php(219): CodeIgniter\Router\Router->checkDisallowedChars()
 2 SYSTEMPATH/CodeIgniter.php(829): CodeIgniter\Router\Router->handle()
 3 SYSTEMPATH/CodeIgniter.php(441): CodeIgniter\CodeIgniter->tryToRouteIt()
 4 SYSTEMPATH/CodeIgniter.php(340): CodeIgniter\CodeIgniter->handleRequest()
 5 SYSTEMPATH/Boot.php(417): CodeIgniter\CodeIgniter->run()
 6 SYSTEMPATH/Boot.php(68): CodeIgniter\Boot::runCodeIgniter()
 7 FCPATH/index.php(31): CodeIgniter\Boot::bootWeb()
CRITICAL - 2026-05-28 19:19:48 --> CodeIgniter\HTTP\Exceptions\BadRequestException: The URI you submitted has disallowed characters: "प्रदेश-५"
[Method: GET, Route: category/%E0%A4%AA%E0%A5%8D%E0%A4%B0%E0%A4%A6%E0%A5%87%E0%A4%B6-%E0%A5%AB/page/4/]
in SYSTEMPATH/Router/Router.php on line 768.
 1 SYSTEMPATH/Router/Router.php(219): CodeIgniter\Router\Router->checkDisallowedChars()
 2 SYSTEMPATH/CodeIgniter.php(829): CodeIgniter\Router\Router->handle()
 3 SYSTEMPATH/CodeIgniter.php(441): CodeIgniter\CodeIgniter->tryToRouteIt()
 4 SYSTEMPATH/CodeIgniter.php(340): CodeIgniter\CodeIgniter->handleRequest()
 5 SYSTEMPATH/Boot.php(417): CodeIgniter\CodeIgniter->run()
 6 SYSTEMPATH/Boot.php(68): CodeIgniter\Boot::runCodeIgniter()
 7 FCPATH/index.php(31): CodeIgniter\Boot::bootWeb()
CRITICAL - 2026-05-28 19:19:50 --> CodeIgniter\HTTP\Exceptions\BadRequestException: The URI you submitted has disallowed characters: "प्रदेश-५"
[Method: GET, Route: category/%E0%A4%AA%E0%A5%8D%E0%A4%B0%E0%A4%A6%E0%A5%87%E0%A4%B6-%E0%A5%AB/page/5/]
in SYSTEMPATH/Router/Router.php on line 768.
 1 SYSTEMPATH/Router/Router.php(219): CodeIgniter\Router\Router->checkDisallowedChars()
 2 SYSTEMPATH/CodeIgniter.php(829): CodeIgniter\Router\Router->handle()
 3 SYSTEMPATH/CodeIgniter.php(441): CodeIgniter\CodeIgniter->tryToRouteIt()
 4 SYSTEMPATH/CodeIgniter.php(340): CodeIgniter\CodeIgniter->handleRequest()
 5 SYSTEMPATH/Boot.php(417): CodeIgniter\CodeIgniter->run()
 6 SYSTEMPATH/Boot.php(68): CodeIgniter\Boot::runCodeIgniter()
 7 FCPATH/index.php(31): CodeIgniter\Boot::bootWeb()
CRITICAL - 2026-05-28 19:19:54 --> CodeIgniter\HTTP\Exceptions\BadRequestException: The URI you submitted has disallowed characters: "प्रदेश-५"
[Method: GET, Route: category/%E0%A4%AA%E0%A5%8D%E0%A4%B0%E0%A4%A6%E0%A5%87%E0%A4%B6-%E0%A5%AB/page/6/]
in SYSTEMPATH/Router/Router.php on line 768.
 1 SYSTEMPATH/Router/Router.php(219): CodeIgniter\Router\Router->checkDisallowedChars()
 2 SYSTEMPATH/CodeIgniter.php(829): CodeIgniter\Router\Router->handle()
 3 SYSTEMPATH/CodeIgniter.php(441): CodeIgniter\CodeIgniter->tryToRouteIt()
 4 SYSTEMPATH/CodeIgniter.php(340): CodeIgniter\CodeIgniter->handleRequest()
 5 SYSTEMPATH/Boot.php(417): CodeIgniter\CodeIgniter->run()
 6 SYSTEMPATH/Boot.php(68): CodeIgniter\Boot::runCodeIgniter()
 7 FCPATH/index.php(31): CodeIgniter\Boot::bootWeb()
CRITICAL - 2026-05-28 19:19:57 --> CodeIgniter\HTTP\Exceptions\BadRequestException: The URI you submitted has disallowed characters: "प्रदेश-५"
[Method: GET, Route: category/%E0%A4%AA%E0%A5%8D%E0%A4%B0%E0%A4%A6%E0%A5%87%E0%A4%B6-%E0%A5%AB/page/6/]
in SYSTEMPATH/Router/Router.php on line 768.
 1 SYSTEMPATH/Router/Router.php(219): CodeIgniter\Router\Router->checkDisallowedChars()
 2 SYSTEMPATH/CodeIgniter.php(829): CodeIgniter\Router\Router->handle()
 3 SYSTEMPATH/CodeIgniter.php(441): CodeIgniter\CodeIgniter->tryToRouteIt()
 4 SYSTEMPATH/CodeIgniter.php(340): CodeIgniter\CodeIgniter->handleRequest()
 5 SYSTEMPATH/Boot.php(417): CodeIgniter\CodeIgniter->run()
 6 SYSTEMPATH/Boot.php(68): CodeIgniter\Boot::runCodeIgniter()
 7 FCPATH/index.php(31): CodeIgniter\Boot::bootWeb()
CRITICAL - 2026-05-28 19:20:01 --> CodeIgniter\HTTP\Exceptions\BadRequestException: The URI you submitted has disallowed characters: "प्रदेश-५"
[Method: GET, Route: category/%E0%A4%AA%E0%A5%8D%E0%A4%B0%E0%A4%A6%E0%A5%87%E0%A4%B6-%E0%A5%AB/page/7/]
in SYSTEMPATH/Router/Router.php on line 768.
 1 SYSTEMPATH/Router/Router.php(219): CodeIgniter\Router\Router->checkDisallowedChars()
 2 SYSTEMPATH/CodeIgniter.php(829): CodeIgniter\Router\Router->handle()
 3 SYSTEMPATH/CodeIgniter.php(441): CodeIgniter\CodeIgniter->tryToRouteIt()
 4 SYSTEMPATH/CodeIgniter.php(340): CodeIgniter\CodeIgniter->handleRequest()
 5 SYSTEMPATH/Boot.php(417): CodeIgniter\CodeIgniter->run()
 6 SYSTEMPATH/Boot.php(68): CodeIgniter\Boot::runCodeIgniter()
 7 FCPATH/index.php(31): CodeIgniter\Boot::bootWeb()
CRITICAL - 2026-05-28 19:20:04 --> CodeIgniter\HTTP\Exceptions\BadRequestException: The URI you submitted has disallowed characters: "प्रदेश-५"
[Method: GET, Route: category/%E0%A4%AA%E0%A5%8D%E0%A4%B0%E0%A4%A6%E0%A5%87%E0%A4%B6-%E0%A5%AB/page/7/]
in SYSTEMPATH/Router/Router.php on line 768.
 1 SYSTEMPATH/Router/Router.php(219): CodeIgniter\Router\Router->checkDisallowedChars()
 2 SYSTEMPATH/CodeIgniter.php(829): CodeIgniter\Router\Router->handle()
 3 SYSTEMPATH/CodeIgniter.php(441): CodeIgniter\CodeIgniter->tryToRouteIt()
 4 SYSTEMPATH/CodeIgniter.php(340): CodeIgniter\CodeIgniter->handleRequest()
 5 SYSTEMPATH/Boot.php(417): CodeIgniter\CodeIgniter->run()
 6 SYSTEMPATH/Boot.php(68): CodeIgniter\Boot::runCodeIgniter()
 7 FCPATH/index.php(31): CodeIgniter\Boot::bootWeb()
CRITICAL - 2026-05-28 19:20:07 --> CodeIgniter\HTTP\Exceptions\BadRequestException: The URI you submitted has disallowed characters: "प्रदेश-५"
[Method: GET, Route: category/%E0%A4%AA%E0%A5%8D%E0%A4%B0%E0%A4%A6%E0%A5%87%E0%A4%B6-%E0%A5%AB/page/8/]
in SYSTEMPATH/Router/Router.php on line 768.
 1 SYSTEMPATH/Router/Router.php(219): CodeIgniter\Router\Router->checkDisallowedChars()
 2 SYSTEMPATH/CodeIgniter.php(829): CodeIgniter\Router\Router->handle()
 3 SYSTEMPATH/CodeIgniter.php(441): CodeIgniter\CodeIgniter->tryToRouteIt()
 4 SYSTEMPATH/CodeIgniter.php(340): CodeIgniter\CodeIgniter->handleRequest()
 5 SYSTEMPATH/Boot.php(417): CodeIgniter\CodeIgniter->run()
 6 SYSTEMPATH/Boot.php(68): CodeIgniter\Boot::runCodeIgniter()
 7 FCPATH/index.php(31): CodeIgniter\Boot::bootWeb()
CRITICAL - 2026-05-28 19:20:11 --> CodeIgniter\HTTP\Exceptions\BadRequestException: The URI you submitted has disallowed characters: "प्रदेश-५"
[Method: GET, Route: category/%E0%A4%AA%E0%A5%8D%E0%A4%B0%E0%A4%A6%E0%A5%87%E0%A4%B6-%E0%A5%AB/page/9/]
in SYSTEMPATH/Router/Router.php on line 768.
 1 SYSTEMPATH/Router/Router.php(219): CodeIgniter\Router\Router->checkDisallowedChars()
 2 SYSTEMPATH/CodeIgniter.php(829): CodeIgniter\Router\Router->handle()
 3 SYSTEMPATH/CodeIgniter.php(441): CodeIgniter\CodeIgniter->tryToRouteIt()
 4 SYSTEMPATH/CodeIgniter.php(340): CodeIgniter\CodeIgniter->handleRequest()
 5 SYSTEMPATH/Boot.php(417): CodeIgniter\CodeIgniter->run()
 6 SYSTEMPATH/Boot.php(68): CodeIgniter\Boot::runCodeIgniter()
 7 FCPATH/index.php(31): CodeIgniter\Boot::bootWeb()
CRITICAL - 2026-05-28 19:20:13 --> CodeIgniter\HTTP\Exceptions\BadRequestException: The URI you submitted has disallowed characters: "प्रदेश-५"
[Method: GET, Route: category/%E0%A4%AA%E0%A5%8D%E0%A4%B0%E0%A4%A6%E0%A5%87%E0%A4%B6-%E0%A5%AB/page/9/]
in SYSTEMPATH/Router/Router.php on line 768.
 1 SYSTEMPATH/Router/Router.php(219): CodeIgniter\Router\Router->checkDisallowedChars()
 2 SYSTEMPATH/CodeIgniter.php(829): CodeIgniter\Router\Router->handle()
 3 SYSTEMPATH/CodeIgniter.php(441): CodeIgniter\CodeIgniter->tryToRouteIt()
 4 SYSTEMPATH/CodeIgniter.php(340): CodeIgniter\CodeIgniter->handleRequest()
 5 SYSTEMPATH/Boot.php(417): CodeIgniter\CodeIgniter->run()
 6 SYSTEMPATH/Boot.php(68): CodeIgniter\Boot::runCodeIgniter()
 7 FCPATH/index.php(31): CodeIgniter\Boot::bootWeb()
CRITICAL - 2026-05-28 19:20:15 --> CodeIgniter\HTTP\Exceptions\BadRequestException: The URI you submitted has disallowed characters: "प्रदेश-६"
[Method: GET, Route: category/%E0%A4%AA%E0%A5%8D%E0%A4%B0%E0%A4%A6%E0%A5%87%E0%A4%B6-%E0%A5%AC/]
in SYSTEMPATH/Router/Router.php on line 768.
 1 SYSTEMPATH/Router/Router.php(219): CodeIgniter\Router\Router->checkDisallowedChars()
 2 SYSTEMPATH/CodeIgniter.php(829): CodeIgniter\Router\Router->handle()
 3 SYSTEMPATH/CodeIgniter.php(441): CodeIgniter\CodeIgniter->tryToRouteIt()
 4 SYSTEMPATH/CodeIgniter.php(340): CodeIgniter\CodeIgniter->handleRequest()
 5 SYSTEMPATH/Boot.php(417): CodeIgniter\CodeIgniter->run()
 6 SYSTEMPATH/Boot.php(68): CodeIgniter\Boot::runCodeIgniter()
 7 FCPATH/index.php(31): CodeIgniter\Boot::bootWeb()
CRITICAL - 2026-05-28 19:20:19 --> CodeIgniter\HTTP\Exceptions\BadRequestException: The URI you submitted has disallowed characters: "प्रदेश-६"
[Method: GET, Route: category/%E0%A4%AA%E0%A5%8D%E0%A4%B0%E0%A4%A6%E0%A5%87%E0%A4%B6-%E0%A5%AC/page/2/]
in SYSTEMPATH/Router/Router.php on line 768.
 1 SYSTEMPATH/Router/Router.php(219): CodeIgniter\Router\Router->checkDisallowedChars()
 2 SYSTEMPATH/CodeIgniter.php(829): CodeIgniter\Router\Router->handle()
 3 SYSTEMPATH/CodeIgniter.php(441): CodeIgniter\CodeIgniter->tryToRouteIt()
 4 SYSTEMPATH/CodeIgniter.php(340): CodeIgniter\CodeIgniter->handleRequest()
 5 SYSTEMPATH/Boot.php(417): CodeIgniter\CodeIgniter->run()
 6 SYSTEMPATH/Boot.php(68): CodeIgniter\Boot::runCodeIgniter()
 7 FCPATH/index.php(31): CodeIgniter\Boot::bootWeb()
CRITICAL - 2026-05-28 19:20:22 --> CodeIgniter\HTTP\Exceptions\BadRequestException: The URI you submitted has disallowed characters: "प्रदेश-६"
[Method: GET, Route: category/%E0%A4%AA%E0%A5%8D%E0%A4%B0%E0%A4%A6%E0%A5%87%E0%A4%B6-%E0%A5%AC/page/2/]
in SYSTEMPATH/Router/Router.php on line 768.
 1 SYSTEMPATH/Router/Router.php(219): CodeIgniter\Router\Router->checkDisallowedChars()
 2 SYSTEMPATH/CodeIgniter.php(829): CodeIgniter\Router\Router->handle()
 3 SYSTEMPATH/CodeIgniter.php(441): CodeIgniter\CodeIgniter->tryToRouteIt()
 4 SYSTEMPATH/CodeIgniter.php(340): CodeIgniter\CodeIgniter->handleRequest()
 5 SYSTEMPATH/Boot.php(417): CodeIgniter\CodeIgniter->run()
 6 SYSTEMPATH/Boot.php(68): CodeIgniter\Boot::runCodeIgniter()
 7 FCPATH/index.php(31): CodeIgniter\Boot::bootWeb()
CRITICAL - 2026-05-28 19:20:24 --> CodeIgniter\HTTP\Exceptions\BadRequestException: The URI you submitted has disallowed characters: "प्रदेश-६"
[Method: GET, Route: category/%E0%A4%AA%E0%A5%8D%E0%A4%B0%E0%A4%A6%E0%A5%87%E0%A4%B6-%E0%A5%AC/page/3/]
in SYSTEMPATH/Router/Router.php on line 768.
 1 SYSTEMPATH/Router/Router.php(219): CodeIgniter\Router\Router->checkDisallowedChars()
 2 SYSTEMPATH/CodeIgniter.php(829): CodeIgniter\Router\Router->handle()
 3 SYSTEMPATH/CodeIgniter.php(441): CodeIgniter\CodeIgniter->tryToRouteIt()
 4 SYSTEMPATH/CodeIgniter.php(340): CodeIgniter\CodeIgniter->handleRequest()
 5 SYSTEMPATH/Boot.php(417): CodeIgniter\CodeIgniter->run()
 6 SYSTEMPATH/Boot.php(68): CodeIgniter\Boot::runCodeIgniter()
 7 FCPATH/index.php(31): CodeIgniter\Boot::bootWeb()
CRITICAL - 2026-05-28 19:20:28 --> CodeIgniter\HTTP\Exceptions\BadRequestException: The URI you submitted has disallowed characters: "प्रदेश-६"
[Method: GET, Route: category/%E0%A4%AA%E0%A5%8D%E0%A4%B0%E0%A4%A6%E0%A5%87%E0%A4%B6-%E0%A5%AC/page/4/]
in SYSTEMPATH/Router/Router.php on line 768.
 1 SYSTEMPATH/Router/Router.php(219): CodeIgniter\Router\Router->checkDisallowedChars()
 2 SYSTEMPATH/CodeIgniter.php(829): CodeIgniter\Router\Router->handle()
 3 SYSTEMPATH/CodeIgniter.php(441): CodeIgniter\CodeIgniter->tryToRouteIt()
 4 SYSTEMPATH/CodeIgniter.php(340): CodeIgniter\CodeIgniter->handleRequest()
 5 SYSTEMPATH/Boot.php(417): CodeIgniter\CodeIgniter->run()
 6 SYSTEMPATH/Boot.php(68): CodeIgniter\Boot::runCodeIgniter()
 7 FCPATH/index.php(31): CodeIgniter\Boot::bootWeb()
CRITICAL - 2026-05-28 19:20:31 --> CodeIgniter\HTTP\Exceptions\BadRequestException: The URI you submitted has disallowed characters: "प्रदेश-६"
[Method: GET, Route: category/%E0%A4%AA%E0%A5%8D%E0%A4%B0%E0%A4%A6%E0%A5%87%E0%A4%B6-%E0%A5%AC/page/4/]
in SYSTEMPATH/Router/Router.php on line 768.
 1 SYSTEMPATH/Router/Router.php(219): CodeIgniter\Router\Router->checkDisallowedChars()
 2 SYSTEMPATH/CodeIgniter.php(829): CodeIgniter\Router\Router->handle()
 3 SYSTEMPATH/CodeIgniter.php(441): CodeIgniter\CodeIgniter->tryToRouteIt()
 4 SYSTEMPATH/CodeIgniter.php(340): CodeIgniter\CodeIgniter->handleRequest()
 5 SYSTEMPATH/Boot.php(417): CodeIgniter\CodeIgniter->run()
 6 SYSTEMPATH/Boot.php(68): CodeIgniter\Boot::runCodeIgniter()
 7 FCPATH/index.php(31): CodeIgniter\Boot::bootWeb()
CRITICAL - 2026-05-28 19:20:33 --> CodeIgniter\HTTP\Exceptions\BadRequestException: The URI you submitted has disallowed characters: "प्रदेश-६"
[Method: GET, Route: category/%E0%A4%AA%E0%A5%8D%E0%A4%B0%E0%A4%A6%E0%A5%87%E0%A4%B6-%E0%A5%AC/page/5/]
in SYSTEMPATH/Router/Router.php on line 768.
 1 SYSTEMPATH/Router/Router.php(219): CodeIgniter\Router\Router->checkDisallowedChars()
 2 SYSTEMPATH/CodeIgniter.php(829): CodeIgniter\Router\Router->handle()
 3 SYSTEMPATH/CodeIgniter.php(441): CodeIgniter\CodeIgniter->tryToRouteIt()
 4 SYSTEMPATH/CodeIgniter.php(340): CodeIgniter\CodeIgniter->handleRequest()
 5 SYSTEMPATH/Boot.php(417): CodeIgniter\CodeIgniter->run()
 6 SYSTEMPATH/Boot.php(68): CodeIgniter\Boot::runCodeIgniter()
 7 FCPATH/index.php(31): CodeIgniter\Boot::bootWeb()
CRITICAL - 2026-05-28 19:20:35 --> CodeIgniter\HTTP\Exceptions\BadRequestException: The URI you submitted has disallowed characters: "प्रदेश-६"
[Method: GET, Route: category/%E0%A4%AA%E0%A5%8D%E0%A4%B0%E0%A4%A6%E0%A5%87%E0%A4%B6-%E0%A5%AC/page/6/]
in SYSTEMPATH/Router/Router.php on line 768.
 1 SYSTEMPATH/Router/Router.php(219): CodeIgniter\Router\Router->checkDisallowedChars()
 2 SYSTEMPATH/CodeIgniter.php(829): CodeIgniter\Router\Router->handle()
 3 SYSTEMPATH/CodeIgniter.php(441): CodeIgniter\CodeIgniter->tryToRouteIt()
 4 SYSTEMPATH/CodeIgniter.php(340): CodeIgniter\CodeIgniter->handleRequest()
 5 SYSTEMPATH/Boot.php(417): CodeIgniter\CodeIgniter->run()
 6 SYSTEMPATH/Boot.php(68): CodeIgniter\Boot::runCodeIgniter()
 7 FCPATH/index.php(31): CodeIgniter\Boot::bootWeb()
CRITICAL - 2026-05-28 19:20:38 --> CodeIgniter\HTTP\Exceptions\BadRequestException: The URI you submitted has disallowed characters: "प्रदेश-६"
[Method: GET, Route: category/%E0%A4%AA%E0%A5%8D%E0%A4%B0%E0%A4%A6%E0%A5%87%E0%A4%B6-%E0%A5%AC/page/7/]
in SYSTEMPATH/Router/Router.php on line 768.
 1 SYSTEMPATH/Router/Router.php(219): CodeIgniter\Router\Router->checkDisallowedChars()
 2 SYSTEMPATH/CodeIgniter.php(829): CodeIgniter\Router\Router->handle()
 3 SYSTEMPATH/CodeIgniter.php(441): CodeIgniter\CodeIgniter->tryToRouteIt()
 4 SYSTEMPATH/CodeIgniter.php(340): CodeIgniter\CodeIgniter->handleRequest()
 5 SYSTEMPATH/Boot.php(417): CodeIgniter\CodeIgniter->run()
 6 SYSTEMPATH/Boot.php(68): CodeIgniter\Boot::runCodeIgniter()
 7 FCPATH/index.php(31): CodeIgniter\Boot::bootWeb()
CRITICAL - 2026-05-28 19:20:40 --> CodeIgniter\HTTP\Exceptions\BadRequestException: The URI you submitted has disallowed characters: "प्रदेश-६"
[Method: GET, Route: category/%E0%A4%AA%E0%A5%8D%E0%A4%B0%E0%A4%A6%E0%A5%87%E0%A4%B6-%E0%A5%AC/page/8/]
in SYSTEMPATH/Router/Router.php on line 768.
 1 SYSTEMPATH/Router/Router.php(219): CodeIgniter\Router\Router->checkDisallowedChars()
 2 SYSTEMPATH/CodeIgniter.php(829): CodeIgniter\Router\Router->handle()
 3 SYSTEMPATH/CodeIgniter.php(441): CodeIgniter\CodeIgniter->tryToRouteIt()
 4 SYSTEMPATH/CodeIgniter.php(340): CodeIgniter\CodeIgniter->handleRequest()
 5 SYSTEMPATH/Boot.php(417): CodeIgniter\CodeIgniter->run()
 6 SYSTEMPATH/Boot.php(68): CodeIgniter\Boot::runCodeIgniter()
 7 FCPATH/index.php(31): CodeIgniter\Boot::bootWeb()
CRITICAL - 2026-05-28 19:20:43 --> CodeIgniter\HTTP\Exceptions\BadRequestException: The URI you submitted has disallowed characters: "प्रदेश-६"
[Method: GET, Route: category/%E0%A4%AA%E0%A5%8D%E0%A4%B0%E0%A4%A6%E0%A5%87%E0%A4%B6-%E0%A5%AC/page/9/]
in SYSTEMPATH/Router/Router.php on line 768.
 1 SYSTEMPATH/Router/Router.php(219): CodeIgniter\Router\Router->checkDisallowedChars()
 2 SYSTEMPATH/CodeIgniter.php(829): CodeIgniter\Router\Router->handle()
 3 SYSTEMPATH/CodeIgniter.php(441): CodeIgniter\CodeIgniter->tryToRouteIt()
 4 SYSTEMPATH/CodeIgniter.php(340): CodeIgniter\CodeIgniter->handleRequest()
 5 SYSTEMPATH/Boot.php(417): CodeIgniter\CodeIgniter->run()
 6 SYSTEMPATH/Boot.php(68): CodeIgniter\Boot::runCodeIgniter()
 7 FCPATH/index.php(31): CodeIgniter\Boot::bootWeb()
CRITICAL - 2026-05-28 19:20:45 --> CodeIgniter\HTTP\Exceptions\BadRequestException: The URI you submitted has disallowed characters: "प्रदेश-७"
[Method: GET, Route: category/%E0%A4%AA%E0%A5%8D%E0%A4%B0%E0%A4%A6%E0%A5%87%E0%A4%B6-%E0%A5%AD/]
in SYSTEMPATH/Router/Router.php on line 768.
 1 SYSTEMPATH/Router/Router.php(219): CodeIgniter\Router\Router->checkDisallowedChars()
 2 SYSTEMPATH/CodeIgniter.php(829): CodeIgniter\Router\Router->handle()
 3 SYSTEMPATH/CodeIgniter.php(441): CodeIgniter\CodeIgniter->tryToRouteIt()
 4 SYSTEMPATH/CodeIgniter.php(340): CodeIgniter\CodeIgniter->handleRequest()
 5 SYSTEMPATH/Boot.php(417): CodeIgniter\CodeIgniter->run()
 6 SYSTEMPATH/Boot.php(68): CodeIgniter\Boot::runCodeIgniter()
 7 FCPATH/index.php(31): CodeIgniter\Boot::bootWeb()
CRITICAL - 2026-05-28 19:20:47 --> CodeIgniter\HTTP\Exceptions\BadRequestException: The URI you submitted has disallowed characters: "प्रदेश-७"
[Method: GET, Route: category/%E0%A4%AA%E0%A5%8D%E0%A4%B0%E0%A4%A6%E0%A5%87%E0%A4%B6-%E0%A5%AD/page/2/]
in SYSTEMPATH/Router/Router.php on line 768.
 1 SYSTEMPATH/Router/Router.php(219): CodeIgniter\Router\Router->checkDisallowedChars()
 2 SYSTEMPATH/CodeIgniter.php(829): CodeIgniter\Router\Router->handle()
 3 SYSTEMPATH/CodeIgniter.php(441): CodeIgniter\CodeIgniter->tryToRouteIt()
 4 SYSTEMPATH/CodeIgniter.php(340): CodeIgniter\CodeIgniter->handleRequest()
 5 SYSTEMPATH/Boot.php(417): CodeIgniter\CodeIgniter->run()
 6 SYSTEMPATH/Boot.php(68): CodeIgniter\Boot::runCodeIgniter()
 7 FCPATH/index.php(31): CodeIgniter\Boot::bootWeb()
CRITICAL - 2026-05-28 19:20:49 --> CodeIgniter\HTTP\Exceptions\BadRequestException: The URI you submitted has disallowed characters: "प्रदेश-७"
[Method: GET, Route: category/%E0%A4%AA%E0%A5%8D%E0%A4%B0%E0%A4%A6%E0%A5%87%E0%A4%B6-%E0%A5%AD/page/3/]
in SYSTEMPATH/Router/Router.php on line 768.
 1 SYSTEMPATH/Router/Router.php(219): CodeIgniter\Router\Router->checkDisallowedChars()
 2 SYSTEMPATH/CodeIgniter.php(829): CodeIgniter\Router\Router->handle()
 3 SYSTEMPATH/CodeIgniter.php(441): CodeIgniter\CodeIgniter->tryToRouteIt()
 4 SYSTEMPATH/CodeIgniter.php(340): CodeIgniter\CodeIgniter->handleRequest()
 5 SYSTEMPATH/Boot.php(417): CodeIgniter\CodeIgniter->run()
 6 SYSTEMPATH/Boot.php(68): CodeIgniter\Boot::runCodeIgniter()
 7 FCPATH/index.php(31): CodeIgniter\Boot::bootWeb()
CRITICAL - 2026-05-28 19:20:52 --> CodeIgniter\HTTP\Exceptions\BadRequestException: The URI you submitted has disallowed characters: "प्रदेश-७"
[Method: GET, Route: category/%E0%A4%AA%E0%A5%8D%E0%A4%B0%E0%A4%A6%E0%A5%87%E0%A4%B6-%E0%A5%AD/page/4/]
in SYSTEMPATH/Router/Router.php on line 768.
 1 SYSTEMPATH/Router/Router.php(219): CodeIgniter\Router\Router->checkDisallowedChars()
 2 SYSTEMPATH/CodeIgniter.php(829): CodeIgniter\Router\Router->handle()
 3 SYSTEMPATH/CodeIgniter.php(441): CodeIgniter\CodeIgniter->tryToRouteIt()
 4 SYSTEMPATH/CodeIgniter.php(340): CodeIgniter\CodeIgniter->handleRequest()
 5 SYSTEMPATH/Boot.php(417): CodeIgniter\CodeIgniter->run()
 6 SYSTEMPATH/Boot.php(68): CodeIgniter\Boot::runCodeIgniter()
 7 FCPATH/index.php(31): CodeIgniter\Boot::bootWeb()
CRITICAL - 2026-05-28 19:20:54 --> CodeIgniter\HTTP\Exceptions\BadRequestException: The URI you submitted has disallowed characters: "प्रदेश-७"
[Method: GET, Route: category/%E0%A4%AA%E0%A5%8D%E0%A4%B0%E0%A4%A6%E0%A5%87%E0%A4%B6-%E0%A5%AD/page/5/]
in SYSTEMPATH/Router/Router.php on line 768.
 1 SYSTEMPATH/Router/Router.php(219): CodeIgniter\Router\Router->checkDisallowedChars()
 2 SYSTEMPATH/CodeIgniter.php(829): CodeIgniter\Router\Router->handle()
 3 SYSTEMPATH/CodeIgniter.php(441): CodeIgniter\CodeIgniter->tryToRouteIt()
 4 SYSTEMPATH/CodeIgniter.php(340): CodeIgniter\CodeIgniter->handleRequest()
 5 SYSTEMPATH/Boot.php(417): CodeIgniter\CodeIgniter->run()
 6 SYSTEMPATH/Boot.php(68): CodeIgniter\Boot::runCodeIgniter()
 7 FCPATH/index.php(31): CodeIgniter\Boot::bootWeb()
CRITICAL - 2026-05-28 19:20:56 --> CodeIgniter\HTTP\Exceptions\BadRequestException: The URI you submitted has disallowed characters: "प्रदेश-७"
[Method: GET, Route: category/%E0%A4%AA%E0%A5%8D%E0%A4%B0%E0%A4%A6%E0%A5%87%E0%A4%B6-%E0%A5%AD/page/6/]
in SYSTEMPATH/Router/Router.php on line 768.
 1 SYSTEMPATH/Router/Router.php(219): CodeIgniter\Router\Router->checkDisallowedChars()
 2 SYSTEMPATH/CodeIgniter.php(829): CodeIgniter\Router\Router->handle()
 3 SYSTEMPATH/CodeIgniter.php(441): CodeIgniter\CodeIgniter->tryToRouteIt()
 4 SYSTEMPATH/CodeIgniter.php(340): CodeIgniter\CodeIgniter->handleRequest()
 5 SYSTEMPATH/Boot.php(417): CodeIgniter\CodeIgniter->run()
 6 SYSTEMPATH/Boot.php(68): CodeIgniter\Boot::runCodeIgniter()
 7 FCPATH/index.php(31): CodeIgniter\Boot::bootWeb()
CRITICAL - 2026-05-28 19:20:59 --> CodeIgniter\HTTP\Exceptions\BadRequestException: The URI you submitted has disallowed characters: "प्रदेश-७"
[Method: GET, Route: category/%E0%A4%AA%E0%A5%8D%E0%A4%B0%E0%A4%A6%E0%A5%87%E0%A4%B6-%E0%A5%AD/page/7/]
in SYSTEMPATH/Router/Router.php on line 768.
 1 SYSTEMPATH/Router/Router.php(219): CodeIgniter\Router\Router->checkDisallowedChars()
 2 SYSTEMPATH/CodeIgniter.php(829): CodeIgniter\Router\Router->handle()
 3 SYSTEMPATH/CodeIgniter.php(441): CodeIgniter\CodeIgniter->tryToRouteIt()
 4 SYSTEMPATH/CodeIgniter.php(340): CodeIgniter\CodeIgniter->handleRequest()
 5 SYSTEMPATH/Boot.php(417): CodeIgniter\CodeIgniter->run()
 6 SYSTEMPATH/Boot.php(68): CodeIgniter\Boot::runCodeIgniter()
 7 FCPATH/index.php(31): CodeIgniter\Boot::bootWeb()
CRITICAL - 2026-05-28 19:21:01 --> CodeIgniter\HTTP\Exceptions\BadRequestException: The URI you submitted has disallowed characters: "प्रदेश-७"
[Method: GET, Route: category/%E0%A4%AA%E0%A5%8D%E0%A4%B0%E0%A4%A6%E0%A5%87%E0%A4%B6-%E0%A5%AD/page/8/]
in SYSTEMPATH/Router/Router.php on line 768.
 1 SYSTEMPATH/Router/Router.php(219): CodeIgniter\Router\Router->checkDisallowedChars()
 2 SYSTEMPATH/CodeIgniter.php(829): CodeIgniter\Router\Router->handle()
 3 SYSTEMPATH/CodeIgniter.php(441): CodeIgniter\CodeIgniter->tryToRouteIt()
 4 SYSTEMPATH/CodeIgniter.php(340): CodeIgniter\CodeIgniter->handleRequest()
 5 SYSTEMPATH/Boot.php(417): CodeIgniter\CodeIgniter->run()
 6 SYSTEMPATH/Boot.php(68): CodeIgniter\Boot::runCodeIgniter()
 7 FCPATH/index.php(31): CodeIgniter\Boot::bootWeb()
CRITICAL - 2026-05-28 19:21:04 --> CodeIgniter\HTTP\Exceptions\BadRequestException: The URI you submitted has disallowed characters: "प्रदेश-७"
[Method: GET, Route: category/%E0%A4%AA%E0%A5%8D%E0%A4%B0%E0%A4%A6%E0%A5%87%E0%A4%B6-%E0%A5%AD/page/9/]
in SYSTEMPATH/Router/Router.php on line 768.
 1 SYSTEMPATH/Router/Router.php(219): CodeIgniter\Router\Router->checkDisallowedChars()
 2 SYSTEMPATH/CodeIgniter.php(829): CodeIgniter\Router\Router->handle()
 3 SYSTEMPATH/CodeIgniter.php(441): CodeIgniter\CodeIgniter->tryToRouteIt()
 4 SYSTEMPATH/CodeIgniter.php(340): CodeIgniter\CodeIgniter->handleRequest()
 5 SYSTEMPATH/Boot.php(417): CodeIgniter\CodeIgniter->run()
 6 SYSTEMPATH/Boot.php(68): CodeIgniter\Boot::runCodeIgniter()
 7 FCPATH/index.php(31): CodeIgniter\Boot::bootWeb()
CRITICAL - 2026-05-28 19:21:06 --> CodeIgniter\HTTP\Exceptions\BadRequestException: The URI you submitted has disallowed characters: "प्रमुख-समाचार"
[Method: GET, Route: category/%E0%A4%AA%E0%A5%8D%E0%A4%B0%E0%A4%AE%E0%A5%81%E0%A4%96-%E0%A4%B8%E0%A4%AE%E0%A4%BE%E0%A4%9A%E0%A4%BE%E0%A4%B0/]
in SYSTEMPATH/Router/Router.php on line 768.
 1 SYSTEMPATH/Router/Router.php(219): CodeIgniter\Router\Router->checkDisallowedChars()
 2 SYSTEMPATH/CodeIgniter.php(829): CodeIgniter\Router\Router->handle()
 3 SYSTEMPATH/CodeIgniter.php(441): CodeIgniter\CodeIgniter->tryToRouteIt()
 4 SYSTEMPATH/CodeIgniter.php(340): CodeIgniter\CodeIgniter->handleRequest()
 5 SYSTEMPATH/Boot.php(417): CodeIgniter\CodeIgniter->run()
 6 SYSTEMPATH/Boot.php(68): CodeIgniter\Boot::runCodeIgniter()
 7 FCPATH/index.php(31): CodeIgniter\Boot::bootWeb()
CRITICAL - 2026-05-28 19:21:08 --> CodeIgniter\HTTP\Exceptions\BadRequestException: The URI you submitted has disallowed characters: "प्रमुख-समाचार"
[Method: GET, Route: category/%E0%A4%AA%E0%A5%8D%E0%A4%B0%E0%A4%AE%E0%A5%81%E0%A4%96-%E0%A4%B8%E0%A4%AE%E0%A4%BE%E0%A4%9A%E0%A4%BE%E0%A4%B0/page/10/]
in SYSTEMPATH/Router/Router.php on line 768.
 1 SYSTEMPATH/Router/Router.php(219): CodeIgniter\Router\Router->checkDisallowedChars()
 2 SYSTEMPATH/CodeIgniter.php(829): CodeIgniter\Router\Router->handle()
 3 SYSTEMPATH/CodeIgniter.php(441): CodeIgniter\CodeIgniter->tryToRouteIt()
 4 SYSTEMPATH/CodeIgniter.php(340): CodeIgniter\CodeIgniter->handleRequest()
 5 SYSTEMPATH/Boot.php(417): CodeIgniter\CodeIgniter->run()
 6 SYSTEMPATH/Boot.php(68): CodeIgniter\Boot::runCodeIgniter()
 7 FCPATH/index.php(31): CodeIgniter\Boot::bootWeb()
CRITICAL - 2026-05-28 19:21:10 --> CodeIgniter\HTTP\Exceptions\BadRequestException: The URI you submitted has disallowed characters: "प्रमुख-समाचार"
[Method: GET, Route: category/%E0%A4%AA%E0%A5%8D%E0%A4%B0%E0%A4%AE%E0%A5%81%E0%A4%96-%E0%A4%B8%E0%A4%AE%E0%A4%BE%E0%A4%9A%E0%A4%BE%E0%A4%B0/page/11/]
in SYSTEMPATH/Router/Router.php on line 768.
 1 SYSTEMPATH/Router/Router.php(219): CodeIgniter\Router\Router->checkDisallowedChars()
 2 SYSTEMPATH/CodeIgniter.php(829): CodeIgniter\Router\Router->handle()
 3 SYSTEMPATH/CodeIgniter.php(441): CodeIgniter\CodeIgniter->tryToRouteIt()
 4 SYSTEMPATH/CodeIgniter.php(340): CodeIgniter\CodeIgniter->handleRequest()
 5 SYSTEMPATH/Boot.php(417): CodeIgniter\CodeIgniter->run()
 6 SYSTEMPATH/Boot.php(68): CodeIgniter\Boot::runCodeIgniter()
 7 FCPATH/index.php(31): CodeIgniter\Boot::bootWeb()
CRITICAL - 2026-05-28 19:21:13 --> CodeIgniter\HTTP\Exceptions\BadRequestException: The URI you submitted has disallowed characters: "प्रमुख-समाचार"
[Method: GET, Route: category/%E0%A4%AA%E0%A5%8D%E0%A4%B0%E0%A4%AE%E0%A5%81%E0%A4%96-%E0%A4%B8%E0%A4%AE%E0%A4%BE%E0%A4%9A%E0%A4%BE%E0%A4%B0/page/12/]
in SYSTEMPATH/Router/Router.php on line 768.
 1 SYSTEMPATH/Router/Router.php(219): CodeIgniter\Router\Router->checkDisallowedChars()
 2 SYSTEMPATH/CodeIgniter.php(829): CodeIgniter\Router\Router->handle()
 3 SYSTEMPATH/CodeIgniter.php(441): CodeIgniter\CodeIgniter->tryToRouteIt()
 4 SYSTEMPATH/CodeIgniter.php(340): CodeIgniter\CodeIgniter->handleRequest()
 5 SYSTEMPATH/Boot.php(417): CodeIgniter\CodeIgniter->run()
 6 SYSTEMPATH/Boot.php(68): CodeIgniter\Boot::runCodeIgniter()
 7 FCPATH/index.php(31): CodeIgniter\Boot::bootWeb()
CRITICAL - 2026-05-28 19:21:15 --> CodeIgniter\HTTP\Exceptions\BadRequestException: The URI you submitted has disallowed characters: "प्रमुख-समाचार"
[Method: GET, Route: category/%E0%A4%AA%E0%A5%8D%E0%A4%B0%E0%A4%AE%E0%A5%81%E0%A4%96-%E0%A4%B8%E0%A4%AE%E0%A4%BE%E0%A4%9A%E0%A4%BE%E0%A4%B0/page/13/]
in SYSTEMPATH/Router/Router.php on line 768.
 1 SYSTEMPATH/Router/Router.php(219): CodeIgniter\Router\Router->checkDisallowedChars()
 2 SYSTEMPATH/CodeIgniter.php(829): CodeIgniter\Router\Router->handle()
 3 SYSTEMPATH/CodeIgniter.php(441): CodeIgniter\CodeIgniter->tryToRouteIt()
 4 SYSTEMPATH/CodeIgniter.php(340): CodeIgniter\CodeIgniter->handleRequest()
 5 SYSTEMPATH/Boot.php(417): CodeIgniter\CodeIgniter->run()
 6 SYSTEMPATH/Boot.php(68): CodeIgniter\Boot::runCodeIgniter()
 7 FCPATH/index.php(31): CodeIgniter\Boot::bootWeb()
CRITICAL - 2026-05-28 19:21:17 --> CodeIgniter\HTTP\Exceptions\BadRequestException: The URI you submitted has disallowed characters: "प्रमुख-समाचार"
[Method: GET, Route: category/%E0%A4%AA%E0%A5%8D%E0%A4%B0%E0%A4%AE%E0%A5%81%E0%A4%96-%E0%A4%B8%E0%A4%AE%E0%A4%BE%E0%A4%9A%E0%A4%BE%E0%A4%B0/page/2/]
in SYSTEMPATH/Router/Router.php on line 768.
 1 SYSTEMPATH/Router/Router.php(219): CodeIgniter\Router\Router->checkDisallowedChars()
 2 SYSTEMPATH/CodeIgniter.php(829): CodeIgniter\Router\Router->handle()
 3 SYSTEMPATH/CodeIgniter.php(441): CodeIgniter\CodeIgniter->tryToRouteIt()
 4 SYSTEMPATH/CodeIgniter.php(340): CodeIgniter\CodeIgniter->handleRequest()
 5 SYSTEMPATH/Boot.php(417): CodeIgniter\CodeIgniter->run()
 6 SYSTEMPATH/Boot.php(68): CodeIgniter\Boot::runCodeIgniter()
 7 FCPATH/index.php(31): CodeIgniter\Boot::bootWeb()
CRITICAL - 2026-05-28 19:21:20 --> CodeIgniter\HTTP\Exceptions\BadRequestException: The URI you submitted has disallowed characters: "प्रमुख-समाचार"
[Method: GET, Route: category/%E0%A4%AA%E0%A5%8D%E0%A4%B0%E0%A4%AE%E0%A5%81%E0%A4%96-%E0%A4%B8%E0%A4%AE%E0%A4%BE%E0%A4%9A%E0%A4%BE%E0%A4%B0/page/3/]
in SYSTEMPATH/Router/Router.php on line 768.
 1 SYSTEMPATH/Router/Router.php(219): CodeIgniter\Router\Router->checkDisallowedChars()
 2 SYSTEMPATH/CodeIgniter.php(829): CodeIgniter\Router\Router->handle()
 3 SYSTEMPATH/CodeIgniter.php(441): CodeIgniter\CodeIgniter->tryToRouteIt()
 4 SYSTEMPATH/CodeIgniter.php(340): CodeIgniter\CodeIgniter->handleRequest()
 5 SYSTEMPATH/Boot.php(417): CodeIgniter\CodeIgniter->run()
 6 SYSTEMPATH/Boot.php(68): CodeIgniter\Boot::runCodeIgniter()
 7 FCPATH/index.php(31): CodeIgniter\Boot::bootWeb()
CRITICAL - 2026-05-28 19:21:22 --> CodeIgniter\HTTP\Exceptions\BadRequestException: The URI you submitted has disallowed characters: "प्रमुख-समाचार"
[Method: GET, Route: category/%E0%A4%AA%E0%A5%8D%E0%A4%B0%E0%A4%AE%E0%A5%81%E0%A4%96-%E0%A4%B8%E0%A4%AE%E0%A4%BE%E0%A4%9A%E0%A4%BE%E0%A4%B0/page/4/]
in SYSTEMPATH/Router/Router.php on line 768.
 1 SYSTEMPATH/Router/Router.php(219): CodeIgniter\Router\Router->checkDisallowedChars()
 2 SYSTEMPATH/CodeIgniter.php(829): CodeIgniter\Router\Router->handle()
 3 SYSTEMPATH/CodeIgniter.php(441): CodeIgniter\CodeIgniter->tryToRouteIt()
 4 SYSTEMPATH/CodeIgniter.php(340): CodeIgniter\CodeIgniter->handleRequest()
 5 SYSTEMPATH/Boot.php(417): CodeIgniter\CodeIgniter->run()
 6 SYSTEMPATH/Boot.php(68): CodeIgniter\Boot::runCodeIgniter()
 7 FCPATH/index.php(31): CodeIgniter\Boot::bootWeb()
CRITICAL - 2026-05-28 19:21:25 --> CodeIgniter\HTTP\Exceptions\BadRequestException: The URI you submitted has disallowed characters: "प्रमुख-समाचार"
[Method: GET, Route: category/%E0%A4%AA%E0%A5%8D%E0%A4%B0%E0%A4%AE%E0%A5%81%E0%A4%96-%E0%A4%B8%E0%A4%AE%E0%A4%BE%E0%A4%9A%E0%A4%BE%E0%A4%B0/page/5/]
in SYSTEMPATH/Router/Router.php on line 768.
 1 SYSTEMPATH/Router/Router.php(219): CodeIgniter\Router\Router->checkDisallowedChars()
 2 SYSTEMPATH/CodeIgniter.php(829): CodeIgniter\Router\Router->handle()
 3 SYSTEMPATH/CodeIgniter.php(441): CodeIgniter\CodeIgniter->tryToRouteIt()
 4 SYSTEMPATH/CodeIgniter.php(340): CodeIgniter\CodeIgniter->handleRequest()
 5 SYSTEMPATH/Boot.php(417): CodeIgniter\CodeIgniter->run()
 6 SYSTEMPATH/Boot.php(68): CodeIgniter\Boot::runCodeIgniter()
 7 FCPATH/index.php(31): CodeIgniter\Boot::bootWeb()
CRITICAL - 2026-05-28 19:21:27 --> CodeIgniter\HTTP\Exceptions\BadRequestException: The URI you submitted has disallowed characters: "प्रमुख-समाचार"
[Method: GET, Route: category/%E0%A4%AA%E0%A5%8D%E0%A4%B0%E0%A4%AE%E0%A5%81%E0%A4%96-%E0%A4%B8%E0%A4%AE%E0%A4%BE%E0%A4%9A%E0%A4%BE%E0%A4%B0/page/6/]
in SYSTEMPATH/Router/Router.php on line 768.
 1 SYSTEMPATH/Router/Router.php(219): CodeIgniter\Router\Router->checkDisallowedChars()
 2 SYSTEMPATH/CodeIgniter.php(829): CodeIgniter\Router\Router->handle()
 3 SYSTEMPATH/CodeIgniter.php(441): CodeIgniter\CodeIgniter->tryToRouteIt()
 4 SYSTEMPATH/CodeIgniter.php(340): CodeIgniter\CodeIgniter->handleRequest()
 5 SYSTEMPATH/Boot.php(417): CodeIgniter\CodeIgniter->run()
 6 SYSTEMPATH/Boot.php(68): CodeIgniter\Boot::runCodeIgniter()
 7 FCPATH/index.php(31): CodeIgniter\Boot::bootWeb()
CRITICAL - 2026-05-28 19:21:29 --> CodeIgniter\HTTP\Exceptions\BadRequestException: The URI you submitted has disallowed characters: "प्रमुख-समाचार"
[Method: GET, Route: category/%E0%A4%AA%E0%A5%8D%E0%A4%B0%E0%A4%AE%E0%A5%81%E0%A4%96-%E0%A4%B8%E0%A4%AE%E0%A4%BE%E0%A4%9A%E0%A4%BE%E0%A4%B0/page/9/]
in SYSTEMPATH/Router/Router.php on line 768.
 1 SYSTEMPATH/Router/Router.php(219): CodeIgniter\Router\Router->checkDisallowedChars()
 2 SYSTEMPATH/CodeIgniter.php(829): CodeIgniter\Router\Router->handle()
 3 SYSTEMPATH/CodeIgniter.php(441): CodeIgniter\CodeIgniter->tryToRouteIt()
 4 SYSTEMPATH/CodeIgniter.php(340): CodeIgniter\CodeIgniter->handleRequest()
 5 SYSTEMPATH/Boot.php(417): CodeIgniter\CodeIgniter->run()
 6 SYSTEMPATH/Boot.php(68): CodeIgniter\Boot::runCodeIgniter()
 7 FCPATH/index.php(31): CodeIgniter\Boot::bootWeb()
CRITICAL - 2026-05-28 19:21:32 --> CodeIgniter\HTTP\Exceptions\BadRequestException: The URI you submitted has disallowed characters: "मनोरञ्जन"
[Method: GET, Route: category/%E0%A4%AE%E0%A4%A8%E0%A5%8B%E0%A4%B0%E0%A4%9E%E0%A5%8D%E0%A4%9C%E0%A4%A8/]
in SYSTEMPATH/Router/Router.php on line 768.
 1 SYSTEMPATH/Router/Router.php(219): CodeIgniter\Router\Router->checkDisallowedChars()
 2 SYSTEMPATH/CodeIgniter.php(829): CodeIgniter\Router\Router->handle()
 3 SYSTEMPATH/CodeIgniter.php(441): CodeIgniter\CodeIgniter->tryToRouteIt()
 4 SYSTEMPATH/CodeIgniter.php(340): CodeIgniter\CodeIgniter->handleRequest()
 5 SYSTEMPATH/Boot.php(417): CodeIgniter\CodeIgniter->run()
 6 SYSTEMPATH/Boot.php(68): CodeIgniter\Boot::runCodeIgniter()
 7 FCPATH/index.php(31): CodeIgniter\Boot::bootWeb()
CRITICAL - 2026-05-28 19:21:34 --> CodeIgniter\HTTP\Exceptions\BadRequestException: The URI you submitted has disallowed characters: "मनोरञ्जन"
[Method: GET, Route: category/%E0%A4%AE%E0%A4%A8%E0%A5%8B%E0%A4%B0%E0%A4%9E%E0%A5%8D%E0%A4%9C%E0%A4%A8/page/2/]
in SYSTEMPATH/Router/Router.php on line 768.
 1 SYSTEMPATH/Router/Router.php(219): CodeIgniter\Router\Router->checkDisallowedChars()
 2 SYSTEMPATH/CodeIgniter.php(829): CodeIgniter\Router\Router->handle()
 3 SYSTEMPATH/CodeIgniter.php(441): CodeIgniter\CodeIgniter->tryToRouteIt()
 4 SYSTEMPATH/CodeIgniter.php(340): CodeIgniter\CodeIgniter->handleRequest()
 5 SYSTEMPATH/Boot.php(417): CodeIgniter\CodeIgniter->run()
 6 SYSTEMPATH/Boot.php(68): CodeIgniter\Boot::runCodeIgniter()
 7 FCPATH/index.php(31): CodeIgniter\Boot::bootWeb()
CRITICAL - 2026-05-28 19:21:36 --> CodeIgniter\HTTP\Exceptions\BadRequestException: The URI you submitted has disallowed characters: "मनोरञ्जन"
[Method: GET, Route: category/%E0%A4%AE%E0%A4%A8%E0%A5%8B%E0%A4%B0%E0%A4%9E%E0%A5%8D%E0%A4%9C%E0%A4%A8/page/3/]
in SYSTEMPATH/Router/Router.php on line 768.
 1 SYSTEMPATH/Router/Router.php(219): CodeIgniter\Router\Router->checkDisallowedChars()
 2 SYSTEMPATH/CodeIgniter.php(829): CodeIgniter\Router\Router->handle()
 3 SYSTEMPATH/CodeIgniter.php(441): CodeIgniter\CodeIgniter->tryToRouteIt()
 4 SYSTEMPATH/CodeIgniter.php(340): CodeIgniter\CodeIgniter->handleRequest()
 5 SYSTEMPATH/Boot.php(417): CodeIgniter\CodeIgniter->run()
 6 SYSTEMPATH/Boot.php(68): CodeIgniter\Boot::runCodeIgniter()
 7 FCPATH/index.php(31): CodeIgniter\Boot::bootWeb()
CRITICAL - 2026-05-28 19:21:39 --> CodeIgniter\HTTP\Exceptions\BadRequestException: The URI you submitted has disallowed characters: "मनोरञ्जन"
[Method: GET, Route: category/%E0%A4%AE%E0%A4%A8%E0%A5%8B%E0%A4%B0%E0%A4%9E%E0%A5%8D%E0%A4%9C%E0%A4%A8/page/4/]
in SYSTEMPATH/Router/Router.php on line 768.
 1 SYSTEMPATH/Router/Router.php(219): CodeIgniter\Router\Router->checkDisallowedChars()
 2 SYSTEMPATH/CodeIgniter.php(829): CodeIgniter\Router\Router->handle()
 3 SYSTEMPATH/CodeIgniter.php(441): CodeIgniter\CodeIgniter->tryToRouteIt()
 4 SYSTEMPATH/CodeIgniter.php(340): CodeIgniter\CodeIgniter->handleRequest()
 5 SYSTEMPATH/Boot.php(417): CodeIgniter\CodeIgniter->run()
 6 SYSTEMPATH/Boot.php(68): CodeIgniter\Boot::runCodeIgniter()
 7 FCPATH/index.php(31): CodeIgniter\Boot::bootWeb()
CRITICAL - 2026-05-28 19:21:43 --> CodeIgniter\HTTP\Exceptions\BadRequestException: The URI you submitted has disallowed characters: "मनोरञ्जन"
[Method: GET, Route: category/%E0%A4%AE%E0%A4%A8%E0%A5%8B%E0%A4%B0%E0%A4%9E%E0%A5%8D%E0%A4%9C%E0%A4%A8/page/5/]
in SYSTEMPATH/Router/Router.php on line 768.
 1 SYSTEMPATH/Router/Router.php(219): CodeIgniter\Router\Router->checkDisallowedChars()
 2 SYSTEMPATH/CodeIgniter.php(829): CodeIgniter\Router\Router->handle()
 3 SYSTEMPATH/CodeIgniter.php(441): CodeIgniter\CodeIgniter->tryToRouteIt()
 4 SYSTEMPATH/CodeIgniter.php(340): CodeIgniter\CodeIgniter->handleRequest()
 5 SYSTEMPATH/Boot.php(417): CodeIgniter\CodeIgniter->run()
 6 SYSTEMPATH/Boot.php(68): CodeIgniter\Boot::runCodeIgniter()
 7 FCPATH/index.php(31): CodeIgniter\Boot::bootWeb()
CRITICAL - 2026-05-28 19:21:45 --> CodeIgniter\HTTP\Exceptions\BadRequestException: The URI you submitted has disallowed characters: "मनोरञ्जन"
[Method: GET, Route: category/%E0%A4%AE%E0%A4%A8%E0%A5%8B%E0%A4%B0%E0%A4%9E%E0%A5%8D%E0%A4%9C%E0%A4%A8/page/5/]
in SYSTEMPATH/Router/Router.php on line 768.
 1 SYSTEMPATH/Router/Router.php(219): CodeIgniter\Router\Router->checkDisallowedChars()
 2 SYSTEMPATH/CodeIgniter.php(829): CodeIgniter\Router\Router->handle()
 3 SYSTEMPATH/CodeIgniter.php(441): CodeIgniter\CodeIgniter->tryToRouteIt()
 4 SYSTEMPATH/CodeIgniter.php(340): CodeIgniter\CodeIgniter->handleRequest()
 5 SYSTEMPATH/Boot.php(417): CodeIgniter\CodeIgniter->run()
 6 SYSTEMPATH/Boot.php(68): CodeIgniter\Boot::runCodeIgniter()
 7 FCPATH/index.php(31): CodeIgniter\Boot::bootWeb()
CRITICAL - 2026-05-28 19:21:49 --> CodeIgniter\HTTP\Exceptions\BadRequestException: The URI you submitted has disallowed characters: "मनोरञ्जन"
[Method: GET, Route: category/%E0%A4%AE%E0%A4%A8%E0%A5%8B%E0%A4%B0%E0%A4%9E%E0%A5%8D%E0%A4%9C%E0%A4%A8/page/6/]
in SYSTEMPATH/Router/Router.php on line 768.
 1 SYSTEMPATH/Router/Router.php(219): CodeIgniter\Router\Router->checkDisallowedChars()
 2 SYSTEMPATH/CodeIgniter.php(829): CodeIgniter\Router\Router->handle()
 3 SYSTEMPATH/CodeIgniter.php(441): CodeIgniter\CodeIgniter->tryToRouteIt()
 4 SYSTEMPATH/CodeIgniter.php(340): CodeIgniter\CodeIgniter->handleRequest()
 5 SYSTEMPATH/Boot.php(417): CodeIgniter\CodeIgniter->run()
 6 SYSTEMPATH/Boot.php(68): CodeIgniter\Boot::runCodeIgniter()
 7 FCPATH/index.php(31): CodeIgniter\Boot::bootWeb()
CRITICAL - 2026-05-28 19:21:52 --> CodeIgniter\HTTP\Exceptions\BadRequestException: The URI you submitted has disallowed characters: "मनोरञ्जन"
[Method: GET, Route: category/%E0%A4%AE%E0%A4%A8%E0%A5%8B%E0%A4%B0%E0%A4%9E%E0%A5%8D%E0%A4%9C%E0%A4%A8/page/6/]
in SYSTEMPATH/Router/Router.php on line 768.
 1 SYSTEMPATH/Router/Router.php(219): CodeIgniter\Router\Router->checkDisallowedChars()
 2 SYSTEMPATH/CodeIgniter.php(829): CodeIgniter\Router\Router->handle()
 3 SYSTEMPATH/CodeIgniter.php(441): CodeIgniter\CodeIgniter->tryToRouteIt()
 4 SYSTEMPATH/CodeIgniter.php(340): CodeIgniter\CodeIgniter->handleRequest()
 5 SYSTEMPATH/Boot.php(417): CodeIgniter\CodeIgniter->run()
 6 SYSTEMPATH/Boot.php(68): CodeIgniter\Boot::runCodeIgniter()
 7 FCPATH/index.php(31): CodeIgniter\Boot::bootWeb()
CRITICAL - 2026-05-28 19:21:56 --> CodeIgniter\HTTP\Exceptions\BadRequestException: The URI you submitted has disallowed characters: "मनोरञ्जन"
[Method: GET, Route: category/%E0%A4%AE%E0%A4%A8%E0%A5%8B%E0%A4%B0%E0%A4%9E%E0%A5%8D%E0%A4%9C%E0%A4%A8/page/7/]
in SYSTEMPATH/Router/Router.php on line 768.
 1 SYSTEMPATH/Router/Router.php(219): CodeIgniter\Router\Router->checkDisallowedChars()
 2 SYSTEMPATH/CodeIgniter.php(829): CodeIgniter\Router\Router->handle()
 3 SYSTEMPATH/CodeIgniter.php(441): CodeIgniter\CodeIgniter->tryToRouteIt()
 4 SYSTEMPATH/CodeIgniter.php(340): CodeIgniter\CodeIgniter->handleRequest()
 5 SYSTEMPATH/Boot.php(417): CodeIgniter\CodeIgniter->run()
 6 SYSTEMPATH/Boot.php(68): CodeIgniter\Boot::runCodeIgniter()
 7 FCPATH/index.php(31): CodeIgniter\Boot::bootWeb()
CRITICAL - 2026-05-28 19:21:58 --> CodeIgniter\HTTP\Exceptions\BadRequestException: The URI you submitted has disallowed characters: "मनोरञ्जन"
[Method: GET, Route: category/%E0%A4%AE%E0%A4%A8%E0%A5%8B%E0%A4%B0%E0%A4%9E%E0%A5%8D%E0%A4%9C%E0%A4%A8/page/7/]
in SYSTEMPATH/Router/Router.php on line 768.
 1 SYSTEMPATH/Router/Router.php(219): CodeIgniter\Router\Router->checkDisallowedChars()
 2 SYSTEMPATH/CodeIgniter.php(829): CodeIgniter\Router\Router->handle()
 3 SYSTEMPATH/CodeIgniter.php(441): CodeIgniter\CodeIgniter->tryToRouteIt()
 4 SYSTEMPATH/CodeIgniter.php(340): CodeIgniter\CodeIgniter->handleRequest()
 5 SYSTEMPATH/Boot.php(417): CodeIgniter\CodeIgniter->run()
 6 SYSTEMPATH/Boot.php(68): CodeIgniter\Boot::runCodeIgniter()
 7 FCPATH/index.php(31): CodeIgniter\Boot::bootWeb()
CRITICAL - 2026-05-28 19:22:02 --> CodeIgniter\HTTP\Exceptions\BadRequestException: The URI you submitted has disallowed characters: "मनोरञ्जन"
[Method: GET, Route: category/%E0%A4%AE%E0%A4%A8%E0%A5%8B%E0%A4%B0%E0%A4%9E%E0%A5%8D%E0%A4%9C%E0%A4%A8/page/8/]
in SYSTEMPATH/Router/Router.php on line 768.
 1 SYSTEMPATH/Router/Router.php(219): CodeIgniter\Router\Router->checkDisallowedChars()
 2 SYSTEMPATH/CodeIgniter.php(829): CodeIgniter\Router\Router->handle()
 3 SYSTEMPATH/CodeIgniter.php(441): CodeIgniter\CodeIgniter->tryToRouteIt()
 4 SYSTEMPATH/CodeIgniter.php(340): CodeIgniter\CodeIgniter->handleRequest()
 5 SYSTEMPATH/Boot.php(417): CodeIgniter\CodeIgniter->run()
 6 SYSTEMPATH/Boot.php(68): CodeIgniter\Boot::runCodeIgniter()
 7 FCPATH/index.php(31): CodeIgniter\Boot::bootWeb()
CRITICAL - 2026-05-28 19:22:05 --> CodeIgniter\HTTP\Exceptions\BadRequestException: The URI you submitted has disallowed characters: "मनोरञ्जन"
[Method: GET, Route: category/%E0%A4%AE%E0%A4%A8%E0%A5%8B%E0%A4%B0%E0%A4%9E%E0%A5%8D%E0%A4%9C%E0%A4%A8/page/8/]
in SYSTEMPATH/Router/Router.php on line 768.
 1 SYSTEMPATH/Router/Router.php(219): CodeIgniter\Router\Router->checkDisallowedChars()
 2 SYSTEMPATH/CodeIgniter.php(829): CodeIgniter\Router\Router->handle()
 3 SYSTEMPATH/CodeIgniter.php(441): CodeIgniter\CodeIgniter->tryToRouteIt()
 4 SYSTEMPATH/CodeIgniter.php(340): CodeIgniter\CodeIgniter->handleRequest()
 5 SYSTEMPATH/Boot.php(417): CodeIgniter\CodeIgniter->run()
 6 SYSTEMPATH/Boot.php(68): CodeIgniter\Boot::runCodeIgniter()
 7 FCPATH/index.php(31): CodeIgniter\Boot::bootWeb()
CRITICAL - 2026-05-28 19:22:09 --> CodeIgniter\HTTP\Exceptions\BadRequestException: The URI you submitted has disallowed characters: "मनोरञ्जन"
[Method: GET, Route: category/%E0%A4%AE%E0%A4%A8%E0%A5%8B%E0%A4%B0%E0%A4%9E%E0%A5%8D%E0%A4%9C%E0%A4%A8/page/9/]
in SYSTEMPATH/Router/Router.php on line 768.
 1 SYSTEMPATH/Router/Router.php(219): CodeIgniter\Router\Router->checkDisallowedChars()
 2 SYSTEMPATH/CodeIgniter.php(829): CodeIgniter\Router\Router->handle()
 3 SYSTEMPATH/CodeIgniter.php(441): CodeIgniter\CodeIgniter->tryToRouteIt()
 4 SYSTEMPATH/CodeIgniter.php(340): CodeIgniter\CodeIgniter->handleRequest()
 5 SYSTEMPATH/Boot.php(417): CodeIgniter\CodeIgniter->run()
 6 SYSTEMPATH/Boot.php(68): CodeIgniter\Boot::runCodeIgniter()
 7 FCPATH/index.php(31): CodeIgniter\Boot::bootWeb()
CRITICAL - 2026-05-28 19:22:12 --> CodeIgniter\HTTP\Exceptions\BadRequestException: The URI you submitted has disallowed characters: "मनोरञ्जन"
[Method: GET, Route: category/%E0%A4%AE%E0%A4%A8%E0%A5%8B%E0%A4%B0%E0%A4%9E%E0%A5%8D%E0%A4%9C%E0%A4%A8/page/9/]
in SYSTEMPATH/Router/Router.php on line 768.
 1 SYSTEMPATH/Router/Router.php(219): CodeIgniter\Router\Router->checkDisallowedChars()
 2 SYSTEMPATH/CodeIgniter.php(829): CodeIgniter\Router\Router->handle()
 3 SYSTEMPATH/CodeIgniter.php(441): CodeIgniter\CodeIgniter->tryToRouteIt()
 4 SYSTEMPATH/CodeIgniter.php(340): CodeIgniter\CodeIgniter->handleRequest()
 5 SYSTEMPATH/Boot.php(417): CodeIgniter\CodeIgniter->run()
 6 SYSTEMPATH/Boot.php(68): CodeIgniter\Boot::runCodeIgniter()
 7 FCPATH/index.php(31): CodeIgniter\Boot::bootWeb()
CRITICAL - 2026-05-28 19:22:14 --> CodeIgniter\HTTP\Exceptions\BadRequestException: The URI you submitted has disallowed characters: "राजनीति"
[Method: GET, Route: category/%E0%A4%B0%E0%A4%BE%E0%A4%9C%E0%A4%A8%E0%A5%80%E0%A4%A4%E0%A4%BF/]
in SYSTEMPATH/Router/Router.php on line 768.
 1 SYSTEMPATH/Router/Router.php(219): CodeIgniter\Router\Router->checkDisallowedChars()
 2 SYSTEMPATH/CodeIgniter.php(829): CodeIgniter\Router\Router->handle()
 3 SYSTEMPATH/CodeIgniter.php(441): CodeIgniter\CodeIgniter->tryToRouteIt()
 4 SYSTEMPATH/CodeIgniter.php(340): CodeIgniter\CodeIgniter->handleRequest()
 5 SYSTEMPATH/Boot.php(417): CodeIgniter\CodeIgniter->run()
 6 SYSTEMPATH/Boot.php(68): CodeIgniter\Boot::runCodeIgniter()
 7 FCPATH/index.php(31): CodeIgniter\Boot::bootWeb()
CRITICAL - 2026-05-28 19:22:18 --> CodeIgniter\HTTP\Exceptions\BadRequestException: The URI you submitted has disallowed characters: "राजनीति"
[Method: GET, Route: category/%E0%A4%B0%E0%A4%BE%E0%A4%9C%E0%A4%A8%E0%A5%80%E0%A4%A4%E0%A4%BF/page/10/]
in SYSTEMPATH/Router/Router.php on line 768.
 1 SYSTEMPATH/Router/Router.php(219): CodeIgniter\Router\Router->checkDisallowedChars()
 2 SYSTEMPATH/CodeIgniter.php(829): CodeIgniter\Router\Router->handle()
 3 SYSTEMPATH/CodeIgniter.php(441): CodeIgniter\CodeIgniter->tryToRouteIt()
 4 SYSTEMPATH/CodeIgniter.php(340): CodeIgniter\CodeIgniter->handleRequest()
 5 SYSTEMPATH/Boot.php(417): CodeIgniter\CodeIgniter->run()
 6 SYSTEMPATH/Boot.php(68): CodeIgniter\Boot::runCodeIgniter()
 7 FCPATH/index.php(31): CodeIgniter\Boot::bootWeb()
CRITICAL - 2026-05-28 19:22:20 --> CodeIgniter\HTTP\Exceptions\BadRequestException: The URI you submitted has disallowed characters: "राजनीति"
[Method: GET, Route: category/%E0%A4%B0%E0%A4%BE%E0%A4%9C%E0%A4%A8%E0%A5%80%E0%A4%A4%E0%A4%BF/page/10/]
in SYSTEMPATH/Router/Router.php on line 768.
 1 SYSTEMPATH/Router/Router.php(219): CodeIgniter\Router\Router->checkDisallowedChars()
 2 SYSTEMPATH/CodeIgniter.php(829): CodeIgniter\Router\Router->handle()
 3 SYSTEMPATH/CodeIgniter.php(441): CodeIgniter\CodeIgniter->tryToRouteIt()
 4 SYSTEMPATH/CodeIgniter.php(340): CodeIgniter\CodeIgniter->handleRequest()
 5 SYSTEMPATH/Boot.php(417): CodeIgniter\CodeIgniter->run()
 6 SYSTEMPATH/Boot.php(68): CodeIgniter\Boot::runCodeIgniter()
 7 FCPATH/index.php(31): CodeIgniter\Boot::bootWeb()
CRITICAL - 2026-05-28 19:22:25 --> CodeIgniter\HTTP\Exceptions\BadRequestException: The URI you submitted has disallowed characters: "राजनीति"
[Method: GET, Route: category/%E0%A4%B0%E0%A4%BE%E0%A4%9C%E0%A4%A8%E0%A5%80%E0%A4%A4%E0%A4%BF/page/2/]
in SYSTEMPATH/Router/Router.php on line 768.
 1 SYSTEMPATH/Router/Router.php(219): CodeIgniter\Router\Router->checkDisallowedChars()
 2 SYSTEMPATH/CodeIgniter.php(829): CodeIgniter\Router\Router->handle()
 3 SYSTEMPATH/CodeIgniter.php(441): CodeIgniter\CodeIgniter->tryToRouteIt()
 4 SYSTEMPATH/CodeIgniter.php(340): CodeIgniter\CodeIgniter->handleRequest()
 5 SYSTEMPATH/Boot.php(417): CodeIgniter\CodeIgniter->run()
 6 SYSTEMPATH/Boot.php(68): CodeIgniter\Boot::runCodeIgniter()
 7 FCPATH/index.php(31): CodeIgniter\Boot::bootWeb()
CRITICAL - 2026-05-28 19:22:27 --> CodeIgniter\HTTP\Exceptions\BadRequestException: The URI you submitted has disallowed characters: "राजनीति"
[Method: GET, Route: category/%E0%A4%B0%E0%A4%BE%E0%A4%9C%E0%A4%A8%E0%A5%80%E0%A4%A4%E0%A4%BF/page/2/]
in SYSTEMPATH/Router/Router.php on line 768.
 1 SYSTEMPATH/Router/Router.php(219): CodeIgniter\Router\Router->checkDisallowedChars()
 2 SYSTEMPATH/CodeIgniter.php(829): CodeIgniter\Router\Router->handle()
 3 SYSTEMPATH/CodeIgniter.php(441): CodeIgniter\CodeIgniter->tryToRouteIt()
 4 SYSTEMPATH/CodeIgniter.php(340): CodeIgniter\CodeIgniter->handleRequest()
 5 SYSTEMPATH/Boot.php(417): CodeIgniter\CodeIgniter->run()
 6 SYSTEMPATH/Boot.php(68): CodeIgniter\Boot::runCodeIgniter()
 7 FCPATH/index.php(31): CodeIgniter\Boot::bootWeb()
CRITICAL - 2026-05-28 19:22:31 --> CodeIgniter\HTTP\Exceptions\BadRequestException: The URI you submitted has disallowed characters: "राजनीति"
[Method: GET, Route: category/%E0%A4%B0%E0%A4%BE%E0%A4%9C%E0%A4%A8%E0%A5%80%E0%A4%A4%E0%A4%BF/page/3/]
in SYSTEMPATH/Router/Router.php on line 768.
 1 SYSTEMPATH/Router/Router.php(219): CodeIgniter\Router\Router->checkDisallowedChars()
 2 SYSTEMPATH/CodeIgniter.php(829): CodeIgniter\Router\Router->handle()
 3 SYSTEMPATH/CodeIgniter.php(441): CodeIgniter\CodeIgniter->tryToRouteIt()
 4 SYSTEMPATH/CodeIgniter.php(340): CodeIgniter\CodeIgniter->handleRequest()
 5 SYSTEMPATH/Boot.php(417): CodeIgniter\CodeIgniter->run()
 6 SYSTEMPATH/Boot.php(68): CodeIgniter\Boot::runCodeIgniter()
 7 FCPATH/index.php(31): CodeIgniter\Boot::bootWeb()
CRITICAL - 2026-05-28 19:22:34 --> CodeIgniter\HTTP\Exceptions\BadRequestException: The URI you submitted has disallowed characters: "राजनीति"
[Method: GET, Route: category/%E0%A4%B0%E0%A4%BE%E0%A4%9C%E0%A4%A8%E0%A5%80%E0%A4%A4%E0%A4%BF/page/3/]
in SYSTEMPATH/Router/Router.php on line 768.
 1 SYSTEMPATH/Router/Router.php(219): CodeIgniter\Router\Router->checkDisallowedChars()
 2 SYSTEMPATH/CodeIgniter.php(829): CodeIgniter\Router\Router->handle()
 3 SYSTEMPATH/CodeIgniter.php(441): CodeIgniter\CodeIgniter->tryToRouteIt()
 4 SYSTEMPATH/CodeIgniter.php(340): CodeIgniter\CodeIgniter->handleRequest()
 5 SYSTEMPATH/Boot.php(417): CodeIgniter\CodeIgniter->run()
 6 SYSTEMPATH/Boot.php(68): CodeIgniter\Boot::runCodeIgniter()
 7 FCPATH/index.php(31): CodeIgniter\Boot::bootWeb()
CRITICAL - 2026-05-28 19:22:38 --> CodeIgniter\HTTP\Exceptions\BadRequestException: The URI you submitted has disallowed characters: "राजनीति"
[Method: GET, Route: category/%E0%A4%B0%E0%A4%BE%E0%A4%9C%E0%A4%A8%E0%A5%80%E0%A4%A4%E0%A4%BF/page/4/]
in SYSTEMPATH/Router/Router.php on line 768.
 1 SYSTEMPATH/Router/Router.php(219): CodeIgniter\Router\Router->checkDisallowedChars()
 2 SYSTEMPATH/CodeIgniter.php(829): CodeIgniter\Router\Router->handle()
 3 SYSTEMPATH/CodeIgniter.php(441): CodeIgniter\CodeIgniter->tryToRouteIt()
 4 SYSTEMPATH/CodeIgniter.php(340): CodeIgniter\CodeIgniter->handleRequest()
 5 SYSTEMPATH/Boot.php(417): CodeIgniter\CodeIgniter->run()
 6 SYSTEMPATH/Boot.php(68): CodeIgniter\Boot::runCodeIgniter()
 7 FCPATH/index.php(31): CodeIgniter\Boot::bootWeb()
CRITICAL - 2026-05-28 19:22:40 --> CodeIgniter\HTTP\Exceptions\BadRequestException: The URI you submitted has disallowed characters: "राजनीति"
[Method: GET, Route: category/%E0%A4%B0%E0%A4%BE%E0%A4%9C%E0%A4%A8%E0%A5%80%E0%A4%A4%E0%A4%BF/page/4/]
in SYSTEMPATH/Router/Router.php on line 768.
 1 SYSTEMPATH/Router/Router.php(219): CodeIgniter\Router\Router->checkDisallowedChars()
 2 SYSTEMPATH/CodeIgniter.php(829): CodeIgniter\Router\Router->handle()
 3 SYSTEMPATH/CodeIgniter.php(441): CodeIgniter\CodeIgniter->tryToRouteIt()
 4 SYSTEMPATH/CodeIgniter.php(340): CodeIgniter\CodeIgniter->handleRequest()
 5 SYSTEMPATH/Boot.php(417): CodeIgniter\CodeIgniter->run()
 6 SYSTEMPATH/Boot.php(68): CodeIgniter\Boot::runCodeIgniter()
 7 FCPATH/index.php(31): CodeIgniter\Boot::bootWeb()
CRITICAL - 2026-05-28 19:22:44 --> CodeIgniter\HTTP\Exceptions\BadRequestException: The URI you submitted has disallowed characters: "राजनीति"
[Method: GET, Route: category/%E0%A4%B0%E0%A4%BE%E0%A4%9C%E0%A4%A8%E0%A5%80%E0%A4%A4%E0%A4%BF/page/5/]
in SYSTEMPATH/Router/Router.php on line 768.
 1 SYSTEMPATH/Router/Router.php(219): CodeIgniter\Router\Router->checkDisallowedChars()
 2 SYSTEMPATH/CodeIgniter.php(829): CodeIgniter\Router\Router->handle()
 3 SYSTEMPATH/CodeIgniter.php(441): CodeIgniter\CodeIgniter->tryToRouteIt()
 4 SYSTEMPATH/CodeIgniter.php(340): CodeIgniter\CodeIgniter->handleRequest()
 5 SYSTEMPATH/Boot.php(417): CodeIgniter\CodeIgniter->run()
 6 SYSTEMPATH/Boot.php(68): CodeIgniter\Boot::runCodeIgniter()
 7 FCPATH/index.php(31): CodeIgniter\Boot::bootWeb()
CRITICAL - 2026-05-28 19:22:46 --> CodeIgniter\HTTP\Exceptions\BadRequestException: The URI you submitted has disallowed characters: "राजनीति"
[Method: GET, Route: category/%E0%A4%B0%E0%A4%BE%E0%A4%9C%E0%A4%A8%E0%A5%80%E0%A4%A4%E0%A4%BF/page/5/]
in SYSTEMPATH/Router/Router.php on line 768.
 1 SYSTEMPATH/Router/Router.php(219): CodeIgniter\Router\Router->checkDisallowedChars()
 2 SYSTEMPATH/CodeIgniter.php(829): CodeIgniter\Router\Router->handle()
 3 SYSTEMPATH/CodeIgniter.php(441): CodeIgniter\CodeIgniter->tryToRouteIt()
 4 SYSTEMPATH/CodeIgniter.php(340): CodeIgniter\CodeIgniter->handleRequest()
 5 SYSTEMPATH/Boot.php(417): CodeIgniter\CodeIgniter->run()
 6 SYSTEMPATH/Boot.php(68): CodeIgniter\Boot::runCodeIgniter()
 7 FCPATH/index.php(31): CodeIgniter\Boot::bootWeb()
CRITICAL - 2026-05-28 19:22:50 --> CodeIgniter\HTTP\Exceptions\BadRequestException: The URI you submitted has disallowed characters: "राजनीति"
[Method: GET, Route: category/%E0%A4%B0%E0%A4%BE%E0%A4%9C%E0%A4%A8%E0%A5%80%E0%A4%A4%E0%A4%BF/page/6/]
in SYSTEMPATH/Router/Router.php on line 768.
 1 SYSTEMPATH/Router/Router.php(219): CodeIgniter\Router\Router->checkDisallowedChars()
 2 SYSTEMPATH/CodeIgniter.php(829): CodeIgniter\Router\Router->handle()
 3 SYSTEMPATH/CodeIgniter.php(441): CodeIgniter\CodeIgniter->tryToRouteIt()
 4 SYSTEMPATH/CodeIgniter.php(340): CodeIgniter\CodeIgniter->handleRequest()
 5 SYSTEMPATH/Boot.php(417): CodeIgniter\CodeIgniter->run()
 6 SYSTEMPATH/Boot.php(68): CodeIgniter\Boot::runCodeIgniter()
 7 FCPATH/index.php(31): CodeIgniter\Boot::bootWeb()
CRITICAL - 2026-05-28 19:22:53 --> CodeIgniter\HTTP\Exceptions\BadRequestException: The URI you submitted has disallowed characters: "राजनीति"
[Method: GET, Route: category/%E0%A4%B0%E0%A4%BE%E0%A4%9C%E0%A4%A8%E0%A5%80%E0%A4%A4%E0%A4%BF/page/6/]
in SYSTEMPATH/Router/Router.php on line 768.
 1 SYSTEMPATH/Router/Router.php(219): CodeIgniter\Router\Router->checkDisallowedChars()
 2 SYSTEMPATH/CodeIgniter.php(829): CodeIgniter\Router\Router->handle()
 3 SYSTEMPATH/CodeIgniter.php(441): CodeIgniter\CodeIgniter->tryToRouteIt()
 4 SYSTEMPATH/CodeIgniter.php(340): CodeIgniter\CodeIgniter->handleRequest()
 5 SYSTEMPATH/Boot.php(417): CodeIgniter\CodeIgniter->run()
 6 SYSTEMPATH/Boot.php(68): CodeIgniter\Boot::runCodeIgniter()
 7 FCPATH/index.php(31): CodeIgniter\Boot::bootWeb()
CRITICAL - 2026-05-28 19:22:57 --> CodeIgniter\HTTP\Exceptions\BadRequestException: The URI you submitted has disallowed characters: "राजनीति"
[Method: GET, Route: category/%E0%A4%B0%E0%A4%BE%E0%A4%9C%E0%A4%A8%E0%A5%80%E0%A4%A4%E0%A4%BF/page/7/]
in SYSTEMPATH/Router/Router.php on line 768.
 1 SYSTEMPATH/Router/Router.php(219): CodeIgniter\Router\Router->checkDisallowedChars()
 2 SYSTEMPATH/CodeIgniter.php(829): CodeIgniter\Router\Router->handle()
 3 SYSTEMPATH/CodeIgniter.php(441): CodeIgniter\CodeIgniter->tryToRouteIt()
 4 SYSTEMPATH/CodeIgniter.php(340): CodeIgniter\CodeIgniter->handleRequest()
 5 SYSTEMPATH/Boot.php(417): CodeIgniter\CodeIgniter->run()
 6 SYSTEMPATH/Boot.php(68): CodeIgniter\Boot::runCodeIgniter()
 7 FCPATH/index.php(31): CodeIgniter\Boot::bootWeb()
CRITICAL - 2026-05-28 19:22:59 --> CodeIgniter\HTTP\Exceptions\BadRequestException: The URI you submitted has disallowed characters: "राजनीति"
[Method: GET, Route: category/%E0%A4%B0%E0%A4%BE%E0%A4%9C%E0%A4%A8%E0%A5%80%E0%A4%A4%E0%A4%BF/page/7/]
in SYSTEMPATH/Router/Router.php on line 768.
 1 SYSTEMPATH/Router/Router.php(219): CodeIgniter\Router\Router->checkDisallowedChars()
 2 SYSTEMPATH/CodeIgniter.php(829): CodeIgniter\Router\Router->handle()
 3 SYSTEMPATH/CodeIgniter.php(441): CodeIgniter\CodeIgniter->tryToRouteIt()
 4 SYSTEMPATH/CodeIgniter.php(340): CodeIgniter\CodeIgniter->handleRequest()
 5 SYSTEMPATH/Boot.php(417): CodeIgniter\CodeIgniter->run()
 6 SYSTEMPATH/Boot.php(68): CodeIgniter\Boot::runCodeIgniter()
 7 FCPATH/index.php(31): CodeIgniter\Boot::bootWeb()
CRITICAL - 2026-05-28 19:23:03 --> CodeIgniter\HTTP\Exceptions\BadRequestException: The URI you submitted has disallowed characters: "राजनीति"
[Method: GET, Route: category/%E0%A4%B0%E0%A4%BE%E0%A4%9C%E0%A4%A8%E0%A5%80%E0%A4%A4%E0%A4%BF/page/8/]
in SYSTEMPATH/Router/Router.php on line 768.
 1 SYSTEMPATH/Router/Router.php(219): CodeIgniter\Router\Router->checkDisallowedChars()
 2 SYSTEMPATH/CodeIgniter.php(829): CodeIgniter\Router\Router->handle()
 3 SYSTEMPATH/CodeIgniter.php(441): CodeIgniter\CodeIgniter->tryToRouteIt()
 4 SYSTEMPATH/CodeIgniter.php(340): CodeIgniter\CodeIgniter->handleRequest()
 5 SYSTEMPATH/Boot.php(417): CodeIgniter\CodeIgniter->run()
 6 SYSTEMPATH/Boot.php(68): CodeIgniter\Boot::runCodeIgniter()
 7 FCPATH/index.php(31): CodeIgniter\Boot::bootWeb()
CRITICAL - 2026-05-28 19:23:06 --> CodeIgniter\HTTP\Exceptions\BadRequestException: The URI you submitted has disallowed characters: "राजनीति"
[Method: GET, Route: category/%E0%A4%B0%E0%A4%BE%E0%A4%9C%E0%A4%A8%E0%A5%80%E0%A4%A4%E0%A4%BF/page/8/]
in SYSTEMPATH/Router/Router.php on line 768.
 1 SYSTEMPATH/Router/Router.php(219): CodeIgniter\Router\Router->checkDisallowedChars()
 2 SYSTEMPATH/CodeIgniter.php(829): CodeIgniter\Router\Router->handle()
 3 SYSTEMPATH/CodeIgniter.php(441): CodeIgniter\CodeIgniter->tryToRouteIt()
 4 SYSTEMPATH/CodeIgniter.php(340): CodeIgniter\CodeIgniter->handleRequest()
 5 SYSTEMPATH/Boot.php(417): CodeIgniter\CodeIgniter->run()
 6 SYSTEMPATH/Boot.php(68): CodeIgniter\Boot::runCodeIgniter()
 7 FCPATH/index.php(31): CodeIgniter\Boot::bootWeb()
CRITICAL - 2026-05-28 19:23:10 --> CodeIgniter\HTTP\Exceptions\BadRequestException: The URI you submitted has disallowed characters: "राजनीति"
[Method: GET, Route: category/%E0%A4%B0%E0%A4%BE%E0%A4%9C%E0%A4%A8%E0%A5%80%E0%A4%A4%E0%A4%BF/page/9/]
in SYSTEMPATH/Router/Router.php on line 768.
 1 SYSTEMPATH/Router/Router.php(219): CodeIgniter\Router\Router->checkDisallowedChars()
 2 SYSTEMPATH/CodeIgniter.php(829): CodeIgniter\Router\Router->handle()
 3 SYSTEMPATH/CodeIgniter.php(441): CodeIgniter\CodeIgniter->tryToRouteIt()
 4 SYSTEMPATH/CodeIgniter.php(340): CodeIgniter\CodeIgniter->handleRequest()
 5 SYSTEMPATH/Boot.php(417): CodeIgniter\CodeIgniter->run()
 6 SYSTEMPATH/Boot.php(68): CodeIgniter\Boot::runCodeIgniter()
 7 FCPATH/index.php(31): CodeIgniter\Boot::bootWeb()
CRITICAL - 2026-05-28 19:23:12 --> CodeIgniter\HTTP\Exceptions\BadRequestException: The URI you submitted has disallowed characters: "राजनीति"
[Method: GET, Route: category/%E0%A4%B0%E0%A4%BE%E0%A4%9C%E0%A4%A8%E0%A5%80%E0%A4%A4%E0%A4%BF/page/9/]
in SYSTEMPATH/Router/Router.php on line 768.
 1 SYSTEMPATH/Router/Router.php(219): CodeIgniter\Router\Router->checkDisallowedChars()
 2 SYSTEMPATH/CodeIgniter.php(829): CodeIgniter\Router\Router->handle()
 3 SYSTEMPATH/CodeIgniter.php(441): CodeIgniter\CodeIgniter->tryToRouteIt()
 4 SYSTEMPATH/CodeIgniter.php(340): CodeIgniter\CodeIgniter->handleRequest()
 5 SYSTEMPATH/Boot.php(417): CodeIgniter\CodeIgniter->run()
 6 SYSTEMPATH/Boot.php(68): CodeIgniter\Boot::runCodeIgniter()
 7 FCPATH/index.php(31): CodeIgniter\Boot::bootWeb()
CRITICAL - 2026-05-28 20:20:51 --> CodeIgniter\HTTP\Exceptions\BadRequestException: The URI you submitted has disallowed characters: "इपेपर"
[Method: GET, Route: category/%E0%A4%87%E0%A4%AA%E0%A5%87%E0%A4%AA%E0%A4%B0/]
in SYSTEMPATH/Router/Router.php on line 768.
 1 SYSTEMPATH/Router/Router.php(219): CodeIgniter\Router\Router->checkDisallowedChars()
 2 SYSTEMPATH/CodeIgniter.php(829): CodeIgniter\Router\Router->handle()
 3 SYSTEMPATH/CodeIgniter.php(441): CodeIgniter\CodeIgniter->tryToRouteIt()
 4 SYSTEMPATH/CodeIgniter.php(340): CodeIgniter\CodeIgniter->handleRequest()
 5 SYSTEMPATH/Boot.php(417): CodeIgniter\CodeIgniter->run()
 6 SYSTEMPATH/Boot.php(68): CodeIgniter\Boot::runCodeIgniter()
 7 FCPATH/index.php(31): CodeIgniter\Boot::bootWeb()
CRITICAL - 2026-05-28 20:20:55 --> CodeIgniter\HTTP\Exceptions\BadRequestException: The URI you submitted has disallowed characters: "पत्रपत्रिका"
[Method: GET, Route: category/%E0%A4%AA%E0%A4%A4%E0%A5%8D%E0%A4%B0%E0%A4%AA%E0%A4%A4%E0%A5%8D%E0%A4%B0%E0%A4%BF%E0%A4%95%E0%A4%BE/]
in SYSTEMPATH/Router/Router.php on line 768.
 1 SYSTEMPATH/Router/Router.php(219): CodeIgniter\Router\Router->checkDisallowedChars()
 2 SYSTEMPATH/CodeIgniter.php(829): CodeIgniter\Router\Router->handle()
 3 SYSTEMPATH/CodeIgniter.php(441): CodeIgniter\CodeIgniter->tryToRouteIt()
 4 SYSTEMPATH/CodeIgniter.php(340): CodeIgniter\CodeIgniter->handleRequest()
 5 SYSTEMPATH/Boot.php(417): CodeIgniter\CodeIgniter->run()
 6 SYSTEMPATH/Boot.php(68): CodeIgniter\Boot::runCodeIgniter()
 7 FCPATH/index.php(31): CodeIgniter\Boot::bootWeb()
CRITICAL - 2026-05-28 20:20:59 --> CodeIgniter\HTTP\Exceptions\BadRequestException: The URI you submitted has disallowed characters: "प्रदेश-१"
[Method: GET, Route: category/%E0%A4%AA%E0%A5%8D%E0%A4%B0%E0%A4%A6%E0%A5%87%E0%A4%B6-%E0%A5%A7/]
in SYSTEMPATH/Router/Router.php on line 768.
 1 SYSTEMPATH/Router/Router.php(219): CodeIgniter\Router\Router->checkDisallowedChars()
 2 SYSTEMPATH/CodeIgniter.php(829): CodeIgniter\Router\Router->handle()
 3 SYSTEMPATH/CodeIgniter.php(441): CodeIgniter\CodeIgniter->tryToRouteIt()
 4 SYSTEMPATH/CodeIgniter.php(340): CodeIgniter\CodeIgniter->handleRequest()
 5 SYSTEMPATH/Boot.php(417): CodeIgniter\CodeIgniter->run()
 6 SYSTEMPATH/Boot.php(68): CodeIgniter\Boot::runCodeIgniter()
 7 FCPATH/index.php(31): CodeIgniter\Boot::bootWeb()
CRITICAL - 2026-05-28 20:21:03 --> CodeIgniter\HTTP\Exceptions\BadRequestException: The URI you submitted has disallowed characters: "प्रदेश-२"
[Method: GET, Route: category/%E0%A4%AA%E0%A5%8D%E0%A4%B0%E0%A4%A6%E0%A5%87%E0%A4%B6-%E0%A5%A8/]
in SYSTEMPATH/Router/Router.php on line 768.
 1 SYSTEMPATH/Router/Router.php(219): CodeIgniter\Router\Router->checkDisallowedChars()
 2 SYSTEMPATH/CodeIgniter.php(829): CodeIgniter\Router\Router->handle()
 3 SYSTEMPATH/CodeIgniter.php(441): CodeIgniter\CodeIgniter->tryToRouteIt()
 4 SYSTEMPATH/CodeIgniter.php(340): CodeIgniter\CodeIgniter->handleRequest()
 5 SYSTEMPATH/Boot.php(417): CodeIgniter\CodeIgniter->run()
 6 SYSTEMPATH/Boot.php(68): CodeIgniter\Boot::runCodeIgniter()
 7 FCPATH/index.php(31): CodeIgniter\Boot::bootWeb()
CRITICAL - 2026-05-28 20:21:06 --> CodeIgniter\HTTP\Exceptions\BadRequestException: The URI you submitted has disallowed characters: "प्रदेश-३"
[Method: GET, Route: category/%E0%A4%AA%E0%A5%8D%E0%A4%B0%E0%A4%A6%E0%A5%87%E0%A4%B6-%E0%A5%A9/]
in SYSTEMPATH/Router/Router.php on line 768.
 1 SYSTEMPATH/Router/Router.php(219): CodeIgniter\Router\Router->checkDisallowedChars()
 2 SYSTEMPATH/CodeIgniter.php(829): CodeIgniter\Router\Router->handle()
 3 SYSTEMPATH/CodeIgniter.php(441): CodeIgniter\CodeIgniter->tryToRouteIt()
 4 SYSTEMPATH/CodeIgniter.php(340): CodeIgniter\CodeIgniter->handleRequest()
 5 SYSTEMPATH/Boot.php(417): CodeIgniter\CodeIgniter->run()
 6 SYSTEMPATH/Boot.php(68): CodeIgniter\Boot::runCodeIgniter()
 7 FCPATH/index.php(31): CodeIgniter\Boot::bootWeb()
CRITICAL - 2026-05-28 20:21:09 --> CodeIgniter\HTTP\Exceptions\BadRequestException: The URI you submitted has disallowed characters: "प्रदेश-४"
[Method: GET, Route: category/%E0%A4%AA%E0%A5%8D%E0%A4%B0%E0%A4%A6%E0%A5%87%E0%A4%B6-%E0%A5%AA/]
in SYSTEMPATH/Router/Router.php on line 768.
 1 SYSTEMPATH/Router/Router.php(219): CodeIgniter\Router\Router->checkDisallowedChars()
 2 SYSTEMPATH/CodeIgniter.php(829): CodeIgniter\Router\Router->handle()
 3 SYSTEMPATH/CodeIgniter.php(441): CodeIgniter\CodeIgniter->tryToRouteIt()
 4 SYSTEMPATH/CodeIgniter.php(340): CodeIgniter\CodeIgniter->handleRequest()
 5 SYSTEMPATH/Boot.php(417): CodeIgniter\CodeIgniter->run()
 6 SYSTEMPATH/Boot.php(68): CodeIgniter\Boot::runCodeIgniter()
 7 FCPATH/index.php(31): CodeIgniter\Boot::bootWeb()
CRITICAL - 2026-05-28 20:21:12 --> CodeIgniter\HTTP\Exceptions\BadRequestException: The URI you submitted has disallowed characters: "प्रदेश-५"
[Method: GET, Route: category/%E0%A4%AA%E0%A5%8D%E0%A4%B0%E0%A4%A6%E0%A5%87%E0%A4%B6-%E0%A5%AB/]
in SYSTEMPATH/Router/Router.php on line 768.
 1 SYSTEMPATH/Router/Router.php(219): CodeIgniter\Router\Router->checkDisallowedChars()
 2 SYSTEMPATH/CodeIgniter.php(829): CodeIgniter\Router\Router->handle()
 3 SYSTEMPATH/CodeIgniter.php(441): CodeIgniter\CodeIgniter->tryToRouteIt()
 4 SYSTEMPATH/CodeIgniter.php(340): CodeIgniter\CodeIgniter->handleRequest()
 5 SYSTEMPATH/Boot.php(417): CodeIgniter\CodeIgniter->run()
 6 SYSTEMPATH/Boot.php(68): CodeIgniter\Boot::runCodeIgniter()
 7 FCPATH/index.php(31): CodeIgniter\Boot::bootWeb()
CRITICAL - 2026-05-28 20:21:15 --> CodeIgniter\HTTP\Exceptions\BadRequestException: The URI you submitted has disallowed characters: "प्रदेश-६"
[Method: GET, Route: category/%E0%A4%AA%E0%A5%8D%E0%A4%B0%E0%A4%A6%E0%A5%87%E0%A4%B6-%E0%A5%AC/]
in SYSTEMPATH/Router/Router.php on line 768.
 1 SYSTEMPATH/Router/Router.php(219): CodeIgniter\Router\Router->checkDisallowedChars()
 2 SYSTEMPATH/CodeIgniter.php(829): CodeIgniter\Router\Router->handle()
 3 SYSTEMPATH/CodeIgniter.php(441): CodeIgniter\CodeIgniter->tryToRouteIt()
 4 SYSTEMPATH/CodeIgniter.php(340): CodeIgniter\CodeIgniter->handleRequest()
 5 SYSTEMPATH/Boot.php(417): CodeIgniter\CodeIgniter->run()
 6 SYSTEMPATH/Boot.php(68): CodeIgniter\Boot::runCodeIgniter()
 7 FCPATH/index.php(31): CodeIgniter\Boot::bootWeb()
CRITICAL - 2026-05-28 20:21:19 --> CodeIgniter\HTTP\Exceptions\BadRequestException: The URI you submitted has disallowed characters: "प्रदेश-७"
[Method: GET, Route: category/%E0%A4%AA%E0%A5%8D%E0%A4%B0%E0%A4%A6%E0%A5%87%E0%A4%B6-%E0%A5%AD/]
in SYSTEMPATH/Router/Router.php on line 768.
 1 SYSTEMPATH/Router/Router.php(219): CodeIgniter\Router\Router->checkDisallowedChars()
 2 SYSTEMPATH/CodeIgniter.php(829): CodeIgniter\Router\Router->handle()
 3 SYSTEMPATH/CodeIgniter.php(441): CodeIgniter\CodeIgniter->tryToRouteIt()
 4 SYSTEMPATH/CodeIgniter.php(340): CodeIgniter\CodeIgniter->handleRequest()
 5 SYSTEMPATH/Boot.php(417): CodeIgniter\CodeIgniter->run()
 6 SYSTEMPATH/Boot.php(68): CodeIgniter\Boot::runCodeIgniter()
 7 FCPATH/index.php(31): CodeIgniter\Boot::bootWeb()
CRITICAL - 2026-05-28 20:21:22 --> CodeIgniter\HTTP\Exceptions\BadRequestException: The URI you submitted has disallowed characters: "प्रमुख-समाचार"
[Method: GET, Route: category/%E0%A4%AA%E0%A5%8D%E0%A4%B0%E0%A4%AE%E0%A5%81%E0%A4%96-%E0%A4%B8%E0%A4%AE%E0%A4%BE%E0%A4%9A%E0%A4%BE%E0%A4%B0/]
in SYSTEMPATH/Router/Router.php on line 768.
 1 SYSTEMPATH/Router/Router.php(219): CodeIgniter\Router\Router->checkDisallowedChars()
 2 SYSTEMPATH/CodeIgniter.php(829): CodeIgniter\Router\Router->handle()
 3 SYSTEMPATH/CodeIgniter.php(441): CodeIgniter\CodeIgniter->tryToRouteIt()
 4 SYSTEMPATH/CodeIgniter.php(340): CodeIgniter\CodeIgniter->handleRequest()
 5 SYSTEMPATH/Boot.php(417): CodeIgniter\CodeIgniter->run()
 6 SYSTEMPATH/Boot.php(68): CodeIgniter\Boot::runCodeIgniter()
 7 FCPATH/index.php(31): CodeIgniter\Boot::bootWeb()
CRITICAL - 2026-05-28 20:21:26 --> CodeIgniter\HTTP\Exceptions\BadRequestException: The URI you submitted has disallowed characters: "मनोरञ्जन"
[Method: GET, Route: category/%E0%A4%AE%E0%A4%A8%E0%A5%8B%E0%A4%B0%E0%A4%9E%E0%A5%8D%E0%A4%9C%E0%A4%A8/]
in SYSTEMPATH/Router/Router.php on line 768.
 1 SYSTEMPATH/Router/Router.php(219): CodeIgniter\Router\Router->checkDisallowedChars()
 2 SYSTEMPATH/CodeIgniter.php(829): CodeIgniter\Router\Router->handle()
 3 SYSTEMPATH/CodeIgniter.php(441): CodeIgniter\CodeIgniter->tryToRouteIt()
 4 SYSTEMPATH/CodeIgniter.php(340): CodeIgniter\CodeIgniter->handleRequest()
 5 SYSTEMPATH/Boot.php(417): CodeIgniter\CodeIgniter->run()
 6 SYSTEMPATH/Boot.php(68): CodeIgniter\Boot::runCodeIgniter()
 7 FCPATH/index.php(31): CodeIgniter\Boot::bootWeb()
CRITICAL - 2026-05-28 20:21:29 --> CodeIgniter\HTTP\Exceptions\BadRequestException: The URI you submitted has disallowed characters: "राजनीति"
[Method: GET, Route: category/%E0%A4%B0%E0%A4%BE%E0%A4%9C%E0%A4%A8%E0%A5%80%E0%A4%A4%E0%A4%BF/]
in SYSTEMPATH/Router/Router.php on line 768.
 1 SYSTEMPATH/Router/Router.php(219): CodeIgniter\Router\Router->checkDisallowedChars()
 2 SYSTEMPATH/CodeIgniter.php(829): CodeIgniter\Router\Router->handle()
 3 SYSTEMPATH/CodeIgniter.php(441): CodeIgniter\CodeIgniter->tryToRouteIt()
 4 SYSTEMPATH/CodeIgniter.php(340): CodeIgniter\CodeIgniter->handleRequest()
 5 SYSTEMPATH/Boot.php(417): CodeIgniter\CodeIgniter->run()
 6 SYSTEMPATH/Boot.php(68): CodeIgniter\Boot::runCodeIgniter()
 7 FCPATH/index.php(31): CodeIgniter\Boot::bootWeb()
CRITICAL - 2026-05-28 21:51:06 --> CodeIgniter\HTTP\Exceptions\BadRequestException: The URI you submitted has disallowed characters: "तेस्रो-जीतपुरसिमरा-क्रिकेटको-उपाधि-सर्लाहीले-उचाल्यो"
[Method: GET, Route: news/%E0%A4%A4%E0%A5%87%E0%A4%B8%E0%A5%8D%E0%A4%B0%E0%A5%8B-%E0%A4%9C%E0%A5%80%E0%A4%A4%E0%A4%AA%E0%A5%81%E0%A4%B0%E0%A4%B8%E0%A4%BF%E0%A4%AE%E0%A4%B0%E0%A4%BE-%E0%A4%95%E0%A5%8D%E0%A4%B0%E0%A4%BF%E0%A4%95%E0%A5%87%E0%A4%9F%E0%A4%95%E0%A5%8B-%E0%A4%89%E0%A4%AA%E0%A4%BE%E0%A4%A7%E0%A4%BF-%E0%A4%B8%E0%A4%B0%E0%A5%8D%E0%A4%B2%E0%A4%BE%E0%A4%B9%E0%A5%80%E0%A4%B2%E0%A5%87-%E0%A4%89%E0%A4%9A%E0%A4%BE%E0%A4%B2%E0%A5%8D%E0%A4%AF%E0%A5%8B]
in SYSTEMPATH/Router/Router.php on line 768.
 1 SYSTEMPATH/Router/Router.php(219): CodeIgniter\Router\Router->checkDisallowedChars()
 2 SYSTEMPATH/CodeIgniter.php(829): CodeIgniter\Router\Router->handle()
 3 SYSTEMPATH/CodeIgniter.php(441): CodeIgniter\CodeIgniter->tryToRouteIt()
 4 SYSTEMPATH/CodeIgniter.php(340): CodeIgniter\CodeIgniter->handleRequest()
 5 SYSTEMPATH/Boot.php(417): CodeIgniter\CodeIgniter->run()
 6 SYSTEMPATH/Boot.php(68): CodeIgniter\Boot::runCodeIgniter()
 7 FCPATH/index.php(31): CodeIgniter\Boot::bootWeb()
CRITICAL - 2026-05-28 21:51:11 --> CodeIgniter\HTTP\Exceptions\BadRequestException: The URI you submitted has disallowed characters: "तेस्रो-जीतपुरसिमरा-क्रिकेटको-उपाधि-सर्लाहीले-उचाल्यो"
[Method: GET, Route: news/%E0%A4%A4%E0%A5%87%E0%A4%B8%E0%A5%8D%E0%A4%B0%E0%A5%8B-%E0%A4%9C%E0%A5%80%E0%A4%A4%E0%A4%AA%E0%A5%81%E0%A4%B0%E0%A4%B8%E0%A4%BF%E0%A4%AE%E0%A4%B0%E0%A4%BE-%E0%A4%95%E0%A5%8D%E0%A4%B0%E0%A4%BF%E0%A4%95%E0%A5%87%E0%A4%9F%E0%A4%95%E0%A5%8B-%E0%A4%89%E0%A4%AA%E0%A4%BE%E0%A4%A7%E0%A4%BF-%E0%A4%B8%E0%A4%B0%E0%A5%8D%E0%A4%B2%E0%A4%BE%E0%A4%B9%E0%A5%80%E0%A4%B2%E0%A5%87-%E0%A4%89%E0%A4%9A%E0%A4%BE%E0%A4%B2%E0%A5%8D%E0%A4%AF%E0%A5%8B]
in SYSTEMPATH/Router/Router.php on line 768.
 1 SYSTEMPATH/Router/Router.php(219): CodeIgniter\Router\Router->checkDisallowedChars()
 2 SYSTEMPATH/CodeIgniter.php(829): CodeIgniter\Router\Router->handle()
 3 SYSTEMPATH/CodeIgniter.php(441): CodeIgniter\CodeIgniter->tryToRouteIt()
 4 SYSTEMPATH/CodeIgniter.php(340): CodeIgniter\CodeIgniter->handleRequest()
 5 SYSTEMPATH/Boot.php(417): CodeIgniter\CodeIgniter->run()
 6 SYSTEMPATH/Boot.php(68): CodeIgniter\Boot::runCodeIgniter()
 7 FCPATH/index.php(31): CodeIgniter\Boot::bootWeb()
CRITICAL - 2026-05-28 21:51:14 --> CodeIgniter\HTTP\Exceptions\BadRequestException: The URI you submitted has disallowed characters: "इपेपर"
[Method: GET, Route: category/%E0%A4%87%E0%A4%AA%E0%A5%87%E0%A4%AA%E0%A4%B0/]
in SYSTEMPATH/Router/Router.php on line 768.
 1 SYSTEMPATH/Router/Router.php(219): CodeIgniter\Router\Router->checkDisallowedChars()
 2 SYSTEMPATH/CodeIgniter.php(829): CodeIgniter\Router\Router->handle()
 3 SYSTEMPATH/CodeIgniter.php(441): CodeIgniter\CodeIgniter->tryToRouteIt()
 4 SYSTEMPATH/CodeIgniter.php(340): CodeIgniter\CodeIgniter->handleRequest()
 5 SYSTEMPATH/Boot.php(417): CodeIgniter\CodeIgniter->run()
 6 SYSTEMPATH/Boot.php(68): CodeIgniter\Boot::runCodeIgniter()
 7 FCPATH/index.php(31): CodeIgniter\Boot::bootWeb()
CRITICAL - 2026-05-28 22:51:57 --> CodeIgniter\HTTP\Exceptions\BadRequestException: The URI you submitted has disallowed characters: "राजनीति"
[Method: GET, Route: category/%E0%A4%B0%E0%A4%BE%E0%A4%9C%E0%A4%A8%E0%A5%80%E0%A4%A4%E0%A4%BF/page/9/]
in SYSTEMPATH/Router/Router.php on line 768.
 1 SYSTEMPATH/Router/Router.php(219): CodeIgniter\Router\Router->checkDisallowedChars()
 2 SYSTEMPATH/CodeIgniter.php(829): CodeIgniter\Router\Router->handle()
 3 SYSTEMPATH/CodeIgniter.php(441): CodeIgniter\CodeIgniter->tryToRouteIt()
 4 SYSTEMPATH/CodeIgniter.php(340): CodeIgniter\CodeIgniter->handleRequest()
 5 SYSTEMPATH/Boot.php(417): CodeIgniter\CodeIgniter->run()
 6 SYSTEMPATH/Boot.php(68): CodeIgniter\Boot::runCodeIgniter()
 7 FCPATH/index.php(31): CodeIgniter\Boot::bootWeb()
CRITICAL - 2026-05-28 23:35:31 --> CodeIgniter\HTTP\Exceptions\BadRequestException: The URI you submitted has disallowed characters: "प्रदेश-६"
[Method: GET, Route: category/%E0%A4%AA%E0%A5%8D%E0%A4%B0%E0%A4%A6%E0%A5%87%E0%A4%B6-%E0%A5%AC/page/8/]
in SYSTEMPATH/Router/Router.php on line 768.
 1 SYSTEMPATH/Router/Router.php(219): CodeIgniter\Router\Router->checkDisallowedChars()
 2 SYSTEMPATH/CodeIgniter.php(829): CodeIgniter\Router\Router->handle()
 3 SYSTEMPATH/CodeIgniter.php(441): CodeIgniter\CodeIgniter->tryToRouteIt()
 4 SYSTEMPATH/CodeIgniter.php(340): CodeIgniter\CodeIgniter->handleRequest()
 5 SYSTEMPATH/Boot.php(417): CodeIgniter\CodeIgniter->run()
 6 SYSTEMPATH/Boot.php(68): CodeIgniter\Boot::runCodeIgniter()
 7 FCPATH/index.php(31): CodeIgniter\Boot::bootWeb()
CRITICAL - 2026-05-28 23:52:01 --> CodeIgniter\HTTP\Exceptions\BadRequestException: The URI you submitted has disallowed characters: "स्वास्थ्य"
[Method: GET, Route: category/%E0%A4%B8%E0%A5%8D%E0%A4%B5%E0%A4%BE%E0%A4%B8%E0%A5%8D%E0%A4%A5%E0%A5%8D%E0%A4%AF/page/2/]
in SYSTEMPATH/Router/Router.php on line 768.
 1 SYSTEMPATH/Router/Router.php(219): CodeIgniter\Router\Router->checkDisallowedChars()
 2 SYSTEMPATH/CodeIgniter.php(829): CodeIgniter\Router\Router->handle()
 3 SYSTEMPATH/CodeIgniter.php(441): CodeIgniter\CodeIgniter->tryToRouteIt()
 4 SYSTEMPATH/CodeIgniter.php(340): CodeIgniter\CodeIgniter->handleRequest()
 5 SYSTEMPATH/Boot.php(417): CodeIgniter\CodeIgniter->run()
 6 SYSTEMPATH/Boot.php(68): CodeIgniter\Boot::runCodeIgniter()
 7 FCPATH/index.php(31): CodeIgniter\Boot::bootWeb()
