CRITICAL - 2026-07-01 00:06:46 --> CodeIgniter\HTTP\Exceptions\BadRequestException: The URI you submitted has disallowed characters: "समाचार"
[Method: GET, Route: 1167/2021/11/%E0%A4%B8%E0%A4%AE%E0%A4%BE%E0%A4%9A%E0%A4%BE%E0%A4%B0/feed/]
in SYSTEMPATH/Router/Router.php on line 768.
 1 SYSTEMPATH/Router/Router.php(219): CodeIgniter\Router\Router->checkDisallowedChars()
 2 SYSTEMPATH/CodeIgniter.php(829): CodeIgniter\Router\Router->handle()
 3 SYSTEMPATH/CodeIgniter.php(441): CodeIgniter\CodeIgniter->tryToRouteIt()
 4 SYSTEMPATH/CodeIgniter.php(340): CodeIgniter\CodeIgniter->handleRequest()
 5 SYSTEMPATH/Boot.php(417): CodeIgniter\CodeIgniter->run()
 6 SYSTEMPATH/Boot.php(68): CodeIgniter\Boot::runCodeIgniter()
 7 FCPATH/index.php(31): CodeIgniter\Boot::bootWeb()
CRITICAL - 2026-07-01 00:06:50 --> CodeIgniter\HTTP\Exceptions\BadRequestException: The URI you submitted has disallowed characters: "समाचार"
[Method: GET, Route: 1288/2021/11/%E0%A4%B8%E0%A4%AE%E0%A4%BE%E0%A4%9A%E0%A4%BE%E0%A4%B0/feed/]
in SYSTEMPATH/Router/Router.php on line 768.
 1 SYSTEMPATH/Router/Router.php(219): CodeIgniter\Router\Router->checkDisallowedChars()
 2 SYSTEMPATH/CodeIgniter.php(829): CodeIgniter\Router\Router->handle()
 3 SYSTEMPATH/CodeIgniter.php(441): CodeIgniter\CodeIgniter->tryToRouteIt()
 4 SYSTEMPATH/CodeIgniter.php(340): CodeIgniter\CodeIgniter->handleRequest()
 5 SYSTEMPATH/Boot.php(417): CodeIgniter\CodeIgniter->run()
 6 SYSTEMPATH/Boot.php(68): CodeIgniter\Boot::runCodeIgniter()
 7 FCPATH/index.php(31): CodeIgniter\Boot::bootWeb()
CRITICAL - 2026-07-01 00:06:53 --> CodeIgniter\HTTP\Exceptions\BadRequestException: The URI you submitted has disallowed characters: "विश्व"
[Method: GET, Route: 1991/2021/11/%E0%A4%B5%E0%A4%BF%E0%A4%B6%E0%A5%8D%E0%A4%B5/feed/]
in SYSTEMPATH/Router/Router.php on line 768.
 1 SYSTEMPATH/Router/Router.php(219): CodeIgniter\Router\Router->checkDisallowedChars()
 2 SYSTEMPATH/CodeIgniter.php(829): CodeIgniter\Router\Router->handle()
 3 SYSTEMPATH/CodeIgniter.php(441): CodeIgniter\CodeIgniter->tryToRouteIt()
 4 SYSTEMPATH/CodeIgniter.php(340): CodeIgniter\CodeIgniter->handleRequest()
 5 SYSTEMPATH/Boot.php(417): CodeIgniter\CodeIgniter->run()
 6 SYSTEMPATH/Boot.php(68): CodeIgniter\Boot::runCodeIgniter()
 7 FCPATH/index.php(31): CodeIgniter\Boot::bootWeb()
CRITICAL - 2026-07-01 00:06:55 --> CodeIgniter\HTTP\Exceptions\BadRequestException: The URI you submitted has disallowed characters: "समाचार"
[Method: GET, Route: 2151/2021/11/%E0%A4%B8%E0%A4%AE%E0%A4%BE%E0%A4%9A%E0%A4%BE%E0%A4%B0/feed/]
in SYSTEMPATH/Router/Router.php on line 768.
 1 SYSTEMPATH/Router/Router.php(219): CodeIgniter\Router\Router->checkDisallowedChars()
 2 SYSTEMPATH/CodeIgniter.php(829): CodeIgniter\Router\Router->handle()
 3 SYSTEMPATH/CodeIgniter.php(441): CodeIgniter\CodeIgniter->tryToRouteIt()
 4 SYSTEMPATH/CodeIgniter.php(340): CodeIgniter\CodeIgniter->handleRequest()
 5 SYSTEMPATH/Boot.php(417): CodeIgniter\CodeIgniter->run()
 6 SYSTEMPATH/Boot.php(68): CodeIgniter\Boot::runCodeIgniter()
 7 FCPATH/index.php(31): CodeIgniter\Boot::bootWeb()
CRITICAL - 2026-07-01 00:06:58 --> CodeIgniter\HTTP\Exceptions\BadRequestException: The URI you submitted has disallowed characters: "समाचार"
[Method: GET, Route: 2809/2021/11/%E0%A4%B8%E0%A4%AE%E0%A4%BE%E0%A4%9A%E0%A4%BE%E0%A4%B0/feed/]
in SYSTEMPATH/Router/Router.php on line 768.
 1 SYSTEMPATH/Router/Router.php(219): CodeIgniter\Router\Router->checkDisallowedChars()
 2 SYSTEMPATH/CodeIgniter.php(829): CodeIgniter\Router\Router->handle()
 3 SYSTEMPATH/CodeIgniter.php(441): CodeIgniter\CodeIgniter->tryToRouteIt()
 4 SYSTEMPATH/CodeIgniter.php(340): CodeIgniter\CodeIgniter->handleRequest()
 5 SYSTEMPATH/Boot.php(417): CodeIgniter\CodeIgniter->run()
 6 SYSTEMPATH/Boot.php(68): CodeIgniter\Boot::runCodeIgniter()
 7 FCPATH/index.php(31): CodeIgniter\Boot::bootWeb()
CRITICAL - 2026-07-01 00:07:00 --> CodeIgniter\HTTP\Exceptions\BadRequestException: The URI you submitted has disallowed characters: "समाचार"
[Method: GET, Route: 2928/2021/11/%E0%A4%B8%E0%A4%AE%E0%A4%BE%E0%A4%9A%E0%A4%BE%E0%A4%B0/feed/]
in SYSTEMPATH/Router/Router.php on line 768.
 1 SYSTEMPATH/Router/Router.php(219): CodeIgniter\Router\Router->checkDisallowedChars()
 2 SYSTEMPATH/CodeIgniter.php(829): CodeIgniter\Router\Router->handle()
 3 SYSTEMPATH/CodeIgniter.php(441): CodeIgniter\CodeIgniter->tryToRouteIt()
 4 SYSTEMPATH/CodeIgniter.php(340): CodeIgniter\CodeIgniter->handleRequest()
 5 SYSTEMPATH/Boot.php(417): CodeIgniter\CodeIgniter->run()
 6 SYSTEMPATH/Boot.php(68): CodeIgniter\Boot::runCodeIgniter()
 7 FCPATH/index.php(31): CodeIgniter\Boot::bootWeb()
CRITICAL - 2026-07-01 00:07:04 --> CodeIgniter\HTTP\Exceptions\BadRequestException: The URI you submitted has disallowed characters: "राजनीति"
[Method: GET, Route: 2990/2021/11/%E0%A4%B0%E0%A4%BE%E0%A4%9C%E0%A4%A8%E0%A5%80%E0%A4%A4%E0%A4%BF/feed/]
in SYSTEMPATH/Router/Router.php on line 768.
 1 SYSTEMPATH/Router/Router.php(219): CodeIgniter\Router\Router->checkDisallowedChars()
 2 SYSTEMPATH/CodeIgniter.php(829): CodeIgniter\Router\Router->handle()
 3 SYSTEMPATH/CodeIgniter.php(441): CodeIgniter\CodeIgniter->tryToRouteIt()
 4 SYSTEMPATH/CodeIgniter.php(340): CodeIgniter\CodeIgniter->handleRequest()
 5 SYSTEMPATH/Boot.php(417): CodeIgniter\CodeIgniter->run()
 6 SYSTEMPATH/Boot.php(68): CodeIgniter\Boot::runCodeIgniter()
 7 FCPATH/index.php(31): CodeIgniter\Boot::bootWeb()
CRITICAL - 2026-07-01 00:07:08 --> CodeIgniter\HTTP\Exceptions\BadRequestException: The URI you submitted has disallowed characters: "समाचार"
[Method: GET, Route: 3207/2021/12/%E0%A4%B8%E0%A4%AE%E0%A4%BE%E0%A4%9A%E0%A4%BE%E0%A4%B0/feed/]
in SYSTEMPATH/Router/Router.php on line 768.
 1 SYSTEMPATH/Router/Router.php(219): CodeIgniter\Router\Router->checkDisallowedChars()
 2 SYSTEMPATH/CodeIgniter.php(829): CodeIgniter\Router\Router->handle()
 3 SYSTEMPATH/CodeIgniter.php(441): CodeIgniter\CodeIgniter->tryToRouteIt()
 4 SYSTEMPATH/CodeIgniter.php(340): CodeIgniter\CodeIgniter->handleRequest()
 5 SYSTEMPATH/Boot.php(417): CodeIgniter\CodeIgniter->run()
 6 SYSTEMPATH/Boot.php(68): CodeIgniter\Boot::runCodeIgniter()
 7 FCPATH/index.php(31): CodeIgniter\Boot::bootWeb()
CRITICAL - 2026-07-01 00:07:10 --> CodeIgniter\HTTP\Exceptions\BadRequestException: The URI you submitted has disallowed characters: "अर्थ"
[Method: GET, Route: 3687/2021/12/%E0%A4%85%E0%A4%B0%E0%A5%8D%E0%A4%A5/feed/]
in SYSTEMPATH/Router/Router.php on line 768.
 1 SYSTEMPATH/Router/Router.php(219): CodeIgniter\Router\Router->checkDisallowedChars()
 2 SYSTEMPATH/CodeIgniter.php(829): CodeIgniter\Router\Router->handle()
 3 SYSTEMPATH/CodeIgniter.php(441): CodeIgniter\CodeIgniter->tryToRouteIt()
 4 SYSTEMPATH/CodeIgniter.php(340): CodeIgniter\CodeIgniter->handleRequest()
 5 SYSTEMPATH/Boot.php(417): CodeIgniter\CodeIgniter->run()
 6 SYSTEMPATH/Boot.php(68): CodeIgniter\Boot::runCodeIgniter()
 7 FCPATH/index.php(31): CodeIgniter\Boot::bootWeb()
CRITICAL - 2026-07-01 00:07:12 --> CodeIgniter\HTTP\Exceptions\BadRequestException: The URI you submitted has disallowed characters: "खेलकुद"
[Method: GET, Route: 4286/2021/12/%E0%A4%96%E0%A5%87%E0%A4%B2%E0%A4%95%E0%A5%81%E0%A4%A6/feed/]
in SYSTEMPATH/Router/Router.php on line 768.
 1 SYSTEMPATH/Router/Router.php(219): CodeIgniter\Router\Router->checkDisallowedChars()
 2 SYSTEMPATH/CodeIgniter.php(829): CodeIgniter\Router\Router->handle()
 3 SYSTEMPATH/CodeIgniter.php(441): CodeIgniter\CodeIgniter->tryToRouteIt()
 4 SYSTEMPATH/CodeIgniter.php(340): CodeIgniter\CodeIgniter->handleRequest()
 5 SYSTEMPATH/Boot.php(417): CodeIgniter\CodeIgniter->run()
 6 SYSTEMPATH/Boot.php(68): CodeIgniter\Boot::runCodeIgniter()
 7 FCPATH/index.php(31): CodeIgniter\Boot::bootWeb()
CRITICAL - 2026-07-01 00:07:14 --> CodeIgniter\HTTP\Exceptions\BadRequestException: The URI you submitted has disallowed characters: "राजनीति"
[Method: GET, Route: 443/2021/10/%E0%A4%B0%E0%A4%BE%E0%A4%9C%E0%A4%A8%E0%A5%80%E0%A4%A4%E0%A4%BF/feed/]
in SYSTEMPATH/Router/Router.php on line 768.
 1 SYSTEMPATH/Router/Router.php(219): CodeIgniter\Router\Router->checkDisallowedChars()
 2 SYSTEMPATH/CodeIgniter.php(829): CodeIgniter\Router\Router->handle()
 3 SYSTEMPATH/CodeIgniter.php(441): CodeIgniter\CodeIgniter->tryToRouteIt()
 4 SYSTEMPATH/CodeIgniter.php(340): CodeIgniter\CodeIgniter->handleRequest()
 5 SYSTEMPATH/Boot.php(417): CodeIgniter\CodeIgniter->run()
 6 SYSTEMPATH/Boot.php(68): CodeIgniter\Boot::runCodeIgniter()
 7 FCPATH/index.php(31): CodeIgniter\Boot::bootWeb()
CRITICAL - 2026-07-01 00:07:15 --> CodeIgniter\HTTP\Exceptions\BadRequestException: The URI you submitted has disallowed characters: "राजनीति"
[Method: GET, Route: 479/2021/10/%E0%A4%B0%E0%A4%BE%E0%A4%9C%E0%A4%A8%E0%A5%80%E0%A4%A4%E0%A4%BF/feed/]
in SYSTEMPATH/Router/Router.php on line 768.
 1 SYSTEMPATH/Router/Router.php(219): CodeIgniter\Router\Router->checkDisallowedChars()
 2 SYSTEMPATH/CodeIgniter.php(829): CodeIgniter\Router\Router->handle()
 3 SYSTEMPATH/CodeIgniter.php(441): CodeIgniter\CodeIgniter->tryToRouteIt()
 4 SYSTEMPATH/CodeIgniter.php(340): CodeIgniter\CodeIgniter->handleRequest()
 5 SYSTEMPATH/Boot.php(417): CodeIgniter\CodeIgniter->run()
 6 SYSTEMPATH/Boot.php(68): CodeIgniter\Boot::runCodeIgniter()
 7 FCPATH/index.php(31): CodeIgniter\Boot::bootWeb()
CRITICAL - 2026-07-01 00:07:17 --> CodeIgniter\HTTP\Exceptions\BadRequestException: The URI you submitted has disallowed characters: "मनोरञ्जन"
[Method: GET, Route: 594/2021/10/%E0%A4%AE%E0%A4%A8%E0%A5%8B%E0%A4%B0%E0%A4%9E%E0%A5%8D%E0%A4%9C%E0%A4%A8/feed/]
in SYSTEMPATH/Router/Router.php on line 768.
 1 SYSTEMPATH/Router/Router.php(219): CodeIgniter\Router\Router->checkDisallowedChars()
 2 SYSTEMPATH/CodeIgniter.php(829): CodeIgniter\Router\Router->handle()
 3 SYSTEMPATH/CodeIgniter.php(441): CodeIgniter\CodeIgniter->tryToRouteIt()
 4 SYSTEMPATH/CodeIgniter.php(340): CodeIgniter\CodeIgniter->handleRequest()
 5 SYSTEMPATH/Boot.php(417): CodeIgniter\CodeIgniter->run()
 6 SYSTEMPATH/Boot.php(68): CodeIgniter\Boot::runCodeIgniter()
 7 FCPATH/index.php(31): CodeIgniter\Boot::bootWeb()
CRITICAL - 2026-07-01 00:07:18 --> CodeIgniter\HTTP\Exceptions\BadRequestException: The URI you submitted has disallowed characters: "समाचार"
[Method: GET, Route: 618/2021/10/%E0%A4%B8%E0%A4%AE%E0%A4%BE%E0%A4%9A%E0%A4%BE%E0%A4%B0/feed/]
in SYSTEMPATH/Router/Router.php on line 768.
 1 SYSTEMPATH/Router/Router.php(219): CodeIgniter\Router\Router->checkDisallowedChars()
 2 SYSTEMPATH/CodeIgniter.php(829): CodeIgniter\Router\Router->handle()
 3 SYSTEMPATH/CodeIgniter.php(441): CodeIgniter\CodeIgniter->tryToRouteIt()
 4 SYSTEMPATH/CodeIgniter.php(340): CodeIgniter\CodeIgniter->handleRequest()
 5 SYSTEMPATH/Boot.php(417): CodeIgniter\CodeIgniter->run()
 6 SYSTEMPATH/Boot.php(68): CodeIgniter\Boot::runCodeIgniter()
 7 FCPATH/index.php(31): CodeIgniter\Boot::bootWeb()
CRITICAL - 2026-07-01 00:07:20 --> CodeIgniter\HTTP\Exceptions\BadRequestException: The URI you submitted has disallowed characters: "खेलकुद"
[Method: GET, Route: 954/2021/11/%E0%A4%96%E0%A5%87%E0%A4%B2%E0%A4%95%E0%A5%81%E0%A4%A6/feed/]
in SYSTEMPATH/Router/Router.php on line 768.
 1 SYSTEMPATH/Router/Router.php(219): CodeIgniter\Router\Router->checkDisallowedChars()
 2 SYSTEMPATH/CodeIgniter.php(829): CodeIgniter\Router\Router->handle()
 3 SYSTEMPATH/CodeIgniter.php(441): CodeIgniter\CodeIgniter->tryToRouteIt()
 4 SYSTEMPATH/CodeIgniter.php(340): CodeIgniter\CodeIgniter->handleRequest()
 5 SYSTEMPATH/Boot.php(417): CodeIgniter\CodeIgniter->run()
 6 SYSTEMPATH/Boot.php(68): CodeIgniter\Boot::runCodeIgniter()
 7 FCPATH/index.php(31): CodeIgniter\Boot::bootWeb()
CRITICAL - 2026-07-01 00:07:22 --> CodeIgniter\HTTP\Exceptions\BadRequestException: The URI you submitted has disallowed characters: "मनोरञ्जन"
[Method: GET, Route: 2642/2021/11/%E0%A4%AE%E0%A4%A8%E0%A5%8B%E0%A4%B0%E0%A4%9E%E0%A5%8D%E0%A4%9C%E0%A4%A8/feed/]
in SYSTEMPATH/Router/Router.php on line 768.
 1 SYSTEMPATH/Router/Router.php(219): CodeIgniter\Router\Router->checkDisallowedChars()
 2 SYSTEMPATH/CodeIgniter.php(829): CodeIgniter\Router\Router->handle()
 3 SYSTEMPATH/CodeIgniter.php(441): CodeIgniter\CodeIgniter->tryToRouteIt()
 4 SYSTEMPATH/CodeIgniter.php(340): CodeIgniter\CodeIgniter->handleRequest()
 5 SYSTEMPATH/Boot.php(417): CodeIgniter\CodeIgniter->run()
 6 SYSTEMPATH/Boot.php(68): CodeIgniter\Boot::runCodeIgniter()
 7 FCPATH/index.php(31): CodeIgniter\Boot::bootWeb()
CRITICAL - 2026-07-01 00:44:57 --> CodeIgniter\HTTP\Exceptions\BadRequestException: The URI you submitted has disallowed characters: "राजनीति"
[Method: GET, Route: 4046/2021/12/%E0%A4%B0%E0%A4%BE%E0%A4%9C%E0%A4%A8%E0%A5%80%E0%A4%A4%E0%A4%BF/]
in SYSTEMPATH/Router/Router.php on line 768.
 1 SYSTEMPATH/Router/Router.php(219): CodeIgniter\Router\Router->checkDisallowedChars()
 2 SYSTEMPATH/CodeIgniter.php(829): CodeIgniter\Router\Router->handle()
 3 SYSTEMPATH/CodeIgniter.php(441): CodeIgniter\CodeIgniter->tryToRouteIt()
 4 SYSTEMPATH/CodeIgniter.php(340): CodeIgniter\CodeIgniter->handleRequest()
 5 SYSTEMPATH/Boot.php(417): CodeIgniter\CodeIgniter->run()
 6 SYSTEMPATH/Boot.php(68): CodeIgniter\Boot::runCodeIgniter()
 7 FCPATH/index.php(31): CodeIgniter\Boot::bootWeb()
CRITICAL - 2026-07-01 00:50:02 --> CodeIgniter\HTTP\Exceptions\BadRequestException: The URI you submitted has disallowed characters: "समाचार"
[Method: GET, Route: 1812/2021/11/%E0%A4%B8%E0%A4%AE%E0%A4%BE%E0%A4%9A%E0%A4%BE%E0%A4%B0/feed/]
in SYSTEMPATH/Router/Router.php on line 768.
 1 SYSTEMPATH/Router/Router.php(219): CodeIgniter\Router\Router->checkDisallowedChars()
 2 SYSTEMPATH/CodeIgniter.php(829): CodeIgniter\Router\Router->handle()
 3 SYSTEMPATH/CodeIgniter.php(441): CodeIgniter\CodeIgniter->tryToRouteIt()
 4 SYSTEMPATH/CodeIgniter.php(340): CodeIgniter\CodeIgniter->handleRequest()
 5 SYSTEMPATH/Boot.php(417): CodeIgniter\CodeIgniter->run()
 6 SYSTEMPATH/Boot.php(68): CodeIgniter\Boot::runCodeIgniter()
 7 FCPATH/index.php(31): CodeIgniter\Boot::bootWeb()
CRITICAL - 2026-07-01 01:32:27 --> CodeIgniter\HTTP\Exceptions\BadRequestException: The URI you submitted has disallowed characters: "राजनीति"
[Method: GET, Route: 2404/2021/11/%E0%A4%B0%E0%A4%BE%E0%A4%9C%E0%A4%A8%E0%A5%80%E0%A4%A4%E0%A4%BF/]
in SYSTEMPATH/Router/Router.php on line 768.
 1 SYSTEMPATH/Router/Router.php(219): CodeIgniter\Router\Router->checkDisallowedChars()
 2 SYSTEMPATH/CodeIgniter.php(829): CodeIgniter\Router\Router->handle()
 3 SYSTEMPATH/CodeIgniter.php(441): CodeIgniter\CodeIgniter->tryToRouteIt()
 4 SYSTEMPATH/CodeIgniter.php(340): CodeIgniter\CodeIgniter->handleRequest()
 5 SYSTEMPATH/Boot.php(417): CodeIgniter\CodeIgniter->run()
 6 SYSTEMPATH/Boot.php(68): CodeIgniter\Boot::runCodeIgniter()
 7 FCPATH/index.php(31): CodeIgniter\Boot::bootWeb()
CRITICAL - 2026-07-01 01:32:31 --> CodeIgniter\HTTP\Exceptions\BadRequestException: The URI you submitted has disallowed characters: "राजनीति"
[Method: GET, Route: 4121/2021/12/%E0%A4%B0%E0%A4%BE%E0%A4%9C%E0%A4%A8%E0%A5%80%E0%A4%A4%E0%A4%BF/]
in SYSTEMPATH/Router/Router.php on line 768.
 1 SYSTEMPATH/Router/Router.php(219): CodeIgniter\Router\Router->checkDisallowedChars()
 2 SYSTEMPATH/CodeIgniter.php(829): CodeIgniter\Router\Router->handle()
 3 SYSTEMPATH/CodeIgniter.php(441): CodeIgniter\CodeIgniter->tryToRouteIt()
 4 SYSTEMPATH/CodeIgniter.php(340): CodeIgniter\CodeIgniter->handleRequest()
 5 SYSTEMPATH/Boot.php(417): CodeIgniter\CodeIgniter->run()
 6 SYSTEMPATH/Boot.php(68): CodeIgniter\Boot::runCodeIgniter()
 7 FCPATH/index.php(31): CodeIgniter\Boot::bootWeb()
CRITICAL - 2026-07-01 01:35:30 --> CodeIgniter\HTTP\Exceptions\BadRequestException: The URI you submitted has disallowed characters: "प्रदेश-४"
[Method: GET, Route: category/%E0%A4%AA%E0%A5%8D%E0%A4%B0%E0%A4%A6%E0%A5%87%E0%A4%B6-%E0%A5%AA/page/2/]
in SYSTEMPATH/Router/Router.php on line 768.
 1 SYSTEMPATH/Router/Router.php(219): CodeIgniter\Router\Router->checkDisallowedChars()
 2 SYSTEMPATH/CodeIgniter.php(829): CodeIgniter\Router\Router->handle()
 3 SYSTEMPATH/CodeIgniter.php(441): CodeIgniter\CodeIgniter->tryToRouteIt()
 4 SYSTEMPATH/CodeIgniter.php(340): CodeIgniter\CodeIgniter->handleRequest()
 5 SYSTEMPATH/Boot.php(417): CodeIgniter\CodeIgniter->run()
 6 SYSTEMPATH/Boot.php(68): CodeIgniter\Boot::runCodeIgniter()
 7 FCPATH/index.php(31): CodeIgniter\Boot::bootWeb()
CRITICAL - 2026-07-01 01:36:43 --> CodeIgniter\HTTP\Exceptions\BadRequestException: The URI you submitted has disallowed characters: "समाचार"
[Method: GET, Route: 1418/2021/11/%E0%A4%B8%E0%A4%AE%E0%A4%BE%E0%A4%9A%E0%A4%BE%E0%A4%B0/feed/]
in SYSTEMPATH/Router/Router.php on line 768.
 1 SYSTEMPATH/Router/Router.php(219): CodeIgniter\Router\Router->checkDisallowedChars()
 2 SYSTEMPATH/CodeIgniter.php(829): CodeIgniter\Router\Router->handle()
 3 SYSTEMPATH/CodeIgniter.php(441): CodeIgniter\CodeIgniter->tryToRouteIt()
 4 SYSTEMPATH/CodeIgniter.php(340): CodeIgniter\CodeIgniter->handleRequest()
 5 SYSTEMPATH/Boot.php(417): CodeIgniter\CodeIgniter->run()
 6 SYSTEMPATH/Boot.php(68): CodeIgniter\Boot::runCodeIgniter()
 7 FCPATH/index.php(31): CodeIgniter\Boot::bootWeb()
CRITICAL - 2026-07-01 01:36:45 --> CodeIgniter\HTTP\Exceptions\BadRequestException: The URI you submitted has disallowed characters: "समाचार"
[Method: GET, Route: 1517/2021/11/%E0%A4%B8%E0%A4%AE%E0%A4%BE%E0%A4%9A%E0%A4%BE%E0%A4%B0/feed/]
in SYSTEMPATH/Router/Router.php on line 768.
 1 SYSTEMPATH/Router/Router.php(219): CodeIgniter\Router\Router->checkDisallowedChars()
 2 SYSTEMPATH/CodeIgniter.php(829): CodeIgniter\Router\Router->handle()
 3 SYSTEMPATH/CodeIgniter.php(441): CodeIgniter\CodeIgniter->tryToRouteIt()
 4 SYSTEMPATH/CodeIgniter.php(340): CodeIgniter\CodeIgniter->handleRequest()
 5 SYSTEMPATH/Boot.php(417): CodeIgniter\CodeIgniter->run()
 6 SYSTEMPATH/Boot.php(68): CodeIgniter\Boot::runCodeIgniter()
 7 FCPATH/index.php(31): CodeIgniter\Boot::bootWeb()
CRITICAL - 2026-07-01 01:36:47 --> CodeIgniter\HTTP\Exceptions\BadRequestException: The URI you submitted has disallowed characters: "समाचार"
[Method: GET, Route: 1753/2021/11/%E0%A4%B8%E0%A4%AE%E0%A4%BE%E0%A4%9A%E0%A4%BE%E0%A4%B0/feed/]
in SYSTEMPATH/Router/Router.php on line 768.
 1 SYSTEMPATH/Router/Router.php(219): CodeIgniter\Router\Router->checkDisallowedChars()
 2 SYSTEMPATH/CodeIgniter.php(829): CodeIgniter\Router\Router->handle()
 3 SYSTEMPATH/CodeIgniter.php(441): CodeIgniter\CodeIgniter->tryToRouteIt()
 4 SYSTEMPATH/CodeIgniter.php(340): CodeIgniter\CodeIgniter->handleRequest()
 5 SYSTEMPATH/Boot.php(417): CodeIgniter\CodeIgniter->run()
 6 SYSTEMPATH/Boot.php(68): CodeIgniter\Boot::runCodeIgniter()
 7 FCPATH/index.php(31): CodeIgniter\Boot::bootWeb()
CRITICAL - 2026-07-01 01:36:49 --> CodeIgniter\HTTP\Exceptions\BadRequestException: The URI you submitted has disallowed characters: "खेलकुद"
[Method: GET, Route: 2743/2021/11/%E0%A4%96%E0%A5%87%E0%A4%B2%E0%A4%95%E0%A5%81%E0%A4%A6/feed/]
in SYSTEMPATH/Router/Router.php on line 768.
 1 SYSTEMPATH/Router/Router.php(219): CodeIgniter\Router\Router->checkDisallowedChars()
 2 SYSTEMPATH/CodeIgniter.php(829): CodeIgniter\Router\Router->handle()
 3 SYSTEMPATH/CodeIgniter.php(441): CodeIgniter\CodeIgniter->tryToRouteIt()
 4 SYSTEMPATH/CodeIgniter.php(340): CodeIgniter\CodeIgniter->handleRequest()
 5 SYSTEMPATH/Boot.php(417): CodeIgniter\CodeIgniter->run()
 6 SYSTEMPATH/Boot.php(68): CodeIgniter\Boot::runCodeIgniter()
 7 FCPATH/index.php(31): CodeIgniter\Boot::bootWeb()
CRITICAL - 2026-07-01 01:36:52 --> CodeIgniter\HTTP\Exceptions\BadRequestException: The URI you submitted has disallowed characters: "इपेपर"
[Method: GET, Route: 3505/2021/12/%E0%A4%87%E0%A4%AA%E0%A5%87%E0%A4%AA%E0%A4%B0/feed/]
in SYSTEMPATH/Router/Router.php on line 768.
 1 SYSTEMPATH/Router/Router.php(219): CodeIgniter\Router\Router->checkDisallowedChars()
 2 SYSTEMPATH/CodeIgniter.php(829): CodeIgniter\Router\Router->handle()
 3 SYSTEMPATH/CodeIgniter.php(441): CodeIgniter\CodeIgniter->tryToRouteIt()
 4 SYSTEMPATH/CodeIgniter.php(340): CodeIgniter\CodeIgniter->handleRequest()
 5 SYSTEMPATH/Boot.php(417): CodeIgniter\CodeIgniter->run()
 6 SYSTEMPATH/Boot.php(68): CodeIgniter\Boot::runCodeIgniter()
 7 FCPATH/index.php(31): CodeIgniter\Boot::bootWeb()
CRITICAL - 2026-07-01 01:36:54 --> CodeIgniter\HTTP\Exceptions\BadRequestException: The URI you submitted has disallowed characters: "समाचार"
[Method: GET, Route: 3519/2021/12/%E0%A4%B8%E0%A4%AE%E0%A4%BE%E0%A4%9A%E0%A4%BE%E0%A4%B0/feed/]
in SYSTEMPATH/Router/Router.php on line 768.
 1 SYSTEMPATH/Router/Router.php(219): CodeIgniter\Router\Router->checkDisallowedChars()
 2 SYSTEMPATH/CodeIgniter.php(829): CodeIgniter\Router\Router->handle()
 3 SYSTEMPATH/CodeIgniter.php(441): CodeIgniter\CodeIgniter->tryToRouteIt()
 4 SYSTEMPATH/CodeIgniter.php(340): CodeIgniter\CodeIgniter->handleRequest()
 5 SYSTEMPATH/Boot.php(417): CodeIgniter\CodeIgniter->run()
 6 SYSTEMPATH/Boot.php(68): CodeIgniter\Boot::runCodeIgniter()
 7 FCPATH/index.php(31): CodeIgniter\Boot::bootWeb()
CRITICAL - 2026-07-01 02:01:30 --> CodeIgniter\HTTP\Exceptions\BadRequestException: The URI you submitted has disallowed characters: "प्रदेश-१"
[Method: GET, Route: category/%E0%A4%AA%E0%A5%8D%E0%A4%B0%E0%A4%A6%E0%A5%87%E0%A4%B6-%E0%A5%A7/page/8/]
in SYSTEMPATH/Router/Router.php on line 768.
 1 SYSTEMPATH/Router/Router.php(219): CodeIgniter\Router\Router->checkDisallowedChars()
 2 SYSTEMPATH/CodeIgniter.php(829): CodeIgniter\Router\Router->handle()
 3 SYSTEMPATH/CodeIgniter.php(441): CodeIgniter\CodeIgniter->tryToRouteIt()
 4 SYSTEMPATH/CodeIgniter.php(340): CodeIgniter\CodeIgniter->handleRequest()
 5 SYSTEMPATH/Boot.php(417): CodeIgniter\CodeIgniter->run()
 6 SYSTEMPATH/Boot.php(68): CodeIgniter\Boot::runCodeIgniter()
 7 FCPATH/index.php(31): CodeIgniter\Boot::bootWeb()
CRITICAL - 2026-07-01 02:04:17 --> CodeIgniter\HTTP\Exceptions\BadRequestException: The URI you submitted has disallowed characters: "मनोरञ्जन"
[Method: GET, Route: category/%E0%A4%AE%E0%A4%A8%E0%A5%8B%E0%A4%B0%E0%A4%9E%E0%A5%8D%E0%A4%9C%E0%A4%A8/]
in SYSTEMPATH/Router/Router.php on line 768.
 1 SYSTEMPATH/Router/Router.php(219): CodeIgniter\Router\Router->checkDisallowedChars()
 2 SYSTEMPATH/CodeIgniter.php(829): CodeIgniter\Router\Router->handle()
 3 SYSTEMPATH/CodeIgniter.php(441): CodeIgniter\CodeIgniter->tryToRouteIt()
 4 SYSTEMPATH/CodeIgniter.php(340): CodeIgniter\CodeIgniter->handleRequest()
 5 SYSTEMPATH/Boot.php(417): CodeIgniter\CodeIgniter->run()
 6 SYSTEMPATH/Boot.php(68): CodeIgniter\Boot::runCodeIgniter()
 7 FCPATH/index.php(31): CodeIgniter\Boot::bootWeb()
CRITICAL - 2026-07-01 02:08:51 --> CodeIgniter\HTTP\Exceptions\BadRequestException: The URI you submitted has disallowed characters: "राजनीति"
[Method: GET, Route: 1434/2021/11/%E0%A4%B0%E0%A4%BE%E0%A4%9C%E0%A4%A8%E0%A5%80%E0%A4%A4%E0%A4%BF/]
in SYSTEMPATH/Router/Router.php on line 768.
 1 SYSTEMPATH/Router/Router.php(219): CodeIgniter\Router\Router->checkDisallowedChars()
 2 SYSTEMPATH/CodeIgniter.php(829): CodeIgniter\Router\Router->handle()
 3 SYSTEMPATH/CodeIgniter.php(441): CodeIgniter\CodeIgniter->tryToRouteIt()
 4 SYSTEMPATH/CodeIgniter.php(340): CodeIgniter\CodeIgniter->handleRequest()
 5 SYSTEMPATH/Boot.php(417): CodeIgniter\CodeIgniter->run()
 6 SYSTEMPATH/Boot.php(68): CodeIgniter\Boot::runCodeIgniter()
 7 FCPATH/index.php(31): CodeIgniter\Boot::bootWeb()
CRITICAL - 2026-07-01 02:08:54 --> CodeIgniter\HTTP\Exceptions\BadRequestException: The URI you submitted has disallowed characters: "राजनीति"
[Method: GET, Route: 3383/2021/12/%E0%A4%B0%E0%A4%BE%E0%A4%9C%E0%A4%A8%E0%A5%80%E0%A4%A4%E0%A4%BF/]
in SYSTEMPATH/Router/Router.php on line 768.
 1 SYSTEMPATH/Router/Router.php(219): CodeIgniter\Router\Router->checkDisallowedChars()
 2 SYSTEMPATH/CodeIgniter.php(829): CodeIgniter\Router\Router->handle()
 3 SYSTEMPATH/CodeIgniter.php(441): CodeIgniter\CodeIgniter->tryToRouteIt()
 4 SYSTEMPATH/CodeIgniter.php(340): CodeIgniter\CodeIgniter->handleRequest()
 5 SYSTEMPATH/Boot.php(417): CodeIgniter\CodeIgniter->run()
 6 SYSTEMPATH/Boot.php(68): CodeIgniter\Boot::runCodeIgniter()
 7 FCPATH/index.php(31): CodeIgniter\Boot::bootWeb()
CRITICAL - 2026-07-01 02:08:56 --> CodeIgniter\HTTP\Exceptions\BadRequestException: The URI you submitted has disallowed characters: "विश्व"
[Method: GET, Route: 3631/2021/12/%E0%A4%B5%E0%A4%BF%E0%A4%B6%E0%A5%8D%E0%A4%B5/]
in SYSTEMPATH/Router/Router.php on line 768.
 1 SYSTEMPATH/Router/Router.php(219): CodeIgniter\Router\Router->checkDisallowedChars()
 2 SYSTEMPATH/CodeIgniter.php(829): CodeIgniter\Router\Router->handle()
 3 SYSTEMPATH/CodeIgniter.php(441): CodeIgniter\CodeIgniter->tryToRouteIt()
 4 SYSTEMPATH/CodeIgniter.php(340): CodeIgniter\CodeIgniter->handleRequest()
 5 SYSTEMPATH/Boot.php(417): CodeIgniter\CodeIgniter->run()
 6 SYSTEMPATH/Boot.php(68): CodeIgniter\Boot::runCodeIgniter()
 7 FCPATH/index.php(31): CodeIgniter\Boot::bootWeb()
CRITICAL - 2026-07-01 02:08:58 --> CodeIgniter\HTTP\Exceptions\BadRequestException: The URI you submitted has disallowed characters: "विश्व"
[Method: GET, Route: 3977/2021/12/%E0%A4%B5%E0%A4%BF%E0%A4%B6%E0%A5%8D%E0%A4%B5/]
in SYSTEMPATH/Router/Router.php on line 768.
 1 SYSTEMPATH/Router/Router.php(219): CodeIgniter\Router\Router->checkDisallowedChars()
 2 SYSTEMPATH/CodeIgniter.php(829): CodeIgniter\Router\Router->handle()
 3 SYSTEMPATH/CodeIgniter.php(441): CodeIgniter\CodeIgniter->tryToRouteIt()
 4 SYSTEMPATH/CodeIgniter.php(340): CodeIgniter\CodeIgniter->handleRequest()
 5 SYSTEMPATH/Boot.php(417): CodeIgniter\CodeIgniter->run()
 6 SYSTEMPATH/Boot.php(68): CodeIgniter\Boot::runCodeIgniter()
 7 FCPATH/index.php(31): CodeIgniter\Boot::bootWeb()
CRITICAL - 2026-07-01 02:09:54 --> CodeIgniter\HTTP\Exceptions\BadRequestException: The URI you submitted has disallowed characters: "राजनीति"
[Method: GET, Route: 1181/2021/11/%E0%A4%B0%E0%A4%BE%E0%A4%9C%E0%A4%A8%E0%A5%80%E0%A4%A4%E0%A4%BF/feed/]
in SYSTEMPATH/Router/Router.php on line 768.
 1 SYSTEMPATH/Router/Router.php(219): CodeIgniter\Router\Router->checkDisallowedChars()
 2 SYSTEMPATH/CodeIgniter.php(829): CodeIgniter\Router\Router->handle()
 3 SYSTEMPATH/CodeIgniter.php(441): CodeIgniter\CodeIgniter->tryToRouteIt()
 4 SYSTEMPATH/CodeIgniter.php(340): CodeIgniter\CodeIgniter->handleRequest()
 5 SYSTEMPATH/Boot.php(417): CodeIgniter\CodeIgniter->run()
 6 SYSTEMPATH/Boot.php(68): CodeIgniter\Boot::runCodeIgniter()
 7 FCPATH/index.php(31): CodeIgniter\Boot::bootWeb()
CRITICAL - 2026-07-01 02:09:56 --> CodeIgniter\HTTP\Exceptions\BadRequestException: The URI you submitted has disallowed characters: "विश्व"
[Method: GET, Route: 435/2021/10/%E0%A4%B5%E0%A4%BF%E0%A4%B6%E0%A5%8D%E0%A4%B5/feed/]
in SYSTEMPATH/Router/Router.php on line 768.
 1 SYSTEMPATH/Router/Router.php(219): CodeIgniter\Router\Router->checkDisallowedChars()
 2 SYSTEMPATH/CodeIgniter.php(829): CodeIgniter\Router\Router->handle()
 3 SYSTEMPATH/CodeIgniter.php(441): CodeIgniter\CodeIgniter->tryToRouteIt()
 4 SYSTEMPATH/CodeIgniter.php(340): CodeIgniter\CodeIgniter->handleRequest()
 5 SYSTEMPATH/Boot.php(417): CodeIgniter\CodeIgniter->run()
 6 SYSTEMPATH/Boot.php(68): CodeIgniter\Boot::runCodeIgniter()
 7 FCPATH/index.php(31): CodeIgniter\Boot::bootWeb()
CRITICAL - 2026-07-01 02:09:57 --> CodeIgniter\HTTP\Exceptions\BadRequestException: The URI you submitted has disallowed characters: "अर्थ"
[Method: GET, Route: 453/2021/10/%E0%A4%85%E0%A4%B0%E0%A5%8D%E0%A4%A5/feed/]
in SYSTEMPATH/Router/Router.php on line 768.
 1 SYSTEMPATH/Router/Router.php(219): CodeIgniter\Router\Router->checkDisallowedChars()
 2 SYSTEMPATH/CodeIgniter.php(829): CodeIgniter\Router\Router->handle()
 3 SYSTEMPATH/CodeIgniter.php(441): CodeIgniter\CodeIgniter->tryToRouteIt()
 4 SYSTEMPATH/CodeIgniter.php(340): CodeIgniter\CodeIgniter->handleRequest()
 5 SYSTEMPATH/Boot.php(417): CodeIgniter\CodeIgniter->run()
 6 SYSTEMPATH/Boot.php(68): CodeIgniter\Boot::runCodeIgniter()
 7 FCPATH/index.php(31): CodeIgniter\Boot::bootWeb()
CRITICAL - 2026-07-01 02:09:58 --> CodeIgniter\HTTP\Exceptions\BadRequestException: The URI you submitted has disallowed characters: "समाचार"
[Method: GET, Route: 4945/2021/12/%E0%A4%B8%E0%A4%AE%E0%A4%BE%E0%A4%9A%E0%A4%BE%E0%A4%B0/feed/]
in SYSTEMPATH/Router/Router.php on line 768.
 1 SYSTEMPATH/Router/Router.php(219): CodeIgniter\Router\Router->checkDisallowedChars()
 2 SYSTEMPATH/CodeIgniter.php(829): CodeIgniter\Router\Router->handle()
 3 SYSTEMPATH/CodeIgniter.php(441): CodeIgniter\CodeIgniter->tryToRouteIt()
 4 SYSTEMPATH/CodeIgniter.php(340): CodeIgniter\CodeIgniter->handleRequest()
 5 SYSTEMPATH/Boot.php(417): CodeIgniter\CodeIgniter->run()
 6 SYSTEMPATH/Boot.php(68): CodeIgniter\Boot::runCodeIgniter()
 7 FCPATH/index.php(31): CodeIgniter\Boot::bootWeb()
CRITICAL - 2026-07-01 02:54:12 --> CodeIgniter\HTTP\Exceptions\BadRequestException: The URI you submitted has disallowed characters: "राजनीति"
[Method: GET, Route: 3460/2021/12/%E0%A4%B0%E0%A4%BE%E0%A4%9C%E0%A4%A8%E0%A5%80%E0%A4%A4%E0%A4%BF/]
in SYSTEMPATH/Router/Router.php on line 768.
 1 SYSTEMPATH/Router/Router.php(219): CodeIgniter\Router\Router->checkDisallowedChars()
 2 SYSTEMPATH/CodeIgniter.php(829): CodeIgniter\Router\Router->handle()
 3 SYSTEMPATH/CodeIgniter.php(441): CodeIgniter\CodeIgniter->tryToRouteIt()
 4 SYSTEMPATH/CodeIgniter.php(340): CodeIgniter\CodeIgniter->handleRequest()
 5 SYSTEMPATH/Boot.php(417): CodeIgniter\CodeIgniter->run()
 6 SYSTEMPATH/Boot.php(68): CodeIgniter\Boot::runCodeIgniter()
 7 FCPATH/index.php(31): CodeIgniter\Boot::bootWeb()
CRITICAL - 2026-07-01 02:54:22 --> CodeIgniter\HTTP\Exceptions\BadRequestException: The URI you submitted has disallowed characters: "राजनीति"
[Method: GET, Route: 4192/2021/12/%E0%A4%B0%E0%A4%BE%E0%A4%9C%E0%A4%A8%E0%A5%80%E0%A4%A4%E0%A4%BF/]
in SYSTEMPATH/Router/Router.php on line 768.
 1 SYSTEMPATH/Router/Router.php(219): CodeIgniter\Router\Router->checkDisallowedChars()
 2 SYSTEMPATH/CodeIgniter.php(829): CodeIgniter\Router\Router->handle()
 3 SYSTEMPATH/CodeIgniter.php(441): CodeIgniter\CodeIgniter->tryToRouteIt()
 4 SYSTEMPATH/CodeIgniter.php(340): CodeIgniter\CodeIgniter->handleRequest()
 5 SYSTEMPATH/Boot.php(417): CodeIgniter\CodeIgniter->run()
 6 SYSTEMPATH/Boot.php(68): CodeIgniter\Boot::runCodeIgniter()
 7 FCPATH/index.php(31): CodeIgniter\Boot::bootWeb()
CRITICAL - 2026-07-01 03:06:49 --> CodeIgniter\HTTP\Exceptions\BadRequestException: The URI you submitted has disallowed characters: "राजनीति"
[Method: GET, Route: 1155/2021/11/%E0%A4%B0%E0%A4%BE%E0%A4%9C%E0%A4%A8%E0%A5%80%E0%A4%A4%E0%A4%BF/feed/]
in SYSTEMPATH/Router/Router.php on line 768.
 1 SYSTEMPATH/Router/Router.php(219): CodeIgniter\Router\Router->checkDisallowedChars()
 2 SYSTEMPATH/CodeIgniter.php(829): CodeIgniter\Router\Router->handle()
 3 SYSTEMPATH/CodeIgniter.php(441): CodeIgniter\CodeIgniter->tryToRouteIt()
 4 SYSTEMPATH/CodeIgniter.php(340): CodeIgniter\CodeIgniter->handleRequest()
 5 SYSTEMPATH/Boot.php(417): CodeIgniter\CodeIgniter->run()
 6 SYSTEMPATH/Boot.php(68): CodeIgniter\Boot::runCodeIgniter()
 7 FCPATH/index.php(31): CodeIgniter\Boot::bootWeb()
CRITICAL - 2026-07-01 03:06:59 --> CodeIgniter\HTTP\Exceptions\BadRequestException: The URI you submitted has disallowed characters: "खेलकुद"
[Method: GET, Route: 1253/2021/11/%E0%A4%96%E0%A5%87%E0%A4%B2%E0%A4%95%E0%A5%81%E0%A4%A6/feed/]
in SYSTEMPATH/Router/Router.php on line 768.
 1 SYSTEMPATH/Router/Router.php(219): CodeIgniter\Router\Router->checkDisallowedChars()
 2 SYSTEMPATH/CodeIgniter.php(829): CodeIgniter\Router\Router->handle()
 3 SYSTEMPATH/CodeIgniter.php(441): CodeIgniter\CodeIgniter->tryToRouteIt()
 4 SYSTEMPATH/CodeIgniter.php(340): CodeIgniter\CodeIgniter->handleRequest()
 5 SYSTEMPATH/Boot.php(417): CodeIgniter\CodeIgniter->run()
 6 SYSTEMPATH/Boot.php(68): CodeIgniter\Boot::runCodeIgniter()
 7 FCPATH/index.php(31): CodeIgniter\Boot::bootWeb()
CRITICAL - 2026-07-01 03:07:08 --> CodeIgniter\HTTP\Exceptions\BadRequestException: The URI you submitted has disallowed characters: "समाचार"
[Method: GET, Route: 1521/2021/11/%E0%A4%B8%E0%A4%AE%E0%A4%BE%E0%A4%9A%E0%A4%BE%E0%A4%B0/feed/]
in SYSTEMPATH/Router/Router.php on line 768.
 1 SYSTEMPATH/Router/Router.php(219): CodeIgniter\Router\Router->checkDisallowedChars()
 2 SYSTEMPATH/CodeIgniter.php(829): CodeIgniter\Router\Router->handle()
 3 SYSTEMPATH/CodeIgniter.php(441): CodeIgniter\CodeIgniter->tryToRouteIt()
 4 SYSTEMPATH/CodeIgniter.php(340): CodeIgniter\CodeIgniter->handleRequest()
 5 SYSTEMPATH/Boot.php(417): CodeIgniter\CodeIgniter->run()
 6 SYSTEMPATH/Boot.php(68): CodeIgniter\Boot::runCodeIgniter()
 7 FCPATH/index.php(31): CodeIgniter\Boot::bootWeb()
CRITICAL - 2026-07-01 03:07:16 --> CodeIgniter\HTTP\Exceptions\BadRequestException: The URI you submitted has disallowed characters: "समाचार"
[Method: GET, Route: 1601/2021/11/%E0%A4%B8%E0%A4%AE%E0%A4%BE%E0%A4%9A%E0%A4%BE%E0%A4%B0/feed/]
in SYSTEMPATH/Router/Router.php on line 768.
 1 SYSTEMPATH/Router/Router.php(219): CodeIgniter\Router\Router->checkDisallowedChars()
 2 SYSTEMPATH/CodeIgniter.php(829): CodeIgniter\Router\Router->handle()
 3 SYSTEMPATH/CodeIgniter.php(441): CodeIgniter\CodeIgniter->tryToRouteIt()
 4 SYSTEMPATH/CodeIgniter.php(340): CodeIgniter\CodeIgniter->handleRequest()
 5 SYSTEMPATH/Boot.php(417): CodeIgniter\CodeIgniter->run()
 6 SYSTEMPATH/Boot.php(68): CodeIgniter\Boot::runCodeIgniter()
 7 FCPATH/index.php(31): CodeIgniter\Boot::bootWeb()
CRITICAL - 2026-07-01 03:07:22 --> CodeIgniter\HTTP\Exceptions\BadRequestException: The URI you submitted has disallowed characters: "समाचार"
[Method: GET, Route: 2006/2021/11/%E0%A4%B8%E0%A4%AE%E0%A4%BE%E0%A4%9A%E0%A4%BE%E0%A4%B0/feed/]
in SYSTEMPATH/Router/Router.php on line 768.
 1 SYSTEMPATH/Router/Router.php(219): CodeIgniter\Router\Router->checkDisallowedChars()
 2 SYSTEMPATH/CodeIgniter.php(829): CodeIgniter\Router\Router->handle()
 3 SYSTEMPATH/CodeIgniter.php(441): CodeIgniter\CodeIgniter->tryToRouteIt()
 4 SYSTEMPATH/CodeIgniter.php(340): CodeIgniter\CodeIgniter->handleRequest()
 5 SYSTEMPATH/Boot.php(417): CodeIgniter\CodeIgniter->run()
 6 SYSTEMPATH/Boot.php(68): CodeIgniter\Boot::runCodeIgniter()
 7 FCPATH/index.php(31): CodeIgniter\Boot::bootWeb()
CRITICAL - 2026-07-01 03:07:40 --> CodeIgniter\HTTP\Exceptions\BadRequestException: The URI you submitted has disallowed characters: "समाचार"
[Method: GET, Route: 3255/2021/12/%E0%A4%B8%E0%A4%AE%E0%A4%BE%E0%A4%9A%E0%A4%BE%E0%A4%B0/feed/]
in SYSTEMPATH/Router/Router.php on line 768.
 1 SYSTEMPATH/Router/Router.php(219): CodeIgniter\Router\Router->checkDisallowedChars()
 2 SYSTEMPATH/CodeIgniter.php(829): CodeIgniter\Router\Router->handle()
 3 SYSTEMPATH/CodeIgniter.php(441): CodeIgniter\CodeIgniter->tryToRouteIt()
 4 SYSTEMPATH/CodeIgniter.php(340): CodeIgniter\CodeIgniter->handleRequest()
 5 SYSTEMPATH/Boot.php(417): CodeIgniter\CodeIgniter->run()
 6 SYSTEMPATH/Boot.php(68): CodeIgniter\Boot::runCodeIgniter()
 7 FCPATH/index.php(31): CodeIgniter\Boot::bootWeb()
CRITICAL - 2026-07-01 03:07:43 --> CodeIgniter\HTTP\Exceptions\BadRequestException: The URI you submitted has disallowed characters: "समाचार"
[Method: GET, Route: 3714/2021/12/%E0%A4%B8%E0%A4%AE%E0%A4%BE%E0%A4%9A%E0%A4%BE%E0%A4%B0/feed/]
in SYSTEMPATH/Router/Router.php on line 768.
 1 SYSTEMPATH/Router/Router.php(219): CodeIgniter\Router\Router->checkDisallowedChars()
 2 SYSTEMPATH/CodeIgniter.php(829): CodeIgniter\Router\Router->handle()
 3 SYSTEMPATH/CodeIgniter.php(441): CodeIgniter\CodeIgniter->tryToRouteIt()
 4 SYSTEMPATH/CodeIgniter.php(340): CodeIgniter\CodeIgniter->handleRequest()
 5 SYSTEMPATH/Boot.php(417): CodeIgniter\CodeIgniter->run()
 6 SYSTEMPATH/Boot.php(68): CodeIgniter\Boot::runCodeIgniter()
 7 FCPATH/index.php(31): CodeIgniter\Boot::bootWeb()
CRITICAL - 2026-07-01 03:07:46 --> CodeIgniter\HTTP\Exceptions\BadRequestException: The URI you submitted has disallowed characters: "समाचार"
[Method: GET, Route: 3839/2021/12/%E0%A4%B8%E0%A4%AE%E0%A4%BE%E0%A4%9A%E0%A4%BE%E0%A4%B0/feed/]
in SYSTEMPATH/Router/Router.php on line 768.
 1 SYSTEMPATH/Router/Router.php(219): CodeIgniter\Router\Router->checkDisallowedChars()
 2 SYSTEMPATH/CodeIgniter.php(829): CodeIgniter\Router\Router->handle()
 3 SYSTEMPATH/CodeIgniter.php(441): CodeIgniter\CodeIgniter->tryToRouteIt()
 4 SYSTEMPATH/CodeIgniter.php(340): CodeIgniter\CodeIgniter->handleRequest()
 5 SYSTEMPATH/Boot.php(417): CodeIgniter\CodeIgniter->run()
 6 SYSTEMPATH/Boot.php(68): CodeIgniter\Boot::runCodeIgniter()
 7 FCPATH/index.php(31): CodeIgniter\Boot::bootWeb()
CRITICAL - 2026-07-01 03:07:48 --> CodeIgniter\HTTP\Exceptions\BadRequestException: The URI you submitted has disallowed characters: "समाचार"
[Method: GET, Route: 4097/2021/12/%E0%A4%B8%E0%A4%AE%E0%A4%BE%E0%A4%9A%E0%A4%BE%E0%A4%B0/feed/]
in SYSTEMPATH/Router/Router.php on line 768.
 1 SYSTEMPATH/Router/Router.php(219): CodeIgniter\Router\Router->checkDisallowedChars()
 2 SYSTEMPATH/CodeIgniter.php(829): CodeIgniter\Router\Router->handle()
 3 SYSTEMPATH/CodeIgniter.php(441): CodeIgniter\CodeIgniter->tryToRouteIt()
 4 SYSTEMPATH/CodeIgniter.php(340): CodeIgniter\CodeIgniter->handleRequest()
 5 SYSTEMPATH/Boot.php(417): CodeIgniter\CodeIgniter->run()
 6 SYSTEMPATH/Boot.php(68): CodeIgniter\Boot::runCodeIgniter()
 7 FCPATH/index.php(31): CodeIgniter\Boot::bootWeb()
CRITICAL - 2026-07-01 03:07:50 --> CodeIgniter\HTTP\Exceptions\BadRequestException: The URI you submitted has disallowed characters: "राजनीति"
[Method: GET, Route: 4139/2021/12/%E0%A4%B0%E0%A4%BE%E0%A4%9C%E0%A4%A8%E0%A5%80%E0%A4%A4%E0%A4%BF/feed/]
in SYSTEMPATH/Router/Router.php on line 768.
 1 SYSTEMPATH/Router/Router.php(219): CodeIgniter\Router\Router->checkDisallowedChars()
 2 SYSTEMPATH/CodeIgniter.php(829): CodeIgniter\Router\Router->handle()
 3 SYSTEMPATH/CodeIgniter.php(441): CodeIgniter\CodeIgniter->tryToRouteIt()
 4 SYSTEMPATH/CodeIgniter.php(340): CodeIgniter\CodeIgniter->handleRequest()
 5 SYSTEMPATH/Boot.php(417): CodeIgniter\CodeIgniter->run()
 6 SYSTEMPATH/Boot.php(68): CodeIgniter\Boot::runCodeIgniter()
 7 FCPATH/index.php(31): CodeIgniter\Boot::bootWeb()
CRITICAL - 2026-07-01 03:07:52 --> CodeIgniter\HTTP\Exceptions\BadRequestException: The URI you submitted has disallowed characters: "खेलकुद"
[Method: GET, Route: 4272/2021/12/%E0%A4%96%E0%A5%87%E0%A4%B2%E0%A4%95%E0%A5%81%E0%A4%A6/feed/]
in SYSTEMPATH/Router/Router.php on line 768.
 1 SYSTEMPATH/Router/Router.php(219): CodeIgniter\Router\Router->checkDisallowedChars()
 2 SYSTEMPATH/CodeIgniter.php(829): CodeIgniter\Router\Router->handle()
 3 SYSTEMPATH/CodeIgniter.php(441): CodeIgniter\CodeIgniter->tryToRouteIt()
 4 SYSTEMPATH/CodeIgniter.php(340): CodeIgniter\CodeIgniter->handleRequest()
 5 SYSTEMPATH/Boot.php(417): CodeIgniter\CodeIgniter->run()
 6 SYSTEMPATH/Boot.php(68): CodeIgniter\Boot::runCodeIgniter()
 7 FCPATH/index.php(31): CodeIgniter\Boot::bootWeb()
CRITICAL - 2026-07-01 03:07:54 --> CodeIgniter\HTTP\Exceptions\BadRequestException: The URI you submitted has disallowed characters: "समाचार"
[Method: GET, Route: 4378/2021/12/%E0%A4%B8%E0%A4%AE%E0%A4%BE%E0%A4%9A%E0%A4%BE%E0%A4%B0/feed/]
in SYSTEMPATH/Router/Router.php on line 768.
 1 SYSTEMPATH/Router/Router.php(219): CodeIgniter\Router\Router->checkDisallowedChars()
 2 SYSTEMPATH/CodeIgniter.php(829): CodeIgniter\Router\Router->handle()
 3 SYSTEMPATH/CodeIgniter.php(441): CodeIgniter\CodeIgniter->tryToRouteIt()
 4 SYSTEMPATH/CodeIgniter.php(340): CodeIgniter\CodeIgniter->handleRequest()
 5 SYSTEMPATH/Boot.php(417): CodeIgniter\CodeIgniter->run()
 6 SYSTEMPATH/Boot.php(68): CodeIgniter\Boot::runCodeIgniter()
 7 FCPATH/index.php(31): CodeIgniter\Boot::bootWeb()
CRITICAL - 2026-07-01 03:07:55 --> CodeIgniter\HTTP\Exceptions\BadRequestException: The URI you submitted has disallowed characters: "इपेपर"
[Method: GET, Route: 4834/2021/12/%E0%A4%87%E0%A4%AA%E0%A5%87%E0%A4%AA%E0%A4%B0/feed/]
in SYSTEMPATH/Router/Router.php on line 768.
 1 SYSTEMPATH/Router/Router.php(219): CodeIgniter\Router\Router->checkDisallowedChars()
 2 SYSTEMPATH/CodeIgniter.php(829): CodeIgniter\Router\Router->handle()
 3 SYSTEMPATH/CodeIgniter.php(441): CodeIgniter\CodeIgniter->tryToRouteIt()
 4 SYSTEMPATH/CodeIgniter.php(340): CodeIgniter\CodeIgniter->handleRequest()
 5 SYSTEMPATH/Boot.php(417): CodeIgniter\CodeIgniter->run()
 6 SYSTEMPATH/Boot.php(68): CodeIgniter\Boot::runCodeIgniter()
 7 FCPATH/index.php(31): CodeIgniter\Boot::bootWeb()
CRITICAL - 2026-07-01 03:07:56 --> CodeIgniter\HTTP\Exceptions\BadRequestException: The URI you submitted has disallowed characters: "मनोरञ्जन"
[Method: GET, Route: 833/2021/11/%E0%A4%AE%E0%A4%A8%E0%A5%8B%E0%A4%B0%E0%A4%9E%E0%A5%8D%E0%A4%9C%E0%A4%A8/feed/]
in SYSTEMPATH/Router/Router.php on line 768.
 1 SYSTEMPATH/Router/Router.php(219): CodeIgniter\Router\Router->checkDisallowedChars()
 2 SYSTEMPATH/CodeIgniter.php(829): CodeIgniter\Router\Router->handle()
 3 SYSTEMPATH/CodeIgniter.php(441): CodeIgniter\CodeIgniter->tryToRouteIt()
 4 SYSTEMPATH/CodeIgniter.php(340): CodeIgniter\CodeIgniter->handleRequest()
 5 SYSTEMPATH/Boot.php(417): CodeIgniter\CodeIgniter->run()
 6 SYSTEMPATH/Boot.php(68): CodeIgniter\Boot::runCodeIgniter()
 7 FCPATH/index.php(31): CodeIgniter\Boot::bootWeb()
CRITICAL - 2026-07-01 03:07:57 --> CodeIgniter\HTTP\Exceptions\BadRequestException: The URI you submitted has disallowed characters: "मनोरञ्जन"
[Method: GET, Route: 1613/2021/11/%E0%A4%AE%E0%A4%A8%E0%A5%8B%E0%A4%B0%E0%A4%9E%E0%A5%8D%E0%A4%9C%E0%A4%A8/feed/]
in SYSTEMPATH/Router/Router.php on line 768.
 1 SYSTEMPATH/Router/Router.php(219): CodeIgniter\Router\Router->checkDisallowedChars()
 2 SYSTEMPATH/CodeIgniter.php(829): CodeIgniter\Router\Router->handle()
 3 SYSTEMPATH/CodeIgniter.php(441): CodeIgniter\CodeIgniter->tryToRouteIt()
 4 SYSTEMPATH/CodeIgniter.php(340): CodeIgniter\CodeIgniter->handleRequest()
 5 SYSTEMPATH/Boot.php(417): CodeIgniter\CodeIgniter->run()
 6 SYSTEMPATH/Boot.php(68): CodeIgniter\Boot::runCodeIgniter()
 7 FCPATH/index.php(31): CodeIgniter\Boot::bootWeb()
CRITICAL - 2026-07-01 03:07:58 --> CodeIgniter\HTTP\Exceptions\BadRequestException: The URI you submitted has disallowed characters: "मनोरञ्जन"
[Method: GET, Route: 3075/2021/11/%E0%A4%AE%E0%A4%A8%E0%A5%8B%E0%A4%B0%E0%A4%9E%E0%A5%8D%E0%A4%9C%E0%A4%A8/feed/]
in SYSTEMPATH/Router/Router.php on line 768.
 1 SYSTEMPATH/Router/Router.php(219): CodeIgniter\Router\Router->checkDisallowedChars()
 2 SYSTEMPATH/CodeIgniter.php(829): CodeIgniter\Router\Router->handle()
 3 SYSTEMPATH/CodeIgniter.php(441): CodeIgniter\CodeIgniter->tryToRouteIt()
 4 SYSTEMPATH/CodeIgniter.php(340): CodeIgniter\CodeIgniter->handleRequest()
 5 SYSTEMPATH/Boot.php(417): CodeIgniter\CodeIgniter->run()
 6 SYSTEMPATH/Boot.php(68): CodeIgniter\Boot::runCodeIgniter()
 7 FCPATH/index.php(31): CodeIgniter\Boot::bootWeb()
CRITICAL - 2026-07-01 03:08:02 --> CodeIgniter\HTTP\Exceptions\BadRequestException: The URI you submitted has disallowed characters: "प्रदेश-३"
[Method: GET, Route: category/%E0%A4%AA%E0%A5%8D%E0%A4%B0%E0%A4%A6%E0%A5%87%E0%A4%B6-%E0%A5%A9/page/8/]
in SYSTEMPATH/Router/Router.php on line 768.
 1 SYSTEMPATH/Router/Router.php(219): CodeIgniter\Router\Router->checkDisallowedChars()
 2 SYSTEMPATH/CodeIgniter.php(829): CodeIgniter\Router\Router->handle()
 3 SYSTEMPATH/CodeIgniter.php(441): CodeIgniter\CodeIgniter->tryToRouteIt()
 4 SYSTEMPATH/CodeIgniter.php(340): CodeIgniter\CodeIgniter->handleRequest()
 5 SYSTEMPATH/Boot.php(417): CodeIgniter\CodeIgniter->run()
 6 SYSTEMPATH/Boot.php(68): CodeIgniter\Boot::runCodeIgniter()
 7 FCPATH/index.php(31): CodeIgniter\Boot::bootWeb()
CRITICAL - 2026-07-01 03:43:28 --> CodeIgniter\HTTP\Exceptions\BadRequestException: The URI you submitted has disallowed characters: "राजनीति"
[Method: GET, Route: 2064/2021/11/%E0%A4%B0%E0%A4%BE%E0%A4%9C%E0%A4%A8%E0%A5%80%E0%A4%A4%E0%A4%BF/feed/]
in SYSTEMPATH/Router/Router.php on line 768.
 1 SYSTEMPATH/Router/Router.php(219): CodeIgniter\Router\Router->checkDisallowedChars()
 2 SYSTEMPATH/CodeIgniter.php(829): CodeIgniter\Router\Router->handle()
 3 SYSTEMPATH/CodeIgniter.php(441): CodeIgniter\CodeIgniter->tryToRouteIt()
 4 SYSTEMPATH/CodeIgniter.php(340): CodeIgniter\CodeIgniter->handleRequest()
 5 SYSTEMPATH/Boot.php(417): CodeIgniter\CodeIgniter->run()
 6 SYSTEMPATH/Boot.php(68): CodeIgniter\Boot::runCodeIgniter()
 7 FCPATH/index.php(31): CodeIgniter\Boot::bootWeb()
CRITICAL - 2026-07-01 03:43:30 --> CodeIgniter\HTTP\Exceptions\BadRequestException: The URI you submitted has disallowed characters: "समाचार"
[Method: GET, Route: 2566/2021/11/%E0%A4%B8%E0%A4%AE%E0%A4%BE%E0%A4%9A%E0%A4%BE%E0%A4%B0/feed/]
in SYSTEMPATH/Router/Router.php on line 768.
 1 SYSTEMPATH/Router/Router.php(219): CodeIgniter\Router\Router->checkDisallowedChars()
 2 SYSTEMPATH/CodeIgniter.php(829): CodeIgniter\Router\Router->handle()
 3 SYSTEMPATH/CodeIgniter.php(441): CodeIgniter\CodeIgniter->tryToRouteIt()
 4 SYSTEMPATH/CodeIgniter.php(340): CodeIgniter\CodeIgniter->handleRequest()
 5 SYSTEMPATH/Boot.php(417): CodeIgniter\CodeIgniter->run()
 6 SYSTEMPATH/Boot.php(68): CodeIgniter\Boot::runCodeIgniter()
 7 FCPATH/index.php(31): CodeIgniter\Boot::bootWeb()
CRITICAL - 2026-07-01 03:43:32 --> CodeIgniter\HTTP\Exceptions\BadRequestException: The URI you submitted has disallowed characters: "समाचार"
[Method: GET, Route: 2576/2021/11/%E0%A4%B8%E0%A4%AE%E0%A4%BE%E0%A4%9A%E0%A4%BE%E0%A4%B0/feed/]
in SYSTEMPATH/Router/Router.php on line 768.
 1 SYSTEMPATH/Router/Router.php(219): CodeIgniter\Router\Router->checkDisallowedChars()
 2 SYSTEMPATH/CodeIgniter.php(829): CodeIgniter\Router\Router->handle()
 3 SYSTEMPATH/CodeIgniter.php(441): CodeIgniter\CodeIgniter->tryToRouteIt()
 4 SYSTEMPATH/CodeIgniter.php(340): CodeIgniter\CodeIgniter->handleRequest()
 5 SYSTEMPATH/Boot.php(417): CodeIgniter\CodeIgniter->run()
 6 SYSTEMPATH/Boot.php(68): CodeIgniter\Boot::runCodeIgniter()
 7 FCPATH/index.php(31): CodeIgniter\Boot::bootWeb()
CRITICAL - 2026-07-01 03:43:34 --> CodeIgniter\HTTP\Exceptions\BadRequestException: The URI you submitted has disallowed characters: "राजनीति"
[Method: GET, Route: 2650/2021/11/%E0%A4%B0%E0%A4%BE%E0%A4%9C%E0%A4%A8%E0%A5%80%E0%A4%A4%E0%A4%BF/feed/]
in SYSTEMPATH/Router/Router.php on line 768.
 1 SYSTEMPATH/Router/Router.php(219): CodeIgniter\Router\Router->checkDisallowedChars()
 2 SYSTEMPATH/CodeIgniter.php(829): CodeIgniter\Router\Router->handle()
 3 SYSTEMPATH/CodeIgniter.php(441): CodeIgniter\CodeIgniter->tryToRouteIt()
 4 SYSTEMPATH/CodeIgniter.php(340): CodeIgniter\CodeIgniter->handleRequest()
 5 SYSTEMPATH/Boot.php(417): CodeIgniter\CodeIgniter->run()
 6 SYSTEMPATH/Boot.php(68): CodeIgniter\Boot::runCodeIgniter()
 7 FCPATH/index.php(31): CodeIgniter\Boot::bootWeb()
CRITICAL - 2026-07-01 03:43:36 --> CodeIgniter\HTTP\Exceptions\BadRequestException: The URI you submitted has disallowed characters: "राजनीति"
[Method: GET, Route: 298/2021/10/%E0%A4%B0%E0%A4%BE%E0%A4%9C%E0%A4%A8%E0%A5%80%E0%A4%A4%E0%A4%BF/feed/]
in SYSTEMPATH/Router/Router.php on line 768.
 1 SYSTEMPATH/Router/Router.php(219): CodeIgniter\Router\Router->checkDisallowedChars()
 2 SYSTEMPATH/CodeIgniter.php(829): CodeIgniter\Router\Router->handle()
 3 SYSTEMPATH/CodeIgniter.php(441): CodeIgniter\CodeIgniter->tryToRouteIt()
 4 SYSTEMPATH/CodeIgniter.php(340): CodeIgniter\CodeIgniter->handleRequest()
 5 SYSTEMPATH/Boot.php(417): CodeIgniter\CodeIgniter->run()
 6 SYSTEMPATH/Boot.php(68): CodeIgniter\Boot::runCodeIgniter()
 7 FCPATH/index.php(31): CodeIgniter\Boot::bootWeb()
CRITICAL - 2026-07-01 03:43:37 --> CodeIgniter\HTTP\Exceptions\BadRequestException: The URI you submitted has disallowed characters: "राजनीति"
[Method: GET, Route: 3014/2021/11/%E0%A4%B0%E0%A4%BE%E0%A4%9C%E0%A4%A8%E0%A5%80%E0%A4%A4%E0%A4%BF/feed/]
in SYSTEMPATH/Router/Router.php on line 768.
 1 SYSTEMPATH/Router/Router.php(219): CodeIgniter\Router\Router->checkDisallowedChars()
 2 SYSTEMPATH/CodeIgniter.php(829): CodeIgniter\Router\Router->handle()
 3 SYSTEMPATH/CodeIgniter.php(441): CodeIgniter\CodeIgniter->tryToRouteIt()
 4 SYSTEMPATH/CodeIgniter.php(340): CodeIgniter\CodeIgniter->handleRequest()
 5 SYSTEMPATH/Boot.php(417): CodeIgniter\CodeIgniter->run()
 6 SYSTEMPATH/Boot.php(68): CodeIgniter\Boot::runCodeIgniter()
 7 FCPATH/index.php(31): CodeIgniter\Boot::bootWeb()
CRITICAL - 2026-07-01 03:43:41 --> CodeIgniter\HTTP\Exceptions\BadRequestException: The URI you submitted has disallowed characters: "समाचार"
[Method: GET, Route: 3085/2021/11/%E0%A4%B8%E0%A4%AE%E0%A4%BE%E0%A4%9A%E0%A4%BE%E0%A4%B0/feed/]
in SYSTEMPATH/Router/Router.php on line 768.
 1 SYSTEMPATH/Router/Router.php(219): CodeIgniter\Router\Router->checkDisallowedChars()
 2 SYSTEMPATH/CodeIgniter.php(829): CodeIgniter\Router\Router->handle()
 3 SYSTEMPATH/CodeIgniter.php(441): CodeIgniter\CodeIgniter->tryToRouteIt()
 4 SYSTEMPATH/CodeIgniter.php(340): CodeIgniter\CodeIgniter->handleRequest()
 5 SYSTEMPATH/Boot.php(417): CodeIgniter\CodeIgniter->run()
 6 SYSTEMPATH/Boot.php(68): CodeIgniter\Boot::runCodeIgniter()
 7 FCPATH/index.php(31): CodeIgniter\Boot::bootWeb()
CRITICAL - 2026-07-01 03:43:50 --> CodeIgniter\HTTP\Exceptions\BadRequestException: The URI you submitted has disallowed characters: "समाचार"
[Method: GET, Route: 3223/2021/12/%E0%A4%B8%E0%A4%AE%E0%A4%BE%E0%A4%9A%E0%A4%BE%E0%A4%B0/feed/]
in SYSTEMPATH/Router/Router.php on line 768.
 1 SYSTEMPATH/Router/Router.php(219): CodeIgniter\Router\Router->checkDisallowedChars()
 2 SYSTEMPATH/CodeIgniter.php(829): CodeIgniter\Router\Router->handle()
 3 SYSTEMPATH/CodeIgniter.php(441): CodeIgniter\CodeIgniter->tryToRouteIt()
 4 SYSTEMPATH/CodeIgniter.php(340): CodeIgniter\CodeIgniter->handleRequest()
 5 SYSTEMPATH/Boot.php(417): CodeIgniter\CodeIgniter->run()
 6 SYSTEMPATH/Boot.php(68): CodeIgniter\Boot::runCodeIgniter()
 7 FCPATH/index.php(31): CodeIgniter\Boot::bootWeb()
CRITICAL - 2026-07-01 03:43:58 --> CodeIgniter\HTTP\Exceptions\BadRequestException: The URI you submitted has disallowed characters: "समाचार"
[Method: GET, Route: 3332/2021/12/%E0%A4%B8%E0%A4%AE%E0%A4%BE%E0%A4%9A%E0%A4%BE%E0%A4%B0/feed/]
in SYSTEMPATH/Router/Router.php on line 768.
 1 SYSTEMPATH/Router/Router.php(219): CodeIgniter\Router\Router->checkDisallowedChars()
 2 SYSTEMPATH/CodeIgniter.php(829): CodeIgniter\Router\Router->handle()
 3 SYSTEMPATH/CodeIgniter.php(441): CodeIgniter\CodeIgniter->tryToRouteIt()
 4 SYSTEMPATH/CodeIgniter.php(340): CodeIgniter\CodeIgniter->handleRequest()
 5 SYSTEMPATH/Boot.php(417): CodeIgniter\CodeIgniter->run()
 6 SYSTEMPATH/Boot.php(68): CodeIgniter\Boot::runCodeIgniter()
 7 FCPATH/index.php(31): CodeIgniter\Boot::bootWeb()
CRITICAL - 2026-07-01 03:44:05 --> CodeIgniter\HTTP\Exceptions\BadRequestException: The URI you submitted has disallowed characters: "राजनीति"
[Method: GET, Route: 3418/2021/12/%E0%A4%B0%E0%A4%BE%E0%A4%9C%E0%A4%A8%E0%A5%80%E0%A4%A4%E0%A4%BF/feed/]
in SYSTEMPATH/Router/Router.php on line 768.
 1 SYSTEMPATH/Router/Router.php(219): CodeIgniter\Router\Router->checkDisallowedChars()
 2 SYSTEMPATH/CodeIgniter.php(829): CodeIgniter\Router\Router->handle()
 3 SYSTEMPATH/CodeIgniter.php(441): CodeIgniter\CodeIgniter->tryToRouteIt()
 4 SYSTEMPATH/CodeIgniter.php(340): CodeIgniter\CodeIgniter->handleRequest()
 5 SYSTEMPATH/Boot.php(417): CodeIgniter\CodeIgniter->run()
 6 SYSTEMPATH/Boot.php(68): CodeIgniter\Boot::runCodeIgniter()
 7 FCPATH/index.php(31): CodeIgniter\Boot::bootWeb()
CRITICAL - 2026-07-01 03:44:10 --> CodeIgniter\HTTP\Exceptions\BadRequestException: The URI you submitted has disallowed characters: "समाचार"
[Method: GET, Route: 4036/2021/12/%E0%A4%B8%E0%A4%AE%E0%A4%BE%E0%A4%9A%E0%A4%BE%E0%A4%B0/feed/]
in SYSTEMPATH/Router/Router.php on line 768.
 1 SYSTEMPATH/Router/Router.php(219): CodeIgniter\Router\Router->checkDisallowedChars()
 2 SYSTEMPATH/CodeIgniter.php(829): CodeIgniter\Router\Router->handle()
 3 SYSTEMPATH/CodeIgniter.php(441): CodeIgniter\CodeIgniter->tryToRouteIt()
 4 SYSTEMPATH/CodeIgniter.php(340): CodeIgniter\CodeIgniter->handleRequest()
 5 SYSTEMPATH/Boot.php(417): CodeIgniter\CodeIgniter->run()
 6 SYSTEMPATH/Boot.php(68): CodeIgniter\Boot::runCodeIgniter()
 7 FCPATH/index.php(31): CodeIgniter\Boot::bootWeb()
CRITICAL - 2026-07-01 03:44:15 --> CodeIgniter\HTTP\Exceptions\BadRequestException: The URI you submitted has disallowed characters: "समाचार"
[Method: GET, Route: 4599/2021/12/%E0%A4%B8%E0%A4%AE%E0%A4%BE%E0%A4%9A%E0%A4%BE%E0%A4%B0/feed/]
in SYSTEMPATH/Router/Router.php on line 768.
 1 SYSTEMPATH/Router/Router.php(219): CodeIgniter\Router\Router->checkDisallowedChars()
 2 SYSTEMPATH/CodeIgniter.php(829): CodeIgniter\Router\Router->handle()
 3 SYSTEMPATH/CodeIgniter.php(441): CodeIgniter\CodeIgniter->tryToRouteIt()
 4 SYSTEMPATH/CodeIgniter.php(340): CodeIgniter\CodeIgniter->handleRequest()
 5 SYSTEMPATH/Boot.php(417): CodeIgniter\CodeIgniter->run()
 6 SYSTEMPATH/Boot.php(68): CodeIgniter\Boot::runCodeIgniter()
 7 FCPATH/index.php(31): CodeIgniter\Boot::bootWeb()
CRITICAL - 2026-07-01 03:44:19 --> CodeIgniter\HTTP\Exceptions\BadRequestException: The URI you submitted has disallowed characters: "समाचार"
[Method: GET, Route: 573/2021/10/%E0%A4%B8%E0%A4%AE%E0%A4%BE%E0%A4%9A%E0%A4%BE%E0%A4%B0/feed/]
in SYSTEMPATH/Router/Router.php on line 768.
 1 SYSTEMPATH/Router/Router.php(219): CodeIgniter\Router\Router->checkDisallowedChars()
 2 SYSTEMPATH/CodeIgniter.php(829): CodeIgniter\Router\Router->handle()
 3 SYSTEMPATH/CodeIgniter.php(441): CodeIgniter\CodeIgniter->tryToRouteIt()
 4 SYSTEMPATH/CodeIgniter.php(340): CodeIgniter\CodeIgniter->handleRequest()
 5 SYSTEMPATH/Boot.php(417): CodeIgniter\CodeIgniter->run()
 6 SYSTEMPATH/Boot.php(68): CodeIgniter\Boot::runCodeIgniter()
 7 FCPATH/index.php(31): CodeIgniter\Boot::bootWeb()
CRITICAL - 2026-07-01 03:44:23 --> CodeIgniter\HTTP\Exceptions\BadRequestException: The URI you submitted has disallowed characters: "अर्थ"
[Method: GET, Route: 850/2021/11/%E0%A4%85%E0%A4%B0%E0%A5%8D%E0%A4%A5/feed/]
in SYSTEMPATH/Router/Router.php on line 768.
 1 SYSTEMPATH/Router/Router.php(219): CodeIgniter\Router\Router->checkDisallowedChars()
 2 SYSTEMPATH/CodeIgniter.php(829): CodeIgniter\Router\Router->handle()
 3 SYSTEMPATH/CodeIgniter.php(441): CodeIgniter\CodeIgniter->tryToRouteIt()
 4 SYSTEMPATH/CodeIgniter.php(340): CodeIgniter\CodeIgniter->handleRequest()
 5 SYSTEMPATH/Boot.php(417): CodeIgniter\CodeIgniter->run()
 6 SYSTEMPATH/Boot.php(68): CodeIgniter\Boot::runCodeIgniter()
 7 FCPATH/index.php(31): CodeIgniter\Boot::bootWeb()
CRITICAL - 2026-07-01 03:44:26 --> CodeIgniter\HTTP\Exceptions\BadRequestException: The URI you submitted has disallowed characters: "मनोरञ्जन"
[Method: GET, Route: 1384/2021/11/%E0%A4%AE%E0%A4%A8%E0%A5%8B%E0%A4%B0%E0%A4%9E%E0%A5%8D%E0%A4%9C%E0%A4%A8/feed/]
in SYSTEMPATH/Router/Router.php on line 768.
 1 SYSTEMPATH/Router/Router.php(219): CodeIgniter\Router\Router->checkDisallowedChars()
 2 SYSTEMPATH/CodeIgniter.php(829): CodeIgniter\Router\Router->handle()
 3 SYSTEMPATH/CodeIgniter.php(441): CodeIgniter\CodeIgniter->tryToRouteIt()
 4 SYSTEMPATH/CodeIgniter.php(340): CodeIgniter\CodeIgniter->handleRequest()
 5 SYSTEMPATH/Boot.php(417): CodeIgniter\CodeIgniter->run()
 6 SYSTEMPATH/Boot.php(68): CodeIgniter\Boot::runCodeIgniter()
 7 FCPATH/index.php(31): CodeIgniter\Boot::bootWeb()
CRITICAL - 2026-07-01 04:23:29 --> CodeIgniter\HTTP\Exceptions\BadRequestException: The URI you submitted has disallowed characters: "राजनीति"
[Method: GET, Route: 4282/2021/12/%E0%A4%B0%E0%A4%BE%E0%A4%9C%E0%A4%A8%E0%A5%80%E0%A4%A4%E0%A4%BF/]
in SYSTEMPATH/Router/Router.php on line 768.
 1 SYSTEMPATH/Router/Router.php(219): CodeIgniter\Router\Router->checkDisallowedChars()
 2 SYSTEMPATH/CodeIgniter.php(829): CodeIgniter\Router\Router->handle()
 3 SYSTEMPATH/CodeIgniter.php(441): CodeIgniter\CodeIgniter->tryToRouteIt()
 4 SYSTEMPATH/CodeIgniter.php(340): CodeIgniter\CodeIgniter->handleRequest()
 5 SYSTEMPATH/Boot.php(417): CodeIgniter\CodeIgniter->run()
 6 SYSTEMPATH/Boot.php(68): CodeIgniter\Boot::runCodeIgniter()
 7 FCPATH/index.php(31): CodeIgniter\Boot::bootWeb()
CRITICAL - 2026-07-01 04:23:33 --> CodeIgniter\HTTP\Exceptions\BadRequestException: The URI you submitted has disallowed characters: "अर्थ"
[Method: GET, Route: 4673/2021/12/%E0%A4%85%E0%A4%B0%E0%A5%8D%E0%A4%A5/]
in SYSTEMPATH/Router/Router.php on line 768.
 1 SYSTEMPATH/Router/Router.php(219): CodeIgniter\Router\Router->checkDisallowedChars()
 2 SYSTEMPATH/CodeIgniter.php(829): CodeIgniter\Router\Router->handle()
 3 SYSTEMPATH/CodeIgniter.php(441): CodeIgniter\CodeIgniter->tryToRouteIt()
 4 SYSTEMPATH/CodeIgniter.php(340): CodeIgniter\CodeIgniter->handleRequest()
 5 SYSTEMPATH/Boot.php(417): CodeIgniter\CodeIgniter->run()
 6 SYSTEMPATH/Boot.php(68): CodeIgniter\Boot::runCodeIgniter()
 7 FCPATH/index.php(31): CodeIgniter\Boot::bootWeb()
CRITICAL - 2026-07-01 04:27:38 --> CodeIgniter\HTTP\Exceptions\BadRequestException: The URI you submitted has disallowed characters: "समाचार"
[Method: GET, Route: 1549/2021/11/%E0%A4%B8%E0%A4%AE%E0%A4%BE%E0%A4%9A%E0%A4%BE%E0%A4%B0/feed/]
in SYSTEMPATH/Router/Router.php on line 768.
 1 SYSTEMPATH/Router/Router.php(219): CodeIgniter\Router\Router->checkDisallowedChars()
 2 SYSTEMPATH/CodeIgniter.php(829): CodeIgniter\Router\Router->handle()
 3 SYSTEMPATH/CodeIgniter.php(441): CodeIgniter\CodeIgniter->tryToRouteIt()
 4 SYSTEMPATH/CodeIgniter.php(340): CodeIgniter\CodeIgniter->handleRequest()
 5 SYSTEMPATH/Boot.php(417): CodeIgniter\CodeIgniter->run()
 6 SYSTEMPATH/Boot.php(68): CodeIgniter\Boot::runCodeIgniter()
 7 FCPATH/index.php(31): CodeIgniter\Boot::bootWeb()
CRITICAL - 2026-07-01 04:27:48 --> CodeIgniter\HTTP\Exceptions\BadRequestException: The URI you submitted has disallowed characters: "विश्व"
[Method: GET, Route: 1751/2021/11/%E0%A4%B5%E0%A4%BF%E0%A4%B6%E0%A5%8D%E0%A4%B5/feed/]
in SYSTEMPATH/Router/Router.php on line 768.
 1 SYSTEMPATH/Router/Router.php(219): CodeIgniter\Router\Router->checkDisallowedChars()
 2 SYSTEMPATH/CodeIgniter.php(829): CodeIgniter\Router\Router->handle()
 3 SYSTEMPATH/CodeIgniter.php(441): CodeIgniter\CodeIgniter->tryToRouteIt()
 4 SYSTEMPATH/CodeIgniter.php(340): CodeIgniter\CodeIgniter->handleRequest()
 5 SYSTEMPATH/Boot.php(417): CodeIgniter\CodeIgniter->run()
 6 SYSTEMPATH/Boot.php(68): CodeIgniter\Boot::runCodeIgniter()
 7 FCPATH/index.php(31): CodeIgniter\Boot::bootWeb()
CRITICAL - 2026-07-01 04:27:57 --> CodeIgniter\HTTP\Exceptions\BadRequestException: The URI you submitted has disallowed characters: "खेलकुद"
[Method: GET, Route: 2562/2021/11/%E0%A4%96%E0%A5%87%E0%A4%B2%E0%A4%95%E0%A5%81%E0%A4%A6/feed/]
in SYSTEMPATH/Router/Router.php on line 768.
 1 SYSTEMPATH/Router/Router.php(219): CodeIgniter\Router\Router->checkDisallowedChars()
 2 SYSTEMPATH/CodeIgniter.php(829): CodeIgniter\Router\Router->handle()
 3 SYSTEMPATH/CodeIgniter.php(441): CodeIgniter\CodeIgniter->tryToRouteIt()
 4 SYSTEMPATH/CodeIgniter.php(340): CodeIgniter\CodeIgniter->handleRequest()
 5 SYSTEMPATH/Boot.php(417): CodeIgniter\CodeIgniter->run()
 6 SYSTEMPATH/Boot.php(68): CodeIgniter\Boot::runCodeIgniter()
 7 FCPATH/index.php(31): CodeIgniter\Boot::bootWeb()
CRITICAL - 2026-07-01 04:28:05 --> CodeIgniter\HTTP\Exceptions\BadRequestException: The URI you submitted has disallowed characters: "विश्व"
[Method: GET, Route: 2620/2021/11/%E0%A4%B5%E0%A4%BF%E0%A4%B6%E0%A5%8D%E0%A4%B5/feed/]
in SYSTEMPATH/Router/Router.php on line 768.
 1 SYSTEMPATH/Router/Router.php(219): CodeIgniter\Router\Router->checkDisallowedChars()
 2 SYSTEMPATH/CodeIgniter.php(829): CodeIgniter\Router\Router->handle()
 3 SYSTEMPATH/CodeIgniter.php(441): CodeIgniter\CodeIgniter->tryToRouteIt()
 4 SYSTEMPATH/CodeIgniter.php(340): CodeIgniter\CodeIgniter->handleRequest()
 5 SYSTEMPATH/Boot.php(417): CodeIgniter\CodeIgniter->run()
 6 SYSTEMPATH/Boot.php(68): CodeIgniter\Boot::runCodeIgniter()
 7 FCPATH/index.php(31): CodeIgniter\Boot::bootWeb()
CRITICAL - 2026-07-01 04:28:34 --> CodeIgniter\HTTP\Exceptions\BadRequestException: The URI you submitted has disallowed characters: "समाचार"
[Method: GET, Route: 3391/2021/12/%E0%A4%B8%E0%A4%AE%E0%A4%BE%E0%A4%9A%E0%A4%BE%E0%A4%B0/feed/]
in SYSTEMPATH/Router/Router.php on line 768.
 1 SYSTEMPATH/Router/Router.php(219): CodeIgniter\Router\Router->checkDisallowedChars()
 2 SYSTEMPATH/CodeIgniter.php(829): CodeIgniter\Router\Router->handle()
 3 SYSTEMPATH/CodeIgniter.php(441): CodeIgniter\CodeIgniter->tryToRouteIt()
 4 SYSTEMPATH/CodeIgniter.php(340): CodeIgniter\CodeIgniter->handleRequest()
 5 SYSTEMPATH/Boot.php(417): CodeIgniter\CodeIgniter->run()
 6 SYSTEMPATH/Boot.php(68): CodeIgniter\Boot::runCodeIgniter()
 7 FCPATH/index.php(31): CodeIgniter\Boot::bootWeb()
CRITICAL - 2026-07-01 04:28:46 --> CodeIgniter\HTTP\Exceptions\BadRequestException: The URI you submitted has disallowed characters: "समाचार"
[Method: GET, Route: 3676/2021/12/%E0%A4%B8%E0%A4%AE%E0%A4%BE%E0%A4%9A%E0%A4%BE%E0%A4%B0/feed/]
in SYSTEMPATH/Router/Router.php on line 768.
 1 SYSTEMPATH/Router/Router.php(219): CodeIgniter\Router\Router->checkDisallowedChars()
 2 SYSTEMPATH/CodeIgniter.php(829): CodeIgniter\Router\Router->handle()
 3 SYSTEMPATH/CodeIgniter.php(441): CodeIgniter\CodeIgniter->tryToRouteIt()
 4 SYSTEMPATH/CodeIgniter.php(340): CodeIgniter\CodeIgniter->handleRequest()
 5 SYSTEMPATH/Boot.php(417): CodeIgniter\CodeIgniter->run()
 6 SYSTEMPATH/Boot.php(68): CodeIgniter\Boot::runCodeIgniter()
 7 FCPATH/index.php(31): CodeIgniter\Boot::bootWeb()
CRITICAL - 2026-07-01 04:28:58 --> CodeIgniter\HTTP\Exceptions\BadRequestException: The URI you submitted has disallowed characters: "राजनीति"
[Method: GET, Route: 3742/2021/12/%E0%A4%B0%E0%A4%BE%E0%A4%9C%E0%A4%A8%E0%A5%80%E0%A4%A4%E0%A4%BF/feed/]
in SYSTEMPATH/Router/Router.php on line 768.
 1 SYSTEMPATH/Router/Router.php(219): CodeIgniter\Router\Router->checkDisallowedChars()
 2 SYSTEMPATH/CodeIgniter.php(829): CodeIgniter\Router\Router->handle()
 3 SYSTEMPATH/CodeIgniter.php(441): CodeIgniter\CodeIgniter->tryToRouteIt()
 4 SYSTEMPATH/CodeIgniter.php(340): CodeIgniter\CodeIgniter->handleRequest()
 5 SYSTEMPATH/Boot.php(417): CodeIgniter\CodeIgniter->run()
 6 SYSTEMPATH/Boot.php(68): CodeIgniter\Boot::runCodeIgniter()
 7 FCPATH/index.php(31): CodeIgniter\Boot::bootWeb()
CRITICAL - 2026-07-01 04:29:08 --> CodeIgniter\HTTP\Exceptions\BadRequestException: The URI you submitted has disallowed characters: "मनोरञ्जन"
[Method: GET, Route: 644/2021/11/%E0%A4%AE%E0%A4%A8%E0%A5%8B%E0%A4%B0%E0%A4%9E%E0%A5%8D%E0%A4%9C%E0%A4%A8/feed/]
in SYSTEMPATH/Router/Router.php on line 768.
 1 SYSTEMPATH/Router/Router.php(219): CodeIgniter\Router\Router->checkDisallowedChars()
 2 SYSTEMPATH/CodeIgniter.php(829): CodeIgniter\Router\Router->handle()
 3 SYSTEMPATH/CodeIgniter.php(441): CodeIgniter\CodeIgniter->tryToRouteIt()
 4 SYSTEMPATH/CodeIgniter.php(340): CodeIgniter\CodeIgniter->handleRequest()
 5 SYSTEMPATH/Boot.php(417): CodeIgniter\CodeIgniter->run()
 6 SYSTEMPATH/Boot.php(68): CodeIgniter\Boot::runCodeIgniter()
 7 FCPATH/index.php(31): CodeIgniter\Boot::bootWeb()
CRITICAL - 2026-07-01 04:29:17 --> CodeIgniter\HTTP\Exceptions\BadRequestException: The URI you submitted has disallowed characters: "समाचार"
[Method: GET, Route: 698/2021/11/%E0%A4%B8%E0%A4%AE%E0%A4%BE%E0%A4%9A%E0%A4%BE%E0%A4%B0/feed/]
in SYSTEMPATH/Router/Router.php on line 768.
 1 SYSTEMPATH/Router/Router.php(219): CodeIgniter\Router\Router->checkDisallowedChars()
 2 SYSTEMPATH/CodeIgniter.php(829): CodeIgniter\Router\Router->handle()
 3 SYSTEMPATH/CodeIgniter.php(441): CodeIgniter\CodeIgniter->tryToRouteIt()
 4 SYSTEMPATH/CodeIgniter.php(340): CodeIgniter\CodeIgniter->handleRequest()
 5 SYSTEMPATH/Boot.php(417): CodeIgniter\CodeIgniter->run()
 6 SYSTEMPATH/Boot.php(68): CodeIgniter\Boot::runCodeIgniter()
 7 FCPATH/index.php(31): CodeIgniter\Boot::bootWeb()
CRITICAL - 2026-07-01 04:29:26 --> CodeIgniter\HTTP\Exceptions\BadRequestException: The URI you submitted has disallowed characters: "समाचार"
[Method: GET, Route: 745/2021/11/%E0%A4%B8%E0%A4%AE%E0%A4%BE%E0%A4%9A%E0%A4%BE%E0%A4%B0/feed/]
in SYSTEMPATH/Router/Router.php on line 768.
 1 SYSTEMPATH/Router/Router.php(219): CodeIgniter\Router\Router->checkDisallowedChars()
 2 SYSTEMPATH/CodeIgniter.php(829): CodeIgniter\Router\Router->handle()
 3 SYSTEMPATH/CodeIgniter.php(441): CodeIgniter\CodeIgniter->tryToRouteIt()
 4 SYSTEMPATH/CodeIgniter.php(340): CodeIgniter\CodeIgniter->handleRequest()
 5 SYSTEMPATH/Boot.php(417): CodeIgniter\CodeIgniter->run()
 6 SYSTEMPATH/Boot.php(68): CodeIgniter\Boot::runCodeIgniter()
 7 FCPATH/index.php(31): CodeIgniter\Boot::bootWeb()
CRITICAL - 2026-07-01 04:29:34 --> CodeIgniter\HTTP\Exceptions\BadRequestException: The URI you submitted has disallowed characters: "खेलकुद"
[Method: GET, Route: 770/2021/11/%E0%A4%96%E0%A5%87%E0%A4%B2%E0%A4%95%E0%A5%81%E0%A4%A6/feed/]
in SYSTEMPATH/Router/Router.php on line 768.
 1 SYSTEMPATH/Router/Router.php(219): CodeIgniter\Router\Router->checkDisallowedChars()
 2 SYSTEMPATH/CodeIgniter.php(829): CodeIgniter\Router\Router->handle()
 3 SYSTEMPATH/CodeIgniter.php(441): CodeIgniter\CodeIgniter->tryToRouteIt()
 4 SYSTEMPATH/CodeIgniter.php(340): CodeIgniter\CodeIgniter->handleRequest()
 5 SYSTEMPATH/Boot.php(417): CodeIgniter\CodeIgniter->run()
 6 SYSTEMPATH/Boot.php(68): CodeIgniter\Boot::runCodeIgniter()
 7 FCPATH/index.php(31): CodeIgniter\Boot::bootWeb()
CRITICAL - 2026-07-01 04:29:40 --> CodeIgniter\HTTP\Exceptions\BadRequestException: The URI you submitted has disallowed characters: "मनोरञ्जन"
[Method: GET, Route: 2878/2021/11/%E0%A4%AE%E0%A4%A8%E0%A5%8B%E0%A4%B0%E0%A4%9E%E0%A5%8D%E0%A4%9C%E0%A4%A8/feed/]
in SYSTEMPATH/Router/Router.php on line 768.
 1 SYSTEMPATH/Router/Router.php(219): CodeIgniter\Router\Router->checkDisallowedChars()
 2 SYSTEMPATH/CodeIgniter.php(829): CodeIgniter\Router\Router->handle()
 3 SYSTEMPATH/CodeIgniter.php(441): CodeIgniter\CodeIgniter->tryToRouteIt()
 4 SYSTEMPATH/CodeIgniter.php(340): CodeIgniter\CodeIgniter->handleRequest()
 5 SYSTEMPATH/Boot.php(417): CodeIgniter\CodeIgniter->run()
 6 SYSTEMPATH/Boot.php(68): CodeIgniter\Boot::runCodeIgniter()
 7 FCPATH/index.php(31): CodeIgniter\Boot::bootWeb()
CRITICAL - 2026-07-01 04:29:46 --> CodeIgniter\HTTP\Exceptions\BadRequestException: The URI you submitted has disallowed characters: "मनोरञ्जन"
[Method: GET, Route: 2936/2021/11/%E0%A4%AE%E0%A4%A8%E0%A5%8B%E0%A4%B0%E0%A4%9E%E0%A5%8D%E0%A4%9C%E0%A4%A8/feed/]
in SYSTEMPATH/Router/Router.php on line 768.
 1 SYSTEMPATH/Router/Router.php(219): CodeIgniter\Router\Router->checkDisallowedChars()
 2 SYSTEMPATH/CodeIgniter.php(829): CodeIgniter\Router\Router->handle()
 3 SYSTEMPATH/CodeIgniter.php(441): CodeIgniter\CodeIgniter->tryToRouteIt()
 4 SYSTEMPATH/CodeIgniter.php(340): CodeIgniter\CodeIgniter->handleRequest()
 5 SYSTEMPATH/Boot.php(417): CodeIgniter\CodeIgniter->run()
 6 SYSTEMPATH/Boot.php(68): CodeIgniter\Boot::runCodeIgniter()
 7 FCPATH/index.php(31): CodeIgniter\Boot::bootWeb()
CRITICAL - 2026-07-01 04:29:54 --> CodeIgniter\HTTP\Exceptions\BadRequestException: The URI you submitted has disallowed characters: "प्रदेश-३"
[Method: GET, Route: category/%E0%A4%AA%E0%A5%8D%E0%A4%B0%E0%A4%A6%E0%A5%87%E0%A4%B6-%E0%A5%A9/page/7/]
in SYSTEMPATH/Router/Router.php on line 768.
 1 SYSTEMPATH/Router/Router.php(219): CodeIgniter\Router\Router->checkDisallowedChars()
 2 SYSTEMPATH/CodeIgniter.php(829): CodeIgniter\Router\Router->handle()
 3 SYSTEMPATH/CodeIgniter.php(441): CodeIgniter\CodeIgniter->tryToRouteIt()
 4 SYSTEMPATH/CodeIgniter.php(340): CodeIgniter\CodeIgniter->handleRequest()
 5 SYSTEMPATH/Boot.php(417): CodeIgniter\CodeIgniter->run()
 6 SYSTEMPATH/Boot.php(68): CodeIgniter\Boot::runCodeIgniter()
 7 FCPATH/index.php(31): CodeIgniter\Boot::bootWeb()
CRITICAL - 2026-07-01 04:30:06 --> CodeIgniter\HTTP\Exceptions\BadRequestException: The URI you submitted has disallowed characters: "प्रदेश-४"
[Method: GET, Route: category/%E0%A4%AA%E0%A5%8D%E0%A4%B0%E0%A4%A6%E0%A5%87%E0%A4%B6-%E0%A5%AA/page/5/]
in SYSTEMPATH/Router/Router.php on line 768.
 1 SYSTEMPATH/Router/Router.php(219): CodeIgniter\Router\Router->checkDisallowedChars()
 2 SYSTEMPATH/CodeIgniter.php(829): CodeIgniter\Router\Router->handle()
 3 SYSTEMPATH/CodeIgniter.php(441): CodeIgniter\CodeIgniter->tryToRouteIt()
 4 SYSTEMPATH/CodeIgniter.php(340): CodeIgniter\CodeIgniter->handleRequest()
 5 SYSTEMPATH/Boot.php(417): CodeIgniter\CodeIgniter->run()
 6 SYSTEMPATH/Boot.php(68): CodeIgniter\Boot::runCodeIgniter()
 7 FCPATH/index.php(31): CodeIgniter\Boot::bootWeb()
CRITICAL - 2026-07-01 04:30:09 --> CodeIgniter\HTTP\Exceptions\BadRequestException: The URI you submitted has disallowed characters: "राजनीति"
[Method: GET, Route: category/%E0%A4%B0%E0%A4%BE%E0%A4%9C%E0%A4%A8%E0%A5%80%E0%A4%A4%E0%A4%BF/page/5/]
in SYSTEMPATH/Router/Router.php on line 768.
 1 SYSTEMPATH/Router/Router.php(219): CodeIgniter\Router\Router->checkDisallowedChars()
 2 SYSTEMPATH/CodeIgniter.php(829): CodeIgniter\Router\Router->handle()
 3 SYSTEMPATH/CodeIgniter.php(441): CodeIgniter\CodeIgniter->tryToRouteIt()
 4 SYSTEMPATH/CodeIgniter.php(340): CodeIgniter\CodeIgniter->handleRequest()
 5 SYSTEMPATH/Boot.php(417): CodeIgniter\CodeIgniter->run()
 6 SYSTEMPATH/Boot.php(68): CodeIgniter\Boot::runCodeIgniter()
 7 FCPATH/index.php(31): CodeIgniter\Boot::bootWeb()
CRITICAL - 2026-07-01 04:35:59 --> CodeIgniter\HTTP\Exceptions\BadRequestException: The URI you submitted has disallowed characters: "प्रमुख-समाचार"
[Method: GET, Route: category/%E0%A4%AA%E0%A5%8D%E0%A4%B0%E0%A4%AE%E0%A5%81%E0%A4%96-%E0%A4%B8%E0%A4%AE%E0%A4%BE%E0%A4%9A%E0%A4%BE%E0%A4%B0/page/4/]
in SYSTEMPATH/Router/Router.php on line 768.
 1 SYSTEMPATH/Router/Router.php(219): CodeIgniter\Router\Router->checkDisallowedChars()
 2 SYSTEMPATH/CodeIgniter.php(829): CodeIgniter\Router\Router->handle()
 3 SYSTEMPATH/CodeIgniter.php(441): CodeIgniter\CodeIgniter->tryToRouteIt()
 4 SYSTEMPATH/CodeIgniter.php(340): CodeIgniter\CodeIgniter->handleRequest()
 5 SYSTEMPATH/Boot.php(417): CodeIgniter\CodeIgniter->run()
 6 SYSTEMPATH/Boot.php(68): CodeIgniter\Boot::runCodeIgniter()
 7 FCPATH/index.php(31): CodeIgniter\Boot::bootWeb()
CRITICAL - 2026-07-01 05:07:44 --> CodeIgniter\HTTP\Exceptions\BadRequestException: The URI you submitted has disallowed characters: "विश्व"
[Method: GET, Route: 2358/2021/11/%E0%A4%B5%E0%A4%BF%E0%A4%B6%E0%A5%8D%E0%A4%B5/]
in SYSTEMPATH/Router/Router.php on line 768.
 1 SYSTEMPATH/Router/Router.php(219): CodeIgniter\Router\Router->checkDisallowedChars()
 2 SYSTEMPATH/CodeIgniter.php(829): CodeIgniter\Router\Router->handle()
 3 SYSTEMPATH/CodeIgniter.php(441): CodeIgniter\CodeIgniter->tryToRouteIt()
 4 SYSTEMPATH/CodeIgniter.php(340): CodeIgniter\CodeIgniter->handleRequest()
 5 SYSTEMPATH/Boot.php(417): CodeIgniter\CodeIgniter->run()
 6 SYSTEMPATH/Boot.php(68): CodeIgniter\Boot::runCodeIgniter()
 7 FCPATH/index.php(31): CodeIgniter\Boot::bootWeb()
CRITICAL - 2026-07-01 05:07:47 --> CodeIgniter\HTTP\Exceptions\BadRequestException: The URI you submitted has disallowed characters: "अर्थ"
[Method: GET, Route: 3842/2021/12/%E0%A4%85%E0%A4%B0%E0%A5%8D%E0%A4%A5/]
in SYSTEMPATH/Router/Router.php on line 768.
 1 SYSTEMPATH/Router/Router.php(219): CodeIgniter\Router\Router->checkDisallowedChars()
 2 SYSTEMPATH/CodeIgniter.php(829): CodeIgniter\Router\Router->handle()
 3 SYSTEMPATH/CodeIgniter.php(441): CodeIgniter\CodeIgniter->tryToRouteIt()
 4 SYSTEMPATH/CodeIgniter.php(340): CodeIgniter\CodeIgniter->handleRequest()
 5 SYSTEMPATH/Boot.php(417): CodeIgniter\CodeIgniter->run()
 6 SYSTEMPATH/Boot.php(68): CodeIgniter\Boot::runCodeIgniter()
 7 FCPATH/index.php(31): CodeIgniter\Boot::bootWeb()
CRITICAL - 2026-07-01 05:07:48 --> CodeIgniter\HTTP\Exceptions\BadRequestException: The URI you submitted has disallowed characters: "राजनीति"
[Method: GET, Route: 4457/2021/12/%E0%A4%B0%E0%A4%BE%E0%A4%9C%E0%A4%A8%E0%A5%80%E0%A4%A4%E0%A4%BF/]
in SYSTEMPATH/Router/Router.php on line 768.
 1 SYSTEMPATH/Router/Router.php(219): CodeIgniter\Router\Router->checkDisallowedChars()
 2 SYSTEMPATH/CodeIgniter.php(829): CodeIgniter\Router\Router->handle()
 3 SYSTEMPATH/CodeIgniter.php(441): CodeIgniter\CodeIgniter->tryToRouteIt()
 4 SYSTEMPATH/CodeIgniter.php(340): CodeIgniter\CodeIgniter->handleRequest()
 5 SYSTEMPATH/Boot.php(417): CodeIgniter\CodeIgniter->run()
 6 SYSTEMPATH/Boot.php(68): CodeIgniter\Boot::runCodeIgniter()
 7 FCPATH/index.php(31): CodeIgniter\Boot::bootWeb()
CRITICAL - 2026-07-01 05:09:14 --> CodeIgniter\HTTP\Exceptions\BadRequestException: The URI you submitted has disallowed characters: "समाचार"
[Method: GET, Route: 1007/2021/11/%E0%A4%B8%E0%A4%AE%E0%A4%BE%E0%A4%9A%E0%A4%BE%E0%A4%B0/feed/]
in SYSTEMPATH/Router/Router.php on line 768.
 1 SYSTEMPATH/Router/Router.php(219): CodeIgniter\Router\Router->checkDisallowedChars()
 2 SYSTEMPATH/CodeIgniter.php(829): CodeIgniter\Router\Router->handle()
 3 SYSTEMPATH/CodeIgniter.php(441): CodeIgniter\CodeIgniter->tryToRouteIt()
 4 SYSTEMPATH/CodeIgniter.php(340): CodeIgniter\CodeIgniter->handleRequest()
 5 SYSTEMPATH/Boot.php(417): CodeIgniter\CodeIgniter->run()
 6 SYSTEMPATH/Boot.php(68): CodeIgniter\Boot::runCodeIgniter()
 7 FCPATH/index.php(31): CodeIgniter\Boot::bootWeb()
CRITICAL - 2026-07-01 05:09:14 --> CodeIgniter\HTTP\Exceptions\BadRequestException: The URI you submitted has disallowed characters: "राजनीति"
[Method: GET, Route: 1079/2021/11/%E0%A4%B0%E0%A4%BE%E0%A4%9C%E0%A4%A8%E0%A5%80%E0%A4%A4%E0%A4%BF/feed/]
in SYSTEMPATH/Router/Router.php on line 768.
 1 SYSTEMPATH/Router/Router.php(219): CodeIgniter\Router\Router->checkDisallowedChars()
 2 SYSTEMPATH/CodeIgniter.php(829): CodeIgniter\Router\Router->handle()
 3 SYSTEMPATH/CodeIgniter.php(441): CodeIgniter\CodeIgniter->tryToRouteIt()
 4 SYSTEMPATH/CodeIgniter.php(340): CodeIgniter\CodeIgniter->handleRequest()
 5 SYSTEMPATH/Boot.php(417): CodeIgniter\CodeIgniter->run()
 6 SYSTEMPATH/Boot.php(68): CodeIgniter\Boot::runCodeIgniter()
 7 FCPATH/index.php(31): CodeIgniter\Boot::bootWeb()
CRITICAL - 2026-07-01 05:09:15 --> CodeIgniter\HTTP\Exceptions\BadRequestException: The URI you submitted has disallowed characters: "विश्व"
[Method: GET, Route: 1303/2021/11/%E0%A4%B5%E0%A4%BF%E0%A4%B6%E0%A5%8D%E0%A4%B5/feed/]
in SYSTEMPATH/Router/Router.php on line 768.
 1 SYSTEMPATH/Router/Router.php(219): CodeIgniter\Router\Router->checkDisallowedChars()
 2 SYSTEMPATH/CodeIgniter.php(829): CodeIgniter\Router\Router->handle()
 3 SYSTEMPATH/CodeIgniter.php(441): CodeIgniter\CodeIgniter->tryToRouteIt()
 4 SYSTEMPATH/CodeIgniter.php(340): CodeIgniter\CodeIgniter->handleRequest()
 5 SYSTEMPATH/Boot.php(417): CodeIgniter\CodeIgniter->run()
 6 SYSTEMPATH/Boot.php(68): CodeIgniter\Boot::runCodeIgniter()
 7 FCPATH/index.php(31): CodeIgniter\Boot::bootWeb()
CRITICAL - 2026-07-01 05:09:16 --> CodeIgniter\HTTP\Exceptions\BadRequestException: The URI you submitted has disallowed characters: "समाचार"
[Method: GET, Route: 1311/2021/11/%E0%A4%B8%E0%A4%AE%E0%A4%BE%E0%A4%9A%E0%A4%BE%E0%A4%B0/feed/]
in SYSTEMPATH/Router/Router.php on line 768.
 1 SYSTEMPATH/Router/Router.php(219): CodeIgniter\Router\Router->checkDisallowedChars()
 2 SYSTEMPATH/CodeIgniter.php(829): CodeIgniter\Router\Router->handle()
 3 SYSTEMPATH/CodeIgniter.php(441): CodeIgniter\CodeIgniter->tryToRouteIt()
 4 SYSTEMPATH/CodeIgniter.php(340): CodeIgniter\CodeIgniter->handleRequest()
 5 SYSTEMPATH/Boot.php(417): CodeIgniter\CodeIgniter->run()
 6 SYSTEMPATH/Boot.php(68): CodeIgniter\Boot::runCodeIgniter()
 7 FCPATH/index.php(31): CodeIgniter\Boot::bootWeb()
CRITICAL - 2026-07-01 05:09:17 --> CodeIgniter\HTTP\Exceptions\BadRequestException: The URI you submitted has disallowed characters: "राजनीति"
[Method: GET, Route: 1558/2021/11/%E0%A4%B0%E0%A4%BE%E0%A4%9C%E0%A4%A8%E0%A5%80%E0%A4%A4%E0%A4%BF/feed/]
in SYSTEMPATH/Router/Router.php on line 768.
 1 SYSTEMPATH/Router/Router.php(219): CodeIgniter\Router\Router->checkDisallowedChars()
 2 SYSTEMPATH/CodeIgniter.php(829): CodeIgniter\Router\Router->handle()
 3 SYSTEMPATH/CodeIgniter.php(441): CodeIgniter\CodeIgniter->tryToRouteIt()
 4 SYSTEMPATH/CodeIgniter.php(340): CodeIgniter\CodeIgniter->handleRequest()
 5 SYSTEMPATH/Boot.php(417): CodeIgniter\CodeIgniter->run()
 6 SYSTEMPATH/Boot.php(68): CodeIgniter\Boot::runCodeIgniter()
 7 FCPATH/index.php(31): CodeIgniter\Boot::bootWeb()
CRITICAL - 2026-07-01 05:09:18 --> CodeIgniter\HTTP\Exceptions\BadRequestException: The URI you submitted has disallowed characters: "खेलकुद"
[Method: GET, Route: 1834/2021/11/%E0%A4%96%E0%A5%87%E0%A4%B2%E0%A4%95%E0%A5%81%E0%A4%A6/feed/]
in SYSTEMPATH/Router/Router.php on line 768.
 1 SYSTEMPATH/Router/Router.php(219): CodeIgniter\Router\Router->checkDisallowedChars()
 2 SYSTEMPATH/CodeIgniter.php(829): CodeIgniter\Router\Router->handle()
 3 SYSTEMPATH/CodeIgniter.php(441): CodeIgniter\CodeIgniter->tryToRouteIt()
 4 SYSTEMPATH/CodeIgniter.php(340): CodeIgniter\CodeIgniter->handleRequest()
 5 SYSTEMPATH/Boot.php(417): CodeIgniter\CodeIgniter->run()
 6 SYSTEMPATH/Boot.php(68): CodeIgniter\Boot::runCodeIgniter()
 7 FCPATH/index.php(31): CodeIgniter\Boot::bootWeb()
CRITICAL - 2026-07-01 05:09:19 --> CodeIgniter\HTTP\Exceptions\BadRequestException: The URI you submitted has disallowed characters: "समाचार"
[Method: GET, Route: 3315/2021/12/%E0%A4%B8%E0%A4%AE%E0%A4%BE%E0%A4%9A%E0%A4%BE%E0%A4%B0/feed/]
in SYSTEMPATH/Router/Router.php on line 768.
 1 SYSTEMPATH/Router/Router.php(219): CodeIgniter\Router\Router->checkDisallowedChars()
 2 SYSTEMPATH/CodeIgniter.php(829): CodeIgniter\Router\Router->handle()
 3 SYSTEMPATH/CodeIgniter.php(441): CodeIgniter\CodeIgniter->tryToRouteIt()
 4 SYSTEMPATH/CodeIgniter.php(340): CodeIgniter\CodeIgniter->handleRequest()
 5 SYSTEMPATH/Boot.php(417): CodeIgniter\CodeIgniter->run()
 6 SYSTEMPATH/Boot.php(68): CodeIgniter\Boot::runCodeIgniter()
 7 FCPATH/index.php(31): CodeIgniter\Boot::bootWeb()
CRITICAL - 2026-07-01 05:09:19 --> CodeIgniter\HTTP\Exceptions\BadRequestException: The URI you submitted has disallowed characters: "राजनीति"
[Method: GET, Route: 3350/2021/12/%E0%A4%B0%E0%A4%BE%E0%A4%9C%E0%A4%A8%E0%A5%80%E0%A4%A4%E0%A4%BF/feed/]
in SYSTEMPATH/Router/Router.php on line 768.
 1 SYSTEMPATH/Router/Router.php(219): CodeIgniter\Router\Router->checkDisallowedChars()
 2 SYSTEMPATH/CodeIgniter.php(829): CodeIgniter\Router\Router->handle()
 3 SYSTEMPATH/CodeIgniter.php(441): CodeIgniter\CodeIgniter->tryToRouteIt()
 4 SYSTEMPATH/CodeIgniter.php(340): CodeIgniter\CodeIgniter->handleRequest()
 5 SYSTEMPATH/Boot.php(417): CodeIgniter\CodeIgniter->run()
 6 SYSTEMPATH/Boot.php(68): CodeIgniter\Boot::runCodeIgniter()
 7 FCPATH/index.php(31): CodeIgniter\Boot::bootWeb()
CRITICAL - 2026-07-01 05:09:20 --> CodeIgniter\HTTP\Exceptions\BadRequestException: The URI you submitted has disallowed characters: "खेलकुद"
[Method: GET, Route: 3352/2021/12/%E0%A4%96%E0%A5%87%E0%A4%B2%E0%A4%95%E0%A5%81%E0%A4%A6/feed/]
in SYSTEMPATH/Router/Router.php on line 768.
 1 SYSTEMPATH/Router/Router.php(219): CodeIgniter\Router\Router->checkDisallowedChars()
 2 SYSTEMPATH/CodeIgniter.php(829): CodeIgniter\Router\Router->handle()
 3 SYSTEMPATH/CodeIgniter.php(441): CodeIgniter\CodeIgniter->tryToRouteIt()
 4 SYSTEMPATH/CodeIgniter.php(340): CodeIgniter\CodeIgniter->handleRequest()
 5 SYSTEMPATH/Boot.php(417): CodeIgniter\CodeIgniter->run()
 6 SYSTEMPATH/Boot.php(68): CodeIgniter\Boot::runCodeIgniter()
 7 FCPATH/index.php(31): CodeIgniter\Boot::bootWeb()
CRITICAL - 2026-07-01 05:09:21 --> CodeIgniter\HTTP\Exceptions\BadRequestException: The URI you submitted has disallowed characters: "समाचार"
[Method: GET, Route: 3876/2021/12/%E0%A4%B8%E0%A4%AE%E0%A4%BE%E0%A4%9A%E0%A4%BE%E0%A4%B0/feed/]
in SYSTEMPATH/Router/Router.php on line 768.
 1 SYSTEMPATH/Router/Router.php(219): CodeIgniter\Router\Router->checkDisallowedChars()
 2 SYSTEMPATH/CodeIgniter.php(829): CodeIgniter\Router\Router->handle()
 3 SYSTEMPATH/CodeIgniter.php(441): CodeIgniter\CodeIgniter->tryToRouteIt()
 4 SYSTEMPATH/CodeIgniter.php(340): CodeIgniter\CodeIgniter->handleRequest()
 5 SYSTEMPATH/Boot.php(417): CodeIgniter\CodeIgniter->run()
 6 SYSTEMPATH/Boot.php(68): CodeIgniter\Boot::runCodeIgniter()
 7 FCPATH/index.php(31): CodeIgniter\Boot::bootWeb()
CRITICAL - 2026-07-01 05:09:22 --> CodeIgniter\HTTP\Exceptions\BadRequestException: The URI you submitted has disallowed characters: "अर्थ"
[Method: GET, Route: 3882/2021/12/%E0%A4%85%E0%A4%B0%E0%A5%8D%E0%A4%A5/feed/]
in SYSTEMPATH/Router/Router.php on line 768.
 1 SYSTEMPATH/Router/Router.php(219): CodeIgniter\Router\Router->checkDisallowedChars()
 2 SYSTEMPATH/CodeIgniter.php(829): CodeIgniter\Router\Router->handle()
 3 SYSTEMPATH/CodeIgniter.php(441): CodeIgniter\CodeIgniter->tryToRouteIt()
 4 SYSTEMPATH/CodeIgniter.php(340): CodeIgniter\CodeIgniter->handleRequest()
 5 SYSTEMPATH/Boot.php(417): CodeIgniter\CodeIgniter->run()
 6 SYSTEMPATH/Boot.php(68): CodeIgniter\Boot::runCodeIgniter()
 7 FCPATH/index.php(31): CodeIgniter\Boot::bootWeb()
CRITICAL - 2026-07-01 05:09:23 --> CodeIgniter\HTTP\Exceptions\BadRequestException: The URI you submitted has disallowed characters: "समाचार"
[Method: GET, Route: 4441/2021/12/%E0%A4%B8%E0%A4%AE%E0%A4%BE%E0%A4%9A%E0%A4%BE%E0%A4%B0/feed/]
in SYSTEMPATH/Router/Router.php on line 768.
 1 SYSTEMPATH/Router/Router.php(219): CodeIgniter\Router\Router->checkDisallowedChars()
 2 SYSTEMPATH/CodeIgniter.php(829): CodeIgniter\Router\Router->handle()
 3 SYSTEMPATH/CodeIgniter.php(441): CodeIgniter\CodeIgniter->tryToRouteIt()
 4 SYSTEMPATH/CodeIgniter.php(340): CodeIgniter\CodeIgniter->handleRequest()
 5 SYSTEMPATH/Boot.php(417): CodeIgniter\CodeIgniter->run()
 6 SYSTEMPATH/Boot.php(68): CodeIgniter\Boot::runCodeIgniter()
 7 FCPATH/index.php(31): CodeIgniter\Boot::bootWeb()
CRITICAL - 2026-07-01 05:09:24 --> CodeIgniter\HTTP\Exceptions\BadRequestException: The URI you submitted has disallowed characters: "समाचार"
[Method: GET, Route: 4573/2021/12/%E0%A4%B8%E0%A4%AE%E0%A4%BE%E0%A4%9A%E0%A4%BE%E0%A4%B0/feed/]
in SYSTEMPATH/Router/Router.php on line 768.
 1 SYSTEMPATH/Router/Router.php(219): CodeIgniter\Router\Router->checkDisallowedChars()
 2 SYSTEMPATH/CodeIgniter.php(829): CodeIgniter\Router\Router->handle()
 3 SYSTEMPATH/CodeIgniter.php(441): CodeIgniter\CodeIgniter->tryToRouteIt()
 4 SYSTEMPATH/CodeIgniter.php(340): CodeIgniter\CodeIgniter->handleRequest()
 5 SYSTEMPATH/Boot.php(417): CodeIgniter\CodeIgniter->run()
 6 SYSTEMPATH/Boot.php(68): CodeIgniter\Boot::runCodeIgniter()
 7 FCPATH/index.php(31): CodeIgniter\Boot::bootWeb()
CRITICAL - 2026-07-01 05:09:25 --> CodeIgniter\HTTP\Exceptions\BadRequestException: The URI you submitted has disallowed characters: "राजनीति"
[Method: GET, Route: 874/2021/11/%E0%A4%B0%E0%A4%BE%E0%A4%9C%E0%A4%A8%E0%A5%80%E0%A4%A4%E0%A4%BF/feed/]
in SYSTEMPATH/Router/Router.php on line 768.
 1 SYSTEMPATH/Router/Router.php(219): CodeIgniter\Router\Router->checkDisallowedChars()
 2 SYSTEMPATH/CodeIgniter.php(829): CodeIgniter\Router\Router->handle()
 3 SYSTEMPATH/CodeIgniter.php(441): CodeIgniter\CodeIgniter->tryToRouteIt()
 4 SYSTEMPATH/CodeIgniter.php(340): CodeIgniter\CodeIgniter->handleRequest()
 5 SYSTEMPATH/Boot.php(417): CodeIgniter\CodeIgniter->run()
 6 SYSTEMPATH/Boot.php(68): CodeIgniter\Boot::runCodeIgniter()
 7 FCPATH/index.php(31): CodeIgniter\Boot::bootWeb()
CRITICAL - 2026-07-01 05:09:26 --> CodeIgniter\HTTP\Exceptions\BadRequestException: The URI you submitted has disallowed characters: "खेलकुद"
[Method: GET, Route: 964/2021/11/%E0%A4%96%E0%A5%87%E0%A4%B2%E0%A4%95%E0%A5%81%E0%A4%A6/feed/]
in SYSTEMPATH/Router/Router.php on line 768.
 1 SYSTEMPATH/Router/Router.php(219): CodeIgniter\Router\Router->checkDisallowedChars()
 2 SYSTEMPATH/CodeIgniter.php(829): CodeIgniter\Router\Router->handle()
 3 SYSTEMPATH/CodeIgniter.php(441): CodeIgniter\CodeIgniter->tryToRouteIt()
 4 SYSTEMPATH/CodeIgniter.php(340): CodeIgniter\CodeIgniter->handleRequest()
 5 SYSTEMPATH/Boot.php(417): CodeIgniter\CodeIgniter->run()
 6 SYSTEMPATH/Boot.php(68): CodeIgniter\Boot::runCodeIgniter()
 7 FCPATH/index.php(31): CodeIgniter\Boot::bootWeb()
CRITICAL - 2026-07-01 05:11:55 --> CodeIgniter\HTTP\Exceptions\BadRequestException: The URI you submitted has disallowed characters: "प्रदेश-४"
[Method: GET, Route: category/%E0%A4%AA%E0%A5%8D%E0%A4%B0%E0%A4%A6%E0%A5%87%E0%A4%B6-%E0%A5%AA/page/6/]
in SYSTEMPATH/Router/Router.php on line 768.
 1 SYSTEMPATH/Router/Router.php(219): CodeIgniter\Router\Router->checkDisallowedChars()
 2 SYSTEMPATH/CodeIgniter.php(829): CodeIgniter\Router\Router->handle()
 3 SYSTEMPATH/CodeIgniter.php(441): CodeIgniter\CodeIgniter->tryToRouteIt()
 4 SYSTEMPATH/CodeIgniter.php(340): CodeIgniter\CodeIgniter->handleRequest()
 5 SYSTEMPATH/Boot.php(417): CodeIgniter\CodeIgniter->run()
 6 SYSTEMPATH/Boot.php(68): CodeIgniter\Boot::runCodeIgniter()
 7 FCPATH/index.php(31): CodeIgniter\Boot::bootWeb()
CRITICAL - 2026-07-01 05:32:47 --> CodeIgniter\HTTP\Exceptions\BadRequestException: The URI you submitted has disallowed characters: "प्रदेश-६"
[Method: GET, Route: category/%E0%A4%AA%E0%A5%8D%E0%A4%B0%E0%A4%A6%E0%A5%87%E0%A4%B6-%E0%A5%AC/page/8/]
in SYSTEMPATH/Router/Router.php on line 768.
 1 SYSTEMPATH/Router/Router.php(219): CodeIgniter\Router\Router->checkDisallowedChars()
 2 SYSTEMPATH/CodeIgniter.php(829): CodeIgniter\Router\Router->handle()
 3 SYSTEMPATH/CodeIgniter.php(441): CodeIgniter\CodeIgniter->tryToRouteIt()
 4 SYSTEMPATH/CodeIgniter.php(340): CodeIgniter\CodeIgniter->handleRequest()
 5 SYSTEMPATH/Boot.php(417): CodeIgniter\CodeIgniter->run()
 6 SYSTEMPATH/Boot.php(68): CodeIgniter\Boot::runCodeIgniter()
 7 FCPATH/index.php(31): CodeIgniter\Boot::bootWeb()
CRITICAL - 2026-07-01 05:52:06 --> CodeIgniter\HTTP\Exceptions\BadRequestException: The URI you submitted has disallowed characters: "स्वास्थ्य"
[Method: GET, Route: 309/2021/10/%E0%A4%B8%E0%A5%8D%E0%A4%B5%E0%A4%BE%E0%A4%B8%E0%A5%8D%E0%A4%A5%E0%A5%8D%E0%A4%AF/]
in SYSTEMPATH/Router/Router.php on line 768.
 1 SYSTEMPATH/Router/Router.php(219): CodeIgniter\Router\Router->checkDisallowedChars()
 2 SYSTEMPATH/CodeIgniter.php(829): CodeIgniter\Router\Router->handle()
 3 SYSTEMPATH/CodeIgniter.php(441): CodeIgniter\CodeIgniter->tryToRouteIt()
 4 SYSTEMPATH/CodeIgniter.php(340): CodeIgniter\CodeIgniter->handleRequest()
 5 SYSTEMPATH/Boot.php(417): CodeIgniter\CodeIgniter->run()
 6 SYSTEMPATH/Boot.php(68): CodeIgniter\Boot::runCodeIgniter()
 7 FCPATH/index.php(31): CodeIgniter\Boot::bootWeb()
CRITICAL - 2026-07-01 05:52:09 --> CodeIgniter\HTTP\Exceptions\BadRequestException: The URI you submitted has disallowed characters: "स्वास्थ्य"
[Method: GET, Route: 3724/2021/12/%E0%A4%B8%E0%A5%8D%E0%A4%B5%E0%A4%BE%E0%A4%B8%E0%A5%8D%E0%A4%A5%E0%A5%8D%E0%A4%AF/]
in SYSTEMPATH/Router/Router.php on line 768.
 1 SYSTEMPATH/Router/Router.php(219): CodeIgniter\Router\Router->checkDisallowedChars()
 2 SYSTEMPATH/CodeIgniter.php(829): CodeIgniter\Router\Router->handle()
 3 SYSTEMPATH/CodeIgniter.php(441): CodeIgniter\CodeIgniter->tryToRouteIt()
 4 SYSTEMPATH/CodeIgniter.php(340): CodeIgniter\CodeIgniter->handleRequest()
 5 SYSTEMPATH/Boot.php(417): CodeIgniter\CodeIgniter->run()
 6 SYSTEMPATH/Boot.php(68): CodeIgniter\Boot::runCodeIgniter()
 7 FCPATH/index.php(31): CodeIgniter\Boot::bootWeb()
CRITICAL - 2026-07-01 05:53:11 --> CodeIgniter\HTTP\Exceptions\BadRequestException: The URI you submitted has disallowed characters: "समाचार"
[Method: GET, Route: 3313/2021/12/%E0%A4%B8%E0%A4%AE%E0%A4%BE%E0%A4%9A%E0%A4%BE%E0%A4%B0/feed/]
in SYSTEMPATH/Router/Router.php on line 768.
 1 SYSTEMPATH/Router/Router.php(219): CodeIgniter\Router\Router->checkDisallowedChars()
 2 SYSTEMPATH/CodeIgniter.php(829): CodeIgniter\Router\Router->handle()
 3 SYSTEMPATH/CodeIgniter.php(441): CodeIgniter\CodeIgniter->tryToRouteIt()
 4 SYSTEMPATH/CodeIgniter.php(340): CodeIgniter\CodeIgniter->handleRequest()
 5 SYSTEMPATH/Boot.php(417): CodeIgniter\CodeIgniter->run()
 6 SYSTEMPATH/Boot.php(68): CodeIgniter\Boot::runCodeIgniter()
 7 FCPATH/index.php(31): CodeIgniter\Boot::bootWeb()
CRITICAL - 2026-07-01 05:53:12 --> CodeIgniter\HTTP\Exceptions\BadRequestException: The URI you submitted has disallowed characters: "राजनीति"
[Method: GET, Route: 4697/2021/12/%E0%A4%B0%E0%A4%BE%E0%A4%9C%E0%A4%A8%E0%A5%80%E0%A4%A4%E0%A4%BF/feed/]
in SYSTEMPATH/Router/Router.php on line 768.
 1 SYSTEMPATH/Router/Router.php(219): CodeIgniter\Router\Router->checkDisallowedChars()
 2 SYSTEMPATH/CodeIgniter.php(829): CodeIgniter\Router\Router->handle()
 3 SYSTEMPATH/CodeIgniter.php(441): CodeIgniter\CodeIgniter->tryToRouteIt()
 4 SYSTEMPATH/CodeIgniter.php(340): CodeIgniter\CodeIgniter->handleRequest()
 5 SYSTEMPATH/Boot.php(417): CodeIgniter\CodeIgniter->run()
 6 SYSTEMPATH/Boot.php(68): CodeIgniter\Boot::runCodeIgniter()
 7 FCPATH/index.php(31): CodeIgniter\Boot::bootWeb()
CRITICAL - 2026-07-01 05:53:13 --> CodeIgniter\HTTP\Exceptions\BadRequestException: The URI you submitted has disallowed characters: "मनोरञ्जन"
[Method: GET, Route: 3458/2021/12/%E0%A4%AE%E0%A4%A8%E0%A5%8B%E0%A4%B0%E0%A4%9E%E0%A5%8D%E0%A4%9C%E0%A4%A8/feed/]
in SYSTEMPATH/Router/Router.php on line 768.
 1 SYSTEMPATH/Router/Router.php(219): CodeIgniter\Router\Router->checkDisallowedChars()
 2 SYSTEMPATH/CodeIgniter.php(829): CodeIgniter\Router\Router->handle()
 3 SYSTEMPATH/CodeIgniter.php(441): CodeIgniter\CodeIgniter->tryToRouteIt()
 4 SYSTEMPATH/CodeIgniter.php(340): CodeIgniter\CodeIgniter->handleRequest()
 5 SYSTEMPATH/Boot.php(417): CodeIgniter\CodeIgniter->run()
 6 SYSTEMPATH/Boot.php(68): CodeIgniter\Boot::runCodeIgniter()
 7 FCPATH/index.php(31): CodeIgniter\Boot::bootWeb()
CRITICAL - 2026-07-01 05:55:41 --> CodeIgniter\HTTP\Exceptions\BadRequestException: The URI you submitted has disallowed characters: "पत्रपत्रिका"
[Method: GET, Route: category/%E0%A4%AA%E0%A4%A4%E0%A5%8D%E0%A4%B0%E0%A4%AA%E0%A4%A4%E0%A5%8D%E0%A4%B0%E0%A4%BF%E0%A4%95%E0%A4%BE/feed/]
in SYSTEMPATH/Router/Router.php on line 768.
 1 SYSTEMPATH/Router/Router.php(219): CodeIgniter\Router\Router->checkDisallowedChars()
 2 SYSTEMPATH/CodeIgniter.php(829): CodeIgniter\Router\Router->handle()
 3 SYSTEMPATH/CodeIgniter.php(441): CodeIgniter\CodeIgniter->tryToRouteIt()
 4 SYSTEMPATH/CodeIgniter.php(340): CodeIgniter\CodeIgniter->handleRequest()
 5 SYSTEMPATH/Boot.php(417): CodeIgniter\CodeIgniter->run()
 6 SYSTEMPATH/Boot.php(68): CodeIgniter\Boot::runCodeIgniter()
 7 FCPATH/index.php(31): CodeIgniter\Boot::bootWeb()
CRITICAL - 2026-07-01 06:33:24 --> CodeIgniter\HTTP\Exceptions\BadRequestException: The URI you submitted has disallowed characters: "प्रदेश-१"
[Method: GET, Route: category/%E0%A4%AA%E0%A5%8D%E0%A4%B0%E0%A4%A6%E0%A5%87%E0%A4%B6-%E0%A5%A7/]
in SYSTEMPATH/Router/Router.php on line 768.
 1 SYSTEMPATH/Router/Router.php(219): CodeIgniter\Router\Router->checkDisallowedChars()
 2 SYSTEMPATH/CodeIgniter.php(829): CodeIgniter\Router\Router->handle()
 3 SYSTEMPATH/CodeIgniter.php(441): CodeIgniter\CodeIgniter->tryToRouteIt()
 4 SYSTEMPATH/CodeIgniter.php(340): CodeIgniter\CodeIgniter->handleRequest()
 5 SYSTEMPATH/Boot.php(417): CodeIgniter\CodeIgniter->run()
 6 SYSTEMPATH/Boot.php(68): CodeIgniter\Boot::runCodeIgniter()
 7 FCPATH/index.php(31): CodeIgniter\Boot::bootWeb()
CRITICAL - 2026-07-01 06:35:19 --> CodeIgniter\HTTP\Exceptions\BadRequestException: The URI you submitted has disallowed characters: "अर्थ"
[Method: GET, Route: 497/2021/10/%E0%A4%85%E0%A4%B0%E0%A5%8D%E0%A4%A5/]
in SYSTEMPATH/Router/Router.php on line 768.
 1 SYSTEMPATH/Router/Router.php(219): CodeIgniter\Router\Router->checkDisallowedChars()
 2 SYSTEMPATH/CodeIgniter.php(829): CodeIgniter\Router\Router->handle()
 3 SYSTEMPATH/CodeIgniter.php(441): CodeIgniter\CodeIgniter->tryToRouteIt()
 4 SYSTEMPATH/CodeIgniter.php(340): CodeIgniter\CodeIgniter->handleRequest()
 5 SYSTEMPATH/Boot.php(417): CodeIgniter\CodeIgniter->run()
 6 SYSTEMPATH/Boot.php(68): CodeIgniter\Boot::runCodeIgniter()
 7 FCPATH/index.php(31): CodeIgniter\Boot::bootWeb()
CRITICAL - 2026-07-01 06:35:25 --> CodeIgniter\HTTP\Exceptions\BadRequestException: The URI you submitted has disallowed characters: "स्वास्थ्य"
[Method: GET, Route: 3452/2021/12/%E0%A4%B8%E0%A5%8D%E0%A4%B5%E0%A4%BE%E0%A4%B8%E0%A5%8D%E0%A4%A5%E0%A5%8D%E0%A4%AF/]
in SYSTEMPATH/Router/Router.php on line 768.
 1 SYSTEMPATH/Router/Router.php(219): CodeIgniter\Router\Router->checkDisallowedChars()
 2 SYSTEMPATH/CodeIgniter.php(829): CodeIgniter\Router\Router->handle()
 3 SYSTEMPATH/CodeIgniter.php(441): CodeIgniter\CodeIgniter->tryToRouteIt()
 4 SYSTEMPATH/CodeIgniter.php(340): CodeIgniter\CodeIgniter->handleRequest()
 5 SYSTEMPATH/Boot.php(417): CodeIgniter\CodeIgniter->run()
 6 SYSTEMPATH/Boot.php(68): CodeIgniter\Boot::runCodeIgniter()
 7 FCPATH/index.php(31): CodeIgniter\Boot::bootWeb()
CRITICAL - 2026-07-01 06:37:57 --> CodeIgniter\HTTP\Exceptions\BadRequestException: The URI you submitted has disallowed characters: "अर्थ"
[Method: GET, Route: 1865/2021/11/%E0%A4%85%E0%A4%B0%E0%A5%8D%E0%A4%A5/feed/]
in SYSTEMPATH/Router/Router.php on line 768.
 1 SYSTEMPATH/Router/Router.php(219): CodeIgniter\Router\Router->checkDisallowedChars()
 2 SYSTEMPATH/CodeIgniter.php(829): CodeIgniter\Router\Router->handle()
 3 SYSTEMPATH/CodeIgniter.php(441): CodeIgniter\CodeIgniter->tryToRouteIt()
 4 SYSTEMPATH/CodeIgniter.php(340): CodeIgniter\CodeIgniter->handleRequest()
 5 SYSTEMPATH/Boot.php(417): CodeIgniter\CodeIgniter->run()
 6 SYSTEMPATH/Boot.php(68): CodeIgniter\Boot::runCodeIgniter()
 7 FCPATH/index.php(31): CodeIgniter\Boot::bootWeb()
CRITICAL - 2026-07-01 06:38:06 --> CodeIgniter\HTTP\Exceptions\BadRequestException: The URI you submitted has disallowed characters: "अर्थ"
[Method: GET, Route: 285/2021/10/%E0%A4%85%E0%A4%B0%E0%A5%8D%E0%A4%A5/feed/]
in SYSTEMPATH/Router/Router.php on line 768.
 1 SYSTEMPATH/Router/Router.php(219): CodeIgniter\Router\Router->checkDisallowedChars()
 2 SYSTEMPATH/CodeIgniter.php(829): CodeIgniter\Router\Router->handle()
 3 SYSTEMPATH/CodeIgniter.php(441): CodeIgniter\CodeIgniter->tryToRouteIt()
 4 SYSTEMPATH/CodeIgniter.php(340): CodeIgniter\CodeIgniter->handleRequest()
 5 SYSTEMPATH/Boot.php(417): CodeIgniter\CodeIgniter->run()
 6 SYSTEMPATH/Boot.php(68): CodeIgniter\Boot::runCodeIgniter()
 7 FCPATH/index.php(31): CodeIgniter\Boot::bootWeb()
CRITICAL - 2026-07-01 07:18:56 --> CodeIgniter\HTTP\Exceptions\BadRequestException: The URI you submitted has disallowed characters: "पत्रपत्रिका"
[Method: GET, Route: category/%E0%A4%AA%E0%A4%A4%E0%A5%8D%E0%A4%B0%E0%A4%AA%E0%A4%A4%E0%A5%8D%E0%A4%B0%E0%A4%BF%E0%A4%95%E0%A4%BE/page/2/]
in SYSTEMPATH/Router/Router.php on line 768.
 1 SYSTEMPATH/Router/Router.php(219): CodeIgniter\Router\Router->checkDisallowedChars()
 2 SYSTEMPATH/CodeIgniter.php(829): CodeIgniter\Router\Router->handle()
 3 SYSTEMPATH/CodeIgniter.php(441): CodeIgniter\CodeIgniter->tryToRouteIt()
 4 SYSTEMPATH/CodeIgniter.php(340): CodeIgniter\CodeIgniter->handleRequest()
 5 SYSTEMPATH/Boot.php(417): CodeIgniter\CodeIgniter->run()
 6 SYSTEMPATH/Boot.php(68): CodeIgniter\Boot::runCodeIgniter()
 7 FCPATH/index.php(31): CodeIgniter\Boot::bootWeb()
CRITICAL - 2026-07-01 07:19:18 --> CodeIgniter\HTTP\Exceptions\BadRequestException: The URI you submitted has disallowed characters: "राजनीति"
[Method: GET, Route: 1653/2021/11/%E0%A4%B0%E0%A4%BE%E0%A4%9C%E0%A4%A8%E0%A5%80%E0%A4%A4%E0%A4%BF/]
in SYSTEMPATH/Router/Router.php on line 768.
 1 SYSTEMPATH/Router/Router.php(219): CodeIgniter\Router\Router->checkDisallowedChars()
 2 SYSTEMPATH/CodeIgniter.php(829): CodeIgniter\Router\Router->handle()
 3 SYSTEMPATH/CodeIgniter.php(441): CodeIgniter\CodeIgniter->tryToRouteIt()
 4 SYSTEMPATH/CodeIgniter.php(340): CodeIgniter\CodeIgniter->handleRequest()
 5 SYSTEMPATH/Boot.php(417): CodeIgniter\CodeIgniter->run()
 6 SYSTEMPATH/Boot.php(68): CodeIgniter\Boot::runCodeIgniter()
 7 FCPATH/index.php(31): CodeIgniter\Boot::bootWeb()
CRITICAL - 2026-07-01 07:19:21 --> CodeIgniter\HTTP\Exceptions\BadRequestException: The URI you submitted has disallowed characters: "राजनीति"
[Method: GET, Route: 1963/2021/11/%E0%A4%B0%E0%A4%BE%E0%A4%9C%E0%A4%A8%E0%A5%80%E0%A4%A4%E0%A4%BF/]
in SYSTEMPATH/Router/Router.php on line 768.
 1 SYSTEMPATH/Router/Router.php(219): CodeIgniter\Router\Router->checkDisallowedChars()
 2 SYSTEMPATH/CodeIgniter.php(829): CodeIgniter\Router\Router->handle()
 3 SYSTEMPATH/CodeIgniter.php(441): CodeIgniter\CodeIgniter->tryToRouteIt()
 4 SYSTEMPATH/CodeIgniter.php(340): CodeIgniter\CodeIgniter->handleRequest()
 5 SYSTEMPATH/Boot.php(417): CodeIgniter\CodeIgniter->run()
 6 SYSTEMPATH/Boot.php(68): CodeIgniter\Boot::runCodeIgniter()
 7 FCPATH/index.php(31): CodeIgniter\Boot::bootWeb()
CRITICAL - 2026-07-01 07:19:24 --> CodeIgniter\HTTP\Exceptions\BadRequestException: The URI you submitted has disallowed characters: "विश्व"
[Method: GET, Route: 3811/2021/12/%E0%A4%B5%E0%A4%BF%E0%A4%B6%E0%A5%8D%E0%A4%B5/]
in SYSTEMPATH/Router/Router.php on line 768.
 1 SYSTEMPATH/Router/Router.php(219): CodeIgniter\Router\Router->checkDisallowedChars()
 2 SYSTEMPATH/CodeIgniter.php(829): CodeIgniter\Router\Router->handle()
 3 SYSTEMPATH/CodeIgniter.php(441): CodeIgniter\CodeIgniter->tryToRouteIt()
 4 SYSTEMPATH/CodeIgniter.php(340): CodeIgniter\CodeIgniter->handleRequest()
 5 SYSTEMPATH/Boot.php(417): CodeIgniter\CodeIgniter->run()
 6 SYSTEMPATH/Boot.php(68): CodeIgniter\Boot::runCodeIgniter()
 7 FCPATH/index.php(31): CodeIgniter\Boot::bootWeb()
CRITICAL - 2026-07-01 07:19:26 --> CodeIgniter\HTTP\Exceptions\BadRequestException: The URI you submitted has disallowed characters: "विश्व"
[Method: GET, Route: 3931/2021/12/%E0%A4%B5%E0%A4%BF%E0%A4%B6%E0%A5%8D%E0%A4%B5/]
in SYSTEMPATH/Router/Router.php on line 768.
 1 SYSTEMPATH/Router/Router.php(219): CodeIgniter\Router\Router->checkDisallowedChars()
 2 SYSTEMPATH/CodeIgniter.php(829): CodeIgniter\Router\Router->handle()
 3 SYSTEMPATH/CodeIgniter.php(441): CodeIgniter\CodeIgniter->tryToRouteIt()
 4 SYSTEMPATH/CodeIgniter.php(340): CodeIgniter\CodeIgniter->handleRequest()
 5 SYSTEMPATH/Boot.php(417): CodeIgniter\CodeIgniter->run()
 6 SYSTEMPATH/Boot.php(68): CodeIgniter\Boot::runCodeIgniter()
 7 FCPATH/index.php(31): CodeIgniter\Boot::bootWeb()
CRITICAL - 2026-07-01 07:19:28 --> CodeIgniter\HTTP\Exceptions\BadRequestException: The URI you submitted has disallowed characters: "राजनीति"
[Method: GET, Route: 4314/2021/12/%E0%A4%B0%E0%A4%BE%E0%A4%9C%E0%A4%A8%E0%A5%80%E0%A4%A4%E0%A4%BF/]
in SYSTEMPATH/Router/Router.php on line 768.
 1 SYSTEMPATH/Router/Router.php(219): CodeIgniter\Router\Router->checkDisallowedChars()
 2 SYSTEMPATH/CodeIgniter.php(829): CodeIgniter\Router\Router->handle()
 3 SYSTEMPATH/CodeIgniter.php(441): CodeIgniter\CodeIgniter->tryToRouteIt()
 4 SYSTEMPATH/CodeIgniter.php(340): CodeIgniter\CodeIgniter->handleRequest()
 5 SYSTEMPATH/Boot.php(417): CodeIgniter\CodeIgniter->run()
 6 SYSTEMPATH/Boot.php(68): CodeIgniter\Boot::runCodeIgniter()
 7 FCPATH/index.php(31): CodeIgniter\Boot::bootWeb()
CRITICAL - 2026-07-01 07:22:06 --> CodeIgniter\HTTP\Exceptions\BadRequestException: The URI you submitted has disallowed characters: "अर्थ"
[Method: GET, Route: 1625/2021/11/%E0%A4%85%E0%A4%B0%E0%A5%8D%E0%A4%A5/feed/]
in SYSTEMPATH/Router/Router.php on line 768.
 1 SYSTEMPATH/Router/Router.php(219): CodeIgniter\Router\Router->checkDisallowedChars()
 2 SYSTEMPATH/CodeIgniter.php(829): CodeIgniter\Router\Router->handle()
 3 SYSTEMPATH/CodeIgniter.php(441): CodeIgniter\CodeIgniter->tryToRouteIt()
 4 SYSTEMPATH/CodeIgniter.php(340): CodeIgniter\CodeIgniter->handleRequest()
 5 SYSTEMPATH/Boot.php(417): CodeIgniter\CodeIgniter->run()
 6 SYSTEMPATH/Boot.php(68): CodeIgniter\Boot::runCodeIgniter()
 7 FCPATH/index.php(31): CodeIgniter\Boot::bootWeb()
CRITICAL - 2026-07-01 07:22:46 --> CodeIgniter\HTTP\Exceptions\BadRequestException: The URI you submitted has disallowed characters: "खेलकुद"
[Method: GET, Route: 3111/2021/11/%E0%A4%96%E0%A5%87%E0%A4%B2%E0%A4%95%E0%A5%81%E0%A4%A6/feed/]
in SYSTEMPATH/Router/Router.php on line 768.
 1 SYSTEMPATH/Router/Router.php(219): CodeIgniter\Router\Router->checkDisallowedChars()
 2 SYSTEMPATH/CodeIgniter.php(829): CodeIgniter\Router\Router->handle()
 3 SYSTEMPATH/CodeIgniter.php(441): CodeIgniter\CodeIgniter->tryToRouteIt()
 4 SYSTEMPATH/CodeIgniter.php(340): CodeIgniter\CodeIgniter->handleRequest()
 5 SYSTEMPATH/Boot.php(417): CodeIgniter\CodeIgniter->run()
 6 SYSTEMPATH/Boot.php(68): CodeIgniter\Boot::runCodeIgniter()
 7 FCPATH/index.php(31): CodeIgniter\Boot::bootWeb()
CRITICAL - 2026-07-01 07:23:06 --> CodeIgniter\HTTP\Exceptions\BadRequestException: The URI you submitted has disallowed characters: "विश्व"
[Method: GET, Route: 3387/2021/12/%E0%A4%B5%E0%A4%BF%E0%A4%B6%E0%A5%8D%E0%A4%B5/feed/]
in SYSTEMPATH/Router/Router.php on line 768.
 1 SYSTEMPATH/Router/Router.php(219): CodeIgniter\Router\Router->checkDisallowedChars()
 2 SYSTEMPATH/CodeIgniter.php(829): CodeIgniter\Router\Router->handle()
 3 SYSTEMPATH/CodeIgniter.php(441): CodeIgniter\CodeIgniter->tryToRouteIt()
 4 SYSTEMPATH/CodeIgniter.php(340): CodeIgniter\CodeIgniter->handleRequest()
 5 SYSTEMPATH/Boot.php(417): CodeIgniter\CodeIgniter->run()
 6 SYSTEMPATH/Boot.php(68): CodeIgniter\Boot::runCodeIgniter()
 7 FCPATH/index.php(31): CodeIgniter\Boot::bootWeb()
CRITICAL - 2026-07-01 07:23:23 --> CodeIgniter\HTTP\Exceptions\BadRequestException: The URI you submitted has disallowed characters: "विश्व"
[Method: GET, Route: 3466/2021/12/%E0%A4%B5%E0%A4%BF%E0%A4%B6%E0%A5%8D%E0%A4%B5/feed/]
in SYSTEMPATH/Router/Router.php on line 768.
 1 SYSTEMPATH/Router/Router.php(219): CodeIgniter\Router\Router->checkDisallowedChars()
 2 SYSTEMPATH/CodeIgniter.php(829): CodeIgniter\Router\Router->handle()
 3 SYSTEMPATH/CodeIgniter.php(441): CodeIgniter\CodeIgniter->tryToRouteIt()
 4 SYSTEMPATH/CodeIgniter.php(340): CodeIgniter\CodeIgniter->handleRequest()
 5 SYSTEMPATH/Boot.php(417): CodeIgniter\CodeIgniter->run()
 6 SYSTEMPATH/Boot.php(68): CodeIgniter\Boot::runCodeIgniter()
 7 FCPATH/index.php(31): CodeIgniter\Boot::bootWeb()
CRITICAL - 2026-07-01 07:23:47 --> CodeIgniter\HTTP\Exceptions\BadRequestException: The URI you submitted has disallowed characters: "मनोरञ्जन"
[Method: GET, Route: 398/2021/10/%E0%A4%AE%E0%A4%A8%E0%A5%8B%E0%A4%B0%E0%A4%9E%E0%A5%8D%E0%A4%9C%E0%A4%A8/feed/]
in SYSTEMPATH/Router/Router.php on line 768.
 1 SYSTEMPATH/Router/Router.php(219): CodeIgniter\Router\Router->checkDisallowedChars()
 2 SYSTEMPATH/CodeIgniter.php(829): CodeIgniter\Router\Router->handle()
 3 SYSTEMPATH/CodeIgniter.php(441): CodeIgniter\CodeIgniter->tryToRouteIt()
 4 SYSTEMPATH/CodeIgniter.php(340): CodeIgniter\CodeIgniter->handleRequest()
 5 SYSTEMPATH/Boot.php(417): CodeIgniter\CodeIgniter->run()
 6 SYSTEMPATH/Boot.php(68): CodeIgniter\Boot::runCodeIgniter()
 7 FCPATH/index.php(31): CodeIgniter\Boot::bootWeb()
CRITICAL - 2026-07-01 07:24:18 --> CodeIgniter\HTTP\Exceptions\BadRequestException: The URI you submitted has disallowed characters: "अर्थ"
[Method: GET, Route: 4559/2021/12/%E0%A4%85%E0%A4%B0%E0%A5%8D%E0%A4%A5/feed/]
in SYSTEMPATH/Router/Router.php on line 768.
 1 SYSTEMPATH/Router/Router.php(219): CodeIgniter\Router\Router->checkDisallowedChars()
 2 SYSTEMPATH/CodeIgniter.php(829): CodeIgniter\Router\Router->handle()
 3 SYSTEMPATH/CodeIgniter.php(441): CodeIgniter\CodeIgniter->tryToRouteIt()
 4 SYSTEMPATH/CodeIgniter.php(340): CodeIgniter\CodeIgniter->handleRequest()
 5 SYSTEMPATH/Boot.php(417): CodeIgniter\CodeIgniter->run()
 6 SYSTEMPATH/Boot.php(68): CodeIgniter\Boot::runCodeIgniter()
 7 FCPATH/index.php(31): CodeIgniter\Boot::bootWeb()
CRITICAL - 2026-07-01 07:24:50 --> CodeIgniter\HTTP\Exceptions\BadRequestException: The URI you submitted has disallowed characters: "मनोरञ्जन"
[Method: GET, Route: 2548/2021/11/%E0%A4%AE%E0%A4%A8%E0%A5%8B%E0%A4%B0%E0%A4%9E%E0%A5%8D%E0%A4%9C%E0%A4%A8/feed/]
in SYSTEMPATH/Router/Router.php on line 768.
 1 SYSTEMPATH/Router/Router.php(219): CodeIgniter\Router\Router->checkDisallowedChars()
 2 SYSTEMPATH/CodeIgniter.php(829): CodeIgniter\Router\Router->handle()
 3 SYSTEMPATH/CodeIgniter.php(441): CodeIgniter\CodeIgniter->tryToRouteIt()
 4 SYSTEMPATH/CodeIgniter.php(340): CodeIgniter\CodeIgniter->handleRequest()
 5 SYSTEMPATH/Boot.php(417): CodeIgniter\CodeIgniter->run()
 6 SYSTEMPATH/Boot.php(68): CodeIgniter\Boot::runCodeIgniter()
 7 FCPATH/index.php(31): CodeIgniter\Boot::bootWeb()
CRITICAL - 2026-07-01 07:25:19 --> CodeIgniter\HTTP\Exceptions\BadRequestException: The URI you submitted has disallowed characters: "मनोरञ्जन"
[Method: GET, Route: 2948/2021/11/%E0%A4%AE%E0%A4%A8%E0%A5%8B%E0%A4%B0%E0%A4%9E%E0%A5%8D%E0%A4%9C%E0%A4%A8/feed/]
in SYSTEMPATH/Router/Router.php on line 768.
 1 SYSTEMPATH/Router/Router.php(219): CodeIgniter\Router\Router->checkDisallowedChars()
 2 SYSTEMPATH/CodeIgniter.php(829): CodeIgniter\Router\Router->handle()
 3 SYSTEMPATH/CodeIgniter.php(441): CodeIgniter\CodeIgniter->tryToRouteIt()
 4 SYSTEMPATH/CodeIgniter.php(340): CodeIgniter\CodeIgniter->handleRequest()
 5 SYSTEMPATH/Boot.php(417): CodeIgniter\CodeIgniter->run()
 6 SYSTEMPATH/Boot.php(68): CodeIgniter\Boot::runCodeIgniter()
 7 FCPATH/index.php(31): CodeIgniter\Boot::bootWeb()
CRITICAL - 2026-07-01 07:25:49 --> CodeIgniter\HTTP\Exceptions\BadRequestException: The URI you submitted has disallowed characters: "मनोरञ्जन"
[Method: GET, Route: 4115/2021/12/%E0%A4%AE%E0%A4%A8%E0%A5%8B%E0%A4%B0%E0%A4%9E%E0%A5%8D%E0%A4%9C%E0%A4%A8/feed/]
in SYSTEMPATH/Router/Router.php on line 768.
 1 SYSTEMPATH/Router/Router.php(219): CodeIgniter\Router\Router->checkDisallowedChars()
 2 SYSTEMPATH/CodeIgniter.php(829): CodeIgniter\Router\Router->handle()
 3 SYSTEMPATH/CodeIgniter.php(441): CodeIgniter\CodeIgniter->tryToRouteIt()
 4 SYSTEMPATH/CodeIgniter.php(340): CodeIgniter\CodeIgniter->handleRequest()
 5 SYSTEMPATH/Boot.php(417): CodeIgniter\CodeIgniter->run()
 6 SYSTEMPATH/Boot.php(68): CodeIgniter\Boot::runCodeIgniter()
 7 FCPATH/index.php(31): CodeIgniter\Boot::bootWeb()
CRITICAL - 2026-07-01 07:29:46 --> CodeIgniter\HTTP\Exceptions\BadRequestException: The URI you submitted has disallowed characters: "मधेशका-मुख्यमन्त्रीको-आह्वान-–-मिटरब्याज-समस्याविरुद्ध-संयुक्तरुपमा-लडौं.jpg"
[Method: GET, Route: wp-content/uploads/2023/03/%E0%A4%AE%E0%A4%A7%E0%A5%87%E0%A4%B6%E0%A4%95%E0%A4%BE-%E0%A4%AE%E0%A5%81%E0%A4%96%E0%A5%8D%E0%A4%AF%E0%A4%AE%E0%A4%A8%E0%A5%8D%E0%A4%A4%E0%A5%8D%E0%A4%B0%E0%A5%80%E0%A4%95%E0%A5%8B-%E0%A4%86%E0%A4%B9%E0%A5%8D%E0%A4%B5%E0%A4%BE%E0%A4%A8-%E2%80%93-%E0%A4%AE%E0%A4%BF%E0%A4%9F%E0%A4%B0%E0%A4%AC%E0%A5%8D%E0%A4%AF%E0%A4%BE%E0%A4%9C-%E0%A4%B8%E0%A4%AE%E0%A4%B8%E0%A5%8D%E0%A4%AF%E0%A4%BE%E0%A4%B5%E0%A4%BF%E0%A4%B0%E0%A5%81%E0%A4%A6%E0%A5%8D%E0%A4%A7-%E0%A4%B8%E0%A4%82%E0%A4%AF%E0%A5%81%E0%A4%95%E0%A5%8D%E0%A4%A4%E0%A4%B0%E0%A5%81%E0%A4%AA%E0%A4%AE%E0%A4%BE-%E0%A4%B2%E0%A4%A1%E0%A5%8C%E0%A4%82.jpg]
in SYSTEMPATH/Router/Router.php on line 768.
 1 SYSTEMPATH/Router/Router.php(219): CodeIgniter\Router\Router->checkDisallowedChars()
 2 SYSTEMPATH/CodeIgniter.php(829): CodeIgniter\Router\Router->handle()
 3 SYSTEMPATH/CodeIgniter.php(441): CodeIgniter\CodeIgniter->tryToRouteIt()
 4 SYSTEMPATH/CodeIgniter.php(340): CodeIgniter\CodeIgniter->handleRequest()
 5 SYSTEMPATH/Boot.php(417): CodeIgniter\CodeIgniter->run()
 6 SYSTEMPATH/Boot.php(68): CodeIgniter\Boot::runCodeIgniter()
 7 FCPATH/index.php(31): CodeIgniter\Boot::bootWeb()
CRITICAL - 2026-07-01 07:59:06 --> CodeIgniter\HTTP\Exceptions\BadRequestException: The URI you submitted has disallowed characters: "इपेपर"
[Method: GET, Route: category/%E0%A4%87%E0%A4%AA%E0%A5%87%E0%A4%AA%E0%A4%B0/]
in SYSTEMPATH/Router/Router.php on line 768.
 1 SYSTEMPATH/Router/Router.php(219): CodeIgniter\Router\Router->checkDisallowedChars()
 2 SYSTEMPATH/CodeIgniter.php(829): CodeIgniter\Router\Router->handle()
 3 SYSTEMPATH/CodeIgniter.php(441): CodeIgniter\CodeIgniter->tryToRouteIt()
 4 SYSTEMPATH/CodeIgniter.php(340): CodeIgniter\CodeIgniter->handleRequest()
 5 SYSTEMPATH/Boot.php(417): CodeIgniter\CodeIgniter->run()
 6 SYSTEMPATH/Boot.php(68): CodeIgniter\Boot::runCodeIgniter()
 7 FCPATH/index.php(31): CodeIgniter\Boot::bootWeb()
CRITICAL - 2026-07-01 08:07:09 --> CodeIgniter\HTTP\Exceptions\BadRequestException: The URI you submitted has disallowed characters: "राजनीति"
[Method: GET, Route: 3368/2021/12/%E0%A4%B0%E0%A4%BE%E0%A4%9C%E0%A4%A8%E0%A5%80%E0%A4%A4%E0%A4%BF/]
in SYSTEMPATH/Router/Router.php on line 768.
 1 SYSTEMPATH/Router/Router.php(219): CodeIgniter\Router\Router->checkDisallowedChars()
 2 SYSTEMPATH/CodeIgniter.php(829): CodeIgniter\Router\Router->handle()
 3 SYSTEMPATH/CodeIgniter.php(441): CodeIgniter\CodeIgniter->tryToRouteIt()
 4 SYSTEMPATH/CodeIgniter.php(340): CodeIgniter\CodeIgniter->handleRequest()
 5 SYSTEMPATH/Boot.php(417): CodeIgniter\CodeIgniter->run()
 6 SYSTEMPATH/Boot.php(68): CodeIgniter\Boot::runCodeIgniter()
 7 FCPATH/index.php(31): CodeIgniter\Boot::bootWeb()
CRITICAL - 2026-07-01 08:07:13 --> CodeIgniter\HTTP\Exceptions\BadRequestException: The URI you submitted has disallowed characters: "अर्थ"
[Method: GET, Route: 4620/2021/12/%E0%A4%85%E0%A4%B0%E0%A5%8D%E0%A4%A5/]
in SYSTEMPATH/Router/Router.php on line 768.
 1 SYSTEMPATH/Router/Router.php(219): CodeIgniter\Router\Router->checkDisallowedChars()
 2 SYSTEMPATH/CodeIgniter.php(829): CodeIgniter\Router\Router->handle()
 3 SYSTEMPATH/CodeIgniter.php(441): CodeIgniter\CodeIgniter->tryToRouteIt()
 4 SYSTEMPATH/CodeIgniter.php(340): CodeIgniter\CodeIgniter->handleRequest()
 5 SYSTEMPATH/Boot.php(417): CodeIgniter\CodeIgniter->run()
 6 SYSTEMPATH/Boot.php(68): CodeIgniter\Boot::runCodeIgniter()
 7 FCPATH/index.php(31): CodeIgniter\Boot::bootWeb()
CRITICAL - 2026-07-01 08:07:17 --> CodeIgniter\HTTP\Exceptions\BadRequestException: The URI you submitted has disallowed characters: "राजनीति"
[Method: GET, Route: 511/2021/10/%E0%A4%B0%E0%A4%BE%E0%A4%9C%E0%A4%A8%E0%A5%80%E0%A4%A4%E0%A4%BF/]
in SYSTEMPATH/Router/Router.php on line 768.
 1 SYSTEMPATH/Router/Router.php(219): CodeIgniter\Router\Router->checkDisallowedChars()
 2 SYSTEMPATH/CodeIgniter.php(829): CodeIgniter\Router\Router->handle()
 3 SYSTEMPATH/CodeIgniter.php(441): CodeIgniter\CodeIgniter->tryToRouteIt()
 4 SYSTEMPATH/CodeIgniter.php(340): CodeIgniter\CodeIgniter->handleRequest()
 5 SYSTEMPATH/Boot.php(417): CodeIgniter\CodeIgniter->run()
 6 SYSTEMPATH/Boot.php(68): CodeIgniter\Boot::runCodeIgniter()
 7 FCPATH/index.php(31): CodeIgniter\Boot::bootWeb()
CRITICAL - 2026-07-01 08:07:23 --> CodeIgniter\HTTP\Exceptions\BadRequestException: The URI you submitted has disallowed characters: "स्वास्थ्य"
[Method: GET, Route: 3362/2021/12/%E0%A4%B8%E0%A5%8D%E0%A4%B5%E0%A4%BE%E0%A4%B8%E0%A5%8D%E0%A4%A5%E0%A5%8D%E0%A4%AF/]
in SYSTEMPATH/Router/Router.php on line 768.
 1 SYSTEMPATH/Router/Router.php(219): CodeIgniter\Router\Router->checkDisallowedChars()
 2 SYSTEMPATH/CodeIgniter.php(829): CodeIgniter\Router\Router->handle()
 3 SYSTEMPATH/CodeIgniter.php(441): CodeIgniter\CodeIgniter->tryToRouteIt()
 4 SYSTEMPATH/CodeIgniter.php(340): CodeIgniter\CodeIgniter->handleRequest()
 5 SYSTEMPATH/Boot.php(417): CodeIgniter\CodeIgniter->run()
 6 SYSTEMPATH/Boot.php(68): CodeIgniter\Boot::runCodeIgniter()
 7 FCPATH/index.php(31): CodeIgniter\Boot::bootWeb()
CRITICAL - 2026-07-01 08:07:29 --> CodeIgniter\HTTP\Exceptions\BadRequestException: The URI you submitted has disallowed characters: "स्वास्थ्य"
[Method: GET, Route: 3408/2021/12/%E0%A4%B8%E0%A5%8D%E0%A4%B5%E0%A4%BE%E0%A4%B8%E0%A5%8D%E0%A4%A5%E0%A5%8D%E0%A4%AF/]
in SYSTEMPATH/Router/Router.php on line 768.
 1 SYSTEMPATH/Router/Router.php(219): CodeIgniter\Router\Router->checkDisallowedChars()
 2 SYSTEMPATH/CodeIgniter.php(829): CodeIgniter\Router\Router->handle()
 3 SYSTEMPATH/CodeIgniter.php(441): CodeIgniter\CodeIgniter->tryToRouteIt()
 4 SYSTEMPATH/CodeIgniter.php(340): CodeIgniter\CodeIgniter->handleRequest()
 5 SYSTEMPATH/Boot.php(417): CodeIgniter\CodeIgniter->run()
 6 SYSTEMPATH/Boot.php(68): CodeIgniter\Boot::runCodeIgniter()
 7 FCPATH/index.php(31): CodeIgniter\Boot::bootWeb()
CRITICAL - 2026-07-01 08:09:35 --> CodeIgniter\HTTP\Exceptions\BadRequestException: The URI you submitted has disallowed characters: "इपेपर"
[Method: GET, Route: 2092/2021/11/%E0%A4%87%E0%A4%AA%E0%A5%87%E0%A4%AA%E0%A4%B0/feed/]
in SYSTEMPATH/Router/Router.php on line 768.
 1 SYSTEMPATH/Router/Router.php(219): CodeIgniter\Router\Router->checkDisallowedChars()
 2 SYSTEMPATH/CodeIgniter.php(829): CodeIgniter\Router\Router->handle()
 3 SYSTEMPATH/CodeIgniter.php(441): CodeIgniter\CodeIgniter->tryToRouteIt()
 4 SYSTEMPATH/CodeIgniter.php(340): CodeIgniter\CodeIgniter->handleRequest()
 5 SYSTEMPATH/Boot.php(417): CodeIgniter\CodeIgniter->run()
 6 SYSTEMPATH/Boot.php(68): CodeIgniter\Boot::runCodeIgniter()
 7 FCPATH/index.php(31): CodeIgniter\Boot::bootWeb()
CRITICAL - 2026-07-01 08:09:39 --> CodeIgniter\HTTP\Exceptions\BadRequestException: The URI you submitted has disallowed characters: "खेलकुद"
[Method: GET, Route: 3472/2021/12/%E0%A4%96%E0%A5%87%E0%A4%B2%E0%A4%95%E0%A5%81%E0%A4%A6/feed/]
in SYSTEMPATH/Router/Router.php on line 768.
 1 SYSTEMPATH/Router/Router.php(219): CodeIgniter\Router\Router->checkDisallowedChars()
 2 SYSTEMPATH/CodeIgniter.php(829): CodeIgniter\Router\Router->handle()
 3 SYSTEMPATH/CodeIgniter.php(441): CodeIgniter\CodeIgniter->tryToRouteIt()
 4 SYSTEMPATH/CodeIgniter.php(340): CodeIgniter\CodeIgniter->handleRequest()
 5 SYSTEMPATH/Boot.php(417): CodeIgniter\CodeIgniter->run()
 6 SYSTEMPATH/Boot.php(68): CodeIgniter\Boot::runCodeIgniter()
 7 FCPATH/index.php(31): CodeIgniter\Boot::bootWeb()
CRITICAL - 2026-07-01 08:09:41 --> CodeIgniter\HTTP\Exceptions\BadRequestException: The URI you submitted has disallowed characters: "समाचार"
[Method: GET, Route: 3581/2021/12/%E0%A4%B8%E0%A4%AE%E0%A4%BE%E0%A4%9A%E0%A4%BE%E0%A4%B0/feed/]
in SYSTEMPATH/Router/Router.php on line 768.
 1 SYSTEMPATH/Router/Router.php(219): CodeIgniter\Router\Router->checkDisallowedChars()
 2 SYSTEMPATH/CodeIgniter.php(829): CodeIgniter\Router\Router->handle()
 3 SYSTEMPATH/CodeIgniter.php(441): CodeIgniter\CodeIgniter->tryToRouteIt()
 4 SYSTEMPATH/CodeIgniter.php(340): CodeIgniter\CodeIgniter->handleRequest()
 5 SYSTEMPATH/Boot.php(417): CodeIgniter\CodeIgniter->run()
 6 SYSTEMPATH/Boot.php(68): CodeIgniter\Boot::runCodeIgniter()
 7 FCPATH/index.php(31): CodeIgniter\Boot::bootWeb()
CRITICAL - 2026-07-01 08:09:44 --> CodeIgniter\HTTP\Exceptions\BadRequestException: The URI you submitted has disallowed characters: "समाचार"
[Method: GET, Route: 3959/2021/12/%E0%A4%B8%E0%A4%AE%E0%A4%BE%E0%A4%9A%E0%A4%BE%E0%A4%B0/feed/]
in SYSTEMPATH/Router/Router.php on line 768.
 1 SYSTEMPATH/Router/Router.php(219): CodeIgniter\Router\Router->checkDisallowedChars()
 2 SYSTEMPATH/CodeIgniter.php(829): CodeIgniter\Router\Router->handle()
 3 SYSTEMPATH/CodeIgniter.php(441): CodeIgniter\CodeIgniter->tryToRouteIt()
 4 SYSTEMPATH/CodeIgniter.php(340): CodeIgniter\CodeIgniter->handleRequest()
 5 SYSTEMPATH/Boot.php(417): CodeIgniter\CodeIgniter->run()
 6 SYSTEMPATH/Boot.php(68): CodeIgniter\Boot::runCodeIgniter()
 7 FCPATH/index.php(31): CodeIgniter\Boot::bootWeb()
CRITICAL - 2026-07-01 08:09:46 --> CodeIgniter\HTTP\Exceptions\BadRequestException: The URI you submitted has disallowed characters: "राजनीति"
[Method: GET, Route: 3973/2021/12/%E0%A4%B0%E0%A4%BE%E0%A4%9C%E0%A4%A8%E0%A5%80%E0%A4%A4%E0%A4%BF/feed/]
in SYSTEMPATH/Router/Router.php on line 768.
 1 SYSTEMPATH/Router/Router.php(219): CodeIgniter\Router\Router->checkDisallowedChars()
 2 SYSTEMPATH/CodeIgniter.php(829): CodeIgniter\Router\Router->handle()
 3 SYSTEMPATH/CodeIgniter.php(441): CodeIgniter\CodeIgniter->tryToRouteIt()
 4 SYSTEMPATH/CodeIgniter.php(340): CodeIgniter\CodeIgniter->handleRequest()
 5 SYSTEMPATH/Boot.php(417): CodeIgniter\CodeIgniter->run()
 6 SYSTEMPATH/Boot.php(68): CodeIgniter\Boot::runCodeIgniter()
 7 FCPATH/index.php(31): CodeIgniter\Boot::bootWeb()
CRITICAL - 2026-07-01 08:09:48 --> CodeIgniter\HTTP\Exceptions\BadRequestException: The URI you submitted has disallowed characters: "समाचार"
[Method: GET, Route: 4310/2021/12/%E0%A4%B8%E0%A4%AE%E0%A4%BE%E0%A4%9A%E0%A4%BE%E0%A4%B0/feed/]
in SYSTEMPATH/Router/Router.php on line 768.
 1 SYSTEMPATH/Router/Router.php(219): CodeIgniter\Router\Router->checkDisallowedChars()
 2 SYSTEMPATH/CodeIgniter.php(829): CodeIgniter\Router\Router->handle()
 3 SYSTEMPATH/CodeIgniter.php(441): CodeIgniter\CodeIgniter->tryToRouteIt()
 4 SYSTEMPATH/CodeIgniter.php(340): CodeIgniter\CodeIgniter->handleRequest()
 5 SYSTEMPATH/Boot.php(417): CodeIgniter\CodeIgniter->run()
 6 SYSTEMPATH/Boot.php(68): CodeIgniter\Boot::runCodeIgniter()
 7 FCPATH/index.php(31): CodeIgniter\Boot::bootWeb()
CRITICAL - 2026-07-01 08:09:50 --> CodeIgniter\HTTP\Exceptions\BadRequestException: The URI you submitted has disallowed characters: "समाचार"
[Method: GET, Route: 4823/2021/12/%E0%A4%B8%E0%A4%AE%E0%A4%BE%E0%A4%9A%E0%A4%BE%E0%A4%B0/feed/]
in SYSTEMPATH/Router/Router.php on line 768.
 1 SYSTEMPATH/Router/Router.php(219): CodeIgniter\Router\Router->checkDisallowedChars()
 2 SYSTEMPATH/CodeIgniter.php(829): CodeIgniter\Router\Router->handle()
 3 SYSTEMPATH/CodeIgniter.php(441): CodeIgniter\CodeIgniter->tryToRouteIt()
 4 SYSTEMPATH/CodeIgniter.php(340): CodeIgniter\CodeIgniter->handleRequest()
 5 SYSTEMPATH/Boot.php(417): CodeIgniter\CodeIgniter->run()
 6 SYSTEMPATH/Boot.php(68): CodeIgniter\Boot::runCodeIgniter()
 7 FCPATH/index.php(31): CodeIgniter\Boot::bootWeb()
CRITICAL - 2026-07-01 08:09:53 --> CodeIgniter\HTTP\Exceptions\BadRequestException: The URI you submitted has disallowed characters: "समाचार"
[Method: GET, Route: 4998/2021/12/%E0%A4%B8%E0%A4%AE%E0%A4%BE%E0%A4%9A%E0%A4%BE%E0%A4%B0/feed/]
in SYSTEMPATH/Router/Router.php on line 768.
 1 SYSTEMPATH/Router/Router.php(219): CodeIgniter\Router\Router->checkDisallowedChars()
 2 SYSTEMPATH/CodeIgniter.php(829): CodeIgniter\Router\Router->handle()
 3 SYSTEMPATH/CodeIgniter.php(441): CodeIgniter\CodeIgniter->tryToRouteIt()
 4 SYSTEMPATH/CodeIgniter.php(340): CodeIgniter\CodeIgniter->handleRequest()
 5 SYSTEMPATH/Boot.php(417): CodeIgniter\CodeIgniter->run()
 6 SYSTEMPATH/Boot.php(68): CodeIgniter\Boot::runCodeIgniter()
 7 FCPATH/index.php(31): CodeIgniter\Boot::bootWeb()
CRITICAL - 2026-07-01 08:15:28 --> CodeIgniter\HTTP\Exceptions\BadRequestException: The URI you submitted has disallowed characters: "प्रमुख-समाचार"
[Method: GET, Route: category/%E0%A4%AA%E0%A5%8D%E0%A4%B0%E0%A4%AE%E0%A5%81%E0%A4%96-%E0%A4%B8%E0%A4%AE%E0%A4%BE%E0%A4%9A%E0%A4%BE%E0%A4%B0/page/13/]
in SYSTEMPATH/Router/Router.php on line 768.
 1 SYSTEMPATH/Router/Router.php(219): CodeIgniter\Router\Router->checkDisallowedChars()
 2 SYSTEMPATH/CodeIgniter.php(829): CodeIgniter\Router\Router->handle()
 3 SYSTEMPATH/CodeIgniter.php(441): CodeIgniter\CodeIgniter->tryToRouteIt()
 4 SYSTEMPATH/CodeIgniter.php(340): CodeIgniter\CodeIgniter->handleRequest()
 5 SYSTEMPATH/Boot.php(417): CodeIgniter\CodeIgniter->run()
 6 SYSTEMPATH/Boot.php(68): CodeIgniter\Boot::runCodeIgniter()
 7 FCPATH/index.php(31): CodeIgniter\Boot::bootWeb()
CRITICAL - 2026-07-01 08:41:46 --> CodeIgniter\HTTP\Exceptions\BadRequestException: The URI you submitted has disallowed characters: "पत्रपत्रिका"
[Method: GET, Route: category/%E0%A4%AA%E0%A4%A4%E0%A5%8D%E0%A4%B0%E0%A4%AA%E0%A4%A4%E0%A5%8D%E0%A4%B0%E0%A4%BF%E0%A4%95%E0%A4%BE/page/10/]
in SYSTEMPATH/Router/Router.php on line 768.
 1 SYSTEMPATH/Router/Router.php(219): CodeIgniter\Router\Router->checkDisallowedChars()
 2 SYSTEMPATH/CodeIgniter.php(829): CodeIgniter\Router\Router->handle()
 3 SYSTEMPATH/CodeIgniter.php(441): CodeIgniter\CodeIgniter->tryToRouteIt()
 4 SYSTEMPATH/CodeIgniter.php(340): CodeIgniter\CodeIgniter->handleRequest()
 5 SYSTEMPATH/Boot.php(417): CodeIgniter\CodeIgniter->run()
 6 SYSTEMPATH/Boot.php(68): CodeIgniter\Boot::runCodeIgniter()
 7 FCPATH/index.php(31): CodeIgniter\Boot::bootWeb()
CRITICAL - 2026-07-01 08:51:02 --> CodeIgniter\HTTP\Exceptions\BadRequestException: The URI you submitted has disallowed characters: "विश्व"
[Method: GET, Route: 1991/2021/11/%E0%A4%B5%E0%A4%BF%E0%A4%B6%E0%A5%8D%E0%A4%B5/]
in SYSTEMPATH/Router/Router.php on line 768.
 1 SYSTEMPATH/Router/Router.php(219): CodeIgniter\Router\Router->checkDisallowedChars()
 2 SYSTEMPATH/CodeIgniter.php(829): CodeIgniter\Router\Router->handle()
 3 SYSTEMPATH/CodeIgniter.php(441): CodeIgniter\CodeIgniter->tryToRouteIt()
 4 SYSTEMPATH/CodeIgniter.php(340): CodeIgniter\CodeIgniter->handleRequest()
 5 SYSTEMPATH/Boot.php(417): CodeIgniter\CodeIgniter->run()
 6 SYSTEMPATH/Boot.php(68): CodeIgniter\Boot::runCodeIgniter()
 7 FCPATH/index.php(31): CodeIgniter\Boot::bootWeb()
CRITICAL - 2026-07-01 08:51:07 --> CodeIgniter\HTTP\Exceptions\BadRequestException: The URI you submitted has disallowed characters: "राजनीति"
[Method: GET, Route: 3567/2021/12/%E0%A4%B0%E0%A4%BE%E0%A4%9C%E0%A4%A8%E0%A5%80%E0%A4%A4%E0%A4%BF/]
in SYSTEMPATH/Router/Router.php on line 768.
 1 SYSTEMPATH/Router/Router.php(219): CodeIgniter\Router\Router->checkDisallowedChars()
 2 SYSTEMPATH/CodeIgniter.php(829): CodeIgniter\Router\Router->handle()
 3 SYSTEMPATH/CodeIgniter.php(441): CodeIgniter\CodeIgniter->tryToRouteIt()
 4 SYSTEMPATH/CodeIgniter.php(340): CodeIgniter\CodeIgniter->handleRequest()
 5 SYSTEMPATH/Boot.php(417): CodeIgniter\CodeIgniter->run()
 6 SYSTEMPATH/Boot.php(68): CodeIgniter\Boot::runCodeIgniter()
 7 FCPATH/index.php(31): CodeIgniter\Boot::bootWeb()
CRITICAL - 2026-07-01 08:51:12 --> CodeIgniter\HTTP\Exceptions\BadRequestException: The URI you submitted has disallowed characters: "अर्थ"
[Method: GET, Route: 3657/2021/12/%E0%A4%85%E0%A4%B0%E0%A5%8D%E0%A4%A5/]
in SYSTEMPATH/Router/Router.php on line 768.
 1 SYSTEMPATH/Router/Router.php(219): CodeIgniter\Router\Router->checkDisallowedChars()
 2 SYSTEMPATH/CodeIgniter.php(829): CodeIgniter\Router\Router->handle()
 3 SYSTEMPATH/CodeIgniter.php(441): CodeIgniter\CodeIgniter->tryToRouteIt()
 4 SYSTEMPATH/CodeIgniter.php(340): CodeIgniter\CodeIgniter->handleRequest()
 5 SYSTEMPATH/Boot.php(417): CodeIgniter\CodeIgniter->run()
 6 SYSTEMPATH/Boot.php(68): CodeIgniter\Boot::runCodeIgniter()
 7 FCPATH/index.php(31): CodeIgniter\Boot::bootWeb()
CRITICAL - 2026-07-01 08:51:15 --> CodeIgniter\HTTP\Exceptions\BadRequestException: The URI you submitted has disallowed characters: "विश्व"
[Method: GET, Route: 4545/2021/12/%E0%A4%B5%E0%A4%BF%E0%A4%B6%E0%A5%8D%E0%A4%B5/]
in SYSTEMPATH/Router/Router.php on line 768.
 1 SYSTEMPATH/Router/Router.php(219): CodeIgniter\Router\Router->checkDisallowedChars()
 2 SYSTEMPATH/CodeIgniter.php(829): CodeIgniter\Router\Router->handle()
 3 SYSTEMPATH/CodeIgniter.php(441): CodeIgniter\CodeIgniter->tryToRouteIt()
 4 SYSTEMPATH/CodeIgniter.php(340): CodeIgniter\CodeIgniter->handleRequest()
 5 SYSTEMPATH/Boot.php(417): CodeIgniter\CodeIgniter->run()
 6 SYSTEMPATH/Boot.php(68): CodeIgniter\Boot::runCodeIgniter()
 7 FCPATH/index.php(31): CodeIgniter\Boot::bootWeb()
CRITICAL - 2026-07-01 08:57:55 --> CodeIgniter\HTTP\Exceptions\BadRequestException: The URI you submitted has disallowed characters: "समाचार"
[Method: GET, Route: 1487/2021/11/%E0%A4%B8%E0%A4%AE%E0%A4%BE%E0%A4%9A%E0%A4%BE%E0%A4%B0/feed/]
in SYSTEMPATH/Router/Router.php on line 768.
 1 SYSTEMPATH/Router/Router.php(219): CodeIgniter\Router\Router->checkDisallowedChars()
 2 SYSTEMPATH/CodeIgniter.php(829): CodeIgniter\Router\Router->handle()
 3 SYSTEMPATH/CodeIgniter.php(441): CodeIgniter\CodeIgniter->tryToRouteIt()
 4 SYSTEMPATH/CodeIgniter.php(340): CodeIgniter\CodeIgniter->handleRequest()
 5 SYSTEMPATH/Boot.php(417): CodeIgniter\CodeIgniter->run()
 6 SYSTEMPATH/Boot.php(68): CodeIgniter\Boot::runCodeIgniter()
 7 FCPATH/index.php(31): CodeIgniter\Boot::bootWeb()
CRITICAL - 2026-07-01 08:58:48 --> CodeIgniter\HTTP\Exceptions\BadRequestException: The URI you submitted has disallowed characters: "समाचार"
[Method: GET, Route: 2053/2021/11/%E0%A4%B8%E0%A4%AE%E0%A4%BE%E0%A4%9A%E0%A4%BE%E0%A4%B0/feed/]
in SYSTEMPATH/Router/Router.php on line 768.
 1 SYSTEMPATH/Router/Router.php(219): CodeIgniter\Router\Router->checkDisallowedChars()
 2 SYSTEMPATH/CodeIgniter.php(829): CodeIgniter\Router\Router->handle()
 3 SYSTEMPATH/CodeIgniter.php(441): CodeIgniter\CodeIgniter->tryToRouteIt()
 4 SYSTEMPATH/CodeIgniter.php(340): CodeIgniter\CodeIgniter->handleRequest()
 5 SYSTEMPATH/Boot.php(417): CodeIgniter\CodeIgniter->run()
 6 SYSTEMPATH/Boot.php(68): CodeIgniter\Boot::runCodeIgniter()
 7 FCPATH/index.php(31): CodeIgniter\Boot::bootWeb()
CRITICAL - 2026-07-01 08:59:10 --> CodeIgniter\HTTP\Exceptions\BadRequestException: The URI you submitted has disallowed characters: "समाचार"
[Method: GET, Route: 2378/2021/11/%E0%A4%B8%E0%A4%AE%E0%A4%BE%E0%A4%9A%E0%A4%BE%E0%A4%B0/feed/]
in SYSTEMPATH/Router/Router.php on line 768.
 1 SYSTEMPATH/Router/Router.php(219): CodeIgniter\Router\Router->checkDisallowedChars()
 2 SYSTEMPATH/CodeIgniter.php(829): CodeIgniter\Router\Router->handle()
 3 SYSTEMPATH/CodeIgniter.php(441): CodeIgniter\CodeIgniter->tryToRouteIt()
 4 SYSTEMPATH/CodeIgniter.php(340): CodeIgniter\CodeIgniter->handleRequest()
 5 SYSTEMPATH/Boot.php(417): CodeIgniter\CodeIgniter->run()
 6 SYSTEMPATH/Boot.php(68): CodeIgniter\Boot::runCodeIgniter()
 7 FCPATH/index.php(31): CodeIgniter\Boot::bootWeb()
CRITICAL - 2026-07-01 08:59:30 --> CodeIgniter\HTTP\Exceptions\BadRequestException: The URI you submitted has disallowed characters: "राजनीति"
[Method: GET, Route: 3073/2021/11/%E0%A4%B0%E0%A4%BE%E0%A4%9C%E0%A4%A8%E0%A5%80%E0%A4%A4%E0%A4%BF/feed/]
in SYSTEMPATH/Router/Router.php on line 768.
 1 SYSTEMPATH/Router/Router.php(219): CodeIgniter\Router\Router->checkDisallowedChars()
 2 SYSTEMPATH/CodeIgniter.php(829): CodeIgniter\Router\Router->handle()
 3 SYSTEMPATH/CodeIgniter.php(441): CodeIgniter\CodeIgniter->tryToRouteIt()
 4 SYSTEMPATH/CodeIgniter.php(340): CodeIgniter\CodeIgniter->handleRequest()
 5 SYSTEMPATH/Boot.php(417): CodeIgniter\CodeIgniter->run()
 6 SYSTEMPATH/Boot.php(68): CodeIgniter\Boot::runCodeIgniter()
 7 FCPATH/index.php(31): CodeIgniter\Boot::bootWeb()
CRITICAL - 2026-07-01 08:59:50 --> CodeIgniter\HTTP\Exceptions\BadRequestException: The URI you submitted has disallowed characters: "समाचार"
[Method: GET, Route: 3372/2021/12/%E0%A4%B8%E0%A4%AE%E0%A4%BE%E0%A4%9A%E0%A4%BE%E0%A4%B0/feed/]
in SYSTEMPATH/Router/Router.php on line 768.
 1 SYSTEMPATH/Router/Router.php(219): CodeIgniter\Router\Router->checkDisallowedChars()
 2 SYSTEMPATH/CodeIgniter.php(829): CodeIgniter\Router\Router->handle()
 3 SYSTEMPATH/CodeIgniter.php(441): CodeIgniter\CodeIgniter->tryToRouteIt()
 4 SYSTEMPATH/CodeIgniter.php(340): CodeIgniter\CodeIgniter->handleRequest()
 5 SYSTEMPATH/Boot.php(417): CodeIgniter\CodeIgniter->run()
 6 SYSTEMPATH/Boot.php(68): CodeIgniter\Boot::runCodeIgniter()
 7 FCPATH/index.php(31): CodeIgniter\Boot::bootWeb()
CRITICAL - 2026-07-01 09:00:08 --> CodeIgniter\HTTP\Exceptions\BadRequestException: The URI you submitted has disallowed characters: "राजनीति"
[Method: GET, Route: 3383/2021/12/%E0%A4%B0%E0%A4%BE%E0%A4%9C%E0%A4%A8%E0%A5%80%E0%A4%A4%E0%A4%BF/feed/]
in SYSTEMPATH/Router/Router.php on line 768.
 1 SYSTEMPATH/Router/Router.php(219): CodeIgniter\Router\Router->checkDisallowedChars()
 2 SYSTEMPATH/CodeIgniter.php(829): CodeIgniter\Router\Router->handle()
 3 SYSTEMPATH/CodeIgniter.php(441): CodeIgniter\CodeIgniter->tryToRouteIt()
 4 SYSTEMPATH/CodeIgniter.php(340): CodeIgniter\CodeIgniter->handleRequest()
 5 SYSTEMPATH/Boot.php(417): CodeIgniter\CodeIgniter->run()
 6 SYSTEMPATH/Boot.php(68): CodeIgniter\Boot::runCodeIgniter()
 7 FCPATH/index.php(31): CodeIgniter\Boot::bootWeb()
CRITICAL - 2026-07-01 09:00:26 --> CodeIgniter\HTTP\Exceptions\BadRequestException: The URI you submitted has disallowed characters: "समाचार"
[Method: GET, Route: 3764/2021/12/%E0%A4%B8%E0%A4%AE%E0%A4%BE%E0%A4%9A%E0%A4%BE%E0%A4%B0/feed/]
in SYSTEMPATH/Router/Router.php on line 768.
 1 SYSTEMPATH/Router/Router.php(219): CodeIgniter\Router\Router->checkDisallowedChars()
 2 SYSTEMPATH/CodeIgniter.php(829): CodeIgniter\Router\Router->handle()
 3 SYSTEMPATH/CodeIgniter.php(441): CodeIgniter\CodeIgniter->tryToRouteIt()
 4 SYSTEMPATH/CodeIgniter.php(340): CodeIgniter\CodeIgniter->handleRequest()
 5 SYSTEMPATH/Boot.php(417): CodeIgniter\CodeIgniter->run()
 6 SYSTEMPATH/Boot.php(68): CodeIgniter\Boot::runCodeIgniter()
 7 FCPATH/index.php(31): CodeIgniter\Boot::bootWeb()
CRITICAL - 2026-07-01 09:00:42 --> CodeIgniter\HTTP\Exceptions\BadRequestException: The URI you submitted has disallowed characters: "समाचार"
[Method: GET, Route: 3880/2021/12/%E0%A4%B8%E0%A4%AE%E0%A4%BE%E0%A4%9A%E0%A4%BE%E0%A4%B0/feed/]
in SYSTEMPATH/Router/Router.php on line 768.
 1 SYSTEMPATH/Router/Router.php(219): CodeIgniter\Router\Router->checkDisallowedChars()
 2 SYSTEMPATH/CodeIgniter.php(829): CodeIgniter\Router\Router->handle()
 3 SYSTEMPATH/CodeIgniter.php(441): CodeIgniter\CodeIgniter->tryToRouteIt()
 4 SYSTEMPATH/CodeIgniter.php(340): CodeIgniter\CodeIgniter->handleRequest()
 5 SYSTEMPATH/Boot.php(417): CodeIgniter\CodeIgniter->run()
 6 SYSTEMPATH/Boot.php(68): CodeIgniter\Boot::runCodeIgniter()
 7 FCPATH/index.php(31): CodeIgniter\Boot::bootWeb()
CRITICAL - 2026-07-01 09:00:58 --> CodeIgniter\HTTP\Exceptions\BadRequestException: The URI you submitted has disallowed characters: "समाचार"
[Method: GET, Route: 4075/2021/12/%E0%A4%B8%E0%A4%AE%E0%A4%BE%E0%A4%9A%E0%A4%BE%E0%A4%B0/feed/]
in SYSTEMPATH/Router/Router.php on line 768.
 1 SYSTEMPATH/Router/Router.php(219): CodeIgniter\Router\Router->checkDisallowedChars()
 2 SYSTEMPATH/CodeIgniter.php(829): CodeIgniter\Router\Router->handle()
 3 SYSTEMPATH/CodeIgniter.php(441): CodeIgniter\CodeIgniter->tryToRouteIt()
 4 SYSTEMPATH/CodeIgniter.php(340): CodeIgniter\CodeIgniter->handleRequest()
 5 SYSTEMPATH/Boot.php(417): CodeIgniter\CodeIgniter->run()
 6 SYSTEMPATH/Boot.php(68): CodeIgniter\Boot::runCodeIgniter()
 7 FCPATH/index.php(31): CodeIgniter\Boot::bootWeb()
CRITICAL - 2026-07-01 09:01:12 --> CodeIgniter\HTTP\Exceptions\BadRequestException: The URI you submitted has disallowed characters: "समाचार"
[Method: GET, Route: 4516/2021/12/%E0%A4%B8%E0%A4%AE%E0%A4%BE%E0%A4%9A%E0%A4%BE%E0%A4%B0/feed/]
in SYSTEMPATH/Router/Router.php on line 768.
 1 SYSTEMPATH/Router/Router.php(219): CodeIgniter\Router\Router->checkDisallowedChars()
 2 SYSTEMPATH/CodeIgniter.php(829): CodeIgniter\Router\Router->handle()
 3 SYSTEMPATH/CodeIgniter.php(441): CodeIgniter\CodeIgniter->tryToRouteIt()
 4 SYSTEMPATH/CodeIgniter.php(340): CodeIgniter\CodeIgniter->handleRequest()
 5 SYSTEMPATH/Boot.php(417): CodeIgniter\CodeIgniter->run()
 6 SYSTEMPATH/Boot.php(68): CodeIgniter\Boot::runCodeIgniter()
 7 FCPATH/index.php(31): CodeIgniter\Boot::bootWeb()
CRITICAL - 2026-07-01 09:01:25 --> CodeIgniter\HTTP\Exceptions\BadRequestException: The URI you submitted has disallowed characters: "समाचार"
[Method: GET, Route: 626/2021/11/%E0%A4%B8%E0%A4%AE%E0%A4%BE%E0%A4%9A%E0%A4%BE%E0%A4%B0/feed/]
in SYSTEMPATH/Router/Router.php on line 768.
 1 SYSTEMPATH/Router/Router.php(219): CodeIgniter\Router\Router->checkDisallowedChars()
 2 SYSTEMPATH/CodeIgniter.php(829): CodeIgniter\Router\Router->handle()
 3 SYSTEMPATH/CodeIgniter.php(441): CodeIgniter\CodeIgniter->tryToRouteIt()
 4 SYSTEMPATH/CodeIgniter.php(340): CodeIgniter\CodeIgniter->handleRequest()
 5 SYSTEMPATH/Boot.php(417): CodeIgniter\CodeIgniter->run()
 6 SYSTEMPATH/Boot.php(68): CodeIgniter\Boot::runCodeIgniter()
 7 FCPATH/index.php(31): CodeIgniter\Boot::bootWeb()
CRITICAL - 2026-07-01 09:01:38 --> CodeIgniter\HTTP\Exceptions\BadRequestException: The URI you submitted has disallowed characters: "विश्व"
[Method: GET, Route: 630/2021/11/%E0%A4%B5%E0%A4%BF%E0%A4%B6%E0%A5%8D%E0%A4%B5/feed/]
in SYSTEMPATH/Router/Router.php on line 768.
 1 SYSTEMPATH/Router/Router.php(219): CodeIgniter\Router\Router->checkDisallowedChars()
 2 SYSTEMPATH/CodeIgniter.php(829): CodeIgniter\Router\Router->handle()
 3 SYSTEMPATH/CodeIgniter.php(441): CodeIgniter\CodeIgniter->tryToRouteIt()
 4 SYSTEMPATH/CodeIgniter.php(340): CodeIgniter\CodeIgniter->handleRequest()
 5 SYSTEMPATH/Boot.php(417): CodeIgniter\CodeIgniter->run()
 6 SYSTEMPATH/Boot.php(68): CodeIgniter\Boot::runCodeIgniter()
 7 FCPATH/index.php(31): CodeIgniter\Boot::bootWeb()
CRITICAL - 2026-07-01 09:01:49 --> CodeIgniter\HTTP\Exceptions\BadRequestException: The URI you submitted has disallowed characters: "मनोरञ्जन"
[Method: GET, Route: 1001/2021/11/%E0%A4%AE%E0%A4%A8%E0%A5%8B%E0%A4%B0%E0%A4%9E%E0%A5%8D%E0%A4%9C%E0%A4%A8/feed/]
in SYSTEMPATH/Router/Router.php on line 768.
 1 SYSTEMPATH/Router/Router.php(219): CodeIgniter\Router\Router->checkDisallowedChars()
 2 SYSTEMPATH/CodeIgniter.php(829): CodeIgniter\Router\Router->handle()
 3 SYSTEMPATH/CodeIgniter.php(441): CodeIgniter\CodeIgniter->tryToRouteIt()
 4 SYSTEMPATH/CodeIgniter.php(340): CodeIgniter\CodeIgniter->handleRequest()
 5 SYSTEMPATH/Boot.php(417): CodeIgniter\CodeIgniter->run()
 6 SYSTEMPATH/Boot.php(68): CodeIgniter\Boot::runCodeIgniter()
 7 FCPATH/index.php(31): CodeIgniter\Boot::bootWeb()
CRITICAL - 2026-07-01 09:02:00 --> CodeIgniter\HTTP\Exceptions\BadRequestException: The URI you submitted has disallowed characters: "मनोरञ्जन"
[Method: GET, Route: 1538/2021/11/%E0%A4%AE%E0%A4%A8%E0%A5%8B%E0%A4%B0%E0%A4%9E%E0%A5%8D%E0%A4%9C%E0%A4%A8/feed/]
in SYSTEMPATH/Router/Router.php on line 768.
 1 SYSTEMPATH/Router/Router.php(219): CodeIgniter\Router\Router->checkDisallowedChars()
 2 SYSTEMPATH/CodeIgniter.php(829): CodeIgniter\Router\Router->handle()
 3 SYSTEMPATH/CodeIgniter.php(441): CodeIgniter\CodeIgniter->tryToRouteIt()
 4 SYSTEMPATH/CodeIgniter.php(340): CodeIgniter\CodeIgniter->handleRequest()
 5 SYSTEMPATH/Boot.php(417): CodeIgniter\CodeIgniter->run()
 6 SYSTEMPATH/Boot.php(68): CodeIgniter\Boot::runCodeIgniter()
 7 FCPATH/index.php(31): CodeIgniter\Boot::bootWeb()
CRITICAL - 2026-07-01 09:02:09 --> CodeIgniter\HTTP\Exceptions\BadRequestException: The URI you submitted has disallowed characters: "मनोरञ्जन"
[Method: GET, Route: 1934/2021/11/%E0%A4%AE%E0%A4%A8%E0%A5%8B%E0%A4%B0%E0%A4%9E%E0%A5%8D%E0%A4%9C%E0%A4%A8/feed/]
in SYSTEMPATH/Router/Router.php on line 768.
 1 SYSTEMPATH/Router/Router.php(219): CodeIgniter\Router\Router->checkDisallowedChars()
 2 SYSTEMPATH/CodeIgniter.php(829): CodeIgniter\Router\Router->handle()
 3 SYSTEMPATH/CodeIgniter.php(441): CodeIgniter\CodeIgniter->tryToRouteIt()
 4 SYSTEMPATH/CodeIgniter.php(340): CodeIgniter\CodeIgniter->handleRequest()
 5 SYSTEMPATH/Boot.php(417): CodeIgniter\CodeIgniter->run()
 6 SYSTEMPATH/Boot.php(68): CodeIgniter\Boot::runCodeIgniter()
 7 FCPATH/index.php(31): CodeIgniter\Boot::bootWeb()
CRITICAL - 2026-07-01 09:02:17 --> CodeIgniter\HTTP\Exceptions\BadRequestException: The URI you submitted has disallowed characters: "मनोरञ्जन"
[Method: GET, Route: 2529/2021/11/%E0%A4%AE%E0%A4%A8%E0%A5%8B%E0%A4%B0%E0%A4%9E%E0%A5%8D%E0%A4%9C%E0%A4%A8/feed/]
in SYSTEMPATH/Router/Router.php on line 768.
 1 SYSTEMPATH/Router/Router.php(219): CodeIgniter\Router\Router->checkDisallowedChars()
 2 SYSTEMPATH/CodeIgniter.php(829): CodeIgniter\Router\Router->handle()
 3 SYSTEMPATH/CodeIgniter.php(441): CodeIgniter\CodeIgniter->tryToRouteIt()
 4 SYSTEMPATH/CodeIgniter.php(340): CodeIgniter\CodeIgniter->handleRequest()
 5 SYSTEMPATH/Boot.php(417): CodeIgniter\CodeIgniter->run()
 6 SYSTEMPATH/Boot.php(68): CodeIgniter\Boot::runCodeIgniter()
 7 FCPATH/index.php(31): CodeIgniter\Boot::bootWeb()
CRITICAL - 2026-07-01 09:02:24 --> CodeIgniter\HTTP\Exceptions\BadRequestException: The URI you submitted has disallowed characters: "मनोरञ्जन"
[Method: GET, Route: 4663/2021/12/%E0%A4%AE%E0%A4%A8%E0%A5%8B%E0%A4%B0%E0%A4%9E%E0%A5%8D%E0%A4%9C%E0%A4%A8/feed/]
in SYSTEMPATH/Router/Router.php on line 768.
 1 SYSTEMPATH/Router/Router.php(219): CodeIgniter\Router\Router->checkDisallowedChars()
 2 SYSTEMPATH/CodeIgniter.php(829): CodeIgniter\Router\Router->handle()
 3 SYSTEMPATH/CodeIgniter.php(441): CodeIgniter\CodeIgniter->tryToRouteIt()
 4 SYSTEMPATH/CodeIgniter.php(340): CodeIgniter\CodeIgniter->handleRequest()
 5 SYSTEMPATH/Boot.php(417): CodeIgniter\CodeIgniter->run()
 6 SYSTEMPATH/Boot.php(68): CodeIgniter\Boot::runCodeIgniter()
 7 FCPATH/index.php(31): CodeIgniter\Boot::bootWeb()
CRITICAL - 2026-07-01 09:02:54 --> CodeIgniter\HTTP\Exceptions\BadRequestException: The URI you submitted has disallowed characters: "घण्टामा"
[Method: GET, Route: tag/%E0%A4%98%E0%A4%A3%E0%A5%8D%E0%A4%9F%E0%A4%BE%E0%A4%AE%E0%A4%BE/feed/]
in SYSTEMPATH/Router/Router.php on line 768.
 1 SYSTEMPATH/Router/Router.php(219): CodeIgniter\Router\Router->checkDisallowedChars()
 2 SYSTEMPATH/CodeIgniter.php(829): CodeIgniter\Router\Router->handle()
 3 SYSTEMPATH/CodeIgniter.php(441): CodeIgniter\CodeIgniter->tryToRouteIt()
 4 SYSTEMPATH/CodeIgniter.php(340): CodeIgniter\CodeIgniter->handleRequest()
 5 SYSTEMPATH/Boot.php(417): CodeIgniter\CodeIgniter->run()
 6 SYSTEMPATH/Boot.php(68): CodeIgniter\Boot::runCodeIgniter()
 7 FCPATH/index.php(31): CodeIgniter\Boot::bootWeb()
CRITICAL - 2026-07-01 12:09:00 --> CodeIgniter\HTTP\Exceptions\BadRequestException: The URI you submitted has disallowed characters: "इपेपर"
[Method: GET, Route: category/%E0%A4%87%E0%A4%AA%E0%A5%87%E0%A4%AA%E0%A4%B0/feed/]
in SYSTEMPATH/Router/Router.php on line 768.
 1 SYSTEMPATH/Router/Router.php(219): CodeIgniter\Router\Router->checkDisallowedChars()
 2 SYSTEMPATH/CodeIgniter.php(829): CodeIgniter\Router\Router->handle()
 3 SYSTEMPATH/CodeIgniter.php(441): CodeIgniter\CodeIgniter->tryToRouteIt()
 4 SYSTEMPATH/CodeIgniter.php(340): CodeIgniter\CodeIgniter->handleRequest()
 5 SYSTEMPATH/Boot.php(417): CodeIgniter\CodeIgniter->run()
 6 SYSTEMPATH/Boot.php(68): CodeIgniter\Boot::runCodeIgniter()
 7 FCPATH/index.php(31): CodeIgniter\Boot::bootWeb()
CRITICAL - 2026-07-01 12:09:02 --> CodeIgniter\HTTP\Exceptions\BadRequestException: The URI you submitted has disallowed characters: "पत्रपत्रिका"
[Method: GET, Route: category/%E0%A4%AA%E0%A4%A4%E0%A5%8D%E0%A4%B0%E0%A4%AA%E0%A4%A4%E0%A5%8D%E0%A4%B0%E0%A4%BF%E0%A4%95%E0%A4%BE/feed/]
in SYSTEMPATH/Router/Router.php on line 768.
 1 SYSTEMPATH/Router/Router.php(219): CodeIgniter\Router\Router->checkDisallowedChars()
 2 SYSTEMPATH/CodeIgniter.php(829): CodeIgniter\Router\Router->handle()
 3 SYSTEMPATH/CodeIgniter.php(441): CodeIgniter\CodeIgniter->tryToRouteIt()
 4 SYSTEMPATH/CodeIgniter.php(340): CodeIgniter\CodeIgniter->handleRequest()
 5 SYSTEMPATH/Boot.php(417): CodeIgniter\CodeIgniter->run()
 6 SYSTEMPATH/Boot.php(68): CodeIgniter\Boot::runCodeIgniter()
 7 FCPATH/index.php(31): CodeIgniter\Boot::bootWeb()
CRITICAL - 2026-07-01 12:09:04 --> CodeIgniter\HTTP\Exceptions\BadRequestException: The URI you submitted has disallowed characters: "प्रदेश-१"
[Method: GET, Route: category/%E0%A4%AA%E0%A5%8D%E0%A4%B0%E0%A4%A6%E0%A5%87%E0%A4%B6-%E0%A5%A7/feed/]
in SYSTEMPATH/Router/Router.php on line 768.
 1 SYSTEMPATH/Router/Router.php(219): CodeIgniter\Router\Router->checkDisallowedChars()
 2 SYSTEMPATH/CodeIgniter.php(829): CodeIgniter\Router\Router->handle()
 3 SYSTEMPATH/CodeIgniter.php(441): CodeIgniter\CodeIgniter->tryToRouteIt()
 4 SYSTEMPATH/CodeIgniter.php(340): CodeIgniter\CodeIgniter->handleRequest()
 5 SYSTEMPATH/Boot.php(417): CodeIgniter\CodeIgniter->run()
 6 SYSTEMPATH/Boot.php(68): CodeIgniter\Boot::runCodeIgniter()
 7 FCPATH/index.php(31): CodeIgniter\Boot::bootWeb()
CRITICAL - 2026-07-01 12:09:06 --> CodeIgniter\HTTP\Exceptions\BadRequestException: The URI you submitted has disallowed characters: "प्रदेश-२"
[Method: GET, Route: category/%E0%A4%AA%E0%A5%8D%E0%A4%B0%E0%A4%A6%E0%A5%87%E0%A4%B6-%E0%A5%A8/feed/]
in SYSTEMPATH/Router/Router.php on line 768.
 1 SYSTEMPATH/Router/Router.php(219): CodeIgniter\Router\Router->checkDisallowedChars()
 2 SYSTEMPATH/CodeIgniter.php(829): CodeIgniter\Router\Router->handle()
 3 SYSTEMPATH/CodeIgniter.php(441): CodeIgniter\CodeIgniter->tryToRouteIt()
 4 SYSTEMPATH/CodeIgniter.php(340): CodeIgniter\CodeIgniter->handleRequest()
 5 SYSTEMPATH/Boot.php(417): CodeIgniter\CodeIgniter->run()
 6 SYSTEMPATH/Boot.php(68): CodeIgniter\Boot::runCodeIgniter()
 7 FCPATH/index.php(31): CodeIgniter\Boot::bootWeb()
CRITICAL - 2026-07-01 12:09:08 --> CodeIgniter\HTTP\Exceptions\BadRequestException: The URI you submitted has disallowed characters: "प्रदेश-३"
[Method: GET, Route: category/%E0%A4%AA%E0%A5%8D%E0%A4%B0%E0%A4%A6%E0%A5%87%E0%A4%B6-%E0%A5%A9/feed/]
in SYSTEMPATH/Router/Router.php on line 768.
 1 SYSTEMPATH/Router/Router.php(219): CodeIgniter\Router\Router->checkDisallowedChars()
 2 SYSTEMPATH/CodeIgniter.php(829): CodeIgniter\Router\Router->handle()
 3 SYSTEMPATH/CodeIgniter.php(441): CodeIgniter\CodeIgniter->tryToRouteIt()
 4 SYSTEMPATH/CodeIgniter.php(340): CodeIgniter\CodeIgniter->handleRequest()
 5 SYSTEMPATH/Boot.php(417): CodeIgniter\CodeIgniter->run()
 6 SYSTEMPATH/Boot.php(68): CodeIgniter\Boot::runCodeIgniter()
 7 FCPATH/index.php(31): CodeIgniter\Boot::bootWeb()
CRITICAL - 2026-07-01 12:09:10 --> CodeIgniter\HTTP\Exceptions\BadRequestException: The URI you submitted has disallowed characters: "प्रदेश-४"
[Method: GET, Route: category/%E0%A4%AA%E0%A5%8D%E0%A4%B0%E0%A4%A6%E0%A5%87%E0%A4%B6-%E0%A5%AA/feed/]
in SYSTEMPATH/Router/Router.php on line 768.
 1 SYSTEMPATH/Router/Router.php(219): CodeIgniter\Router\Router->checkDisallowedChars()
 2 SYSTEMPATH/CodeIgniter.php(829): CodeIgniter\Router\Router->handle()
 3 SYSTEMPATH/CodeIgniter.php(441): CodeIgniter\CodeIgniter->tryToRouteIt()
 4 SYSTEMPATH/CodeIgniter.php(340): CodeIgniter\CodeIgniter->handleRequest()
 5 SYSTEMPATH/Boot.php(417): CodeIgniter\CodeIgniter->run()
 6 SYSTEMPATH/Boot.php(68): CodeIgniter\Boot::runCodeIgniter()
 7 FCPATH/index.php(31): CodeIgniter\Boot::bootWeb()
CRITICAL - 2026-07-01 12:09:11 --> CodeIgniter\HTTP\Exceptions\BadRequestException: The URI you submitted has disallowed characters: "प्रदेश-५"
[Method: GET, Route: category/%E0%A4%AA%E0%A5%8D%E0%A4%B0%E0%A4%A6%E0%A5%87%E0%A4%B6-%E0%A5%AB/feed/]
in SYSTEMPATH/Router/Router.php on line 768.
 1 SYSTEMPATH/Router/Router.php(219): CodeIgniter\Router\Router->checkDisallowedChars()
 2 SYSTEMPATH/CodeIgniter.php(829): CodeIgniter\Router\Router->handle()
 3 SYSTEMPATH/CodeIgniter.php(441): CodeIgniter\CodeIgniter->tryToRouteIt()
 4 SYSTEMPATH/CodeIgniter.php(340): CodeIgniter\CodeIgniter->handleRequest()
 5 SYSTEMPATH/Boot.php(417): CodeIgniter\CodeIgniter->run()
 6 SYSTEMPATH/Boot.php(68): CodeIgniter\Boot::runCodeIgniter()
 7 FCPATH/index.php(31): CodeIgniter\Boot::bootWeb()
CRITICAL - 2026-07-01 12:09:13 --> CodeIgniter\HTTP\Exceptions\BadRequestException: The URI you submitted has disallowed characters: "प्रदेश-६"
[Method: GET, Route: category/%E0%A4%AA%E0%A5%8D%E0%A4%B0%E0%A4%A6%E0%A5%87%E0%A4%B6-%E0%A5%AC/feed/]
in SYSTEMPATH/Router/Router.php on line 768.
 1 SYSTEMPATH/Router/Router.php(219): CodeIgniter\Router\Router->checkDisallowedChars()
 2 SYSTEMPATH/CodeIgniter.php(829): CodeIgniter\Router\Router->handle()
 3 SYSTEMPATH/CodeIgniter.php(441): CodeIgniter\CodeIgniter->tryToRouteIt()
 4 SYSTEMPATH/CodeIgniter.php(340): CodeIgniter\CodeIgniter->handleRequest()
 5 SYSTEMPATH/Boot.php(417): CodeIgniter\CodeIgniter->run()
 6 SYSTEMPATH/Boot.php(68): CodeIgniter\Boot::runCodeIgniter()
 7 FCPATH/index.php(31): CodeIgniter\Boot::bootWeb()
CRITICAL - 2026-07-01 12:09:15 --> CodeIgniter\HTTP\Exceptions\BadRequestException: The URI you submitted has disallowed characters: "प्रदेश-७"
[Method: GET, Route: category/%E0%A4%AA%E0%A5%8D%E0%A4%B0%E0%A4%A6%E0%A5%87%E0%A4%B6-%E0%A5%AD/feed/]
in SYSTEMPATH/Router/Router.php on line 768.
 1 SYSTEMPATH/Router/Router.php(219): CodeIgniter\Router\Router->checkDisallowedChars()
 2 SYSTEMPATH/CodeIgniter.php(829): CodeIgniter\Router\Router->handle()
 3 SYSTEMPATH/CodeIgniter.php(441): CodeIgniter\CodeIgniter->tryToRouteIt()
 4 SYSTEMPATH/CodeIgniter.php(340): CodeIgniter\CodeIgniter->handleRequest()
 5 SYSTEMPATH/Boot.php(417): CodeIgniter\CodeIgniter->run()
 6 SYSTEMPATH/Boot.php(68): CodeIgniter\Boot::runCodeIgniter()
 7 FCPATH/index.php(31): CodeIgniter\Boot::bootWeb()
CRITICAL - 2026-07-01 12:09:17 --> CodeIgniter\HTTP\Exceptions\BadRequestException: The URI you submitted has disallowed characters: "प्रमुख-समाचार"
[Method: GET, Route: category/%E0%A4%AA%E0%A5%8D%E0%A4%B0%E0%A4%AE%E0%A5%81%E0%A4%96-%E0%A4%B8%E0%A4%AE%E0%A4%BE%E0%A4%9A%E0%A4%BE%E0%A4%B0/feed/]
in SYSTEMPATH/Router/Router.php on line 768.
 1 SYSTEMPATH/Router/Router.php(219): CodeIgniter\Router\Router->checkDisallowedChars()
 2 SYSTEMPATH/CodeIgniter.php(829): CodeIgniter\Router\Router->handle()
 3 SYSTEMPATH/CodeIgniter.php(441): CodeIgniter\CodeIgniter->tryToRouteIt()
 4 SYSTEMPATH/CodeIgniter.php(340): CodeIgniter\CodeIgniter->handleRequest()
 5 SYSTEMPATH/Boot.php(417): CodeIgniter\CodeIgniter->run()
 6 SYSTEMPATH/Boot.php(68): CodeIgniter\Boot::runCodeIgniter()
 7 FCPATH/index.php(31): CodeIgniter\Boot::bootWeb()
CRITICAL - 2026-07-01 12:09:19 --> CodeIgniter\HTTP\Exceptions\BadRequestException: The URI you submitted has disallowed characters: "मनोरञ्जन"
[Method: GET, Route: category/%E0%A4%AE%E0%A4%A8%E0%A5%8B%E0%A4%B0%E0%A4%9E%E0%A5%8D%E0%A4%9C%E0%A4%A8/feed/]
in SYSTEMPATH/Router/Router.php on line 768.
 1 SYSTEMPATH/Router/Router.php(219): CodeIgniter\Router\Router->checkDisallowedChars()
 2 SYSTEMPATH/CodeIgniter.php(829): CodeIgniter\Router\Router->handle()
 3 SYSTEMPATH/CodeIgniter.php(441): CodeIgniter\CodeIgniter->tryToRouteIt()
 4 SYSTEMPATH/CodeIgniter.php(340): CodeIgniter\CodeIgniter->handleRequest()
 5 SYSTEMPATH/Boot.php(417): CodeIgniter\CodeIgniter->run()
 6 SYSTEMPATH/Boot.php(68): CodeIgniter\Boot::runCodeIgniter()
 7 FCPATH/index.php(31): CodeIgniter\Boot::bootWeb()
CRITICAL - 2026-07-01 12:09:21 --> CodeIgniter\HTTP\Exceptions\BadRequestException: The URI you submitted has disallowed characters: "राजनीति"
[Method: GET, Route: category/%E0%A4%B0%E0%A4%BE%E0%A4%9C%E0%A4%A8%E0%A5%80%E0%A4%A4%E0%A4%BF/feed/]
in SYSTEMPATH/Router/Router.php on line 768.
 1 SYSTEMPATH/Router/Router.php(219): CodeIgniter\Router\Router->checkDisallowedChars()
 2 SYSTEMPATH/CodeIgniter.php(829): CodeIgniter\Router\Router->handle()
 3 SYSTEMPATH/CodeIgniter.php(441): CodeIgniter\CodeIgniter->tryToRouteIt()
 4 SYSTEMPATH/CodeIgniter.php(340): CodeIgniter\CodeIgniter->handleRequest()
 5 SYSTEMPATH/Boot.php(417): CodeIgniter\CodeIgniter->run()
 6 SYSTEMPATH/Boot.php(68): CodeIgniter\Boot::runCodeIgniter()
 7 FCPATH/index.php(31): CodeIgniter\Boot::bootWeb()
CRITICAL - 2026-07-01 12:09:23 --> CodeIgniter\HTTP\Exceptions\BadRequestException: The URI you submitted has disallowed characters: "इपेपर"
[Method: GET, Route: category/%E0%A4%87%E0%A4%AA%E0%A5%87%E0%A4%AA%E0%A4%B0/]
in SYSTEMPATH/Router/Router.php on line 768.
 1 SYSTEMPATH/Router/Router.php(219): CodeIgniter\Router\Router->checkDisallowedChars()
 2 SYSTEMPATH/CodeIgniter.php(829): CodeIgniter\Router\Router->handle()
 3 SYSTEMPATH/CodeIgniter.php(441): CodeIgniter\CodeIgniter->tryToRouteIt()
 4 SYSTEMPATH/CodeIgniter.php(340): CodeIgniter\CodeIgniter->handleRequest()
 5 SYSTEMPATH/Boot.php(417): CodeIgniter\CodeIgniter->run()
 6 SYSTEMPATH/Boot.php(68): CodeIgniter\Boot::runCodeIgniter()
 7 FCPATH/index.php(31): CodeIgniter\Boot::bootWeb()
CRITICAL - 2026-07-01 12:09:27 --> CodeIgniter\HTTP\Exceptions\BadRequestException: The URI you submitted has disallowed characters: "इपेपर"
[Method: GET, Route: category/%E0%A4%87%E0%A4%AA%E0%A5%87%E0%A4%AA%E0%A4%B0/page/2/]
in SYSTEMPATH/Router/Router.php on line 768.
 1 SYSTEMPATH/Router/Router.php(219): CodeIgniter\Router\Router->checkDisallowedChars()
 2 SYSTEMPATH/CodeIgniter.php(829): CodeIgniter\Router\Router->handle()
 3 SYSTEMPATH/CodeIgniter.php(441): CodeIgniter\CodeIgniter->tryToRouteIt()
 4 SYSTEMPATH/CodeIgniter.php(340): CodeIgniter\CodeIgniter->handleRequest()
 5 SYSTEMPATH/Boot.php(417): CodeIgniter\CodeIgniter->run()
 6 SYSTEMPATH/Boot.php(68): CodeIgniter\Boot::runCodeIgniter()
 7 FCPATH/index.php(31): CodeIgniter\Boot::bootWeb()
CRITICAL - 2026-07-01 12:09:29 --> CodeIgniter\HTTP\Exceptions\BadRequestException: The URI you submitted has disallowed characters: "इपेपर"
[Method: GET, Route: category/%E0%A4%87%E0%A4%AA%E0%A5%87%E0%A4%AA%E0%A4%B0/page/2/]
in SYSTEMPATH/Router/Router.php on line 768.
 1 SYSTEMPATH/Router/Router.php(219): CodeIgniter\Router\Router->checkDisallowedChars()
 2 SYSTEMPATH/CodeIgniter.php(829): CodeIgniter\Router\Router->handle()
 3 SYSTEMPATH/CodeIgniter.php(441): CodeIgniter\CodeIgniter->tryToRouteIt()
 4 SYSTEMPATH/CodeIgniter.php(340): CodeIgniter\CodeIgniter->handleRequest()
 5 SYSTEMPATH/Boot.php(417): CodeIgniter\CodeIgniter->run()
 6 SYSTEMPATH/Boot.php(68): CodeIgniter\Boot::runCodeIgniter()
 7 FCPATH/index.php(31): CodeIgniter\Boot::bootWeb()
CRITICAL - 2026-07-01 12:09:33 --> CodeIgniter\HTTP\Exceptions\BadRequestException: The URI you submitted has disallowed characters: "इपेपर"
[Method: GET, Route: category/%E0%A4%87%E0%A4%AA%E0%A5%87%E0%A4%AA%E0%A4%B0/page/3/]
in SYSTEMPATH/Router/Router.php on line 768.
 1 SYSTEMPATH/Router/Router.php(219): CodeIgniter\Router\Router->checkDisallowedChars()
 2 SYSTEMPATH/CodeIgniter.php(829): CodeIgniter\Router\Router->handle()
 3 SYSTEMPATH/CodeIgniter.php(441): CodeIgniter\CodeIgniter->tryToRouteIt()
 4 SYSTEMPATH/CodeIgniter.php(340): CodeIgniter\CodeIgniter->handleRequest()
 5 SYSTEMPATH/Boot.php(417): CodeIgniter\CodeIgniter->run()
 6 SYSTEMPATH/Boot.php(68): CodeIgniter\Boot::runCodeIgniter()
 7 FCPATH/index.php(31): CodeIgniter\Boot::bootWeb()
CRITICAL - 2026-07-01 12:09:35 --> CodeIgniter\HTTP\Exceptions\BadRequestException: The URI you submitted has disallowed characters: "इपेपर"
[Method: GET, Route: category/%E0%A4%87%E0%A4%AA%E0%A5%87%E0%A4%AA%E0%A4%B0/page/3/]
in SYSTEMPATH/Router/Router.php on line 768.
 1 SYSTEMPATH/Router/Router.php(219): CodeIgniter\Router\Router->checkDisallowedChars()
 2 SYSTEMPATH/CodeIgniter.php(829): CodeIgniter\Router\Router->handle()
 3 SYSTEMPATH/CodeIgniter.php(441): CodeIgniter\CodeIgniter->tryToRouteIt()
 4 SYSTEMPATH/CodeIgniter.php(340): CodeIgniter\CodeIgniter->handleRequest()
 5 SYSTEMPATH/Boot.php(417): CodeIgniter\CodeIgniter->run()
 6 SYSTEMPATH/Boot.php(68): CodeIgniter\Boot::runCodeIgniter()
 7 FCPATH/index.php(31): CodeIgniter\Boot::bootWeb()
CRITICAL - 2026-07-01 12:09:38 --> CodeIgniter\HTTP\Exceptions\BadRequestException: The URI you submitted has disallowed characters: "इपेपर"
[Method: GET, Route: category/%E0%A4%87%E0%A4%AA%E0%A5%87%E0%A4%AA%E0%A4%B0/page/4/]
in SYSTEMPATH/Router/Router.php on line 768.
 1 SYSTEMPATH/Router/Router.php(219): CodeIgniter\Router\Router->checkDisallowedChars()
 2 SYSTEMPATH/CodeIgniter.php(829): CodeIgniter\Router\Router->handle()
 3 SYSTEMPATH/CodeIgniter.php(441): CodeIgniter\CodeIgniter->tryToRouteIt()
 4 SYSTEMPATH/CodeIgniter.php(340): CodeIgniter\CodeIgniter->handleRequest()
 5 SYSTEMPATH/Boot.php(417): CodeIgniter\CodeIgniter->run()
 6 SYSTEMPATH/Boot.php(68): CodeIgniter\Boot::runCodeIgniter()
 7 FCPATH/index.php(31): CodeIgniter\Boot::bootWeb()
CRITICAL - 2026-07-01 12:09:40 --> CodeIgniter\HTTP\Exceptions\BadRequestException: The URI you submitted has disallowed characters: "इपेपर"
[Method: GET, Route: category/%E0%A4%87%E0%A4%AA%E0%A5%87%E0%A4%AA%E0%A4%B0/page/4/]
in SYSTEMPATH/Router/Router.php on line 768.
 1 SYSTEMPATH/Router/Router.php(219): CodeIgniter\Router\Router->checkDisallowedChars()
 2 SYSTEMPATH/CodeIgniter.php(829): CodeIgniter\Router\Router->handle()
 3 SYSTEMPATH/CodeIgniter.php(441): CodeIgniter\CodeIgniter->tryToRouteIt()
 4 SYSTEMPATH/CodeIgniter.php(340): CodeIgniter\CodeIgniter->handleRequest()
 5 SYSTEMPATH/Boot.php(417): CodeIgniter\CodeIgniter->run()
 6 SYSTEMPATH/Boot.php(68): CodeIgniter\Boot::runCodeIgniter()
 7 FCPATH/index.php(31): CodeIgniter\Boot::bootWeb()
CRITICAL - 2026-07-01 12:09:43 --> CodeIgniter\HTTP\Exceptions\BadRequestException: The URI you submitted has disallowed characters: "इपेपर"
[Method: GET, Route: category/%E0%A4%87%E0%A4%AA%E0%A5%87%E0%A4%AA%E0%A4%B0/page/5/]
in SYSTEMPATH/Router/Router.php on line 768.
 1 SYSTEMPATH/Router/Router.php(219): CodeIgniter\Router\Router->checkDisallowedChars()
 2 SYSTEMPATH/CodeIgniter.php(829): CodeIgniter\Router\Router->handle()
 3 SYSTEMPATH/CodeIgniter.php(441): CodeIgniter\CodeIgniter->tryToRouteIt()
 4 SYSTEMPATH/CodeIgniter.php(340): CodeIgniter\CodeIgniter->handleRequest()
 5 SYSTEMPATH/Boot.php(417): CodeIgniter\CodeIgniter->run()
 6 SYSTEMPATH/Boot.php(68): CodeIgniter\Boot::runCodeIgniter()
 7 FCPATH/index.php(31): CodeIgniter\Boot::bootWeb()
CRITICAL - 2026-07-01 12:09:45 --> CodeIgniter\HTTP\Exceptions\BadRequestException: The URI you submitted has disallowed characters: "इपेपर"
[Method: GET, Route: category/%E0%A4%87%E0%A4%AA%E0%A5%87%E0%A4%AA%E0%A4%B0/page/5/]
in SYSTEMPATH/Router/Router.php on line 768.
 1 SYSTEMPATH/Router/Router.php(219): CodeIgniter\Router\Router->checkDisallowedChars()
 2 SYSTEMPATH/CodeIgniter.php(829): CodeIgniter\Router\Router->handle()
 3 SYSTEMPATH/CodeIgniter.php(441): CodeIgniter\CodeIgniter->tryToRouteIt()
 4 SYSTEMPATH/CodeIgniter.php(340): CodeIgniter\CodeIgniter->handleRequest()
 5 SYSTEMPATH/Boot.php(417): CodeIgniter\CodeIgniter->run()
 6 SYSTEMPATH/Boot.php(68): CodeIgniter\Boot::runCodeIgniter()
 7 FCPATH/index.php(31): CodeIgniter\Boot::bootWeb()
CRITICAL - 2026-07-01 12:09:49 --> CodeIgniter\HTTP\Exceptions\BadRequestException: The URI you submitted has disallowed characters: "इपेपर"
[Method: GET, Route: category/%E0%A4%87%E0%A4%AA%E0%A5%87%E0%A4%AA%E0%A4%B0/page/6/]
in SYSTEMPATH/Router/Router.php on line 768.
 1 SYSTEMPATH/Router/Router.php(219): CodeIgniter\Router\Router->checkDisallowedChars()
 2 SYSTEMPATH/CodeIgniter.php(829): CodeIgniter\Router\Router->handle()
 3 SYSTEMPATH/CodeIgniter.php(441): CodeIgniter\CodeIgniter->tryToRouteIt()
 4 SYSTEMPATH/CodeIgniter.php(340): CodeIgniter\CodeIgniter->handleRequest()
 5 SYSTEMPATH/Boot.php(417): CodeIgniter\CodeIgniter->run()
 6 SYSTEMPATH/Boot.php(68): CodeIgniter\Boot::runCodeIgniter()
 7 FCPATH/index.php(31): CodeIgniter\Boot::bootWeb()
CRITICAL - 2026-07-01 12:09:51 --> CodeIgniter\HTTP\Exceptions\BadRequestException: The URI you submitted has disallowed characters: "इपेपर"
[Method: GET, Route: category/%E0%A4%87%E0%A4%AA%E0%A5%87%E0%A4%AA%E0%A4%B0/page/6/]
in SYSTEMPATH/Router/Router.php on line 768.
 1 SYSTEMPATH/Router/Router.php(219): CodeIgniter\Router\Router->checkDisallowedChars()
 2 SYSTEMPATH/CodeIgniter.php(829): CodeIgniter\Router\Router->handle()
 3 SYSTEMPATH/CodeIgniter.php(441): CodeIgniter\CodeIgniter->tryToRouteIt()
 4 SYSTEMPATH/CodeIgniter.php(340): CodeIgniter\CodeIgniter->handleRequest()
 5 SYSTEMPATH/Boot.php(417): CodeIgniter\CodeIgniter->run()
 6 SYSTEMPATH/Boot.php(68): CodeIgniter\Boot::runCodeIgniter()
 7 FCPATH/index.php(31): CodeIgniter\Boot::bootWeb()
CRITICAL - 2026-07-01 12:09:54 --> CodeIgniter\HTTP\Exceptions\BadRequestException: The URI you submitted has disallowed characters: "इपेपर"
[Method: GET, Route: category/%E0%A4%87%E0%A4%AA%E0%A5%87%E0%A4%AA%E0%A4%B0/page/7/]
in SYSTEMPATH/Router/Router.php on line 768.
 1 SYSTEMPATH/Router/Router.php(219): CodeIgniter\Router\Router->checkDisallowedChars()
 2 SYSTEMPATH/CodeIgniter.php(829): CodeIgniter\Router\Router->handle()
 3 SYSTEMPATH/CodeIgniter.php(441): CodeIgniter\CodeIgniter->tryToRouteIt()
 4 SYSTEMPATH/CodeIgniter.php(340): CodeIgniter\CodeIgniter->handleRequest()
 5 SYSTEMPATH/Boot.php(417): CodeIgniter\CodeIgniter->run()
 6 SYSTEMPATH/Boot.php(68): CodeIgniter\Boot::runCodeIgniter()
 7 FCPATH/index.php(31): CodeIgniter\Boot::bootWeb()
CRITICAL - 2026-07-01 12:09:56 --> CodeIgniter\HTTP\Exceptions\BadRequestException: The URI you submitted has disallowed characters: "इपेपर"
[Method: GET, Route: category/%E0%A4%87%E0%A4%AA%E0%A5%87%E0%A4%AA%E0%A4%B0/page/7/]
in SYSTEMPATH/Router/Router.php on line 768.
 1 SYSTEMPATH/Router/Router.php(219): CodeIgniter\Router\Router->checkDisallowedChars()
 2 SYSTEMPATH/CodeIgniter.php(829): CodeIgniter\Router\Router->handle()
 3 SYSTEMPATH/CodeIgniter.php(441): CodeIgniter\CodeIgniter->tryToRouteIt()
 4 SYSTEMPATH/CodeIgniter.php(340): CodeIgniter\CodeIgniter->handleRequest()
 5 SYSTEMPATH/Boot.php(417): CodeIgniter\CodeIgniter->run()
 6 SYSTEMPATH/Boot.php(68): CodeIgniter\Boot::runCodeIgniter()
 7 FCPATH/index.php(31): CodeIgniter\Boot::bootWeb()
CRITICAL - 2026-07-01 12:10:00 --> CodeIgniter\HTTP\Exceptions\BadRequestException: The URI you submitted has disallowed characters: "पत्रपत्रिका"
[Method: GET, Route: category/%E0%A4%AA%E0%A4%A4%E0%A5%8D%E0%A4%B0%E0%A4%AA%E0%A4%A4%E0%A5%8D%E0%A4%B0%E0%A4%BF%E0%A4%95%E0%A4%BE/]
in SYSTEMPATH/Router/Router.php on line 768.
 1 SYSTEMPATH/Router/Router.php(219): CodeIgniter\Router\Router->checkDisallowedChars()
 2 SYSTEMPATH/CodeIgniter.php(829): CodeIgniter\Router\Router->handle()
 3 SYSTEMPATH/CodeIgniter.php(441): CodeIgniter\CodeIgniter->tryToRouteIt()
 4 SYSTEMPATH/CodeIgniter.php(340): CodeIgniter\CodeIgniter->handleRequest()
 5 SYSTEMPATH/Boot.php(417): CodeIgniter\CodeIgniter->run()
 6 SYSTEMPATH/Boot.php(68): CodeIgniter\Boot::runCodeIgniter()
 7 FCPATH/index.php(31): CodeIgniter\Boot::bootWeb()
CRITICAL - 2026-07-01 12:10:02 --> CodeIgniter\HTTP\Exceptions\BadRequestException: The URI you submitted has disallowed characters: "पत्रपत्रिका"
[Method: GET, Route: category/%E0%A4%AA%E0%A4%A4%E0%A5%8D%E0%A4%B0%E0%A4%AA%E0%A4%A4%E0%A5%8D%E0%A4%B0%E0%A4%BF%E0%A4%95%E0%A4%BE/]
in SYSTEMPATH/Router/Router.php on line 768.
 1 SYSTEMPATH/Router/Router.php(219): CodeIgniter\Router\Router->checkDisallowedChars()
 2 SYSTEMPATH/CodeIgniter.php(829): CodeIgniter\Router\Router->handle()
 3 SYSTEMPATH/CodeIgniter.php(441): CodeIgniter\CodeIgniter->tryToRouteIt()
 4 SYSTEMPATH/CodeIgniter.php(340): CodeIgniter\CodeIgniter->handleRequest()
 5 SYSTEMPATH/Boot.php(417): CodeIgniter\CodeIgniter->run()
 6 SYSTEMPATH/Boot.php(68): CodeIgniter\Boot::runCodeIgniter()
 7 FCPATH/index.php(31): CodeIgniter\Boot::bootWeb()
CRITICAL - 2026-07-01 12:10:04 --> CodeIgniter\HTTP\Exceptions\BadRequestException: The URI you submitted has disallowed characters: "पत्रपत्रिका"
[Method: GET, Route: category/%E0%A4%AA%E0%A4%A4%E0%A5%8D%E0%A4%B0%E0%A4%AA%E0%A4%A4%E0%A5%8D%E0%A4%B0%E0%A4%BF%E0%A4%95%E0%A4%BE/page/2/]
in SYSTEMPATH/Router/Router.php on line 768.
 1 SYSTEMPATH/Router/Router.php(219): CodeIgniter\Router\Router->checkDisallowedChars()
 2 SYSTEMPATH/CodeIgniter.php(829): CodeIgniter\Router\Router->handle()
 3 SYSTEMPATH/CodeIgniter.php(441): CodeIgniter\CodeIgniter->tryToRouteIt()
 4 SYSTEMPATH/CodeIgniter.php(340): CodeIgniter\CodeIgniter->handleRequest()
 5 SYSTEMPATH/Boot.php(417): CodeIgniter\CodeIgniter->run()
 6 SYSTEMPATH/Boot.php(68): CodeIgniter\Boot::runCodeIgniter()
 7 FCPATH/index.php(31): CodeIgniter\Boot::bootWeb()
CRITICAL - 2026-07-01 12:10:06 --> CodeIgniter\HTTP\Exceptions\BadRequestException: The URI you submitted has disallowed characters: "पत्रपत्रिका"
[Method: GET, Route: category/%E0%A4%AA%E0%A4%A4%E0%A5%8D%E0%A4%B0%E0%A4%AA%E0%A4%A4%E0%A5%8D%E0%A4%B0%E0%A4%BF%E0%A4%95%E0%A4%BE/page/3/]
in SYSTEMPATH/Router/Router.php on line 768.
 1 SYSTEMPATH/Router/Router.php(219): CodeIgniter\Router\Router->checkDisallowedChars()
 2 SYSTEMPATH/CodeIgniter.php(829): CodeIgniter\Router\Router->handle()
 3 SYSTEMPATH/CodeIgniter.php(441): CodeIgniter\CodeIgniter->tryToRouteIt()
 4 SYSTEMPATH/CodeIgniter.php(340): CodeIgniter\CodeIgniter->handleRequest()
 5 SYSTEMPATH/Boot.php(417): CodeIgniter\CodeIgniter->run()
 6 SYSTEMPATH/Boot.php(68): CodeIgniter\Boot::runCodeIgniter()
 7 FCPATH/index.php(31): CodeIgniter\Boot::bootWeb()
CRITICAL - 2026-07-01 12:10:08 --> CodeIgniter\HTTP\Exceptions\BadRequestException: The URI you submitted has disallowed characters: "पत्रपत्रिका"
[Method: GET, Route: category/%E0%A4%AA%E0%A4%A4%E0%A5%8D%E0%A4%B0%E0%A4%AA%E0%A4%A4%E0%A5%8D%E0%A4%B0%E0%A4%BF%E0%A4%95%E0%A4%BE/page/4/]
in SYSTEMPATH/Router/Router.php on line 768.
 1 SYSTEMPATH/Router/Router.php(219): CodeIgniter\Router\Router->checkDisallowedChars()
 2 SYSTEMPATH/CodeIgniter.php(829): CodeIgniter\Router\Router->handle()
 3 SYSTEMPATH/CodeIgniter.php(441): CodeIgniter\CodeIgniter->tryToRouteIt()
 4 SYSTEMPATH/CodeIgniter.php(340): CodeIgniter\CodeIgniter->handleRequest()
 5 SYSTEMPATH/Boot.php(417): CodeIgniter\CodeIgniter->run()
 6 SYSTEMPATH/Boot.php(68): CodeIgniter\Boot::runCodeIgniter()
 7 FCPATH/index.php(31): CodeIgniter\Boot::bootWeb()
CRITICAL - 2026-07-01 12:10:10 --> CodeIgniter\HTTP\Exceptions\BadRequestException: The URI you submitted has disallowed characters: "पत्रपत्रिका"
[Method: GET, Route: category/%E0%A4%AA%E0%A4%A4%E0%A5%8D%E0%A4%B0%E0%A4%AA%E0%A4%A4%E0%A5%8D%E0%A4%B0%E0%A4%BF%E0%A4%95%E0%A4%BE/page/5/]
in SYSTEMPATH/Router/Router.php on line 768.
 1 SYSTEMPATH/Router/Router.php(219): CodeIgniter\Router\Router->checkDisallowedChars()
 2 SYSTEMPATH/CodeIgniter.php(829): CodeIgniter\Router\Router->handle()
 3 SYSTEMPATH/CodeIgniter.php(441): CodeIgniter\CodeIgniter->tryToRouteIt()
 4 SYSTEMPATH/CodeIgniter.php(340): CodeIgniter\CodeIgniter->handleRequest()
 5 SYSTEMPATH/Boot.php(417): CodeIgniter\CodeIgniter->run()
 6 SYSTEMPATH/Boot.php(68): CodeIgniter\Boot::runCodeIgniter()
 7 FCPATH/index.php(31): CodeIgniter\Boot::bootWeb()
CRITICAL - 2026-07-01 12:10:12 --> CodeIgniter\HTTP\Exceptions\BadRequestException: The URI you submitted has disallowed characters: "पत्रपत्रिका"
[Method: GET, Route: category/%E0%A4%AA%E0%A4%A4%E0%A5%8D%E0%A4%B0%E0%A4%AA%E0%A4%A4%E0%A5%8D%E0%A4%B0%E0%A4%BF%E0%A4%95%E0%A4%BE/page/6/]
in SYSTEMPATH/Router/Router.php on line 768.
 1 SYSTEMPATH/Router/Router.php(219): CodeIgniter\Router\Router->checkDisallowedChars()
 2 SYSTEMPATH/CodeIgniter.php(829): CodeIgniter\Router\Router->handle()
 3 SYSTEMPATH/CodeIgniter.php(441): CodeIgniter\CodeIgniter->tryToRouteIt()
 4 SYSTEMPATH/CodeIgniter.php(340): CodeIgniter\CodeIgniter->handleRequest()
 5 SYSTEMPATH/Boot.php(417): CodeIgniter\CodeIgniter->run()
 6 SYSTEMPATH/Boot.php(68): CodeIgniter\Boot::runCodeIgniter()
 7 FCPATH/index.php(31): CodeIgniter\Boot::bootWeb()
CRITICAL - 2026-07-01 12:10:14 --> CodeIgniter\HTTP\Exceptions\BadRequestException: The URI you submitted has disallowed characters: "पत्रपत्रिका"
[Method: GET, Route: category/%E0%A4%AA%E0%A4%A4%E0%A5%8D%E0%A4%B0%E0%A4%AA%E0%A4%A4%E0%A5%8D%E0%A4%B0%E0%A4%BF%E0%A4%95%E0%A4%BE/page/7/]
in SYSTEMPATH/Router/Router.php on line 768.
 1 SYSTEMPATH/Router/Router.php(219): CodeIgniter\Router\Router->checkDisallowedChars()
 2 SYSTEMPATH/CodeIgniter.php(829): CodeIgniter\Router\Router->handle()
 3 SYSTEMPATH/CodeIgniter.php(441): CodeIgniter\CodeIgniter->tryToRouteIt()
 4 SYSTEMPATH/CodeIgniter.php(340): CodeIgniter\CodeIgniter->handleRequest()
 5 SYSTEMPATH/Boot.php(417): CodeIgniter\CodeIgniter->run()
 6 SYSTEMPATH/Boot.php(68): CodeIgniter\Boot::runCodeIgniter()
 7 FCPATH/index.php(31): CodeIgniter\Boot::bootWeb()
CRITICAL - 2026-07-01 12:10:17 --> CodeIgniter\HTTP\Exceptions\BadRequestException: The URI you submitted has disallowed characters: "पत्रपत्रिका"
[Method: GET, Route: category/%E0%A4%AA%E0%A4%A4%E0%A5%8D%E0%A4%B0%E0%A4%AA%E0%A4%A4%E0%A5%8D%E0%A4%B0%E0%A4%BF%E0%A4%95%E0%A4%BE/page/8/]
in SYSTEMPATH/Router/Router.php on line 768.
 1 SYSTEMPATH/Router/Router.php(219): CodeIgniter\Router\Router->checkDisallowedChars()
 2 SYSTEMPATH/CodeIgniter.php(829): CodeIgniter\Router\Router->handle()
 3 SYSTEMPATH/CodeIgniter.php(441): CodeIgniter\CodeIgniter->tryToRouteIt()
 4 SYSTEMPATH/CodeIgniter.php(340): CodeIgniter\CodeIgniter->handleRequest()
 5 SYSTEMPATH/Boot.php(417): CodeIgniter\CodeIgniter->run()
 6 SYSTEMPATH/Boot.php(68): CodeIgniter\Boot::runCodeIgniter()
 7 FCPATH/index.php(31): CodeIgniter\Boot::bootWeb()
CRITICAL - 2026-07-01 12:10:19 --> CodeIgniter\HTTP\Exceptions\BadRequestException: The URI you submitted has disallowed characters: "पत्रपत्रिका"
[Method: GET, Route: category/%E0%A4%AA%E0%A4%A4%E0%A5%8D%E0%A4%B0%E0%A4%AA%E0%A4%A4%E0%A5%8D%E0%A4%B0%E0%A4%BF%E0%A4%95%E0%A4%BE/page/8/]
in SYSTEMPATH/Router/Router.php on line 768.
 1 SYSTEMPATH/Router/Router.php(219): CodeIgniter\Router\Router->checkDisallowedChars()
 2 SYSTEMPATH/CodeIgniter.php(829): CodeIgniter\Router\Router->handle()
 3 SYSTEMPATH/CodeIgniter.php(441): CodeIgniter\CodeIgniter->tryToRouteIt()
 4 SYSTEMPATH/CodeIgniter.php(340): CodeIgniter\CodeIgniter->handleRequest()
 5 SYSTEMPATH/Boot.php(417): CodeIgniter\CodeIgniter->run()
 6 SYSTEMPATH/Boot.php(68): CodeIgniter\Boot::runCodeIgniter()
 7 FCPATH/index.php(31): CodeIgniter\Boot::bootWeb()
CRITICAL - 2026-07-01 12:10:23 --> CodeIgniter\HTTP\Exceptions\BadRequestException: The URI you submitted has disallowed characters: "पत्रपत्रिका"
[Method: GET, Route: category/%E0%A4%AA%E0%A4%A4%E0%A5%8D%E0%A4%B0%E0%A4%AA%E0%A4%A4%E0%A5%8D%E0%A4%B0%E0%A4%BF%E0%A4%95%E0%A4%BE/page/9/]
in SYSTEMPATH/Router/Router.php on line 768.
 1 SYSTEMPATH/Router/Router.php(219): CodeIgniter\Router\Router->checkDisallowedChars()
 2 SYSTEMPATH/CodeIgniter.php(829): CodeIgniter\Router\Router->handle()
 3 SYSTEMPATH/CodeIgniter.php(441): CodeIgniter\CodeIgniter->tryToRouteIt()
 4 SYSTEMPATH/CodeIgniter.php(340): CodeIgniter\CodeIgniter->handleRequest()
 5 SYSTEMPATH/Boot.php(417): CodeIgniter\CodeIgniter->run()
 6 SYSTEMPATH/Boot.php(68): CodeIgniter\Boot::runCodeIgniter()
 7 FCPATH/index.php(31): CodeIgniter\Boot::bootWeb()
CRITICAL - 2026-07-01 12:10:25 --> CodeIgniter\HTTP\Exceptions\BadRequestException: The URI you submitted has disallowed characters: "पत्रपत्रिका"
[Method: GET, Route: category/%E0%A4%AA%E0%A4%A4%E0%A5%8D%E0%A4%B0%E0%A4%AA%E0%A4%A4%E0%A5%8D%E0%A4%B0%E0%A4%BF%E0%A4%95%E0%A4%BE/page/9/]
in SYSTEMPATH/Router/Router.php on line 768.
 1 SYSTEMPATH/Router/Router.php(219): CodeIgniter\Router\Router->checkDisallowedChars()
 2 SYSTEMPATH/CodeIgniter.php(829): CodeIgniter\Router\Router->handle()
 3 SYSTEMPATH/CodeIgniter.php(441): CodeIgniter\CodeIgniter->tryToRouteIt()
 4 SYSTEMPATH/CodeIgniter.php(340): CodeIgniter\CodeIgniter->handleRequest()
 5 SYSTEMPATH/Boot.php(417): CodeIgniter\CodeIgniter->run()
 6 SYSTEMPATH/Boot.php(68): CodeIgniter\Boot::runCodeIgniter()
 7 FCPATH/index.php(31): CodeIgniter\Boot::bootWeb()
CRITICAL - 2026-07-01 12:10:27 --> CodeIgniter\HTTP\Exceptions\BadRequestException: The URI you submitted has disallowed characters: "प्रदेश-१"
[Method: GET, Route: category/%E0%A4%AA%E0%A5%8D%E0%A4%B0%E0%A4%A6%E0%A5%87%E0%A4%B6-%E0%A5%A7/]
in SYSTEMPATH/Router/Router.php on line 768.
 1 SYSTEMPATH/Router/Router.php(219): CodeIgniter\Router\Router->checkDisallowedChars()
 2 SYSTEMPATH/CodeIgniter.php(829): CodeIgniter\Router\Router->handle()
 3 SYSTEMPATH/CodeIgniter.php(441): CodeIgniter\CodeIgniter->tryToRouteIt()
 4 SYSTEMPATH/CodeIgniter.php(340): CodeIgniter\CodeIgniter->handleRequest()
 5 SYSTEMPATH/Boot.php(417): CodeIgniter\CodeIgniter->run()
 6 SYSTEMPATH/Boot.php(68): CodeIgniter\Boot::runCodeIgniter()
 7 FCPATH/index.php(31): CodeIgniter\Boot::bootWeb()
CRITICAL - 2026-07-01 12:10:30 --> CodeIgniter\HTTP\Exceptions\BadRequestException: The URI you submitted has disallowed characters: "प्रदेश-१"
[Method: GET, Route: category/%E0%A4%AA%E0%A5%8D%E0%A4%B0%E0%A4%A6%E0%A5%87%E0%A4%B6-%E0%A5%A7/page/2/]
in SYSTEMPATH/Router/Router.php on line 768.
 1 SYSTEMPATH/Router/Router.php(219): CodeIgniter\Router\Router->checkDisallowedChars()
 2 SYSTEMPATH/CodeIgniter.php(829): CodeIgniter\Router\Router->handle()
 3 SYSTEMPATH/CodeIgniter.php(441): CodeIgniter\CodeIgniter->tryToRouteIt()
 4 SYSTEMPATH/CodeIgniter.php(340): CodeIgniter\CodeIgniter->handleRequest()
 5 SYSTEMPATH/Boot.php(417): CodeIgniter\CodeIgniter->run()
 6 SYSTEMPATH/Boot.php(68): CodeIgniter\Boot::runCodeIgniter()
 7 FCPATH/index.php(31): CodeIgniter\Boot::bootWeb()
CRITICAL - 2026-07-01 12:10:32 --> CodeIgniter\HTTP\Exceptions\BadRequestException: The URI you submitted has disallowed characters: "प्रदेश-१"
[Method: GET, Route: category/%E0%A4%AA%E0%A5%8D%E0%A4%B0%E0%A4%A6%E0%A5%87%E0%A4%B6-%E0%A5%A7/page/2/]
in SYSTEMPATH/Router/Router.php on line 768.
 1 SYSTEMPATH/Router/Router.php(219): CodeIgniter\Router\Router->checkDisallowedChars()
 2 SYSTEMPATH/CodeIgniter.php(829): CodeIgniter\Router\Router->handle()
 3 SYSTEMPATH/CodeIgniter.php(441): CodeIgniter\CodeIgniter->tryToRouteIt()
 4 SYSTEMPATH/CodeIgniter.php(340): CodeIgniter\CodeIgniter->handleRequest()
 5 SYSTEMPATH/Boot.php(417): CodeIgniter\CodeIgniter->run()
 6 SYSTEMPATH/Boot.php(68): CodeIgniter\Boot::runCodeIgniter()
 7 FCPATH/index.php(31): CodeIgniter\Boot::bootWeb()
CRITICAL - 2026-07-01 12:10:33 --> CodeIgniter\HTTP\Exceptions\BadRequestException: The URI you submitted has disallowed characters: "प्रदेश-१"
[Method: GET, Route: category/%E0%A4%AA%E0%A5%8D%E0%A4%B0%E0%A4%A6%E0%A5%87%E0%A4%B6-%E0%A5%A7/page/3/]
in SYSTEMPATH/Router/Router.php on line 768.
 1 SYSTEMPATH/Router/Router.php(219): CodeIgniter\Router\Router->checkDisallowedChars()
 2 SYSTEMPATH/CodeIgniter.php(829): CodeIgniter\Router\Router->handle()
 3 SYSTEMPATH/CodeIgniter.php(441): CodeIgniter\CodeIgniter->tryToRouteIt()
 4 SYSTEMPATH/CodeIgniter.php(340): CodeIgniter\CodeIgniter->handleRequest()
 5 SYSTEMPATH/Boot.php(417): CodeIgniter\CodeIgniter->run()
 6 SYSTEMPATH/Boot.php(68): CodeIgniter\Boot::runCodeIgniter()
 7 FCPATH/index.php(31): CodeIgniter\Boot::bootWeb()
CRITICAL - 2026-07-01 12:10:49 --> CodeIgniter\HTTP\Exceptions\BadRequestException: The URI you submitted has disallowed characters: "प्रदेश-१"
[Method: GET, Route: category/%E0%A4%AA%E0%A5%8D%E0%A4%B0%E0%A4%A6%E0%A5%87%E0%A4%B6-%E0%A5%A7/page/4/]
in SYSTEMPATH/Router/Router.php on line 768.
 1 SYSTEMPATH/Router/Router.php(219): CodeIgniter\Router\Router->checkDisallowedChars()
 2 SYSTEMPATH/CodeIgniter.php(829): CodeIgniter\Router\Router->handle()
 3 SYSTEMPATH/CodeIgniter.php(441): CodeIgniter\CodeIgniter->tryToRouteIt()
 4 SYSTEMPATH/CodeIgniter.php(340): CodeIgniter\CodeIgniter->handleRequest()
 5 SYSTEMPATH/Boot.php(417): CodeIgniter\CodeIgniter->run()
 6 SYSTEMPATH/Boot.php(68): CodeIgniter\Boot::runCodeIgniter()
 7 FCPATH/index.php(31): CodeIgniter\Boot::bootWeb()
CRITICAL - 2026-07-01 12:10:53 --> CodeIgniter\HTTP\Exceptions\BadRequestException: The URI you submitted has disallowed characters: "प्रदेश-१"
[Method: GET, Route: category/%E0%A4%AA%E0%A5%8D%E0%A4%B0%E0%A4%A6%E0%A5%87%E0%A4%B6-%E0%A5%A7/page/5/]
in SYSTEMPATH/Router/Router.php on line 768.
 1 SYSTEMPATH/Router/Router.php(219): CodeIgniter\Router\Router->checkDisallowedChars()
 2 SYSTEMPATH/CodeIgniter.php(829): CodeIgniter\Router\Router->handle()
 3 SYSTEMPATH/CodeIgniter.php(441): CodeIgniter\CodeIgniter->tryToRouteIt()
 4 SYSTEMPATH/CodeIgniter.php(340): CodeIgniter\CodeIgniter->handleRequest()
 5 SYSTEMPATH/Boot.php(417): CodeIgniter\CodeIgniter->run()
 6 SYSTEMPATH/Boot.php(68): CodeIgniter\Boot::runCodeIgniter()
 7 FCPATH/index.php(31): CodeIgniter\Boot::bootWeb()
CRITICAL - 2026-07-01 12:10:55 --> CodeIgniter\HTTP\Exceptions\BadRequestException: The URI you submitted has disallowed characters: "प्रदेश-१"
[Method: GET, Route: category/%E0%A4%AA%E0%A5%8D%E0%A4%B0%E0%A4%A6%E0%A5%87%E0%A4%B6-%E0%A5%A7/page/5/]
in SYSTEMPATH/Router/Router.php on line 768.
 1 SYSTEMPATH/Router/Router.php(219): CodeIgniter\Router\Router->checkDisallowedChars()
 2 SYSTEMPATH/CodeIgniter.php(829): CodeIgniter\Router\Router->handle()
 3 SYSTEMPATH/CodeIgniter.php(441): CodeIgniter\CodeIgniter->tryToRouteIt()
 4 SYSTEMPATH/CodeIgniter.php(340): CodeIgniter\CodeIgniter->handleRequest()
 5 SYSTEMPATH/Boot.php(417): CodeIgniter\CodeIgniter->run()
 6 SYSTEMPATH/Boot.php(68): CodeIgniter\Boot::runCodeIgniter()
 7 FCPATH/index.php(31): CodeIgniter\Boot::bootWeb()
CRITICAL - 2026-07-01 12:10:57 --> CodeIgniter\HTTP\Exceptions\BadRequestException: The URI you submitted has disallowed characters: "प्रदेश-१"
[Method: GET, Route: category/%E0%A4%AA%E0%A5%8D%E0%A4%B0%E0%A4%A6%E0%A5%87%E0%A4%B6-%E0%A5%A7/page/6/]
in SYSTEMPATH/Router/Router.php on line 768.
 1 SYSTEMPATH/Router/Router.php(219): CodeIgniter\Router\Router->checkDisallowedChars()
 2 SYSTEMPATH/CodeIgniter.php(829): CodeIgniter\Router\Router->handle()
 3 SYSTEMPATH/CodeIgniter.php(441): CodeIgniter\CodeIgniter->tryToRouteIt()
 4 SYSTEMPATH/CodeIgniter.php(340): CodeIgniter\CodeIgniter->handleRequest()
 5 SYSTEMPATH/Boot.php(417): CodeIgniter\CodeIgniter->run()
 6 SYSTEMPATH/Boot.php(68): CodeIgniter\Boot::runCodeIgniter()
 7 FCPATH/index.php(31): CodeIgniter\Boot::bootWeb()
CRITICAL - 2026-07-01 12:11:00 --> CodeIgniter\HTTP\Exceptions\BadRequestException: The URI you submitted has disallowed characters: "प्रदेश-१"
[Method: GET, Route: category/%E0%A4%AA%E0%A5%8D%E0%A4%B0%E0%A4%A6%E0%A5%87%E0%A4%B6-%E0%A5%A7/page/7/]
in SYSTEMPATH/Router/Router.php on line 768.
 1 SYSTEMPATH/Router/Router.php(219): CodeIgniter\Router\Router->checkDisallowedChars()
 2 SYSTEMPATH/CodeIgniter.php(829): CodeIgniter\Router\Router->handle()
 3 SYSTEMPATH/CodeIgniter.php(441): CodeIgniter\CodeIgniter->tryToRouteIt()
 4 SYSTEMPATH/CodeIgniter.php(340): CodeIgniter\CodeIgniter->handleRequest()
 5 SYSTEMPATH/Boot.php(417): CodeIgniter\CodeIgniter->run()
 6 SYSTEMPATH/Boot.php(68): CodeIgniter\Boot::runCodeIgniter()
 7 FCPATH/index.php(31): CodeIgniter\Boot::bootWeb()
CRITICAL - 2026-07-01 12:11:03 --> CodeIgniter\HTTP\Exceptions\BadRequestException: The URI you submitted has disallowed characters: "प्रदेश-१"
[Method: GET, Route: category/%E0%A4%AA%E0%A5%8D%E0%A4%B0%E0%A4%A6%E0%A5%87%E0%A4%B6-%E0%A5%A7/page/8/]
in SYSTEMPATH/Router/Router.php on line 768.
 1 SYSTEMPATH/Router/Router.php(219): CodeIgniter\Router\Router->checkDisallowedChars()
 2 SYSTEMPATH/CodeIgniter.php(829): CodeIgniter\Router\Router->handle()
 3 SYSTEMPATH/CodeIgniter.php(441): CodeIgniter\CodeIgniter->tryToRouteIt()
 4 SYSTEMPATH/CodeIgniter.php(340): CodeIgniter\CodeIgniter->handleRequest()
 5 SYSTEMPATH/Boot.php(417): CodeIgniter\CodeIgniter->run()
 6 SYSTEMPATH/Boot.php(68): CodeIgniter\Boot::runCodeIgniter()
 7 FCPATH/index.php(31): CodeIgniter\Boot::bootWeb()
CRITICAL - 2026-07-01 12:11:05 --> CodeIgniter\HTTP\Exceptions\BadRequestException: The URI you submitted has disallowed characters: "प्रदेश-१"
[Method: GET, Route: category/%E0%A4%AA%E0%A5%8D%E0%A4%B0%E0%A4%A6%E0%A5%87%E0%A4%B6-%E0%A5%A7/page/8/]
in SYSTEMPATH/Router/Router.php on line 768.
 1 SYSTEMPATH/Router/Router.php(219): CodeIgniter\Router\Router->checkDisallowedChars()
 2 SYSTEMPATH/CodeIgniter.php(829): CodeIgniter\Router\Router->handle()
 3 SYSTEMPATH/CodeIgniter.php(441): CodeIgniter\CodeIgniter->tryToRouteIt()
 4 SYSTEMPATH/CodeIgniter.php(340): CodeIgniter\CodeIgniter->handleRequest()
 5 SYSTEMPATH/Boot.php(417): CodeIgniter\CodeIgniter->run()
 6 SYSTEMPATH/Boot.php(68): CodeIgniter\Boot::runCodeIgniter()
 7 FCPATH/index.php(31): CodeIgniter\Boot::bootWeb()
CRITICAL - 2026-07-01 12:11:08 --> CodeIgniter\HTTP\Exceptions\BadRequestException: The URI you submitted has disallowed characters: "प्रदेश-१"
[Method: GET, Route: category/%E0%A4%AA%E0%A5%8D%E0%A4%B0%E0%A4%A6%E0%A5%87%E0%A4%B6-%E0%A5%A7/page/9/]
in SYSTEMPATH/Router/Router.php on line 768.
 1 SYSTEMPATH/Router/Router.php(219): CodeIgniter\Router\Router->checkDisallowedChars()
 2 SYSTEMPATH/CodeIgniter.php(829): CodeIgniter\Router\Router->handle()
 3 SYSTEMPATH/CodeIgniter.php(441): CodeIgniter\CodeIgniter->tryToRouteIt()
 4 SYSTEMPATH/CodeIgniter.php(340): CodeIgniter\CodeIgniter->handleRequest()
 5 SYSTEMPATH/Boot.php(417): CodeIgniter\CodeIgniter->run()
 6 SYSTEMPATH/Boot.php(68): CodeIgniter\Boot::runCodeIgniter()
 7 FCPATH/index.php(31): CodeIgniter\Boot::bootWeb()
CRITICAL - 2026-07-01 12:11:10 --> CodeIgniter\HTTP\Exceptions\BadRequestException: The URI you submitted has disallowed characters: "प्रदेश-१"
[Method: GET, Route: category/%E0%A4%AA%E0%A5%8D%E0%A4%B0%E0%A4%A6%E0%A5%87%E0%A4%B6-%E0%A5%A7/page/9/]
in SYSTEMPATH/Router/Router.php on line 768.
 1 SYSTEMPATH/Router/Router.php(219): CodeIgniter\Router\Router->checkDisallowedChars()
 2 SYSTEMPATH/CodeIgniter.php(829): CodeIgniter\Router\Router->handle()
 3 SYSTEMPATH/CodeIgniter.php(441): CodeIgniter\CodeIgniter->tryToRouteIt()
 4 SYSTEMPATH/CodeIgniter.php(340): CodeIgniter\CodeIgniter->handleRequest()
 5 SYSTEMPATH/Boot.php(417): CodeIgniter\CodeIgniter->run()
 6 SYSTEMPATH/Boot.php(68): CodeIgniter\Boot::runCodeIgniter()
 7 FCPATH/index.php(31): CodeIgniter\Boot::bootWeb()
CRITICAL - 2026-07-01 12:11:14 --> CodeIgniter\HTTP\Exceptions\BadRequestException: The URI you submitted has disallowed characters: "प्रदेश-२"
[Method: GET, Route: category/%E0%A4%AA%E0%A5%8D%E0%A4%B0%E0%A4%A6%E0%A5%87%E0%A4%B6-%E0%A5%A8/]
in SYSTEMPATH/Router/Router.php on line 768.
 1 SYSTEMPATH/Router/Router.php(219): CodeIgniter\Router\Router->checkDisallowedChars()
 2 SYSTEMPATH/CodeIgniter.php(829): CodeIgniter\Router\Router->handle()
 3 SYSTEMPATH/CodeIgniter.php(441): CodeIgniter\CodeIgniter->tryToRouteIt()
 4 SYSTEMPATH/CodeIgniter.php(340): CodeIgniter\CodeIgniter->handleRequest()
 5 SYSTEMPATH/Boot.php(417): CodeIgniter\CodeIgniter->run()
 6 SYSTEMPATH/Boot.php(68): CodeIgniter\Boot::runCodeIgniter()
 7 FCPATH/index.php(31): CodeIgniter\Boot::bootWeb()
CRITICAL - 2026-07-01 12:11:16 --> CodeIgniter\HTTP\Exceptions\BadRequestException: The URI you submitted has disallowed characters: "प्रदेश-२"
[Method: GET, Route: category/%E0%A4%AA%E0%A5%8D%E0%A4%B0%E0%A4%A6%E0%A5%87%E0%A4%B6-%E0%A5%A8/]
in SYSTEMPATH/Router/Router.php on line 768.
 1 SYSTEMPATH/Router/Router.php(219): CodeIgniter\Router\Router->checkDisallowedChars()
 2 SYSTEMPATH/CodeIgniter.php(829): CodeIgniter\Router\Router->handle()
 3 SYSTEMPATH/CodeIgniter.php(441): CodeIgniter\CodeIgniter->tryToRouteIt()
 4 SYSTEMPATH/CodeIgniter.php(340): CodeIgniter\CodeIgniter->handleRequest()
 5 SYSTEMPATH/Boot.php(417): CodeIgniter\CodeIgniter->run()
 6 SYSTEMPATH/Boot.php(68): CodeIgniter\Boot::runCodeIgniter()
 7 FCPATH/index.php(31): CodeIgniter\Boot::bootWeb()
CRITICAL - 2026-07-01 12:11:19 --> CodeIgniter\HTTP\Exceptions\BadRequestException: The URI you submitted has disallowed characters: "प्रदेश-२"
[Method: GET, Route: category/%E0%A4%AA%E0%A5%8D%E0%A4%B0%E0%A4%A6%E0%A5%87%E0%A4%B6-%E0%A5%A8/page/10/]
in SYSTEMPATH/Router/Router.php on line 768.
 1 SYSTEMPATH/Router/Router.php(219): CodeIgniter\Router\Router->checkDisallowedChars()
 2 SYSTEMPATH/CodeIgniter.php(829): CodeIgniter\Router\Router->handle()
 3 SYSTEMPATH/CodeIgniter.php(441): CodeIgniter\CodeIgniter->tryToRouteIt()
 4 SYSTEMPATH/CodeIgniter.php(340): CodeIgniter\CodeIgniter->handleRequest()
 5 SYSTEMPATH/Boot.php(417): CodeIgniter\CodeIgniter->run()
 6 SYSTEMPATH/Boot.php(68): CodeIgniter\Boot::runCodeIgniter()
 7 FCPATH/index.php(31): CodeIgniter\Boot::bootWeb()
CRITICAL - 2026-07-01 12:11:21 --> CodeIgniter\HTTP\Exceptions\BadRequestException: The URI you submitted has disallowed characters: "प्रदेश-२"
[Method: GET, Route: category/%E0%A4%AA%E0%A5%8D%E0%A4%B0%E0%A4%A6%E0%A5%87%E0%A4%B6-%E0%A5%A8/page/10/]
in SYSTEMPATH/Router/Router.php on line 768.
 1 SYSTEMPATH/Router/Router.php(219): CodeIgniter\Router\Router->checkDisallowedChars()
 2 SYSTEMPATH/CodeIgniter.php(829): CodeIgniter\Router\Router->handle()
 3 SYSTEMPATH/CodeIgniter.php(441): CodeIgniter\CodeIgniter->tryToRouteIt()
 4 SYSTEMPATH/CodeIgniter.php(340): CodeIgniter\CodeIgniter->handleRequest()
 5 SYSTEMPATH/Boot.php(417): CodeIgniter\CodeIgniter->run()
 6 SYSTEMPATH/Boot.php(68): CodeIgniter\Boot::runCodeIgniter()
 7 FCPATH/index.php(31): CodeIgniter\Boot::bootWeb()
CRITICAL - 2026-07-01 12:11:25 --> CodeIgniter\HTTP\Exceptions\BadRequestException: The URI you submitted has disallowed characters: "प्रदेश-२"
[Method: GET, Route: category/%E0%A4%AA%E0%A5%8D%E0%A4%B0%E0%A4%A6%E0%A5%87%E0%A4%B6-%E0%A5%A8/page/11/]
in SYSTEMPATH/Router/Router.php on line 768.
 1 SYSTEMPATH/Router/Router.php(219): CodeIgniter\Router\Router->checkDisallowedChars()
 2 SYSTEMPATH/CodeIgniter.php(829): CodeIgniter\Router\Router->handle()
 3 SYSTEMPATH/CodeIgniter.php(441): CodeIgniter\CodeIgniter->tryToRouteIt()
 4 SYSTEMPATH/CodeIgniter.php(340): CodeIgniter\CodeIgniter->handleRequest()
 5 SYSTEMPATH/Boot.php(417): CodeIgniter\CodeIgniter->run()
 6 SYSTEMPATH/Boot.php(68): CodeIgniter\Boot::runCodeIgniter()
 7 FCPATH/index.php(31): CodeIgniter\Boot::bootWeb()
CRITICAL - 2026-07-01 12:11:26 --> CodeIgniter\HTTP\Exceptions\BadRequestException: The URI you submitted has disallowed characters: "प्रदेश-२"
[Method: GET, Route: category/%E0%A4%AA%E0%A5%8D%E0%A4%B0%E0%A4%A6%E0%A5%87%E0%A4%B6-%E0%A5%A8/page/11/]
in SYSTEMPATH/Router/Router.php on line 768.
 1 SYSTEMPATH/Router/Router.php(219): CodeIgniter\Router\Router->checkDisallowedChars()
 2 SYSTEMPATH/CodeIgniter.php(829): CodeIgniter\Router\Router->handle()
 3 SYSTEMPATH/CodeIgniter.php(441): CodeIgniter\CodeIgniter->tryToRouteIt()
 4 SYSTEMPATH/CodeIgniter.php(340): CodeIgniter\CodeIgniter->handleRequest()
 5 SYSTEMPATH/Boot.php(417): CodeIgniter\CodeIgniter->run()
 6 SYSTEMPATH/Boot.php(68): CodeIgniter\Boot::runCodeIgniter()
 7 FCPATH/index.php(31): CodeIgniter\Boot::bootWeb()
CRITICAL - 2026-07-01 12:11:30 --> CodeIgniter\HTTP\Exceptions\BadRequestException: The URI you submitted has disallowed characters: "प्रदेश-२"
[Method: GET, Route: category/%E0%A4%AA%E0%A5%8D%E0%A4%B0%E0%A4%A6%E0%A5%87%E0%A4%B6-%E0%A5%A8/page/12/]
in SYSTEMPATH/Router/Router.php on line 768.
 1 SYSTEMPATH/Router/Router.php(219): CodeIgniter\Router\Router->checkDisallowedChars()
 2 SYSTEMPATH/CodeIgniter.php(829): CodeIgniter\Router\Router->handle()
 3 SYSTEMPATH/CodeIgniter.php(441): CodeIgniter\CodeIgniter->tryToRouteIt()
 4 SYSTEMPATH/CodeIgniter.php(340): CodeIgniter\CodeIgniter->handleRequest()
 5 SYSTEMPATH/Boot.php(417): CodeIgniter\CodeIgniter->run()
 6 SYSTEMPATH/Boot.php(68): CodeIgniter\Boot::runCodeIgniter()
 7 FCPATH/index.php(31): CodeIgniter\Boot::bootWeb()
CRITICAL - 2026-07-01 12:11:32 --> CodeIgniter\HTTP\Exceptions\BadRequestException: The URI you submitted has disallowed characters: "प्रदेश-२"
[Method: GET, Route: category/%E0%A4%AA%E0%A5%8D%E0%A4%B0%E0%A4%A6%E0%A5%87%E0%A4%B6-%E0%A5%A8/page/12/]
in SYSTEMPATH/Router/Router.php on line 768.
 1 SYSTEMPATH/Router/Router.php(219): CodeIgniter\Router\Router->checkDisallowedChars()
 2 SYSTEMPATH/CodeIgniter.php(829): CodeIgniter\Router\Router->handle()
 3 SYSTEMPATH/CodeIgniter.php(441): CodeIgniter\CodeIgniter->tryToRouteIt()
 4 SYSTEMPATH/CodeIgniter.php(340): CodeIgniter\CodeIgniter->handleRequest()
 5 SYSTEMPATH/Boot.php(417): CodeIgniter\CodeIgniter->run()
 6 SYSTEMPATH/Boot.php(68): CodeIgniter\Boot::runCodeIgniter()
 7 FCPATH/index.php(31): CodeIgniter\Boot::bootWeb()
CRITICAL - 2026-07-01 12:11:35 --> CodeIgniter\HTTP\Exceptions\BadRequestException: The URI you submitted has disallowed characters: "प्रदेश-२"
[Method: GET, Route: category/%E0%A4%AA%E0%A5%8D%E0%A4%B0%E0%A4%A6%E0%A5%87%E0%A4%B6-%E0%A5%A8/page/2/]
in SYSTEMPATH/Router/Router.php on line 768.
 1 SYSTEMPATH/Router/Router.php(219): CodeIgniter\Router\Router->checkDisallowedChars()
 2 SYSTEMPATH/CodeIgniter.php(829): CodeIgniter\Router\Router->handle()
 3 SYSTEMPATH/CodeIgniter.php(441): CodeIgniter\CodeIgniter->tryToRouteIt()
 4 SYSTEMPATH/CodeIgniter.php(340): CodeIgniter\CodeIgniter->handleRequest()
 5 SYSTEMPATH/Boot.php(417): CodeIgniter\CodeIgniter->run()
 6 SYSTEMPATH/Boot.php(68): CodeIgniter\Boot::runCodeIgniter()
 7 FCPATH/index.php(31): CodeIgniter\Boot::bootWeb()
CRITICAL - 2026-07-01 12:11:37 --> CodeIgniter\HTTP\Exceptions\BadRequestException: The URI you submitted has disallowed characters: "प्रदेश-२"
[Method: GET, Route: category/%E0%A4%AA%E0%A5%8D%E0%A4%B0%E0%A4%A6%E0%A5%87%E0%A4%B6-%E0%A5%A8/page/2/]
in SYSTEMPATH/Router/Router.php on line 768.
 1 SYSTEMPATH/Router/Router.php(219): CodeIgniter\Router\Router->checkDisallowedChars()
 2 SYSTEMPATH/CodeIgniter.php(829): CodeIgniter\Router\Router->handle()
 3 SYSTEMPATH/CodeIgniter.php(441): CodeIgniter\CodeIgniter->tryToRouteIt()
 4 SYSTEMPATH/CodeIgniter.php(340): CodeIgniter\CodeIgniter->handleRequest()
 5 SYSTEMPATH/Boot.php(417): CodeIgniter\CodeIgniter->run()
 6 SYSTEMPATH/Boot.php(68): CodeIgniter\Boot::runCodeIgniter()
 7 FCPATH/index.php(31): CodeIgniter\Boot::bootWeb()
CRITICAL - 2026-07-01 12:11:41 --> CodeIgniter\HTTP\Exceptions\BadRequestException: The URI you submitted has disallowed characters: "प्रदेश-२"
[Method: GET, Route: category/%E0%A4%AA%E0%A5%8D%E0%A4%B0%E0%A4%A6%E0%A5%87%E0%A4%B6-%E0%A5%A8/page/3/]
in SYSTEMPATH/Router/Router.php on line 768.
 1 SYSTEMPATH/Router/Router.php(219): CodeIgniter\Router\Router->checkDisallowedChars()
 2 SYSTEMPATH/CodeIgniter.php(829): CodeIgniter\Router\Router->handle()
 3 SYSTEMPATH/CodeIgniter.php(441): CodeIgniter\CodeIgniter->tryToRouteIt()
 4 SYSTEMPATH/CodeIgniter.php(340): CodeIgniter\CodeIgniter->handleRequest()
 5 SYSTEMPATH/Boot.php(417): CodeIgniter\CodeIgniter->run()
 6 SYSTEMPATH/Boot.php(68): CodeIgniter\Boot::runCodeIgniter()
 7 FCPATH/index.php(31): CodeIgniter\Boot::bootWeb()
CRITICAL - 2026-07-01 12:11:43 --> CodeIgniter\HTTP\Exceptions\BadRequestException: The URI you submitted has disallowed characters: "प्रदेश-२"
[Method: GET, Route: category/%E0%A4%AA%E0%A5%8D%E0%A4%B0%E0%A4%A6%E0%A5%87%E0%A4%B6-%E0%A5%A8/page/3/]
in SYSTEMPATH/Router/Router.php on line 768.
 1 SYSTEMPATH/Router/Router.php(219): CodeIgniter\Router\Router->checkDisallowedChars()
 2 SYSTEMPATH/CodeIgniter.php(829): CodeIgniter\Router\Router->handle()
 3 SYSTEMPATH/CodeIgniter.php(441): CodeIgniter\CodeIgniter->tryToRouteIt()
 4 SYSTEMPATH/CodeIgniter.php(340): CodeIgniter\CodeIgniter->handleRequest()
 5 SYSTEMPATH/Boot.php(417): CodeIgniter\CodeIgniter->run()
 6 SYSTEMPATH/Boot.php(68): CodeIgniter\Boot::runCodeIgniter()
 7 FCPATH/index.php(31): CodeIgniter\Boot::bootWeb()
CRITICAL - 2026-07-01 12:11:46 --> CodeIgniter\HTTP\Exceptions\BadRequestException: The URI you submitted has disallowed characters: "प्रदेश-२"
[Method: GET, Route: category/%E0%A4%AA%E0%A5%8D%E0%A4%B0%E0%A4%A6%E0%A5%87%E0%A4%B6-%E0%A5%A8/page/4/]
in SYSTEMPATH/Router/Router.php on line 768.
 1 SYSTEMPATH/Router/Router.php(219): CodeIgniter\Router\Router->checkDisallowedChars()
 2 SYSTEMPATH/CodeIgniter.php(829): CodeIgniter\Router\Router->handle()
 3 SYSTEMPATH/CodeIgniter.php(441): CodeIgniter\CodeIgniter->tryToRouteIt()
 4 SYSTEMPATH/CodeIgniter.php(340): CodeIgniter\CodeIgniter->handleRequest()
 5 SYSTEMPATH/Boot.php(417): CodeIgniter\CodeIgniter->run()
 6 SYSTEMPATH/Boot.php(68): CodeIgniter\Boot::runCodeIgniter()
 7 FCPATH/index.php(31): CodeIgniter\Boot::bootWeb()
CRITICAL - 2026-07-01 12:11:48 --> CodeIgniter\HTTP\Exceptions\BadRequestException: The URI you submitted has disallowed characters: "प्रदेश-२"
[Method: GET, Route: category/%E0%A4%AA%E0%A5%8D%E0%A4%B0%E0%A4%A6%E0%A5%87%E0%A4%B6-%E0%A5%A8/page/4/]
in SYSTEMPATH/Router/Router.php on line 768.
 1 SYSTEMPATH/Router/Router.php(219): CodeIgniter\Router\Router->checkDisallowedChars()
 2 SYSTEMPATH/CodeIgniter.php(829): CodeIgniter\Router\Router->handle()
 3 SYSTEMPATH/CodeIgniter.php(441): CodeIgniter\CodeIgniter->tryToRouteIt()
 4 SYSTEMPATH/CodeIgniter.php(340): CodeIgniter\CodeIgniter->handleRequest()
 5 SYSTEMPATH/Boot.php(417): CodeIgniter\CodeIgniter->run()
 6 SYSTEMPATH/Boot.php(68): CodeIgniter\Boot::runCodeIgniter()
 7 FCPATH/index.php(31): CodeIgniter\Boot::bootWeb()
CRITICAL - 2026-07-01 12:11:52 --> CodeIgniter\HTTP\Exceptions\BadRequestException: The URI you submitted has disallowed characters: "प्रदेश-२"
[Method: GET, Route: category/%E0%A4%AA%E0%A5%8D%E0%A4%B0%E0%A4%A6%E0%A5%87%E0%A4%B6-%E0%A5%A8/page/5/]
in SYSTEMPATH/Router/Router.php on line 768.
 1 SYSTEMPATH/Router/Router.php(219): CodeIgniter\Router\Router->checkDisallowedChars()
 2 SYSTEMPATH/CodeIgniter.php(829): CodeIgniter\Router\Router->handle()
 3 SYSTEMPATH/CodeIgniter.php(441): CodeIgniter\CodeIgniter->tryToRouteIt()
 4 SYSTEMPATH/CodeIgniter.php(340): CodeIgniter\CodeIgniter->handleRequest()
 5 SYSTEMPATH/Boot.php(417): CodeIgniter\CodeIgniter->run()
 6 SYSTEMPATH/Boot.php(68): CodeIgniter\Boot::runCodeIgniter()
 7 FCPATH/index.php(31): CodeIgniter\Boot::bootWeb()
CRITICAL - 2026-07-01 12:11:53 --> CodeIgniter\HTTP\Exceptions\BadRequestException: The URI you submitted has disallowed characters: "प्रदेश-२"
[Method: GET, Route: category/%E0%A4%AA%E0%A5%8D%E0%A4%B0%E0%A4%A6%E0%A5%87%E0%A4%B6-%E0%A5%A8/page/5/]
in SYSTEMPATH/Router/Router.php on line 768.
 1 SYSTEMPATH/Router/Router.php(219): CodeIgniter\Router\Router->checkDisallowedChars()
 2 SYSTEMPATH/CodeIgniter.php(829): CodeIgniter\Router\Router->handle()
 3 SYSTEMPATH/CodeIgniter.php(441): CodeIgniter\CodeIgniter->tryToRouteIt()
 4 SYSTEMPATH/CodeIgniter.php(340): CodeIgniter\CodeIgniter->handleRequest()
 5 SYSTEMPATH/Boot.php(417): CodeIgniter\CodeIgniter->run()
 6 SYSTEMPATH/Boot.php(68): CodeIgniter\Boot::runCodeIgniter()
 7 FCPATH/index.php(31): CodeIgniter\Boot::bootWeb()
CRITICAL - 2026-07-01 12:11:57 --> CodeIgniter\HTTP\Exceptions\BadRequestException: The URI you submitted has disallowed characters: "प्रदेश-२"
[Method: GET, Route: category/%E0%A4%AA%E0%A5%8D%E0%A4%B0%E0%A4%A6%E0%A5%87%E0%A4%B6-%E0%A5%A8/page/6/]
in SYSTEMPATH/Router/Router.php on line 768.
 1 SYSTEMPATH/Router/Router.php(219): CodeIgniter\Router\Router->checkDisallowedChars()
 2 SYSTEMPATH/CodeIgniter.php(829): CodeIgniter\Router\Router->handle()
 3 SYSTEMPATH/CodeIgniter.php(441): CodeIgniter\CodeIgniter->tryToRouteIt()
 4 SYSTEMPATH/CodeIgniter.php(340): CodeIgniter\CodeIgniter->handleRequest()
 5 SYSTEMPATH/Boot.php(417): CodeIgniter\CodeIgniter->run()
 6 SYSTEMPATH/Boot.php(68): CodeIgniter\Boot::runCodeIgniter()
 7 FCPATH/index.php(31): CodeIgniter\Boot::bootWeb()
CRITICAL - 2026-07-01 12:11:59 --> CodeIgniter\HTTP\Exceptions\BadRequestException: The URI you submitted has disallowed characters: "प्रदेश-२"
[Method: GET, Route: category/%E0%A4%AA%E0%A5%8D%E0%A4%B0%E0%A4%A6%E0%A5%87%E0%A4%B6-%E0%A5%A8/page/6/]
in SYSTEMPATH/Router/Router.php on line 768.
 1 SYSTEMPATH/Router/Router.php(219): CodeIgniter\Router\Router->checkDisallowedChars()
 2 SYSTEMPATH/CodeIgniter.php(829): CodeIgniter\Router\Router->handle()
 3 SYSTEMPATH/CodeIgniter.php(441): CodeIgniter\CodeIgniter->tryToRouteIt()
 4 SYSTEMPATH/CodeIgniter.php(340): CodeIgniter\CodeIgniter->handleRequest()
 5 SYSTEMPATH/Boot.php(417): CodeIgniter\CodeIgniter->run()
 6 SYSTEMPATH/Boot.php(68): CodeIgniter\Boot::runCodeIgniter()
 7 FCPATH/index.php(31): CodeIgniter\Boot::bootWeb()
CRITICAL - 2026-07-01 12:12:02 --> CodeIgniter\HTTP\Exceptions\BadRequestException: The URI you submitted has disallowed characters: "प्रदेश-२"
[Method: GET, Route: category/%E0%A4%AA%E0%A5%8D%E0%A4%B0%E0%A4%A6%E0%A5%87%E0%A4%B6-%E0%A5%A8/page/7/]
in SYSTEMPATH/Router/Router.php on line 768.
 1 SYSTEMPATH/Router/Router.php(219): CodeIgniter\Router\Router->checkDisallowedChars()
 2 SYSTEMPATH/CodeIgniter.php(829): CodeIgniter\Router\Router->handle()
 3 SYSTEMPATH/CodeIgniter.php(441): CodeIgniter\CodeIgniter->tryToRouteIt()
 4 SYSTEMPATH/CodeIgniter.php(340): CodeIgniter\CodeIgniter->handleRequest()
 5 SYSTEMPATH/Boot.php(417): CodeIgniter\CodeIgniter->run()
 6 SYSTEMPATH/Boot.php(68): CodeIgniter\Boot::runCodeIgniter()
 7 FCPATH/index.php(31): CodeIgniter\Boot::bootWeb()
CRITICAL - 2026-07-01 12:12:04 --> CodeIgniter\HTTP\Exceptions\BadRequestException: The URI you submitted has disallowed characters: "प्रदेश-२"
[Method: GET, Route: category/%E0%A4%AA%E0%A5%8D%E0%A4%B0%E0%A4%A6%E0%A5%87%E0%A4%B6-%E0%A5%A8/page/7/]
in SYSTEMPATH/Router/Router.php on line 768.
 1 SYSTEMPATH/Router/Router.php(219): CodeIgniter\Router\Router->checkDisallowedChars()
 2 SYSTEMPATH/CodeIgniter.php(829): CodeIgniter\Router\Router->handle()
 3 SYSTEMPATH/CodeIgniter.php(441): CodeIgniter\CodeIgniter->tryToRouteIt()
 4 SYSTEMPATH/CodeIgniter.php(340): CodeIgniter\CodeIgniter->handleRequest()
 5 SYSTEMPATH/Boot.php(417): CodeIgniter\CodeIgniter->run()
 6 SYSTEMPATH/Boot.php(68): CodeIgniter\Boot::runCodeIgniter()
 7 FCPATH/index.php(31): CodeIgniter\Boot::bootWeb()
CRITICAL - 2026-07-01 12:12:08 --> CodeIgniter\HTTP\Exceptions\BadRequestException: The URI you submitted has disallowed characters: "प्रदेश-२"
[Method: GET, Route: category/%E0%A4%AA%E0%A5%8D%E0%A4%B0%E0%A4%A6%E0%A5%87%E0%A4%B6-%E0%A5%A8/page/8/]
in SYSTEMPATH/Router/Router.php on line 768.
 1 SYSTEMPATH/Router/Router.php(219): CodeIgniter\Router\Router->checkDisallowedChars()
 2 SYSTEMPATH/CodeIgniter.php(829): CodeIgniter\Router\Router->handle()
 3 SYSTEMPATH/CodeIgniter.php(441): CodeIgniter\CodeIgniter->tryToRouteIt()
 4 SYSTEMPATH/CodeIgniter.php(340): CodeIgniter\CodeIgniter->handleRequest()
 5 SYSTEMPATH/Boot.php(417): CodeIgniter\CodeIgniter->run()
 6 SYSTEMPATH/Boot.php(68): CodeIgniter\Boot::runCodeIgniter()
 7 FCPATH/index.php(31): CodeIgniter\Boot::bootWeb()
CRITICAL - 2026-07-01 12:12:10 --> CodeIgniter\HTTP\Exceptions\BadRequestException: The URI you submitted has disallowed characters: "प्रदेश-२"
[Method: GET, Route: category/%E0%A4%AA%E0%A5%8D%E0%A4%B0%E0%A4%A6%E0%A5%87%E0%A4%B6-%E0%A5%A8/page/8/]
in SYSTEMPATH/Router/Router.php on line 768.
 1 SYSTEMPATH/Router/Router.php(219): CodeIgniter\Router\Router->checkDisallowedChars()
 2 SYSTEMPATH/CodeIgniter.php(829): CodeIgniter\Router\Router->handle()
 3 SYSTEMPATH/CodeIgniter.php(441): CodeIgniter\CodeIgniter->tryToRouteIt()
 4 SYSTEMPATH/CodeIgniter.php(340): CodeIgniter\CodeIgniter->handleRequest()
 5 SYSTEMPATH/Boot.php(417): CodeIgniter\CodeIgniter->run()
 6 SYSTEMPATH/Boot.php(68): CodeIgniter\Boot::runCodeIgniter()
 7 FCPATH/index.php(31): CodeIgniter\Boot::bootWeb()
CRITICAL - 2026-07-01 12:12:11 --> CodeIgniter\HTTP\Exceptions\BadRequestException: The URI you submitted has disallowed characters: "प्रदेश-२"
[Method: GET, Route: category/%E0%A4%AA%E0%A5%8D%E0%A4%B0%E0%A4%A6%E0%A5%87%E0%A4%B6-%E0%A5%A8/page/9/]
in SYSTEMPATH/Router/Router.php on line 768.
 1 SYSTEMPATH/Router/Router.php(219): CodeIgniter\Router\Router->checkDisallowedChars()
 2 SYSTEMPATH/CodeIgniter.php(829): CodeIgniter\Router\Router->handle()
 3 SYSTEMPATH/CodeIgniter.php(441): CodeIgniter\CodeIgniter->tryToRouteIt()
 4 SYSTEMPATH/CodeIgniter.php(340): CodeIgniter\CodeIgniter->handleRequest()
 5 SYSTEMPATH/Boot.php(417): CodeIgniter\CodeIgniter->run()
 6 SYSTEMPATH/Boot.php(68): CodeIgniter\Boot::runCodeIgniter()
 7 FCPATH/index.php(31): CodeIgniter\Boot::bootWeb()
CRITICAL - 2026-07-01 12:12:13 --> CodeIgniter\HTTP\Exceptions\BadRequestException: The URI you submitted has disallowed characters: "प्रदेश-३"
[Method: GET, Route: category/%E0%A4%AA%E0%A5%8D%E0%A4%B0%E0%A4%A6%E0%A5%87%E0%A4%B6-%E0%A5%A9/]
in SYSTEMPATH/Router/Router.php on line 768.
 1 SYSTEMPATH/Router/Router.php(219): CodeIgniter\Router\Router->checkDisallowedChars()
 2 SYSTEMPATH/CodeIgniter.php(829): CodeIgniter\Router\Router->handle()
 3 SYSTEMPATH/CodeIgniter.php(441): CodeIgniter\CodeIgniter->tryToRouteIt()
 4 SYSTEMPATH/CodeIgniter.php(340): CodeIgniter\CodeIgniter->handleRequest()
 5 SYSTEMPATH/Boot.php(417): CodeIgniter\CodeIgniter->run()
 6 SYSTEMPATH/Boot.php(68): CodeIgniter\Boot::runCodeIgniter()
 7 FCPATH/index.php(31): CodeIgniter\Boot::bootWeb()
CRITICAL - 2026-07-01 12:12:15 --> CodeIgniter\HTTP\Exceptions\BadRequestException: The URI you submitted has disallowed characters: "प्रदेश-३"
[Method: GET, Route: category/%E0%A4%AA%E0%A5%8D%E0%A4%B0%E0%A4%A6%E0%A5%87%E0%A4%B6-%E0%A5%A9/page/2/]
in SYSTEMPATH/Router/Router.php on line 768.
 1 SYSTEMPATH/Router/Router.php(219): CodeIgniter\Router\Router->checkDisallowedChars()
 2 SYSTEMPATH/CodeIgniter.php(829): CodeIgniter\Router\Router->handle()
 3 SYSTEMPATH/CodeIgniter.php(441): CodeIgniter\CodeIgniter->tryToRouteIt()
 4 SYSTEMPATH/CodeIgniter.php(340): CodeIgniter\CodeIgniter->handleRequest()
 5 SYSTEMPATH/Boot.php(417): CodeIgniter\CodeIgniter->run()
 6 SYSTEMPATH/Boot.php(68): CodeIgniter\Boot::runCodeIgniter()
 7 FCPATH/index.php(31): CodeIgniter\Boot::bootWeb()
CRITICAL - 2026-07-01 12:12:19 --> CodeIgniter\HTTP\Exceptions\BadRequestException: The URI you submitted has disallowed characters: "प्रदेश-३"
[Method: GET, Route: category/%E0%A4%AA%E0%A5%8D%E0%A4%B0%E0%A4%A6%E0%A5%87%E0%A4%B6-%E0%A5%A9/page/3/]
in SYSTEMPATH/Router/Router.php on line 768.
 1 SYSTEMPATH/Router/Router.php(219): CodeIgniter\Router\Router->checkDisallowedChars()
 2 SYSTEMPATH/CodeIgniter.php(829): CodeIgniter\Router\Router->handle()
 3 SYSTEMPATH/CodeIgniter.php(441): CodeIgniter\CodeIgniter->tryToRouteIt()
 4 SYSTEMPATH/CodeIgniter.php(340): CodeIgniter\CodeIgniter->handleRequest()
 5 SYSTEMPATH/Boot.php(417): CodeIgniter\CodeIgniter->run()
 6 SYSTEMPATH/Boot.php(68): CodeIgniter\Boot::runCodeIgniter()
 7 FCPATH/index.php(31): CodeIgniter\Boot::bootWeb()
CRITICAL - 2026-07-01 12:12:21 --> CodeIgniter\HTTP\Exceptions\BadRequestException: The URI you submitted has disallowed characters: "प्रदेश-३"
[Method: GET, Route: category/%E0%A4%AA%E0%A5%8D%E0%A4%B0%E0%A4%A6%E0%A5%87%E0%A4%B6-%E0%A5%A9/page/3/]
in SYSTEMPATH/Router/Router.php on line 768.
 1 SYSTEMPATH/Router/Router.php(219): CodeIgniter\Router\Router->checkDisallowedChars()
 2 SYSTEMPATH/CodeIgniter.php(829): CodeIgniter\Router\Router->handle()
 3 SYSTEMPATH/CodeIgniter.php(441): CodeIgniter\CodeIgniter->tryToRouteIt()
 4 SYSTEMPATH/CodeIgniter.php(340): CodeIgniter\CodeIgniter->handleRequest()
 5 SYSTEMPATH/Boot.php(417): CodeIgniter\CodeIgniter->run()
 6 SYSTEMPATH/Boot.php(68): CodeIgniter\Boot::runCodeIgniter()
 7 FCPATH/index.php(31): CodeIgniter\Boot::bootWeb()
CRITICAL - 2026-07-01 12:12:22 --> CodeIgniter\HTTP\Exceptions\BadRequestException: The URI you submitted has disallowed characters: "प्रदेश-३"
[Method: GET, Route: category/%E0%A4%AA%E0%A5%8D%E0%A4%B0%E0%A4%A6%E0%A5%87%E0%A4%B6-%E0%A5%A9/page/4/]
in SYSTEMPATH/Router/Router.php on line 768.
 1 SYSTEMPATH/Router/Router.php(219): CodeIgniter\Router\Router->checkDisallowedChars()
 2 SYSTEMPATH/CodeIgniter.php(829): CodeIgniter\Router\Router->handle()
 3 SYSTEMPATH/CodeIgniter.php(441): CodeIgniter\CodeIgniter->tryToRouteIt()
 4 SYSTEMPATH/CodeIgniter.php(340): CodeIgniter\CodeIgniter->handleRequest()
 5 SYSTEMPATH/Boot.php(417): CodeIgniter\CodeIgniter->run()
 6 SYSTEMPATH/Boot.php(68): CodeIgniter\Boot::runCodeIgniter()
 7 FCPATH/index.php(31): CodeIgniter\Boot::bootWeb()
CRITICAL - 2026-07-01 12:12:24 --> CodeIgniter\HTTP\Exceptions\BadRequestException: The URI you submitted has disallowed characters: "प्रदेश-३"
[Method: GET, Route: category/%E0%A4%AA%E0%A5%8D%E0%A4%B0%E0%A4%A6%E0%A5%87%E0%A4%B6-%E0%A5%A9/page/5/]
in SYSTEMPATH/Router/Router.php on line 768.
 1 SYSTEMPATH/Router/Router.php(219): CodeIgniter\Router\Router->checkDisallowedChars()
 2 SYSTEMPATH/CodeIgniter.php(829): CodeIgniter\Router\Router->handle()
 3 SYSTEMPATH/CodeIgniter.php(441): CodeIgniter\CodeIgniter->tryToRouteIt()
 4 SYSTEMPATH/CodeIgniter.php(340): CodeIgniter\CodeIgniter->handleRequest()
 5 SYSTEMPATH/Boot.php(417): CodeIgniter\CodeIgniter->run()
 6 SYSTEMPATH/Boot.php(68): CodeIgniter\Boot::runCodeIgniter()
 7 FCPATH/index.php(31): CodeIgniter\Boot::bootWeb()
CRITICAL - 2026-07-01 12:12:26 --> CodeIgniter\HTTP\Exceptions\BadRequestException: The URI you submitted has disallowed characters: "प्रदेश-३"
[Method: GET, Route: category/%E0%A4%AA%E0%A5%8D%E0%A4%B0%E0%A4%A6%E0%A5%87%E0%A4%B6-%E0%A5%A9/page/6/]
in SYSTEMPATH/Router/Router.php on line 768.
 1 SYSTEMPATH/Router/Router.php(219): CodeIgniter\Router\Router->checkDisallowedChars()
 2 SYSTEMPATH/CodeIgniter.php(829): CodeIgniter\Router\Router->handle()
 3 SYSTEMPATH/CodeIgniter.php(441): CodeIgniter\CodeIgniter->tryToRouteIt()
 4 SYSTEMPATH/CodeIgniter.php(340): CodeIgniter\CodeIgniter->handleRequest()
 5 SYSTEMPATH/Boot.php(417): CodeIgniter\CodeIgniter->run()
 6 SYSTEMPATH/Boot.php(68): CodeIgniter\Boot::runCodeIgniter()
 7 FCPATH/index.php(31): CodeIgniter\Boot::bootWeb()
CRITICAL - 2026-07-01 12:12:28 --> CodeIgniter\HTTP\Exceptions\BadRequestException: The URI you submitted has disallowed characters: "प्रदेश-३"
[Method: GET, Route: category/%E0%A4%AA%E0%A5%8D%E0%A4%B0%E0%A4%A6%E0%A5%87%E0%A4%B6-%E0%A5%A9/page/7/]
in SYSTEMPATH/Router/Router.php on line 768.
 1 SYSTEMPATH/Router/Router.php(219): CodeIgniter\Router\Router->checkDisallowedChars()
 2 SYSTEMPATH/CodeIgniter.php(829): CodeIgniter\Router\Router->handle()
 3 SYSTEMPATH/CodeIgniter.php(441): CodeIgniter\CodeIgniter->tryToRouteIt()
 4 SYSTEMPATH/CodeIgniter.php(340): CodeIgniter\CodeIgniter->handleRequest()
 5 SYSTEMPATH/Boot.php(417): CodeIgniter\CodeIgniter->run()
 6 SYSTEMPATH/Boot.php(68): CodeIgniter\Boot::runCodeIgniter()
 7 FCPATH/index.php(31): CodeIgniter\Boot::bootWeb()
CRITICAL - 2026-07-01 12:12:30 --> CodeIgniter\HTTP\Exceptions\BadRequestException: The URI you submitted has disallowed characters: "प्रदेश-३"
[Method: GET, Route: category/%E0%A4%AA%E0%A5%8D%E0%A4%B0%E0%A4%A6%E0%A5%87%E0%A4%B6-%E0%A5%A9/page/8/]
in SYSTEMPATH/Router/Router.php on line 768.
 1 SYSTEMPATH/Router/Router.php(219): CodeIgniter\Router\Router->checkDisallowedChars()
 2 SYSTEMPATH/CodeIgniter.php(829): CodeIgniter\Router\Router->handle()
 3 SYSTEMPATH/CodeIgniter.php(441): CodeIgniter\CodeIgniter->tryToRouteIt()
 4 SYSTEMPATH/CodeIgniter.php(340): CodeIgniter\CodeIgniter->handleRequest()
 5 SYSTEMPATH/Boot.php(417): CodeIgniter\CodeIgniter->run()
 6 SYSTEMPATH/Boot.php(68): CodeIgniter\Boot::runCodeIgniter()
 7 FCPATH/index.php(31): CodeIgniter\Boot::bootWeb()
CRITICAL - 2026-07-01 12:12:32 --> CodeIgniter\HTTP\Exceptions\BadRequestException: The URI you submitted has disallowed characters: "प्रदेश-३"
[Method: GET, Route: category/%E0%A4%AA%E0%A5%8D%E0%A4%B0%E0%A4%A6%E0%A5%87%E0%A4%B6-%E0%A5%A9/page/9/]
in SYSTEMPATH/Router/Router.php on line 768.
 1 SYSTEMPATH/Router/Router.php(219): CodeIgniter\Router\Router->checkDisallowedChars()
 2 SYSTEMPATH/CodeIgniter.php(829): CodeIgniter\Router\Router->handle()
 3 SYSTEMPATH/CodeIgniter.php(441): CodeIgniter\CodeIgniter->tryToRouteIt()
 4 SYSTEMPATH/CodeIgniter.php(340): CodeIgniter\CodeIgniter->handleRequest()
 5 SYSTEMPATH/Boot.php(417): CodeIgniter\CodeIgniter->run()
 6 SYSTEMPATH/Boot.php(68): CodeIgniter\Boot::runCodeIgniter()
 7 FCPATH/index.php(31): CodeIgniter\Boot::bootWeb()
CRITICAL - 2026-07-01 12:12:34 --> CodeIgniter\HTTP\Exceptions\BadRequestException: The URI you submitted has disallowed characters: "प्रदेश-४"
[Method: GET, Route: category/%E0%A4%AA%E0%A5%8D%E0%A4%B0%E0%A4%A6%E0%A5%87%E0%A4%B6-%E0%A5%AA/]
in SYSTEMPATH/Router/Router.php on line 768.
 1 SYSTEMPATH/Router/Router.php(219): CodeIgniter\Router\Router->checkDisallowedChars()
 2 SYSTEMPATH/CodeIgniter.php(829): CodeIgniter\Router\Router->handle()
 3 SYSTEMPATH/CodeIgniter.php(441): CodeIgniter\CodeIgniter->tryToRouteIt()
 4 SYSTEMPATH/CodeIgniter.php(340): CodeIgniter\CodeIgniter->handleRequest()
 5 SYSTEMPATH/Boot.php(417): CodeIgniter\CodeIgniter->run()
 6 SYSTEMPATH/Boot.php(68): CodeIgniter\Boot::runCodeIgniter()
 7 FCPATH/index.php(31): CodeIgniter\Boot::bootWeb()
CRITICAL - 2026-07-01 12:12:35 --> CodeIgniter\HTTP\Exceptions\BadRequestException: The URI you submitted has disallowed characters: "प्रदेश-४"
[Method: GET, Route: category/%E0%A4%AA%E0%A5%8D%E0%A4%B0%E0%A4%A6%E0%A5%87%E0%A4%B6-%E0%A5%AA/page/2/]
in SYSTEMPATH/Router/Router.php on line 768.
 1 SYSTEMPATH/Router/Router.php(219): CodeIgniter\Router\Router->checkDisallowedChars()
 2 SYSTEMPATH/CodeIgniter.php(829): CodeIgniter\Router\Router->handle()
 3 SYSTEMPATH/CodeIgniter.php(441): CodeIgniter\CodeIgniter->tryToRouteIt()
 4 SYSTEMPATH/CodeIgniter.php(340): CodeIgniter\CodeIgniter->handleRequest()
 5 SYSTEMPATH/Boot.php(417): CodeIgniter\CodeIgniter->run()
 6 SYSTEMPATH/Boot.php(68): CodeIgniter\Boot::runCodeIgniter()
 7 FCPATH/index.php(31): CodeIgniter\Boot::bootWeb()
CRITICAL - 2026-07-01 12:12:37 --> CodeIgniter\HTTP\Exceptions\BadRequestException: The URI you submitted has disallowed characters: "प्रदेश-४"
[Method: GET, Route: category/%E0%A4%AA%E0%A5%8D%E0%A4%B0%E0%A4%A6%E0%A5%87%E0%A4%B6-%E0%A5%AA/page/3/]
in SYSTEMPATH/Router/Router.php on line 768.
 1 SYSTEMPATH/Router/Router.php(219): CodeIgniter\Router\Router->checkDisallowedChars()
 2 SYSTEMPATH/CodeIgniter.php(829): CodeIgniter\Router\Router->handle()
 3 SYSTEMPATH/CodeIgniter.php(441): CodeIgniter\CodeIgniter->tryToRouteIt()
 4 SYSTEMPATH/CodeIgniter.php(340): CodeIgniter\CodeIgniter->handleRequest()
 5 SYSTEMPATH/Boot.php(417): CodeIgniter\CodeIgniter->run()
 6 SYSTEMPATH/Boot.php(68): CodeIgniter\Boot::runCodeIgniter()
 7 FCPATH/index.php(31): CodeIgniter\Boot::bootWeb()
CRITICAL - 2026-07-01 12:12:39 --> CodeIgniter\HTTP\Exceptions\BadRequestException: The URI you submitted has disallowed characters: "प्रदेश-४"
[Method: GET, Route: category/%E0%A4%AA%E0%A5%8D%E0%A4%B0%E0%A4%A6%E0%A5%87%E0%A4%B6-%E0%A5%AA/page/4/]
in SYSTEMPATH/Router/Router.php on line 768.
 1 SYSTEMPATH/Router/Router.php(219): CodeIgniter\Router\Router->checkDisallowedChars()
 2 SYSTEMPATH/CodeIgniter.php(829): CodeIgniter\Router\Router->handle()
 3 SYSTEMPATH/CodeIgniter.php(441): CodeIgniter\CodeIgniter->tryToRouteIt()
 4 SYSTEMPATH/CodeIgniter.php(340): CodeIgniter\CodeIgniter->handleRequest()
 5 SYSTEMPATH/Boot.php(417): CodeIgniter\CodeIgniter->run()
 6 SYSTEMPATH/Boot.php(68): CodeIgniter\Boot::runCodeIgniter()
 7 FCPATH/index.php(31): CodeIgniter\Boot::bootWeb()
CRITICAL - 2026-07-01 12:12:41 --> CodeIgniter\HTTP\Exceptions\BadRequestException: The URI you submitted has disallowed characters: "प्रदेश-४"
[Method: GET, Route: category/%E0%A4%AA%E0%A5%8D%E0%A4%B0%E0%A4%A6%E0%A5%87%E0%A4%B6-%E0%A5%AA/page/5/]
in SYSTEMPATH/Router/Router.php on line 768.
 1 SYSTEMPATH/Router/Router.php(219): CodeIgniter\Router\Router->checkDisallowedChars()
 2 SYSTEMPATH/CodeIgniter.php(829): CodeIgniter\Router\Router->handle()
 3 SYSTEMPATH/CodeIgniter.php(441): CodeIgniter\CodeIgniter->tryToRouteIt()
 4 SYSTEMPATH/CodeIgniter.php(340): CodeIgniter\CodeIgniter->handleRequest()
 5 SYSTEMPATH/Boot.php(417): CodeIgniter\CodeIgniter->run()
 6 SYSTEMPATH/Boot.php(68): CodeIgniter\Boot::runCodeIgniter()
 7 FCPATH/index.php(31): CodeIgniter\Boot::bootWeb()
CRITICAL - 2026-07-01 12:12:43 --> CodeIgniter\HTTP\Exceptions\BadRequestException: The URI you submitted has disallowed characters: "प्रदेश-४"
[Method: GET, Route: category/%E0%A4%AA%E0%A5%8D%E0%A4%B0%E0%A4%A6%E0%A5%87%E0%A4%B6-%E0%A5%AA/page/6/]
in SYSTEMPATH/Router/Router.php on line 768.
 1 SYSTEMPATH/Router/Router.php(219): CodeIgniter\Router\Router->checkDisallowedChars()
 2 SYSTEMPATH/CodeIgniter.php(829): CodeIgniter\Router\Router->handle()
 3 SYSTEMPATH/CodeIgniter.php(441): CodeIgniter\CodeIgniter->tryToRouteIt()
 4 SYSTEMPATH/CodeIgniter.php(340): CodeIgniter\CodeIgniter->handleRequest()
 5 SYSTEMPATH/Boot.php(417): CodeIgniter\CodeIgniter->run()
 6 SYSTEMPATH/Boot.php(68): CodeIgniter\Boot::runCodeIgniter()
 7 FCPATH/index.php(31): CodeIgniter\Boot::bootWeb()
CRITICAL - 2026-07-01 12:12:44 --> CodeIgniter\HTTP\Exceptions\BadRequestException: The URI you submitted has disallowed characters: "प्रदेश-४"
[Method: GET, Route: category/%E0%A4%AA%E0%A5%8D%E0%A4%B0%E0%A4%A6%E0%A5%87%E0%A4%B6-%E0%A5%AA/page/7/]
in SYSTEMPATH/Router/Router.php on line 768.
 1 SYSTEMPATH/Router/Router.php(219): CodeIgniter\Router\Router->checkDisallowedChars()
 2 SYSTEMPATH/CodeIgniter.php(829): CodeIgniter\Router\Router->handle()
 3 SYSTEMPATH/CodeIgniter.php(441): CodeIgniter\CodeIgniter->tryToRouteIt()
 4 SYSTEMPATH/CodeIgniter.php(340): CodeIgniter\CodeIgniter->handleRequest()
 5 SYSTEMPATH/Boot.php(417): CodeIgniter\CodeIgniter->run()
 6 SYSTEMPATH/Boot.php(68): CodeIgniter\Boot::runCodeIgniter()
 7 FCPATH/index.php(31): CodeIgniter\Boot::bootWeb()
CRITICAL - 2026-07-01 12:12:46 --> CodeIgniter\HTTP\Exceptions\BadRequestException: The URI you submitted has disallowed characters: "प्रदेश-४"
[Method: GET, Route: category/%E0%A4%AA%E0%A5%8D%E0%A4%B0%E0%A4%A6%E0%A5%87%E0%A4%B6-%E0%A5%AA/page/8/]
in SYSTEMPATH/Router/Router.php on line 768.
 1 SYSTEMPATH/Router/Router.php(219): CodeIgniter\Router\Router->checkDisallowedChars()
 2 SYSTEMPATH/CodeIgniter.php(829): CodeIgniter\Router\Router->handle()
 3 SYSTEMPATH/CodeIgniter.php(441): CodeIgniter\CodeIgniter->tryToRouteIt()
 4 SYSTEMPATH/CodeIgniter.php(340): CodeIgniter\CodeIgniter->handleRequest()
 5 SYSTEMPATH/Boot.php(417): CodeIgniter\CodeIgniter->run()
 6 SYSTEMPATH/Boot.php(68): CodeIgniter\Boot::runCodeIgniter()
 7 FCPATH/index.php(31): CodeIgniter\Boot::bootWeb()
CRITICAL - 2026-07-01 12:12:48 --> CodeIgniter\HTTP\Exceptions\BadRequestException: The URI you submitted has disallowed characters: "प्रदेश-४"
[Method: GET, Route: category/%E0%A4%AA%E0%A5%8D%E0%A4%B0%E0%A4%A6%E0%A5%87%E0%A4%B6-%E0%A5%AA/page/9/]
in SYSTEMPATH/Router/Router.php on line 768.
 1 SYSTEMPATH/Router/Router.php(219): CodeIgniter\Router\Router->checkDisallowedChars()
 2 SYSTEMPATH/CodeIgniter.php(829): CodeIgniter\Router\Router->handle()
 3 SYSTEMPATH/CodeIgniter.php(441): CodeIgniter\CodeIgniter->tryToRouteIt()
 4 SYSTEMPATH/CodeIgniter.php(340): CodeIgniter\CodeIgniter->handleRequest()
 5 SYSTEMPATH/Boot.php(417): CodeIgniter\CodeIgniter->run()
 6 SYSTEMPATH/Boot.php(68): CodeIgniter\Boot::runCodeIgniter()
 7 FCPATH/index.php(31): CodeIgniter\Boot::bootWeb()
CRITICAL - 2026-07-01 12:12:51 --> CodeIgniter\HTTP\Exceptions\BadRequestException: The URI you submitted has disallowed characters: "प्रदेश-५"
[Method: GET, Route: category/%E0%A4%AA%E0%A5%8D%E0%A4%B0%E0%A4%A6%E0%A5%87%E0%A4%B6-%E0%A5%AB/]
in SYSTEMPATH/Router/Router.php on line 768.
 1 SYSTEMPATH/Router/Router.php(219): CodeIgniter\Router\Router->checkDisallowedChars()
 2 SYSTEMPATH/CodeIgniter.php(829): CodeIgniter\Router\Router->handle()
 3 SYSTEMPATH/CodeIgniter.php(441): CodeIgniter\CodeIgniter->tryToRouteIt()
 4 SYSTEMPATH/CodeIgniter.php(340): CodeIgniter\CodeIgniter->handleRequest()
 5 SYSTEMPATH/Boot.php(417): CodeIgniter\CodeIgniter->run()
 6 SYSTEMPATH/Boot.php(68): CodeIgniter\Boot::runCodeIgniter()
 7 FCPATH/index.php(31): CodeIgniter\Boot::bootWeb()
CRITICAL - 2026-07-01 12:12:53 --> CodeIgniter\HTTP\Exceptions\BadRequestException: The URI you submitted has disallowed characters: "प्रदेश-५"
[Method: GET, Route: category/%E0%A4%AA%E0%A5%8D%E0%A4%B0%E0%A4%A6%E0%A5%87%E0%A4%B6-%E0%A5%AB/]
in SYSTEMPATH/Router/Router.php on line 768.
 1 SYSTEMPATH/Router/Router.php(219): CodeIgniter\Router\Router->checkDisallowedChars()
 2 SYSTEMPATH/CodeIgniter.php(829): CodeIgniter\Router\Router->handle()
 3 SYSTEMPATH/CodeIgniter.php(441): CodeIgniter\CodeIgniter->tryToRouteIt()
 4 SYSTEMPATH/CodeIgniter.php(340): CodeIgniter\CodeIgniter->handleRequest()
 5 SYSTEMPATH/Boot.php(417): CodeIgniter\CodeIgniter->run()
 6 SYSTEMPATH/Boot.php(68): CodeIgniter\Boot::runCodeIgniter()
 7 FCPATH/index.php(31): CodeIgniter\Boot::bootWeb()
CRITICAL - 2026-07-01 12:12:57 --> CodeIgniter\HTTP\Exceptions\BadRequestException: The URI you submitted has disallowed characters: "प्रदेश-५"
[Method: GET, Route: category/%E0%A4%AA%E0%A5%8D%E0%A4%B0%E0%A4%A6%E0%A5%87%E0%A4%B6-%E0%A5%AB/page/2/]
in SYSTEMPATH/Router/Router.php on line 768.
 1 SYSTEMPATH/Router/Router.php(219): CodeIgniter\Router\Router->checkDisallowedChars()
 2 SYSTEMPATH/CodeIgniter.php(829): CodeIgniter\Router\Router->handle()
 3 SYSTEMPATH/CodeIgniter.php(441): CodeIgniter\CodeIgniter->tryToRouteIt()
 4 SYSTEMPATH/CodeIgniter.php(340): CodeIgniter\CodeIgniter->handleRequest()
 5 SYSTEMPATH/Boot.php(417): CodeIgniter\CodeIgniter->run()
 6 SYSTEMPATH/Boot.php(68): CodeIgniter\Boot::runCodeIgniter()
 7 FCPATH/index.php(31): CodeIgniter\Boot::bootWeb()
CRITICAL - 2026-07-01 12:12:59 --> CodeIgniter\HTTP\Exceptions\BadRequestException: The URI you submitted has disallowed characters: "प्रदेश-५"
[Method: GET, Route: category/%E0%A4%AA%E0%A5%8D%E0%A4%B0%E0%A4%A6%E0%A5%87%E0%A4%B6-%E0%A5%AB/page/2/]
in SYSTEMPATH/Router/Router.php on line 768.
 1 SYSTEMPATH/Router/Router.php(219): CodeIgniter\Router\Router->checkDisallowedChars()
 2 SYSTEMPATH/CodeIgniter.php(829): CodeIgniter\Router\Router->handle()
 3 SYSTEMPATH/CodeIgniter.php(441): CodeIgniter\CodeIgniter->tryToRouteIt()
 4 SYSTEMPATH/CodeIgniter.php(340): CodeIgniter\CodeIgniter->handleRequest()
 5 SYSTEMPATH/Boot.php(417): CodeIgniter\CodeIgniter->run()
 6 SYSTEMPATH/Boot.php(68): CodeIgniter\Boot::runCodeIgniter()
 7 FCPATH/index.php(31): CodeIgniter\Boot::bootWeb()
CRITICAL - 2026-07-01 12:13:01 --> CodeIgniter\HTTP\Exceptions\BadRequestException: The URI you submitted has disallowed characters: "प्रदेश-५"
[Method: GET, Route: category/%E0%A4%AA%E0%A5%8D%E0%A4%B0%E0%A4%A6%E0%A5%87%E0%A4%B6-%E0%A5%AB/page/3/]
in SYSTEMPATH/Router/Router.php on line 768.
 1 SYSTEMPATH/Router/Router.php(219): CodeIgniter\Router\Router->checkDisallowedChars()
 2 SYSTEMPATH/CodeIgniter.php(829): CodeIgniter\Router\Router->handle()
 3 SYSTEMPATH/CodeIgniter.php(441): CodeIgniter\CodeIgniter->tryToRouteIt()
 4 SYSTEMPATH/CodeIgniter.php(340): CodeIgniter\CodeIgniter->handleRequest()
 5 SYSTEMPATH/Boot.php(417): CodeIgniter\CodeIgniter->run()
 6 SYSTEMPATH/Boot.php(68): CodeIgniter\Boot::runCodeIgniter()
 7 FCPATH/index.php(31): CodeIgniter\Boot::bootWeb()
CRITICAL - 2026-07-01 12:13:02 --> CodeIgniter\HTTP\Exceptions\BadRequestException: The URI you submitted has disallowed characters: "प्रदेश-५"
[Method: GET, Route: category/%E0%A4%AA%E0%A5%8D%E0%A4%B0%E0%A4%A6%E0%A5%87%E0%A4%B6-%E0%A5%AB/page/4/]
in SYSTEMPATH/Router/Router.php on line 768.
 1 SYSTEMPATH/Router/Router.php(219): CodeIgniter\Router\Router->checkDisallowedChars()
 2 SYSTEMPATH/CodeIgniter.php(829): CodeIgniter\Router\Router->handle()
 3 SYSTEMPATH/CodeIgniter.php(441): CodeIgniter\CodeIgniter->tryToRouteIt()
 4 SYSTEMPATH/CodeIgniter.php(340): CodeIgniter\CodeIgniter->handleRequest()
 5 SYSTEMPATH/Boot.php(417): CodeIgniter\CodeIgniter->run()
 6 SYSTEMPATH/Boot.php(68): CodeIgniter\Boot::runCodeIgniter()
 7 FCPATH/index.php(31): CodeIgniter\Boot::bootWeb()
CRITICAL - 2026-07-01 12:13:04 --> CodeIgniter\HTTP\Exceptions\BadRequestException: The URI you submitted has disallowed characters: "प्रदेश-५"
[Method: GET, Route: category/%E0%A4%AA%E0%A5%8D%E0%A4%B0%E0%A4%A6%E0%A5%87%E0%A4%B6-%E0%A5%AB/page/5/]
in SYSTEMPATH/Router/Router.php on line 768.
 1 SYSTEMPATH/Router/Router.php(219): CodeIgniter\Router\Router->checkDisallowedChars()
 2 SYSTEMPATH/CodeIgniter.php(829): CodeIgniter\Router\Router->handle()
 3 SYSTEMPATH/CodeIgniter.php(441): CodeIgniter\CodeIgniter->tryToRouteIt()
 4 SYSTEMPATH/CodeIgniter.php(340): CodeIgniter\CodeIgniter->handleRequest()
 5 SYSTEMPATH/Boot.php(417): CodeIgniter\CodeIgniter->run()
 6 SYSTEMPATH/Boot.php(68): CodeIgniter\Boot::runCodeIgniter()
 7 FCPATH/index.php(31): CodeIgniter\Boot::bootWeb()
CRITICAL - 2026-07-01 12:13:08 --> CodeIgniter\HTTP\Exceptions\BadRequestException: The URI you submitted has disallowed characters: "प्रदेश-५"
[Method: GET, Route: category/%E0%A4%AA%E0%A5%8D%E0%A4%B0%E0%A4%A6%E0%A5%87%E0%A4%B6-%E0%A5%AB/page/6/]
in SYSTEMPATH/Router/Router.php on line 768.
 1 SYSTEMPATH/Router/Router.php(219): CodeIgniter\Router\Router->checkDisallowedChars()
 2 SYSTEMPATH/CodeIgniter.php(829): CodeIgniter\Router\Router->handle()
 3 SYSTEMPATH/CodeIgniter.php(441): CodeIgniter\CodeIgniter->tryToRouteIt()
 4 SYSTEMPATH/CodeIgniter.php(340): CodeIgniter\CodeIgniter->handleRequest()
 5 SYSTEMPATH/Boot.php(417): CodeIgniter\CodeIgniter->run()
 6 SYSTEMPATH/Boot.php(68): CodeIgniter\Boot::runCodeIgniter()
 7 FCPATH/index.php(31): CodeIgniter\Boot::bootWeb()
CRITICAL - 2026-07-01 12:13:10 --> CodeIgniter\HTTP\Exceptions\BadRequestException: The URI you submitted has disallowed characters: "प्रदेश-५"
[Method: GET, Route: category/%E0%A4%AA%E0%A5%8D%E0%A4%B0%E0%A4%A6%E0%A5%87%E0%A4%B6-%E0%A5%AB/page/6/]
in SYSTEMPATH/Router/Router.php on line 768.
 1 SYSTEMPATH/Router/Router.php(219): CodeIgniter\Router\Router->checkDisallowedChars()
 2 SYSTEMPATH/CodeIgniter.php(829): CodeIgniter\Router\Router->handle()
 3 SYSTEMPATH/CodeIgniter.php(441): CodeIgniter\CodeIgniter->tryToRouteIt()
 4 SYSTEMPATH/CodeIgniter.php(340): CodeIgniter\CodeIgniter->handleRequest()
 5 SYSTEMPATH/Boot.php(417): CodeIgniter\CodeIgniter->run()
 6 SYSTEMPATH/Boot.php(68): CodeIgniter\Boot::runCodeIgniter()
 7 FCPATH/index.php(31): CodeIgniter\Boot::bootWeb()
CRITICAL - 2026-07-01 12:13:13 --> CodeIgniter\HTTP\Exceptions\BadRequestException: The URI you submitted has disallowed characters: "प्रदेश-५"
[Method: GET, Route: category/%E0%A4%AA%E0%A5%8D%E0%A4%B0%E0%A4%A6%E0%A5%87%E0%A4%B6-%E0%A5%AB/page/7/]
in SYSTEMPATH/Router/Router.php on line 768.
 1 SYSTEMPATH/Router/Router.php(219): CodeIgniter\Router\Router->checkDisallowedChars()
 2 SYSTEMPATH/CodeIgniter.php(829): CodeIgniter\Router\Router->handle()
 3 SYSTEMPATH/CodeIgniter.php(441): CodeIgniter\CodeIgniter->tryToRouteIt()
 4 SYSTEMPATH/CodeIgniter.php(340): CodeIgniter\CodeIgniter->handleRequest()
 5 SYSTEMPATH/Boot.php(417): CodeIgniter\CodeIgniter->run()
 6 SYSTEMPATH/Boot.php(68): CodeIgniter\Boot::runCodeIgniter()
 7 FCPATH/index.php(31): CodeIgniter\Boot::bootWeb()
CRITICAL - 2026-07-01 12:13:15 --> CodeIgniter\HTTP\Exceptions\BadRequestException: The URI you submitted has disallowed characters: "प्रदेश-५"
[Method: GET, Route: category/%E0%A4%AA%E0%A5%8D%E0%A4%B0%E0%A4%A6%E0%A5%87%E0%A4%B6-%E0%A5%AB/page/7/]
in SYSTEMPATH/Router/Router.php on line 768.
 1 SYSTEMPATH/Router/Router.php(219): CodeIgniter\Router\Router->checkDisallowedChars()
 2 SYSTEMPATH/CodeIgniter.php(829): CodeIgniter\Router\Router->handle()
 3 SYSTEMPATH/CodeIgniter.php(441): CodeIgniter\CodeIgniter->tryToRouteIt()
 4 SYSTEMPATH/CodeIgniter.php(340): CodeIgniter\CodeIgniter->handleRequest()
 5 SYSTEMPATH/Boot.php(417): CodeIgniter\CodeIgniter->run()
 6 SYSTEMPATH/Boot.php(68): CodeIgniter\Boot::runCodeIgniter()
 7 FCPATH/index.php(31): CodeIgniter\Boot::bootWeb()
CRITICAL - 2026-07-01 12:13:17 --> CodeIgniter\HTTP\Exceptions\BadRequestException: The URI you submitted has disallowed characters: "प्रदेश-५"
[Method: GET, Route: category/%E0%A4%AA%E0%A5%8D%E0%A4%B0%E0%A4%A6%E0%A5%87%E0%A4%B6-%E0%A5%AB/page/8/]
in SYSTEMPATH/Router/Router.php on line 768.
 1 SYSTEMPATH/Router/Router.php(219): CodeIgniter\Router\Router->checkDisallowedChars()
 2 SYSTEMPATH/CodeIgniter.php(829): CodeIgniter\Router\Router->handle()
 3 SYSTEMPATH/CodeIgniter.php(441): CodeIgniter\CodeIgniter->tryToRouteIt()
 4 SYSTEMPATH/CodeIgniter.php(340): CodeIgniter\CodeIgniter->handleRequest()
 5 SYSTEMPATH/Boot.php(417): CodeIgniter\CodeIgniter->run()
 6 SYSTEMPATH/Boot.php(68): CodeIgniter\Boot::runCodeIgniter()
 7 FCPATH/index.php(31): CodeIgniter\Boot::bootWeb()
CRITICAL - 2026-07-01 12:13:20 --> CodeIgniter\HTTP\Exceptions\BadRequestException: The URI you submitted has disallowed characters: "प्रदेश-५"
[Method: GET, Route: category/%E0%A4%AA%E0%A5%8D%E0%A4%B0%E0%A4%A6%E0%A5%87%E0%A4%B6-%E0%A5%AB/page/9/]
in SYSTEMPATH/Router/Router.php on line 768.
 1 SYSTEMPATH/Router/Router.php(219): CodeIgniter\Router\Router->checkDisallowedChars()
 2 SYSTEMPATH/CodeIgniter.php(829): CodeIgniter\Router\Router->handle()
 3 SYSTEMPATH/CodeIgniter.php(441): CodeIgniter\CodeIgniter->tryToRouteIt()
 4 SYSTEMPATH/CodeIgniter.php(340): CodeIgniter\CodeIgniter->handleRequest()
 5 SYSTEMPATH/Boot.php(417): CodeIgniter\CodeIgniter->run()
 6 SYSTEMPATH/Boot.php(68): CodeIgniter\Boot::runCodeIgniter()
 7 FCPATH/index.php(31): CodeIgniter\Boot::bootWeb()
CRITICAL - 2026-07-01 12:13:22 --> CodeIgniter\HTTP\Exceptions\BadRequestException: The URI you submitted has disallowed characters: "प्रदेश-५"
[Method: GET, Route: category/%E0%A4%AA%E0%A5%8D%E0%A4%B0%E0%A4%A6%E0%A5%87%E0%A4%B6-%E0%A5%AB/page/9/]
in SYSTEMPATH/Router/Router.php on line 768.
 1 SYSTEMPATH/Router/Router.php(219): CodeIgniter\Router\Router->checkDisallowedChars()
 2 SYSTEMPATH/CodeIgniter.php(829): CodeIgniter\Router\Router->handle()
 3 SYSTEMPATH/CodeIgniter.php(441): CodeIgniter\CodeIgniter->tryToRouteIt()
 4 SYSTEMPATH/CodeIgniter.php(340): CodeIgniter\CodeIgniter->handleRequest()
 5 SYSTEMPATH/Boot.php(417): CodeIgniter\CodeIgniter->run()
 6 SYSTEMPATH/Boot.php(68): CodeIgniter\Boot::runCodeIgniter()
 7 FCPATH/index.php(31): CodeIgniter\Boot::bootWeb()
CRITICAL - 2026-07-01 12:13:24 --> CodeIgniter\HTTP\Exceptions\BadRequestException: The URI you submitted has disallowed characters: "प्रदेश-६"
[Method: GET, Route: category/%E0%A4%AA%E0%A5%8D%E0%A4%B0%E0%A4%A6%E0%A5%87%E0%A4%B6-%E0%A5%AC/]
in SYSTEMPATH/Router/Router.php on line 768.
 1 SYSTEMPATH/Router/Router.php(219): CodeIgniter\Router\Router->checkDisallowedChars()
 2 SYSTEMPATH/CodeIgniter.php(829): CodeIgniter\Router\Router->handle()
 3 SYSTEMPATH/CodeIgniter.php(441): CodeIgniter\CodeIgniter->tryToRouteIt()
 4 SYSTEMPATH/CodeIgniter.php(340): CodeIgniter\CodeIgniter->handleRequest()
 5 SYSTEMPATH/Boot.php(417): CodeIgniter\CodeIgniter->run()
 6 SYSTEMPATH/Boot.php(68): CodeIgniter\Boot::runCodeIgniter()
 7 FCPATH/index.php(31): CodeIgniter\Boot::bootWeb()
CRITICAL - 2026-07-01 12:13:28 --> CodeIgniter\HTTP\Exceptions\BadRequestException: The URI you submitted has disallowed characters: "प्रदेश-६"
[Method: GET, Route: category/%E0%A4%AA%E0%A5%8D%E0%A4%B0%E0%A4%A6%E0%A5%87%E0%A4%B6-%E0%A5%AC/page/2/]
in SYSTEMPATH/Router/Router.php on line 768.
 1 SYSTEMPATH/Router/Router.php(219): CodeIgniter\Router\Router->checkDisallowedChars()
 2 SYSTEMPATH/CodeIgniter.php(829): CodeIgniter\Router\Router->handle()
 3 SYSTEMPATH/CodeIgniter.php(441): CodeIgniter\CodeIgniter->tryToRouteIt()
 4 SYSTEMPATH/CodeIgniter.php(340): CodeIgniter\CodeIgniter->handleRequest()
 5 SYSTEMPATH/Boot.php(417): CodeIgniter\CodeIgniter->run()
 6 SYSTEMPATH/Boot.php(68): CodeIgniter\Boot::runCodeIgniter()
 7 FCPATH/index.php(31): CodeIgniter\Boot::bootWeb()
CRITICAL - 2026-07-01 12:13:29 --> CodeIgniter\HTTP\Exceptions\BadRequestException: The URI you submitted has disallowed characters: "प्रदेश-६"
[Method: GET, Route: category/%E0%A4%AA%E0%A5%8D%E0%A4%B0%E0%A4%A6%E0%A5%87%E0%A4%B6-%E0%A5%AC/page/2/]
in SYSTEMPATH/Router/Router.php on line 768.
 1 SYSTEMPATH/Router/Router.php(219): CodeIgniter\Router\Router->checkDisallowedChars()
 2 SYSTEMPATH/CodeIgniter.php(829): CodeIgniter\Router\Router->handle()
 3 SYSTEMPATH/CodeIgniter.php(441): CodeIgniter\CodeIgniter->tryToRouteIt()
 4 SYSTEMPATH/CodeIgniter.php(340): CodeIgniter\CodeIgniter->handleRequest()
 5 SYSTEMPATH/Boot.php(417): CodeIgniter\CodeIgniter->run()
 6 SYSTEMPATH/Boot.php(68): CodeIgniter\Boot::runCodeIgniter()
 7 FCPATH/index.php(31): CodeIgniter\Boot::bootWeb()
CRITICAL - 2026-07-01 12:13:31 --> CodeIgniter\HTTP\Exceptions\BadRequestException: The URI you submitted has disallowed characters: "प्रदेश-६"
[Method: GET, Route: category/%E0%A4%AA%E0%A5%8D%E0%A4%B0%E0%A4%A6%E0%A5%87%E0%A4%B6-%E0%A5%AC/page/3/]
in SYSTEMPATH/Router/Router.php on line 768.
 1 SYSTEMPATH/Router/Router.php(219): CodeIgniter\Router\Router->checkDisallowedChars()
 2 SYSTEMPATH/CodeIgniter.php(829): CodeIgniter\Router\Router->handle()
 3 SYSTEMPATH/CodeIgniter.php(441): CodeIgniter\CodeIgniter->tryToRouteIt()
 4 SYSTEMPATH/CodeIgniter.php(340): CodeIgniter\CodeIgniter->handleRequest()
 5 SYSTEMPATH/Boot.php(417): CodeIgniter\CodeIgniter->run()
 6 SYSTEMPATH/Boot.php(68): CodeIgniter\Boot::runCodeIgniter()
 7 FCPATH/index.php(31): CodeIgniter\Boot::bootWeb()
CRITICAL - 2026-07-01 12:13:35 --> CodeIgniter\HTTP\Exceptions\BadRequestException: The URI you submitted has disallowed characters: "प्रदेश-६"
[Method: GET, Route: category/%E0%A4%AA%E0%A5%8D%E0%A4%B0%E0%A4%A6%E0%A5%87%E0%A4%B6-%E0%A5%AC/page/4/]
in SYSTEMPATH/Router/Router.php on line 768.
 1 SYSTEMPATH/Router/Router.php(219): CodeIgniter\Router\Router->checkDisallowedChars()
 2 SYSTEMPATH/CodeIgniter.php(829): CodeIgniter\Router\Router->handle()
 3 SYSTEMPATH/CodeIgniter.php(441): CodeIgniter\CodeIgniter->tryToRouteIt()
 4 SYSTEMPATH/CodeIgniter.php(340): CodeIgniter\CodeIgniter->handleRequest()
 5 SYSTEMPATH/Boot.php(417): CodeIgniter\CodeIgniter->run()
 6 SYSTEMPATH/Boot.php(68): CodeIgniter\Boot::runCodeIgniter()
 7 FCPATH/index.php(31): CodeIgniter\Boot::bootWeb()
CRITICAL - 2026-07-01 12:13:37 --> CodeIgniter\HTTP\Exceptions\BadRequestException: The URI you submitted has disallowed characters: "प्रदेश-६"
[Method: GET, Route: category/%E0%A4%AA%E0%A5%8D%E0%A4%B0%E0%A4%A6%E0%A5%87%E0%A4%B6-%E0%A5%AC/page/4/]
in SYSTEMPATH/Router/Router.php on line 768.
 1 SYSTEMPATH/Router/Router.php(219): CodeIgniter\Router\Router->checkDisallowedChars()
 2 SYSTEMPATH/CodeIgniter.php(829): CodeIgniter\Router\Router->handle()
 3 SYSTEMPATH/CodeIgniter.php(441): CodeIgniter\CodeIgniter->tryToRouteIt()
 4 SYSTEMPATH/CodeIgniter.php(340): CodeIgniter\CodeIgniter->handleRequest()
 5 SYSTEMPATH/Boot.php(417): CodeIgniter\CodeIgniter->run()
 6 SYSTEMPATH/Boot.php(68): CodeIgniter\Boot::runCodeIgniter()
 7 FCPATH/index.php(31): CodeIgniter\Boot::bootWeb()
CRITICAL - 2026-07-01 12:13:38 --> CodeIgniter\HTTP\Exceptions\BadRequestException: The URI you submitted has disallowed characters: "प्रदेश-६"
[Method: GET, Route: category/%E0%A4%AA%E0%A5%8D%E0%A4%B0%E0%A4%A6%E0%A5%87%E0%A4%B6-%E0%A5%AC/page/5/]
in SYSTEMPATH/Router/Router.php on line 768.
 1 SYSTEMPATH/Router/Router.php(219): CodeIgniter\Router\Router->checkDisallowedChars()
 2 SYSTEMPATH/CodeIgniter.php(829): CodeIgniter\Router\Router->handle()
 3 SYSTEMPATH/CodeIgniter.php(441): CodeIgniter\CodeIgniter->tryToRouteIt()
 4 SYSTEMPATH/CodeIgniter.php(340): CodeIgniter\CodeIgniter->handleRequest()
 5 SYSTEMPATH/Boot.php(417): CodeIgniter\CodeIgniter->run()
 6 SYSTEMPATH/Boot.php(68): CodeIgniter\Boot::runCodeIgniter()
 7 FCPATH/index.php(31): CodeIgniter\Boot::bootWeb()
CRITICAL - 2026-07-01 12:13:40 --> CodeIgniter\HTTP\Exceptions\BadRequestException: The URI you submitted has disallowed characters: "प्रदेश-६"
[Method: GET, Route: category/%E0%A4%AA%E0%A5%8D%E0%A4%B0%E0%A4%A6%E0%A5%87%E0%A4%B6-%E0%A5%AC/page/6/]
in SYSTEMPATH/Router/Router.php on line 768.
 1 SYSTEMPATH/Router/Router.php(219): CodeIgniter\Router\Router->checkDisallowedChars()
 2 SYSTEMPATH/CodeIgniter.php(829): CodeIgniter\Router\Router->handle()
 3 SYSTEMPATH/CodeIgniter.php(441): CodeIgniter\CodeIgniter->tryToRouteIt()
 4 SYSTEMPATH/CodeIgniter.php(340): CodeIgniter\CodeIgniter->handleRequest()
 5 SYSTEMPATH/Boot.php(417): CodeIgniter\CodeIgniter->run()
 6 SYSTEMPATH/Boot.php(68): CodeIgniter\Boot::runCodeIgniter()
 7 FCPATH/index.php(31): CodeIgniter\Boot::bootWeb()
CRITICAL - 2026-07-01 12:13:42 --> CodeIgniter\HTTP\Exceptions\BadRequestException: The URI you submitted has disallowed characters: "प्रदेश-६"
[Method: GET, Route: category/%E0%A4%AA%E0%A5%8D%E0%A4%B0%E0%A4%A6%E0%A5%87%E0%A4%B6-%E0%A5%AC/page/7/]
in SYSTEMPATH/Router/Router.php on line 768.
 1 SYSTEMPATH/Router/Router.php(219): CodeIgniter\Router\Router->checkDisallowedChars()
 2 SYSTEMPATH/CodeIgniter.php(829): CodeIgniter\Router\Router->handle()
 3 SYSTEMPATH/CodeIgniter.php(441): CodeIgniter\CodeIgniter->tryToRouteIt()
 4 SYSTEMPATH/CodeIgniter.php(340): CodeIgniter\CodeIgniter->handleRequest()
 5 SYSTEMPATH/Boot.php(417): CodeIgniter\CodeIgniter->run()
 6 SYSTEMPATH/Boot.php(68): CodeIgniter\Boot::runCodeIgniter()
 7 FCPATH/index.php(31): CodeIgniter\Boot::bootWeb()
CRITICAL - 2026-07-01 12:13:44 --> CodeIgniter\HTTP\Exceptions\BadRequestException: The URI you submitted has disallowed characters: "प्रदेश-६"
[Method: GET, Route: category/%E0%A4%AA%E0%A5%8D%E0%A4%B0%E0%A4%A6%E0%A5%87%E0%A4%B6-%E0%A5%AC/page/8/]
in SYSTEMPATH/Router/Router.php on line 768.
 1 SYSTEMPATH/Router/Router.php(219): CodeIgniter\Router\Router->checkDisallowedChars()
 2 SYSTEMPATH/CodeIgniter.php(829): CodeIgniter\Router\Router->handle()
 3 SYSTEMPATH/CodeIgniter.php(441): CodeIgniter\CodeIgniter->tryToRouteIt()
 4 SYSTEMPATH/CodeIgniter.php(340): CodeIgniter\CodeIgniter->handleRequest()
 5 SYSTEMPATH/Boot.php(417): CodeIgniter\CodeIgniter->run()
 6 SYSTEMPATH/Boot.php(68): CodeIgniter\Boot::runCodeIgniter()
 7 FCPATH/index.php(31): CodeIgniter\Boot::bootWeb()
CRITICAL - 2026-07-01 12:13:46 --> CodeIgniter\HTTP\Exceptions\BadRequestException: The URI you submitted has disallowed characters: "प्रदेश-६"
[Method: GET, Route: category/%E0%A4%AA%E0%A5%8D%E0%A4%B0%E0%A4%A6%E0%A5%87%E0%A4%B6-%E0%A5%AC/page/9/]
in SYSTEMPATH/Router/Router.php on line 768.
 1 SYSTEMPATH/Router/Router.php(219): CodeIgniter\Router\Router->checkDisallowedChars()
 2 SYSTEMPATH/CodeIgniter.php(829): CodeIgniter\Router\Router->handle()
 3 SYSTEMPATH/CodeIgniter.php(441): CodeIgniter\CodeIgniter->tryToRouteIt()
 4 SYSTEMPATH/CodeIgniter.php(340): CodeIgniter\CodeIgniter->handleRequest()
 5 SYSTEMPATH/Boot.php(417): CodeIgniter\CodeIgniter->run()
 6 SYSTEMPATH/Boot.php(68): CodeIgniter\Boot::runCodeIgniter()
 7 FCPATH/index.php(31): CodeIgniter\Boot::bootWeb()
CRITICAL - 2026-07-01 12:13:48 --> CodeIgniter\HTTP\Exceptions\BadRequestException: The URI you submitted has disallowed characters: "प्रदेश-७"
[Method: GET, Route: category/%E0%A4%AA%E0%A5%8D%E0%A4%B0%E0%A4%A6%E0%A5%87%E0%A4%B6-%E0%A5%AD/]
in SYSTEMPATH/Router/Router.php on line 768.
 1 SYSTEMPATH/Router/Router.php(219): CodeIgniter\Router\Router->checkDisallowedChars()
 2 SYSTEMPATH/CodeIgniter.php(829): CodeIgniter\Router\Router->handle()
 3 SYSTEMPATH/CodeIgniter.php(441): CodeIgniter\CodeIgniter->tryToRouteIt()
 4 SYSTEMPATH/CodeIgniter.php(340): CodeIgniter\CodeIgniter->handleRequest()
 5 SYSTEMPATH/Boot.php(417): CodeIgniter\CodeIgniter->run()
 6 SYSTEMPATH/Boot.php(68): CodeIgniter\Boot::runCodeIgniter()
 7 FCPATH/index.php(31): CodeIgniter\Boot::bootWeb()
CRITICAL - 2026-07-01 12:13:49 --> CodeIgniter\HTTP\Exceptions\BadRequestException: The URI you submitted has disallowed characters: "प्रदेश-७"
[Method: GET, Route: category/%E0%A4%AA%E0%A5%8D%E0%A4%B0%E0%A4%A6%E0%A5%87%E0%A4%B6-%E0%A5%AD/page/2/]
in SYSTEMPATH/Router/Router.php on line 768.
 1 SYSTEMPATH/Router/Router.php(219): CodeIgniter\Router\Router->checkDisallowedChars()
 2 SYSTEMPATH/CodeIgniter.php(829): CodeIgniter\Router\Router->handle()
 3 SYSTEMPATH/CodeIgniter.php(441): CodeIgniter\CodeIgniter->tryToRouteIt()
 4 SYSTEMPATH/CodeIgniter.php(340): CodeIgniter\CodeIgniter->handleRequest()
 5 SYSTEMPATH/Boot.php(417): CodeIgniter\CodeIgniter->run()
 6 SYSTEMPATH/Boot.php(68): CodeIgniter\Boot::runCodeIgniter()
 7 FCPATH/index.php(31): CodeIgniter\Boot::bootWeb()
CRITICAL - 2026-07-01 12:13:51 --> CodeIgniter\HTTP\Exceptions\BadRequestException: The URI you submitted has disallowed characters: "प्रदेश-७"
[Method: GET, Route: category/%E0%A4%AA%E0%A5%8D%E0%A4%B0%E0%A4%A6%E0%A5%87%E0%A4%B6-%E0%A5%AD/page/3/]
in SYSTEMPATH/Router/Router.php on line 768.
 1 SYSTEMPATH/Router/Router.php(219): CodeIgniter\Router\Router->checkDisallowedChars()
 2 SYSTEMPATH/CodeIgniter.php(829): CodeIgniter\Router\Router->handle()
 3 SYSTEMPATH/CodeIgniter.php(441): CodeIgniter\CodeIgniter->tryToRouteIt()
 4 SYSTEMPATH/CodeIgniter.php(340): CodeIgniter\CodeIgniter->handleRequest()
 5 SYSTEMPATH/Boot.php(417): CodeIgniter\CodeIgniter->run()
 6 SYSTEMPATH/Boot.php(68): CodeIgniter\Boot::runCodeIgniter()
 7 FCPATH/index.php(31): CodeIgniter\Boot::bootWeb()
CRITICAL - 2026-07-01 12:13:53 --> CodeIgniter\HTTP\Exceptions\BadRequestException: The URI you submitted has disallowed characters: "प्रदेश-७"
[Method: GET, Route: category/%E0%A4%AA%E0%A5%8D%E0%A4%B0%E0%A4%A6%E0%A5%87%E0%A4%B6-%E0%A5%AD/page/4/]
in SYSTEMPATH/Router/Router.php on line 768.
 1 SYSTEMPATH/Router/Router.php(219): CodeIgniter\Router\Router->checkDisallowedChars()
 2 SYSTEMPATH/CodeIgniter.php(829): CodeIgniter\Router\Router->handle()
 3 SYSTEMPATH/CodeIgniter.php(441): CodeIgniter\CodeIgniter->tryToRouteIt()
 4 SYSTEMPATH/CodeIgniter.php(340): CodeIgniter\CodeIgniter->handleRequest()
 5 SYSTEMPATH/Boot.php(417): CodeIgniter\CodeIgniter->run()
 6 SYSTEMPATH/Boot.php(68): CodeIgniter\Boot::runCodeIgniter()
 7 FCPATH/index.php(31): CodeIgniter\Boot::bootWeb()
CRITICAL - 2026-07-01 12:13:55 --> CodeIgniter\HTTP\Exceptions\BadRequestException: The URI you submitted has disallowed characters: "प्रदेश-७"
[Method: GET, Route: category/%E0%A4%AA%E0%A5%8D%E0%A4%B0%E0%A4%A6%E0%A5%87%E0%A4%B6-%E0%A5%AD/page/5/]
in SYSTEMPATH/Router/Router.php on line 768.
 1 SYSTEMPATH/Router/Router.php(219): CodeIgniter\Router\Router->checkDisallowedChars()
 2 SYSTEMPATH/CodeIgniter.php(829): CodeIgniter\Router\Router->handle()
 3 SYSTEMPATH/CodeIgniter.php(441): CodeIgniter\CodeIgniter->tryToRouteIt()
 4 SYSTEMPATH/CodeIgniter.php(340): CodeIgniter\CodeIgniter->handleRequest()
 5 SYSTEMPATH/Boot.php(417): CodeIgniter\CodeIgniter->run()
 6 SYSTEMPATH/Boot.php(68): CodeIgniter\Boot::runCodeIgniter()
 7 FCPATH/index.php(31): CodeIgniter\Boot::bootWeb()
CRITICAL - 2026-07-01 12:13:57 --> CodeIgniter\HTTP\Exceptions\BadRequestException: The URI you submitted has disallowed characters: "प्रदेश-७"
[Method: GET, Route: category/%E0%A4%AA%E0%A5%8D%E0%A4%B0%E0%A4%A6%E0%A5%87%E0%A4%B6-%E0%A5%AD/page/6/]
in SYSTEMPATH/Router/Router.php on line 768.
 1 SYSTEMPATH/Router/Router.php(219): CodeIgniter\Router\Router->checkDisallowedChars()
 2 SYSTEMPATH/CodeIgniter.php(829): CodeIgniter\Router\Router->handle()
 3 SYSTEMPATH/CodeIgniter.php(441): CodeIgniter\CodeIgniter->tryToRouteIt()
 4 SYSTEMPATH/CodeIgniter.php(340): CodeIgniter\CodeIgniter->handleRequest()
 5 SYSTEMPATH/Boot.php(417): CodeIgniter\CodeIgniter->run()
 6 SYSTEMPATH/Boot.php(68): CodeIgniter\Boot::runCodeIgniter()
 7 FCPATH/index.php(31): CodeIgniter\Boot::bootWeb()
CRITICAL - 2026-07-01 12:13:59 --> CodeIgniter\HTTP\Exceptions\BadRequestException: The URI you submitted has disallowed characters: "प्रदेश-७"
[Method: GET, Route: category/%E0%A4%AA%E0%A5%8D%E0%A4%B0%E0%A4%A6%E0%A5%87%E0%A4%B6-%E0%A5%AD/page/7/]
in SYSTEMPATH/Router/Router.php on line 768.
 1 SYSTEMPATH/Router/Router.php(219): CodeIgniter\Router\Router->checkDisallowedChars()
 2 SYSTEMPATH/CodeIgniter.php(829): CodeIgniter\Router\Router->handle()
 3 SYSTEMPATH/CodeIgniter.php(441): CodeIgniter\CodeIgniter->tryToRouteIt()
 4 SYSTEMPATH/CodeIgniter.php(340): CodeIgniter\CodeIgniter->handleRequest()
 5 SYSTEMPATH/Boot.php(417): CodeIgniter\CodeIgniter->run()
 6 SYSTEMPATH/Boot.php(68): CodeIgniter\Boot::runCodeIgniter()
 7 FCPATH/index.php(31): CodeIgniter\Boot::bootWeb()
CRITICAL - 2026-07-01 12:14:01 --> CodeIgniter\HTTP\Exceptions\BadRequestException: The URI you submitted has disallowed characters: "प्रदेश-७"
[Method: GET, Route: category/%E0%A4%AA%E0%A5%8D%E0%A4%B0%E0%A4%A6%E0%A5%87%E0%A4%B6-%E0%A5%AD/page/8/]
in SYSTEMPATH/Router/Router.php on line 768.
 1 SYSTEMPATH/Router/Router.php(219): CodeIgniter\Router\Router->checkDisallowedChars()
 2 SYSTEMPATH/CodeIgniter.php(829): CodeIgniter\Router\Router->handle()
 3 SYSTEMPATH/CodeIgniter.php(441): CodeIgniter\CodeIgniter->tryToRouteIt()
 4 SYSTEMPATH/CodeIgniter.php(340): CodeIgniter\CodeIgniter->handleRequest()
 5 SYSTEMPATH/Boot.php(417): CodeIgniter\CodeIgniter->run()
 6 SYSTEMPATH/Boot.php(68): CodeIgniter\Boot::runCodeIgniter()
 7 FCPATH/index.php(31): CodeIgniter\Boot::bootWeb()
CRITICAL - 2026-07-01 12:14:03 --> CodeIgniter\HTTP\Exceptions\BadRequestException: The URI you submitted has disallowed characters: "प्रदेश-७"
[Method: GET, Route: category/%E0%A4%AA%E0%A5%8D%E0%A4%B0%E0%A4%A6%E0%A5%87%E0%A4%B6-%E0%A5%AD/page/9/]
in SYSTEMPATH/Router/Router.php on line 768.
 1 SYSTEMPATH/Router/Router.php(219): CodeIgniter\Router\Router->checkDisallowedChars()
 2 SYSTEMPATH/CodeIgniter.php(829): CodeIgniter\Router\Router->handle()
 3 SYSTEMPATH/CodeIgniter.php(441): CodeIgniter\CodeIgniter->tryToRouteIt()
 4 SYSTEMPATH/CodeIgniter.php(340): CodeIgniter\CodeIgniter->handleRequest()
 5 SYSTEMPATH/Boot.php(417): CodeIgniter\CodeIgniter->run()
 6 SYSTEMPATH/Boot.php(68): CodeIgniter\Boot::runCodeIgniter()
 7 FCPATH/index.php(31): CodeIgniter\Boot::bootWeb()
CRITICAL - 2026-07-01 12:14:04 --> CodeIgniter\HTTP\Exceptions\BadRequestException: The URI you submitted has disallowed characters: "प्रमुख-समाचार"
[Method: GET, Route: category/%E0%A4%AA%E0%A5%8D%E0%A4%B0%E0%A4%AE%E0%A5%81%E0%A4%96-%E0%A4%B8%E0%A4%AE%E0%A4%BE%E0%A4%9A%E0%A4%BE%E0%A4%B0/]
in SYSTEMPATH/Router/Router.php on line 768.
 1 SYSTEMPATH/Router/Router.php(219): CodeIgniter\Router\Router->checkDisallowedChars()
 2 SYSTEMPATH/CodeIgniter.php(829): CodeIgniter\Router\Router->handle()
 3 SYSTEMPATH/CodeIgniter.php(441): CodeIgniter\CodeIgniter->tryToRouteIt()
 4 SYSTEMPATH/CodeIgniter.php(340): CodeIgniter\CodeIgniter->handleRequest()
 5 SYSTEMPATH/Boot.php(417): CodeIgniter\CodeIgniter->run()
 6 SYSTEMPATH/Boot.php(68): CodeIgniter\Boot::runCodeIgniter()
 7 FCPATH/index.php(31): CodeIgniter\Boot::bootWeb()
CRITICAL - 2026-07-01 12:14:06 --> CodeIgniter\HTTP\Exceptions\BadRequestException: The URI you submitted has disallowed characters: "प्रमुख-समाचार"
[Method: GET, Route: category/%E0%A4%AA%E0%A5%8D%E0%A4%B0%E0%A4%AE%E0%A5%81%E0%A4%96-%E0%A4%B8%E0%A4%AE%E0%A4%BE%E0%A4%9A%E0%A4%BE%E0%A4%B0/page/10/]
in SYSTEMPATH/Router/Router.php on line 768.
 1 SYSTEMPATH/Router/Router.php(219): CodeIgniter\Router\Router->checkDisallowedChars()
 2 SYSTEMPATH/CodeIgniter.php(829): CodeIgniter\Router\Router->handle()
 3 SYSTEMPATH/CodeIgniter.php(441): CodeIgniter\CodeIgniter->tryToRouteIt()
 4 SYSTEMPATH/CodeIgniter.php(340): CodeIgniter\CodeIgniter->handleRequest()
 5 SYSTEMPATH/Boot.php(417): CodeIgniter\CodeIgniter->run()
 6 SYSTEMPATH/Boot.php(68): CodeIgniter\Boot::runCodeIgniter()
 7 FCPATH/index.php(31): CodeIgniter\Boot::bootWeb()
CRITICAL - 2026-07-01 12:14:08 --> CodeIgniter\HTTP\Exceptions\BadRequestException: The URI you submitted has disallowed characters: "प्रमुख-समाचार"
[Method: GET, Route: category/%E0%A4%AA%E0%A5%8D%E0%A4%B0%E0%A4%AE%E0%A5%81%E0%A4%96-%E0%A4%B8%E0%A4%AE%E0%A4%BE%E0%A4%9A%E0%A4%BE%E0%A4%B0/page/11/]
in SYSTEMPATH/Router/Router.php on line 768.
 1 SYSTEMPATH/Router/Router.php(219): CodeIgniter\Router\Router->checkDisallowedChars()
 2 SYSTEMPATH/CodeIgniter.php(829): CodeIgniter\Router\Router->handle()
 3 SYSTEMPATH/CodeIgniter.php(441): CodeIgniter\CodeIgniter->tryToRouteIt()
 4 SYSTEMPATH/CodeIgniter.php(340): CodeIgniter\CodeIgniter->handleRequest()
 5 SYSTEMPATH/Boot.php(417): CodeIgniter\CodeIgniter->run()
 6 SYSTEMPATH/Boot.php(68): CodeIgniter\Boot::runCodeIgniter()
 7 FCPATH/index.php(31): CodeIgniter\Boot::bootWeb()
CRITICAL - 2026-07-01 12:14:10 --> CodeIgniter\HTTP\Exceptions\BadRequestException: The URI you submitted has disallowed characters: "प्रमुख-समाचार"
[Method: GET, Route: category/%E0%A4%AA%E0%A5%8D%E0%A4%B0%E0%A4%AE%E0%A5%81%E0%A4%96-%E0%A4%B8%E0%A4%AE%E0%A4%BE%E0%A4%9A%E0%A4%BE%E0%A4%B0/page/12/]
in SYSTEMPATH/Router/Router.php on line 768.
 1 SYSTEMPATH/Router/Router.php(219): CodeIgniter\Router\Router->checkDisallowedChars()
 2 SYSTEMPATH/CodeIgniter.php(829): CodeIgniter\Router\Router->handle()
 3 SYSTEMPATH/CodeIgniter.php(441): CodeIgniter\CodeIgniter->tryToRouteIt()
 4 SYSTEMPATH/CodeIgniter.php(340): CodeIgniter\CodeIgniter->handleRequest()
 5 SYSTEMPATH/Boot.php(417): CodeIgniter\CodeIgniter->run()
 6 SYSTEMPATH/Boot.php(68): CodeIgniter\Boot::runCodeIgniter()
 7 FCPATH/index.php(31): CodeIgniter\Boot::bootWeb()
CRITICAL - 2026-07-01 12:14:12 --> CodeIgniter\HTTP\Exceptions\BadRequestException: The URI you submitted has disallowed characters: "प्रमुख-समाचार"
[Method: GET, Route: category/%E0%A4%AA%E0%A5%8D%E0%A4%B0%E0%A4%AE%E0%A5%81%E0%A4%96-%E0%A4%B8%E0%A4%AE%E0%A4%BE%E0%A4%9A%E0%A4%BE%E0%A4%B0/page/13/]
in SYSTEMPATH/Router/Router.php on line 768.
 1 SYSTEMPATH/Router/Router.php(219): CodeIgniter\Router\Router->checkDisallowedChars()
 2 SYSTEMPATH/CodeIgniter.php(829): CodeIgniter\Router\Router->handle()
 3 SYSTEMPATH/CodeIgniter.php(441): CodeIgniter\CodeIgniter->tryToRouteIt()
 4 SYSTEMPATH/CodeIgniter.php(340): CodeIgniter\CodeIgniter->handleRequest()
 5 SYSTEMPATH/Boot.php(417): CodeIgniter\CodeIgniter->run()
 6 SYSTEMPATH/Boot.php(68): CodeIgniter\Boot::runCodeIgniter()
 7 FCPATH/index.php(31): CodeIgniter\Boot::bootWeb()
CRITICAL - 2026-07-01 12:14:14 --> CodeIgniter\HTTP\Exceptions\BadRequestException: The URI you submitted has disallowed characters: "प्रमुख-समाचार"
[Method: GET, Route: category/%E0%A4%AA%E0%A5%8D%E0%A4%B0%E0%A4%AE%E0%A5%81%E0%A4%96-%E0%A4%B8%E0%A4%AE%E0%A4%BE%E0%A4%9A%E0%A4%BE%E0%A4%B0/page/2/]
in SYSTEMPATH/Router/Router.php on line 768.
 1 SYSTEMPATH/Router/Router.php(219): CodeIgniter\Router\Router->checkDisallowedChars()
 2 SYSTEMPATH/CodeIgniter.php(829): CodeIgniter\Router\Router->handle()
 3 SYSTEMPATH/CodeIgniter.php(441): CodeIgniter\CodeIgniter->tryToRouteIt()
 4 SYSTEMPATH/CodeIgniter.php(340): CodeIgniter\CodeIgniter->handleRequest()
 5 SYSTEMPATH/Boot.php(417): CodeIgniter\CodeIgniter->run()
 6 SYSTEMPATH/Boot.php(68): CodeIgniter\Boot::runCodeIgniter()
 7 FCPATH/index.php(31): CodeIgniter\Boot::bootWeb()
CRITICAL - 2026-07-01 12:14:16 --> CodeIgniter\HTTP\Exceptions\BadRequestException: The URI you submitted has disallowed characters: "प्रमुख-समाचार"
[Method: GET, Route: category/%E0%A4%AA%E0%A5%8D%E0%A4%B0%E0%A4%AE%E0%A5%81%E0%A4%96-%E0%A4%B8%E0%A4%AE%E0%A4%BE%E0%A4%9A%E0%A4%BE%E0%A4%B0/page/3/]
in SYSTEMPATH/Router/Router.php on line 768.
 1 SYSTEMPATH/Router/Router.php(219): CodeIgniter\Router\Router->checkDisallowedChars()
 2 SYSTEMPATH/CodeIgniter.php(829): CodeIgniter\Router\Router->handle()
 3 SYSTEMPATH/CodeIgniter.php(441): CodeIgniter\CodeIgniter->tryToRouteIt()
 4 SYSTEMPATH/CodeIgniter.php(340): CodeIgniter\CodeIgniter->handleRequest()
 5 SYSTEMPATH/Boot.php(417): CodeIgniter\CodeIgniter->run()
 6 SYSTEMPATH/Boot.php(68): CodeIgniter\Boot::runCodeIgniter()
 7 FCPATH/index.php(31): CodeIgniter\Boot::bootWeb()
CRITICAL - 2026-07-01 12:14:17 --> CodeIgniter\HTTP\Exceptions\BadRequestException: The URI you submitted has disallowed characters: "प्रमुख-समाचार"
[Method: GET, Route: category/%E0%A4%AA%E0%A5%8D%E0%A4%B0%E0%A4%AE%E0%A5%81%E0%A4%96-%E0%A4%B8%E0%A4%AE%E0%A4%BE%E0%A4%9A%E0%A4%BE%E0%A4%B0/page/4/]
in SYSTEMPATH/Router/Router.php on line 768.
 1 SYSTEMPATH/Router/Router.php(219): CodeIgniter\Router\Router->checkDisallowedChars()
 2 SYSTEMPATH/CodeIgniter.php(829): CodeIgniter\Router\Router->handle()
 3 SYSTEMPATH/CodeIgniter.php(441): CodeIgniter\CodeIgniter->tryToRouteIt()
 4 SYSTEMPATH/CodeIgniter.php(340): CodeIgniter\CodeIgniter->handleRequest()
 5 SYSTEMPATH/Boot.php(417): CodeIgniter\CodeIgniter->run()
 6 SYSTEMPATH/Boot.php(68): CodeIgniter\Boot::runCodeIgniter()
 7 FCPATH/index.php(31): CodeIgniter\Boot::bootWeb()
CRITICAL - 2026-07-01 12:14:19 --> CodeIgniter\HTTP\Exceptions\BadRequestException: The URI you submitted has disallowed characters: "प्रमुख-समाचार"
[Method: GET, Route: category/%E0%A4%AA%E0%A5%8D%E0%A4%B0%E0%A4%AE%E0%A5%81%E0%A4%96-%E0%A4%B8%E0%A4%AE%E0%A4%BE%E0%A4%9A%E0%A4%BE%E0%A4%B0/page/5/]
in SYSTEMPATH/Router/Router.php on line 768.
 1 SYSTEMPATH/Router/Router.php(219): CodeIgniter\Router\Router->checkDisallowedChars()
 2 SYSTEMPATH/CodeIgniter.php(829): CodeIgniter\Router\Router->handle()
 3 SYSTEMPATH/CodeIgniter.php(441): CodeIgniter\CodeIgniter->tryToRouteIt()
 4 SYSTEMPATH/CodeIgniter.php(340): CodeIgniter\CodeIgniter->handleRequest()
 5 SYSTEMPATH/Boot.php(417): CodeIgniter\CodeIgniter->run()
 6 SYSTEMPATH/Boot.php(68): CodeIgniter\Boot::runCodeIgniter()
 7 FCPATH/index.php(31): CodeIgniter\Boot::bootWeb()
CRITICAL - 2026-07-01 12:14:21 --> CodeIgniter\HTTP\Exceptions\BadRequestException: The URI you submitted has disallowed characters: "प्रमुख-समाचार"
[Method: GET, Route: category/%E0%A4%AA%E0%A5%8D%E0%A4%B0%E0%A4%AE%E0%A5%81%E0%A4%96-%E0%A4%B8%E0%A4%AE%E0%A4%BE%E0%A4%9A%E0%A4%BE%E0%A4%B0/page/6/]
in SYSTEMPATH/Router/Router.php on line 768.
 1 SYSTEMPATH/Router/Router.php(219): CodeIgniter\Router\Router->checkDisallowedChars()
 2 SYSTEMPATH/CodeIgniter.php(829): CodeIgniter\Router\Router->handle()
 3 SYSTEMPATH/CodeIgniter.php(441): CodeIgniter\CodeIgniter->tryToRouteIt()
 4 SYSTEMPATH/CodeIgniter.php(340): CodeIgniter\CodeIgniter->handleRequest()
 5 SYSTEMPATH/Boot.php(417): CodeIgniter\CodeIgniter->run()
 6 SYSTEMPATH/Boot.php(68): CodeIgniter\Boot::runCodeIgniter()
 7 FCPATH/index.php(31): CodeIgniter\Boot::bootWeb()
CRITICAL - 2026-07-01 12:14:23 --> CodeIgniter\HTTP\Exceptions\BadRequestException: The URI you submitted has disallowed characters: "प्रमुख-समाचार"
[Method: GET, Route: category/%E0%A4%AA%E0%A5%8D%E0%A4%B0%E0%A4%AE%E0%A5%81%E0%A4%96-%E0%A4%B8%E0%A4%AE%E0%A4%BE%E0%A4%9A%E0%A4%BE%E0%A4%B0/page/9/]
in SYSTEMPATH/Router/Router.php on line 768.
 1 SYSTEMPATH/Router/Router.php(219): CodeIgniter\Router\Router->checkDisallowedChars()
 2 SYSTEMPATH/CodeIgniter.php(829): CodeIgniter\Router\Router->handle()
 3 SYSTEMPATH/CodeIgniter.php(441): CodeIgniter\CodeIgniter->tryToRouteIt()
 4 SYSTEMPATH/CodeIgniter.php(340): CodeIgniter\CodeIgniter->handleRequest()
 5 SYSTEMPATH/Boot.php(417): CodeIgniter\CodeIgniter->run()
 6 SYSTEMPATH/Boot.php(68): CodeIgniter\Boot::runCodeIgniter()
 7 FCPATH/index.php(31): CodeIgniter\Boot::bootWeb()
CRITICAL - 2026-07-01 12:14:25 --> CodeIgniter\HTTP\Exceptions\BadRequestException: The URI you submitted has disallowed characters: "मनोरञ्जन"
[Method: GET, Route: category/%E0%A4%AE%E0%A4%A8%E0%A5%8B%E0%A4%B0%E0%A4%9E%E0%A5%8D%E0%A4%9C%E0%A4%A8/]
in SYSTEMPATH/Router/Router.php on line 768.
 1 SYSTEMPATH/Router/Router.php(219): CodeIgniter\Router\Router->checkDisallowedChars()
 2 SYSTEMPATH/CodeIgniter.php(829): CodeIgniter\Router\Router->handle()
 3 SYSTEMPATH/CodeIgniter.php(441): CodeIgniter\CodeIgniter->tryToRouteIt()
 4 SYSTEMPATH/CodeIgniter.php(340): CodeIgniter\CodeIgniter->handleRequest()
 5 SYSTEMPATH/Boot.php(417): CodeIgniter\CodeIgniter->run()
 6 SYSTEMPATH/Boot.php(68): CodeIgniter\Boot::runCodeIgniter()
 7 FCPATH/index.php(31): CodeIgniter\Boot::bootWeb()
CRITICAL - 2026-07-01 12:14:27 --> CodeIgniter\HTTP\Exceptions\BadRequestException: The URI you submitted has disallowed characters: "मनोरञ्जन"
[Method: GET, Route: category/%E0%A4%AE%E0%A4%A8%E0%A5%8B%E0%A4%B0%E0%A4%9E%E0%A5%8D%E0%A4%9C%E0%A4%A8/page/2/]
in SYSTEMPATH/Router/Router.php on line 768.
 1 SYSTEMPATH/Router/Router.php(219): CodeIgniter\Router\Router->checkDisallowedChars()
 2 SYSTEMPATH/CodeIgniter.php(829): CodeIgniter\Router\Router->handle()
 3 SYSTEMPATH/CodeIgniter.php(441): CodeIgniter\CodeIgniter->tryToRouteIt()
 4 SYSTEMPATH/CodeIgniter.php(340): CodeIgniter\CodeIgniter->handleRequest()
 5 SYSTEMPATH/Boot.php(417): CodeIgniter\CodeIgniter->run()
 6 SYSTEMPATH/Boot.php(68): CodeIgniter\Boot::runCodeIgniter()
 7 FCPATH/index.php(31): CodeIgniter\Boot::bootWeb()
CRITICAL - 2026-07-01 12:14:29 --> CodeIgniter\HTTP\Exceptions\BadRequestException: The URI you submitted has disallowed characters: "मनोरञ्जन"
[Method: GET, Route: category/%E0%A4%AE%E0%A4%A8%E0%A5%8B%E0%A4%B0%E0%A4%9E%E0%A5%8D%E0%A4%9C%E0%A4%A8/page/3/]
in SYSTEMPATH/Router/Router.php on line 768.
 1 SYSTEMPATH/Router/Router.php(219): CodeIgniter\Router\Router->checkDisallowedChars()
 2 SYSTEMPATH/CodeIgniter.php(829): CodeIgniter\Router\Router->handle()
 3 SYSTEMPATH/CodeIgniter.php(441): CodeIgniter\CodeIgniter->tryToRouteIt()
 4 SYSTEMPATH/CodeIgniter.php(340): CodeIgniter\CodeIgniter->handleRequest()
 5 SYSTEMPATH/Boot.php(417): CodeIgniter\CodeIgniter->run()
 6 SYSTEMPATH/Boot.php(68): CodeIgniter\Boot::runCodeIgniter()
 7 FCPATH/index.php(31): CodeIgniter\Boot::bootWeb()
CRITICAL - 2026-07-01 12:14:31 --> CodeIgniter\HTTP\Exceptions\BadRequestException: The URI you submitted has disallowed characters: "मनोरञ्जन"
[Method: GET, Route: category/%E0%A4%AE%E0%A4%A8%E0%A5%8B%E0%A4%B0%E0%A4%9E%E0%A5%8D%E0%A4%9C%E0%A4%A8/page/4/]
in SYSTEMPATH/Router/Router.php on line 768.
 1 SYSTEMPATH/Router/Router.php(219): CodeIgniter\Router\Router->checkDisallowedChars()
 2 SYSTEMPATH/CodeIgniter.php(829): CodeIgniter\Router\Router->handle()
 3 SYSTEMPATH/CodeIgniter.php(441): CodeIgniter\CodeIgniter->tryToRouteIt()
 4 SYSTEMPATH/CodeIgniter.php(340): CodeIgniter\CodeIgniter->handleRequest()
 5 SYSTEMPATH/Boot.php(417): CodeIgniter\CodeIgniter->run()
 6 SYSTEMPATH/Boot.php(68): CodeIgniter\Boot::runCodeIgniter()
 7 FCPATH/index.php(31): CodeIgniter\Boot::bootWeb()
CRITICAL - 2026-07-01 12:14:34 --> CodeIgniter\HTTP\Exceptions\BadRequestException: The URI you submitted has disallowed characters: "मनोरञ्जन"
[Method: GET, Route: category/%E0%A4%AE%E0%A4%A8%E0%A5%8B%E0%A4%B0%E0%A4%9E%E0%A5%8D%E0%A4%9C%E0%A4%A8/page/5/]
in SYSTEMPATH/Router/Router.php on line 768.
 1 SYSTEMPATH/Router/Router.php(219): CodeIgniter\Router\Router->checkDisallowedChars()
 2 SYSTEMPATH/CodeIgniter.php(829): CodeIgniter\Router\Router->handle()
 3 SYSTEMPATH/CodeIgniter.php(441): CodeIgniter\CodeIgniter->tryToRouteIt()
 4 SYSTEMPATH/CodeIgniter.php(340): CodeIgniter\CodeIgniter->handleRequest()
 5 SYSTEMPATH/Boot.php(417): CodeIgniter\CodeIgniter->run()
 6 SYSTEMPATH/Boot.php(68): CodeIgniter\Boot::runCodeIgniter()
 7 FCPATH/index.php(31): CodeIgniter\Boot::bootWeb()
CRITICAL - 2026-07-01 12:14:36 --> CodeIgniter\HTTP\Exceptions\BadRequestException: The URI you submitted has disallowed characters: "मनोरञ्जन"
[Method: GET, Route: category/%E0%A4%AE%E0%A4%A8%E0%A5%8B%E0%A4%B0%E0%A4%9E%E0%A5%8D%E0%A4%9C%E0%A4%A8/page/5/]
in SYSTEMPATH/Router/Router.php on line 768.
 1 SYSTEMPATH/Router/Router.php(219): CodeIgniter\Router\Router->checkDisallowedChars()
 2 SYSTEMPATH/CodeIgniter.php(829): CodeIgniter\Router\Router->handle()
 3 SYSTEMPATH/CodeIgniter.php(441): CodeIgniter\CodeIgniter->tryToRouteIt()
 4 SYSTEMPATH/CodeIgniter.php(340): CodeIgniter\CodeIgniter->handleRequest()
 5 SYSTEMPATH/Boot.php(417): CodeIgniter\CodeIgniter->run()
 6 SYSTEMPATH/Boot.php(68): CodeIgniter\Boot::runCodeIgniter()
 7 FCPATH/index.php(31): CodeIgniter\Boot::bootWeb()
CRITICAL - 2026-07-01 12:14:40 --> CodeIgniter\HTTP\Exceptions\BadRequestException: The URI you submitted has disallowed characters: "मनोरञ्जन"
[Method: GET, Route: category/%E0%A4%AE%E0%A4%A8%E0%A5%8B%E0%A4%B0%E0%A4%9E%E0%A5%8D%E0%A4%9C%E0%A4%A8/page/6/]
in SYSTEMPATH/Router/Router.php on line 768.
 1 SYSTEMPATH/Router/Router.php(219): CodeIgniter\Router\Router->checkDisallowedChars()
 2 SYSTEMPATH/CodeIgniter.php(829): CodeIgniter\Router\Router->handle()
 3 SYSTEMPATH/CodeIgniter.php(441): CodeIgniter\CodeIgniter->tryToRouteIt()
 4 SYSTEMPATH/CodeIgniter.php(340): CodeIgniter\CodeIgniter->handleRequest()
 5 SYSTEMPATH/Boot.php(417): CodeIgniter\CodeIgniter->run()
 6 SYSTEMPATH/Boot.php(68): CodeIgniter\Boot::runCodeIgniter()
 7 FCPATH/index.php(31): CodeIgniter\Boot::bootWeb()
CRITICAL - 2026-07-01 12:14:42 --> CodeIgniter\HTTP\Exceptions\BadRequestException: The URI you submitted has disallowed characters: "मनोरञ्जन"
[Method: GET, Route: category/%E0%A4%AE%E0%A4%A8%E0%A5%8B%E0%A4%B0%E0%A4%9E%E0%A5%8D%E0%A4%9C%E0%A4%A8/page/6/]
in SYSTEMPATH/Router/Router.php on line 768.
 1 SYSTEMPATH/Router/Router.php(219): CodeIgniter\Router\Router->checkDisallowedChars()
 2 SYSTEMPATH/CodeIgniter.php(829): CodeIgniter\Router\Router->handle()
 3 SYSTEMPATH/CodeIgniter.php(441): CodeIgniter\CodeIgniter->tryToRouteIt()
 4 SYSTEMPATH/CodeIgniter.php(340): CodeIgniter\CodeIgniter->handleRequest()
 5 SYSTEMPATH/Boot.php(417): CodeIgniter\CodeIgniter->run()
 6 SYSTEMPATH/Boot.php(68): CodeIgniter\Boot::runCodeIgniter()
 7 FCPATH/index.php(31): CodeIgniter\Boot::bootWeb()
CRITICAL - 2026-07-01 12:14:45 --> CodeIgniter\HTTP\Exceptions\BadRequestException: The URI you submitted has disallowed characters: "मनोरञ्जन"
[Method: GET, Route: category/%E0%A4%AE%E0%A4%A8%E0%A5%8B%E0%A4%B0%E0%A4%9E%E0%A5%8D%E0%A4%9C%E0%A4%A8/page/7/]
in SYSTEMPATH/Router/Router.php on line 768.
 1 SYSTEMPATH/Router/Router.php(219): CodeIgniter\Router\Router->checkDisallowedChars()
 2 SYSTEMPATH/CodeIgniter.php(829): CodeIgniter\Router\Router->handle()
 3 SYSTEMPATH/CodeIgniter.php(441): CodeIgniter\CodeIgniter->tryToRouteIt()
 4 SYSTEMPATH/CodeIgniter.php(340): CodeIgniter\CodeIgniter->handleRequest()
 5 SYSTEMPATH/Boot.php(417): CodeIgniter\CodeIgniter->run()
 6 SYSTEMPATH/Boot.php(68): CodeIgniter\Boot::runCodeIgniter()
 7 FCPATH/index.php(31): CodeIgniter\Boot::bootWeb()
CRITICAL - 2026-07-01 12:14:47 --> CodeIgniter\HTTP\Exceptions\BadRequestException: The URI you submitted has disallowed characters: "मनोरञ्जन"
[Method: GET, Route: category/%E0%A4%AE%E0%A4%A8%E0%A5%8B%E0%A4%B0%E0%A4%9E%E0%A5%8D%E0%A4%9C%E0%A4%A8/page/7/]
in SYSTEMPATH/Router/Router.php on line 768.
 1 SYSTEMPATH/Router/Router.php(219): CodeIgniter\Router\Router->checkDisallowedChars()
 2 SYSTEMPATH/CodeIgniter.php(829): CodeIgniter\Router\Router->handle()
 3 SYSTEMPATH/CodeIgniter.php(441): CodeIgniter\CodeIgniter->tryToRouteIt()
 4 SYSTEMPATH/CodeIgniter.php(340): CodeIgniter\CodeIgniter->handleRequest()
 5 SYSTEMPATH/Boot.php(417): CodeIgniter\CodeIgniter->run()
 6 SYSTEMPATH/Boot.php(68): CodeIgniter\Boot::runCodeIgniter()
 7 FCPATH/index.php(31): CodeIgniter\Boot::bootWeb()
CRITICAL - 2026-07-01 12:14:51 --> CodeIgniter\HTTP\Exceptions\BadRequestException: The URI you submitted has disallowed characters: "मनोरञ्जन"
[Method: GET, Route: category/%E0%A4%AE%E0%A4%A8%E0%A5%8B%E0%A4%B0%E0%A4%9E%E0%A5%8D%E0%A4%9C%E0%A4%A8/page/8/]
in SYSTEMPATH/Router/Router.php on line 768.
 1 SYSTEMPATH/Router/Router.php(219): CodeIgniter\Router\Router->checkDisallowedChars()
 2 SYSTEMPATH/CodeIgniter.php(829): CodeIgniter\Router\Router->handle()
 3 SYSTEMPATH/CodeIgniter.php(441): CodeIgniter\CodeIgniter->tryToRouteIt()
 4 SYSTEMPATH/CodeIgniter.php(340): CodeIgniter\CodeIgniter->handleRequest()
 5 SYSTEMPATH/Boot.php(417): CodeIgniter\CodeIgniter->run()
 6 SYSTEMPATH/Boot.php(68): CodeIgniter\Boot::runCodeIgniter()
 7 FCPATH/index.php(31): CodeIgniter\Boot::bootWeb()
CRITICAL - 2026-07-01 12:14:53 --> CodeIgniter\HTTP\Exceptions\BadRequestException: The URI you submitted has disallowed characters: "मनोरञ्जन"
[Method: GET, Route: category/%E0%A4%AE%E0%A4%A8%E0%A5%8B%E0%A4%B0%E0%A4%9E%E0%A5%8D%E0%A4%9C%E0%A4%A8/page/8/]
in SYSTEMPATH/Router/Router.php on line 768.
 1 SYSTEMPATH/Router/Router.php(219): CodeIgniter\Router\Router->checkDisallowedChars()
 2 SYSTEMPATH/CodeIgniter.php(829): CodeIgniter\Router\Router->handle()
 3 SYSTEMPATH/CodeIgniter.php(441): CodeIgniter\CodeIgniter->tryToRouteIt()
 4 SYSTEMPATH/CodeIgniter.php(340): CodeIgniter\CodeIgniter->handleRequest()
 5 SYSTEMPATH/Boot.php(417): CodeIgniter\CodeIgniter->run()
 6 SYSTEMPATH/Boot.php(68): CodeIgniter\Boot::runCodeIgniter()
 7 FCPATH/index.php(31): CodeIgniter\Boot::bootWeb()
CRITICAL - 2026-07-01 12:14:56 --> CodeIgniter\HTTP\Exceptions\BadRequestException: The URI you submitted has disallowed characters: "मनोरञ्जन"
[Method: GET, Route: category/%E0%A4%AE%E0%A4%A8%E0%A5%8B%E0%A4%B0%E0%A4%9E%E0%A5%8D%E0%A4%9C%E0%A4%A8/page/9/]
in SYSTEMPATH/Router/Router.php on line 768.
 1 SYSTEMPATH/Router/Router.php(219): CodeIgniter\Router\Router->checkDisallowedChars()
 2 SYSTEMPATH/CodeIgniter.php(829): CodeIgniter\Router\Router->handle()
 3 SYSTEMPATH/CodeIgniter.php(441): CodeIgniter\CodeIgniter->tryToRouteIt()
 4 SYSTEMPATH/CodeIgniter.php(340): CodeIgniter\CodeIgniter->handleRequest()
 5 SYSTEMPATH/Boot.php(417): CodeIgniter\CodeIgniter->run()
 6 SYSTEMPATH/Boot.php(68): CodeIgniter\Boot::runCodeIgniter()
 7 FCPATH/index.php(31): CodeIgniter\Boot::bootWeb()
CRITICAL - 2026-07-01 12:14:58 --> CodeIgniter\HTTP\Exceptions\BadRequestException: The URI you submitted has disallowed characters: "मनोरञ्जन"
[Method: GET, Route: category/%E0%A4%AE%E0%A4%A8%E0%A5%8B%E0%A4%B0%E0%A4%9E%E0%A5%8D%E0%A4%9C%E0%A4%A8/page/9/]
in SYSTEMPATH/Router/Router.php on line 768.
 1 SYSTEMPATH/Router/Router.php(219): CodeIgniter\Router\Router->checkDisallowedChars()
 2 SYSTEMPATH/CodeIgniter.php(829): CodeIgniter\Router\Router->handle()
 3 SYSTEMPATH/CodeIgniter.php(441): CodeIgniter\CodeIgniter->tryToRouteIt()
 4 SYSTEMPATH/CodeIgniter.php(340): CodeIgniter\CodeIgniter->handleRequest()
 5 SYSTEMPATH/Boot.php(417): CodeIgniter\CodeIgniter->run()
 6 SYSTEMPATH/Boot.php(68): CodeIgniter\Boot::runCodeIgniter()
 7 FCPATH/index.php(31): CodeIgniter\Boot::bootWeb()
CRITICAL - 2026-07-01 12:15:00 --> CodeIgniter\HTTP\Exceptions\BadRequestException: The URI you submitted has disallowed characters: "राजनीति"
[Method: GET, Route: category/%E0%A4%B0%E0%A4%BE%E0%A4%9C%E0%A4%A8%E0%A5%80%E0%A4%A4%E0%A4%BF/]
in SYSTEMPATH/Router/Router.php on line 768.
 1 SYSTEMPATH/Router/Router.php(219): CodeIgniter\Router\Router->checkDisallowedChars()
 2 SYSTEMPATH/CodeIgniter.php(829): CodeIgniter\Router\Router->handle()
 3 SYSTEMPATH/CodeIgniter.php(441): CodeIgniter\CodeIgniter->tryToRouteIt()
 4 SYSTEMPATH/CodeIgniter.php(340): CodeIgniter\CodeIgniter->handleRequest()
 5 SYSTEMPATH/Boot.php(417): CodeIgniter\CodeIgniter->run()
 6 SYSTEMPATH/Boot.php(68): CodeIgniter\Boot::runCodeIgniter()
 7 FCPATH/index.php(31): CodeIgniter\Boot::bootWeb()
CRITICAL - 2026-07-01 12:15:04 --> CodeIgniter\HTTP\Exceptions\BadRequestException: The URI you submitted has disallowed characters: "राजनीति"
[Method: GET, Route: category/%E0%A4%B0%E0%A4%BE%E0%A4%9C%E0%A4%A8%E0%A5%80%E0%A4%A4%E0%A4%BF/page/10/]
in SYSTEMPATH/Router/Router.php on line 768.
 1 SYSTEMPATH/Router/Router.php(219): CodeIgniter\Router\Router->checkDisallowedChars()
 2 SYSTEMPATH/CodeIgniter.php(829): CodeIgniter\Router\Router->handle()
 3 SYSTEMPATH/CodeIgniter.php(441): CodeIgniter\CodeIgniter->tryToRouteIt()
 4 SYSTEMPATH/CodeIgniter.php(340): CodeIgniter\CodeIgniter->handleRequest()
 5 SYSTEMPATH/Boot.php(417): CodeIgniter\CodeIgniter->run()
 6 SYSTEMPATH/Boot.php(68): CodeIgniter\Boot::runCodeIgniter()
 7 FCPATH/index.php(31): CodeIgniter\Boot::bootWeb()
CRITICAL - 2026-07-01 12:15:06 --> CodeIgniter\HTTP\Exceptions\BadRequestException: The URI you submitted has disallowed characters: "राजनीति"
[Method: GET, Route: category/%E0%A4%B0%E0%A4%BE%E0%A4%9C%E0%A4%A8%E0%A5%80%E0%A4%A4%E0%A4%BF/page/10/]
in SYSTEMPATH/Router/Router.php on line 768.
 1 SYSTEMPATH/Router/Router.php(219): CodeIgniter\Router\Router->checkDisallowedChars()
 2 SYSTEMPATH/CodeIgniter.php(829): CodeIgniter\Router\Router->handle()
 3 SYSTEMPATH/CodeIgniter.php(441): CodeIgniter\CodeIgniter->tryToRouteIt()
 4 SYSTEMPATH/CodeIgniter.php(340): CodeIgniter\CodeIgniter->handleRequest()
 5 SYSTEMPATH/Boot.php(417): CodeIgniter\CodeIgniter->run()
 6 SYSTEMPATH/Boot.php(68): CodeIgniter\Boot::runCodeIgniter()
 7 FCPATH/index.php(31): CodeIgniter\Boot::bootWeb()
CRITICAL - 2026-07-01 12:15:10 --> CodeIgniter\HTTP\Exceptions\BadRequestException: The URI you submitted has disallowed characters: "राजनीति"
[Method: GET, Route: category/%E0%A4%B0%E0%A4%BE%E0%A4%9C%E0%A4%A8%E0%A5%80%E0%A4%A4%E0%A4%BF/page/2/]
in SYSTEMPATH/Router/Router.php on line 768.
 1 SYSTEMPATH/Router/Router.php(219): CodeIgniter\Router\Router->checkDisallowedChars()
 2 SYSTEMPATH/CodeIgniter.php(829): CodeIgniter\Router\Router->handle()
 3 SYSTEMPATH/CodeIgniter.php(441): CodeIgniter\CodeIgniter->tryToRouteIt()
 4 SYSTEMPATH/CodeIgniter.php(340): CodeIgniter\CodeIgniter->handleRequest()
 5 SYSTEMPATH/Boot.php(417): CodeIgniter\CodeIgniter->run()
 6 SYSTEMPATH/Boot.php(68): CodeIgniter\Boot::runCodeIgniter()
 7 FCPATH/index.php(31): CodeIgniter\Boot::bootWeb()
CRITICAL - 2026-07-01 12:15:11 --> CodeIgniter\HTTP\Exceptions\BadRequestException: The URI you submitted has disallowed characters: "राजनीति"
[Method: GET, Route: category/%E0%A4%B0%E0%A4%BE%E0%A4%9C%E0%A4%A8%E0%A5%80%E0%A4%A4%E0%A4%BF/page/2/]
in SYSTEMPATH/Router/Router.php on line 768.
 1 SYSTEMPATH/Router/Router.php(219): CodeIgniter\Router\Router->checkDisallowedChars()
 2 SYSTEMPATH/CodeIgniter.php(829): CodeIgniter\Router\Router->handle()
 3 SYSTEMPATH/CodeIgniter.php(441): CodeIgniter\CodeIgniter->tryToRouteIt()
 4 SYSTEMPATH/CodeIgniter.php(340): CodeIgniter\CodeIgniter->handleRequest()
 5 SYSTEMPATH/Boot.php(417): CodeIgniter\CodeIgniter->run()
 6 SYSTEMPATH/Boot.php(68): CodeIgniter\Boot::runCodeIgniter()
 7 FCPATH/index.php(31): CodeIgniter\Boot::bootWeb()
CRITICAL - 2026-07-01 12:15:15 --> CodeIgniter\HTTP\Exceptions\BadRequestException: The URI you submitted has disallowed characters: "राजनीति"
[Method: GET, Route: category/%E0%A4%B0%E0%A4%BE%E0%A4%9C%E0%A4%A8%E0%A5%80%E0%A4%A4%E0%A4%BF/page/3/]
in SYSTEMPATH/Router/Router.php on line 768.
 1 SYSTEMPATH/Router/Router.php(219): CodeIgniter\Router\Router->checkDisallowedChars()
 2 SYSTEMPATH/CodeIgniter.php(829): CodeIgniter\Router\Router->handle()
 3 SYSTEMPATH/CodeIgniter.php(441): CodeIgniter\CodeIgniter->tryToRouteIt()
 4 SYSTEMPATH/CodeIgniter.php(340): CodeIgniter\CodeIgniter->handleRequest()
 5 SYSTEMPATH/Boot.php(417): CodeIgniter\CodeIgniter->run()
 6 SYSTEMPATH/Boot.php(68): CodeIgniter\Boot::runCodeIgniter()
 7 FCPATH/index.php(31): CodeIgniter\Boot::bootWeb()
CRITICAL - 2026-07-01 12:15:17 --> CodeIgniter\HTTP\Exceptions\BadRequestException: The URI you submitted has disallowed characters: "राजनीति"
[Method: GET, Route: category/%E0%A4%B0%E0%A4%BE%E0%A4%9C%E0%A4%A8%E0%A5%80%E0%A4%A4%E0%A4%BF/page/3/]
in SYSTEMPATH/Router/Router.php on line 768.
 1 SYSTEMPATH/Router/Router.php(219): CodeIgniter\Router\Router->checkDisallowedChars()
 2 SYSTEMPATH/CodeIgniter.php(829): CodeIgniter\Router\Router->handle()
 3 SYSTEMPATH/CodeIgniter.php(441): CodeIgniter\CodeIgniter->tryToRouteIt()
 4 SYSTEMPATH/CodeIgniter.php(340): CodeIgniter\CodeIgniter->handleRequest()
 5 SYSTEMPATH/Boot.php(417): CodeIgniter\CodeIgniter->run()
 6 SYSTEMPATH/Boot.php(68): CodeIgniter\Boot::runCodeIgniter()
 7 FCPATH/index.php(31): CodeIgniter\Boot::bootWeb()
CRITICAL - 2026-07-01 12:15:20 --> CodeIgniter\HTTP\Exceptions\BadRequestException: The URI you submitted has disallowed characters: "राजनीति"
[Method: GET, Route: category/%E0%A4%B0%E0%A4%BE%E0%A4%9C%E0%A4%A8%E0%A5%80%E0%A4%A4%E0%A4%BF/page/4/]
in SYSTEMPATH/Router/Router.php on line 768.
 1 SYSTEMPATH/Router/Router.php(219): CodeIgniter\Router\Router->checkDisallowedChars()
 2 SYSTEMPATH/CodeIgniter.php(829): CodeIgniter\Router\Router->handle()
 3 SYSTEMPATH/CodeIgniter.php(441): CodeIgniter\CodeIgniter->tryToRouteIt()
 4 SYSTEMPATH/CodeIgniter.php(340): CodeIgniter\CodeIgniter->handleRequest()
 5 SYSTEMPATH/Boot.php(417): CodeIgniter\CodeIgniter->run()
 6 SYSTEMPATH/Boot.php(68): CodeIgniter\Boot::runCodeIgniter()
 7 FCPATH/index.php(31): CodeIgniter\Boot::bootWeb()
CRITICAL - 2026-07-01 12:15:22 --> CodeIgniter\HTTP\Exceptions\BadRequestException: The URI you submitted has disallowed characters: "राजनीति"
[Method: GET, Route: category/%E0%A4%B0%E0%A4%BE%E0%A4%9C%E0%A4%A8%E0%A5%80%E0%A4%A4%E0%A4%BF/page/4/]
in SYSTEMPATH/Router/Router.php on line 768.
 1 SYSTEMPATH/Router/Router.php(219): CodeIgniter\Router\Router->checkDisallowedChars()
 2 SYSTEMPATH/CodeIgniter.php(829): CodeIgniter\Router\Router->handle()
 3 SYSTEMPATH/CodeIgniter.php(441): CodeIgniter\CodeIgniter->tryToRouteIt()
 4 SYSTEMPATH/CodeIgniter.php(340): CodeIgniter\CodeIgniter->handleRequest()
 5 SYSTEMPATH/Boot.php(417): CodeIgniter\CodeIgniter->run()
 6 SYSTEMPATH/Boot.php(68): CodeIgniter\Boot::runCodeIgniter()
 7 FCPATH/index.php(31): CodeIgniter\Boot::bootWeb()
CRITICAL - 2026-07-01 12:15:26 --> CodeIgniter\HTTP\Exceptions\BadRequestException: The URI you submitted has disallowed characters: "राजनीति"
[Method: GET, Route: category/%E0%A4%B0%E0%A4%BE%E0%A4%9C%E0%A4%A8%E0%A5%80%E0%A4%A4%E0%A4%BF/page/5/]
in SYSTEMPATH/Router/Router.php on line 768.
 1 SYSTEMPATH/Router/Router.php(219): CodeIgniter\Router\Router->checkDisallowedChars()
 2 SYSTEMPATH/CodeIgniter.php(829): CodeIgniter\Router\Router->handle()
 3 SYSTEMPATH/CodeIgniter.php(441): CodeIgniter\CodeIgniter->tryToRouteIt()
 4 SYSTEMPATH/CodeIgniter.php(340): CodeIgniter\CodeIgniter->handleRequest()
 5 SYSTEMPATH/Boot.php(417): CodeIgniter\CodeIgniter->run()
 6 SYSTEMPATH/Boot.php(68): CodeIgniter\Boot::runCodeIgniter()
 7 FCPATH/index.php(31): CodeIgniter\Boot::bootWeb()
CRITICAL - 2026-07-01 12:15:28 --> CodeIgniter\HTTP\Exceptions\BadRequestException: The URI you submitted has disallowed characters: "राजनीति"
[Method: GET, Route: category/%E0%A4%B0%E0%A4%BE%E0%A4%9C%E0%A4%A8%E0%A5%80%E0%A4%A4%E0%A4%BF/page/5/]
in SYSTEMPATH/Router/Router.php on line 768.
 1 SYSTEMPATH/Router/Router.php(219): CodeIgniter\Router\Router->checkDisallowedChars()
 2 SYSTEMPATH/CodeIgniter.php(829): CodeIgniter\Router\Router->handle()
 3 SYSTEMPATH/CodeIgniter.php(441): CodeIgniter\CodeIgniter->tryToRouteIt()
 4 SYSTEMPATH/CodeIgniter.php(340): CodeIgniter\CodeIgniter->handleRequest()
 5 SYSTEMPATH/Boot.php(417): CodeIgniter\CodeIgniter->run()
 6 SYSTEMPATH/Boot.php(68): CodeIgniter\Boot::runCodeIgniter()
 7 FCPATH/index.php(31): CodeIgniter\Boot::bootWeb()
CRITICAL - 2026-07-01 12:15:31 --> CodeIgniter\HTTP\Exceptions\BadRequestException: The URI you submitted has disallowed characters: "राजनीति"
[Method: GET, Route: category/%E0%A4%B0%E0%A4%BE%E0%A4%9C%E0%A4%A8%E0%A5%80%E0%A4%A4%E0%A4%BF/page/6/]
in SYSTEMPATH/Router/Router.php on line 768.
 1 SYSTEMPATH/Router/Router.php(219): CodeIgniter\Router\Router->checkDisallowedChars()
 2 SYSTEMPATH/CodeIgniter.php(829): CodeIgniter\Router\Router->handle()
 3 SYSTEMPATH/CodeIgniter.php(441): CodeIgniter\CodeIgniter->tryToRouteIt()
 4 SYSTEMPATH/CodeIgniter.php(340): CodeIgniter\CodeIgniter->handleRequest()
 5 SYSTEMPATH/Boot.php(417): CodeIgniter\CodeIgniter->run()
 6 SYSTEMPATH/Boot.php(68): CodeIgniter\Boot::runCodeIgniter()
 7 FCPATH/index.php(31): CodeIgniter\Boot::bootWeb()
CRITICAL - 2026-07-01 12:15:33 --> CodeIgniter\HTTP\Exceptions\BadRequestException: The URI you submitted has disallowed characters: "राजनीति"
[Method: GET, Route: category/%E0%A4%B0%E0%A4%BE%E0%A4%9C%E0%A4%A8%E0%A5%80%E0%A4%A4%E0%A4%BF/page/6/]
in SYSTEMPATH/Router/Router.php on line 768.
 1 SYSTEMPATH/Router/Router.php(219): CodeIgniter\Router\Router->checkDisallowedChars()
 2 SYSTEMPATH/CodeIgniter.php(829): CodeIgniter\Router\Router->handle()
 3 SYSTEMPATH/CodeIgniter.php(441): CodeIgniter\CodeIgniter->tryToRouteIt()
 4 SYSTEMPATH/CodeIgniter.php(340): CodeIgniter\CodeIgniter->handleRequest()
 5 SYSTEMPATH/Boot.php(417): CodeIgniter\CodeIgniter->run()
 6 SYSTEMPATH/Boot.php(68): CodeIgniter\Boot::runCodeIgniter()
 7 FCPATH/index.php(31): CodeIgniter\Boot::bootWeb()
CRITICAL - 2026-07-01 12:15:36 --> CodeIgniter\HTTP\Exceptions\BadRequestException: The URI you submitted has disallowed characters: "राजनीति"
[Method: GET, Route: category/%E0%A4%B0%E0%A4%BE%E0%A4%9C%E0%A4%A8%E0%A5%80%E0%A4%A4%E0%A4%BF/page/7/]
in SYSTEMPATH/Router/Router.php on line 768.
 1 SYSTEMPATH/Router/Router.php(219): CodeIgniter\Router\Router->checkDisallowedChars()
 2 SYSTEMPATH/CodeIgniter.php(829): CodeIgniter\Router\Router->handle()
 3 SYSTEMPATH/CodeIgniter.php(441): CodeIgniter\CodeIgniter->tryToRouteIt()
 4 SYSTEMPATH/CodeIgniter.php(340): CodeIgniter\CodeIgniter->handleRequest()
 5 SYSTEMPATH/Boot.php(417): CodeIgniter\CodeIgniter->run()
 6 SYSTEMPATH/Boot.php(68): CodeIgniter\Boot::runCodeIgniter()
 7 FCPATH/index.php(31): CodeIgniter\Boot::bootWeb()
CRITICAL - 2026-07-01 12:15:38 --> CodeIgniter\HTTP\Exceptions\BadRequestException: The URI you submitted has disallowed characters: "राजनीति"
[Method: GET, Route: category/%E0%A4%B0%E0%A4%BE%E0%A4%9C%E0%A4%A8%E0%A5%80%E0%A4%A4%E0%A4%BF/page/7/]
in SYSTEMPATH/Router/Router.php on line 768.
 1 SYSTEMPATH/Router/Router.php(219): CodeIgniter\Router\Router->checkDisallowedChars()
 2 SYSTEMPATH/CodeIgniter.php(829): CodeIgniter\Router\Router->handle()
 3 SYSTEMPATH/CodeIgniter.php(441): CodeIgniter\CodeIgniter->tryToRouteIt()
 4 SYSTEMPATH/CodeIgniter.php(340): CodeIgniter\CodeIgniter->handleRequest()
 5 SYSTEMPATH/Boot.php(417): CodeIgniter\CodeIgniter->run()
 6 SYSTEMPATH/Boot.php(68): CodeIgniter\Boot::runCodeIgniter()
 7 FCPATH/index.php(31): CodeIgniter\Boot::bootWeb()
CRITICAL - 2026-07-01 12:15:42 --> CodeIgniter\HTTP\Exceptions\BadRequestException: The URI you submitted has disallowed characters: "राजनीति"
[Method: GET, Route: category/%E0%A4%B0%E0%A4%BE%E0%A4%9C%E0%A4%A8%E0%A5%80%E0%A4%A4%E0%A4%BF/page/8/]
in SYSTEMPATH/Router/Router.php on line 768.
 1 SYSTEMPATH/Router/Router.php(219): CodeIgniter\Router\Router->checkDisallowedChars()
 2 SYSTEMPATH/CodeIgniter.php(829): CodeIgniter\Router\Router->handle()
 3 SYSTEMPATH/CodeIgniter.php(441): CodeIgniter\CodeIgniter->tryToRouteIt()
 4 SYSTEMPATH/CodeIgniter.php(340): CodeIgniter\CodeIgniter->handleRequest()
 5 SYSTEMPATH/Boot.php(417): CodeIgniter\CodeIgniter->run()
 6 SYSTEMPATH/Boot.php(68): CodeIgniter\Boot::runCodeIgniter()
 7 FCPATH/index.php(31): CodeIgniter\Boot::bootWeb()
CRITICAL - 2026-07-01 12:15:44 --> CodeIgniter\HTTP\Exceptions\BadRequestException: The URI you submitted has disallowed characters: "राजनीति"
[Method: GET, Route: category/%E0%A4%B0%E0%A4%BE%E0%A4%9C%E0%A4%A8%E0%A5%80%E0%A4%A4%E0%A4%BF/page/8/]
in SYSTEMPATH/Router/Router.php on line 768.
 1 SYSTEMPATH/Router/Router.php(219): CodeIgniter\Router\Router->checkDisallowedChars()
 2 SYSTEMPATH/CodeIgniter.php(829): CodeIgniter\Router\Router->handle()
 3 SYSTEMPATH/CodeIgniter.php(441): CodeIgniter\CodeIgniter->tryToRouteIt()
 4 SYSTEMPATH/CodeIgniter.php(340): CodeIgniter\CodeIgniter->handleRequest()
 5 SYSTEMPATH/Boot.php(417): CodeIgniter\CodeIgniter->run()
 6 SYSTEMPATH/Boot.php(68): CodeIgniter\Boot::runCodeIgniter()
 7 FCPATH/index.php(31): CodeIgniter\Boot::bootWeb()
CRITICAL - 2026-07-01 12:15:47 --> CodeIgniter\HTTP\Exceptions\BadRequestException: The URI you submitted has disallowed characters: "राजनीति"
[Method: GET, Route: category/%E0%A4%B0%E0%A4%BE%E0%A4%9C%E0%A4%A8%E0%A5%80%E0%A4%A4%E0%A4%BF/page/9/]
in SYSTEMPATH/Router/Router.php on line 768.
 1 SYSTEMPATH/Router/Router.php(219): CodeIgniter\Router\Router->checkDisallowedChars()
 2 SYSTEMPATH/CodeIgniter.php(829): CodeIgniter\Router\Router->handle()
 3 SYSTEMPATH/CodeIgniter.php(441): CodeIgniter\CodeIgniter->tryToRouteIt()
 4 SYSTEMPATH/CodeIgniter.php(340): CodeIgniter\CodeIgniter->handleRequest()
 5 SYSTEMPATH/Boot.php(417): CodeIgniter\CodeIgniter->run()
 6 SYSTEMPATH/Boot.php(68): CodeIgniter\Boot::runCodeIgniter()
 7 FCPATH/index.php(31): CodeIgniter\Boot::bootWeb()
CRITICAL - 2026-07-01 12:15:49 --> CodeIgniter\HTTP\Exceptions\BadRequestException: The URI you submitted has disallowed characters: "राजनीति"
[Method: GET, Route: category/%E0%A4%B0%E0%A4%BE%E0%A4%9C%E0%A4%A8%E0%A5%80%E0%A4%A4%E0%A4%BF/page/9/]
in SYSTEMPATH/Router/Router.php on line 768.
 1 SYSTEMPATH/Router/Router.php(219): CodeIgniter\Router\Router->checkDisallowedChars()
 2 SYSTEMPATH/CodeIgniter.php(829): CodeIgniter\Router\Router->handle()
 3 SYSTEMPATH/CodeIgniter.php(441): CodeIgniter\CodeIgniter->tryToRouteIt()
 4 SYSTEMPATH/CodeIgniter.php(340): CodeIgniter\CodeIgniter->handleRequest()
 5 SYSTEMPATH/Boot.php(417): CodeIgniter\CodeIgniter->run()
 6 SYSTEMPATH/Boot.php(68): CodeIgniter\Boot::runCodeIgniter()
 7 FCPATH/index.php(31): CodeIgniter\Boot::bootWeb()
CRITICAL - 2026-07-01 13:21:41 --> CodeIgniter\HTTP\Exceptions\BadRequestException: The URI you submitted has disallowed characters: "विशेष"
[Method: GET, Route: category/%E0%A4%B5%E0%A4%BF%E0%A4%B6%E0%A5%87%E0%A4%B7]
in SYSTEMPATH/Router/Router.php on line 768.
 1 SYSTEMPATH/Router/Router.php(219): CodeIgniter\Router\Router->checkDisallowedChars()
 2 SYSTEMPATH/CodeIgniter.php(829): CodeIgniter\Router\Router->handle()
 3 SYSTEMPATH/CodeIgniter.php(441): CodeIgniter\CodeIgniter->tryToRouteIt()
 4 SYSTEMPATH/CodeIgniter.php(340): CodeIgniter\CodeIgniter->handleRequest()
 5 SYSTEMPATH/Boot.php(417): CodeIgniter\CodeIgniter->run()
 6 SYSTEMPATH/Boot.php(68): CodeIgniter\Boot::runCodeIgniter()
 7 FCPATH/index.php(31): CodeIgniter\Boot::bootWeb()
CRITICAL - 2026-07-01 14:21:46 --> CodeIgniter\HTTP\Exceptions\BadRequestException: The URI you submitted has disallowed characters: "इपेपर"
[Method: GET, Route: category/%E0%A4%87%E0%A4%AA%E0%A5%87%E0%A4%AA%E0%A4%B0/]
in SYSTEMPATH/Router/Router.php on line 768.
 1 SYSTEMPATH/Router/Router.php(219): CodeIgniter\Router\Router->checkDisallowedChars()
 2 SYSTEMPATH/CodeIgniter.php(829): CodeIgniter\Router\Router->handle()
 3 SYSTEMPATH/CodeIgniter.php(441): CodeIgniter\CodeIgniter->tryToRouteIt()
 4 SYSTEMPATH/CodeIgniter.php(340): CodeIgniter\CodeIgniter->handleRequest()
 5 SYSTEMPATH/Boot.php(417): CodeIgniter\CodeIgniter->run()
 6 SYSTEMPATH/Boot.php(68): CodeIgniter\Boot::runCodeIgniter()
 7 FCPATH/index.php(31): CodeIgniter\Boot::bootWeb()
CRITICAL - 2026-07-01 14:21:50 --> CodeIgniter\HTTP\Exceptions\BadRequestException: The URI you submitted has disallowed characters: "पत्रपत्रिका"
[Method: GET, Route: category/%E0%A4%AA%E0%A4%A4%E0%A5%8D%E0%A4%B0%E0%A4%AA%E0%A4%A4%E0%A5%8D%E0%A4%B0%E0%A4%BF%E0%A4%95%E0%A4%BE/]
in SYSTEMPATH/Router/Router.php on line 768.
 1 SYSTEMPATH/Router/Router.php(219): CodeIgniter\Router\Router->checkDisallowedChars()
 2 SYSTEMPATH/CodeIgniter.php(829): CodeIgniter\Router\Router->handle()
 3 SYSTEMPATH/CodeIgniter.php(441): CodeIgniter\CodeIgniter->tryToRouteIt()
 4 SYSTEMPATH/CodeIgniter.php(340): CodeIgniter\CodeIgniter->handleRequest()
 5 SYSTEMPATH/Boot.php(417): CodeIgniter\CodeIgniter->run()
 6 SYSTEMPATH/Boot.php(68): CodeIgniter\Boot::runCodeIgniter()
 7 FCPATH/index.php(31): CodeIgniter\Boot::bootWeb()
CRITICAL - 2026-07-01 14:21:55 --> CodeIgniter\HTTP\Exceptions\BadRequestException: The URI you submitted has disallowed characters: "प्रदेश-१"
[Method: GET, Route: category/%E0%A4%AA%E0%A5%8D%E0%A4%B0%E0%A4%A6%E0%A5%87%E0%A4%B6-%E0%A5%A7/]
in SYSTEMPATH/Router/Router.php on line 768.
 1 SYSTEMPATH/Router/Router.php(219): CodeIgniter\Router\Router->checkDisallowedChars()
 2 SYSTEMPATH/CodeIgniter.php(829): CodeIgniter\Router\Router->handle()
 3 SYSTEMPATH/CodeIgniter.php(441): CodeIgniter\CodeIgniter->tryToRouteIt()
 4 SYSTEMPATH/CodeIgniter.php(340): CodeIgniter\CodeIgniter->handleRequest()
 5 SYSTEMPATH/Boot.php(417): CodeIgniter\CodeIgniter->run()
 6 SYSTEMPATH/Boot.php(68): CodeIgniter\Boot::runCodeIgniter()
 7 FCPATH/index.php(31): CodeIgniter\Boot::bootWeb()
CRITICAL - 2026-07-01 14:22:00 --> CodeIgniter\HTTP\Exceptions\BadRequestException: The URI you submitted has disallowed characters: "प्रदेश-२"
[Method: GET, Route: category/%E0%A4%AA%E0%A5%8D%E0%A4%B0%E0%A4%A6%E0%A5%87%E0%A4%B6-%E0%A5%A8/]
in SYSTEMPATH/Router/Router.php on line 768.
 1 SYSTEMPATH/Router/Router.php(219): CodeIgniter\Router\Router->checkDisallowedChars()
 2 SYSTEMPATH/CodeIgniter.php(829): CodeIgniter\Router\Router->handle()
 3 SYSTEMPATH/CodeIgniter.php(441): CodeIgniter\CodeIgniter->tryToRouteIt()
 4 SYSTEMPATH/CodeIgniter.php(340): CodeIgniter\CodeIgniter->handleRequest()
 5 SYSTEMPATH/Boot.php(417): CodeIgniter\CodeIgniter->run()
 6 SYSTEMPATH/Boot.php(68): CodeIgniter\Boot::runCodeIgniter()
 7 FCPATH/index.php(31): CodeIgniter\Boot::bootWeb()
CRITICAL - 2026-07-01 14:22:05 --> CodeIgniter\HTTP\Exceptions\BadRequestException: The URI you submitted has disallowed characters: "प्रदेश-३"
[Method: GET, Route: category/%E0%A4%AA%E0%A5%8D%E0%A4%B0%E0%A4%A6%E0%A5%87%E0%A4%B6-%E0%A5%A9/]
in SYSTEMPATH/Router/Router.php on line 768.
 1 SYSTEMPATH/Router/Router.php(219): CodeIgniter\Router\Router->checkDisallowedChars()
 2 SYSTEMPATH/CodeIgniter.php(829): CodeIgniter\Router\Router->handle()
 3 SYSTEMPATH/CodeIgniter.php(441): CodeIgniter\CodeIgniter->tryToRouteIt()
 4 SYSTEMPATH/CodeIgniter.php(340): CodeIgniter\CodeIgniter->handleRequest()
 5 SYSTEMPATH/Boot.php(417): CodeIgniter\CodeIgniter->run()
 6 SYSTEMPATH/Boot.php(68): CodeIgniter\Boot::runCodeIgniter()
 7 FCPATH/index.php(31): CodeIgniter\Boot::bootWeb()
CRITICAL - 2026-07-01 14:22:11 --> CodeIgniter\HTTP\Exceptions\BadRequestException: The URI you submitted has disallowed characters: "प्रदेश-४"
[Method: GET, Route: category/%E0%A4%AA%E0%A5%8D%E0%A4%B0%E0%A4%A6%E0%A5%87%E0%A4%B6-%E0%A5%AA/]
in SYSTEMPATH/Router/Router.php on line 768.
 1 SYSTEMPATH/Router/Router.php(219): CodeIgniter\Router\Router->checkDisallowedChars()
 2 SYSTEMPATH/CodeIgniter.php(829): CodeIgniter\Router\Router->handle()
 3 SYSTEMPATH/CodeIgniter.php(441): CodeIgniter\CodeIgniter->tryToRouteIt()
 4 SYSTEMPATH/CodeIgniter.php(340): CodeIgniter\CodeIgniter->handleRequest()
 5 SYSTEMPATH/Boot.php(417): CodeIgniter\CodeIgniter->run()
 6 SYSTEMPATH/Boot.php(68): CodeIgniter\Boot::runCodeIgniter()
 7 FCPATH/index.php(31): CodeIgniter\Boot::bootWeb()
CRITICAL - 2026-07-01 14:22:15 --> CodeIgniter\HTTP\Exceptions\BadRequestException: The URI you submitted has disallowed characters: "प्रदेश-५"
[Method: GET, Route: category/%E0%A4%AA%E0%A5%8D%E0%A4%B0%E0%A4%A6%E0%A5%87%E0%A4%B6-%E0%A5%AB/]
in SYSTEMPATH/Router/Router.php on line 768.
 1 SYSTEMPATH/Router/Router.php(219): CodeIgniter\Router\Router->checkDisallowedChars()
 2 SYSTEMPATH/CodeIgniter.php(829): CodeIgniter\Router\Router->handle()
 3 SYSTEMPATH/CodeIgniter.php(441): CodeIgniter\CodeIgniter->tryToRouteIt()
 4 SYSTEMPATH/CodeIgniter.php(340): CodeIgniter\CodeIgniter->handleRequest()
 5 SYSTEMPATH/Boot.php(417): CodeIgniter\CodeIgniter->run()
 6 SYSTEMPATH/Boot.php(68): CodeIgniter\Boot::runCodeIgniter()
 7 FCPATH/index.php(31): CodeIgniter\Boot::bootWeb()
CRITICAL - 2026-07-01 14:22:19 --> CodeIgniter\HTTP\Exceptions\BadRequestException: The URI you submitted has disallowed characters: "प्रदेश-६"
[Method: GET, Route: category/%E0%A4%AA%E0%A5%8D%E0%A4%B0%E0%A4%A6%E0%A5%87%E0%A4%B6-%E0%A5%AC/]
in SYSTEMPATH/Router/Router.php on line 768.
 1 SYSTEMPATH/Router/Router.php(219): CodeIgniter\Router\Router->checkDisallowedChars()
 2 SYSTEMPATH/CodeIgniter.php(829): CodeIgniter\Router\Router->handle()
 3 SYSTEMPATH/CodeIgniter.php(441): CodeIgniter\CodeIgniter->tryToRouteIt()
 4 SYSTEMPATH/CodeIgniter.php(340): CodeIgniter\CodeIgniter->handleRequest()
 5 SYSTEMPATH/Boot.php(417): CodeIgniter\CodeIgniter->run()
 6 SYSTEMPATH/Boot.php(68): CodeIgniter\Boot::runCodeIgniter()
 7 FCPATH/index.php(31): CodeIgniter\Boot::bootWeb()
CRITICAL - 2026-07-01 14:22:24 --> CodeIgniter\HTTP\Exceptions\BadRequestException: The URI you submitted has disallowed characters: "प्रदेश-७"
[Method: GET, Route: category/%E0%A4%AA%E0%A5%8D%E0%A4%B0%E0%A4%A6%E0%A5%87%E0%A4%B6-%E0%A5%AD/]
in SYSTEMPATH/Router/Router.php on line 768.
 1 SYSTEMPATH/Router/Router.php(219): CodeIgniter\Router\Router->checkDisallowedChars()
 2 SYSTEMPATH/CodeIgniter.php(829): CodeIgniter\Router\Router->handle()
 3 SYSTEMPATH/CodeIgniter.php(441): CodeIgniter\CodeIgniter->tryToRouteIt()
 4 SYSTEMPATH/CodeIgniter.php(340): CodeIgniter\CodeIgniter->handleRequest()
 5 SYSTEMPATH/Boot.php(417): CodeIgniter\CodeIgniter->run()
 6 SYSTEMPATH/Boot.php(68): CodeIgniter\Boot::runCodeIgniter()
 7 FCPATH/index.php(31): CodeIgniter\Boot::bootWeb()
CRITICAL - 2026-07-01 14:22:28 --> CodeIgniter\HTTP\Exceptions\BadRequestException: The URI you submitted has disallowed characters: "प्रमुख-समाचार"
[Method: GET, Route: category/%E0%A4%AA%E0%A5%8D%E0%A4%B0%E0%A4%AE%E0%A5%81%E0%A4%96-%E0%A4%B8%E0%A4%AE%E0%A4%BE%E0%A4%9A%E0%A4%BE%E0%A4%B0/]
in SYSTEMPATH/Router/Router.php on line 768.
 1 SYSTEMPATH/Router/Router.php(219): CodeIgniter\Router\Router->checkDisallowedChars()
 2 SYSTEMPATH/CodeIgniter.php(829): CodeIgniter\Router\Router->handle()
 3 SYSTEMPATH/CodeIgniter.php(441): CodeIgniter\CodeIgniter->tryToRouteIt()
 4 SYSTEMPATH/CodeIgniter.php(340): CodeIgniter\CodeIgniter->handleRequest()
 5 SYSTEMPATH/Boot.php(417): CodeIgniter\CodeIgniter->run()
 6 SYSTEMPATH/Boot.php(68): CodeIgniter\Boot::runCodeIgniter()
 7 FCPATH/index.php(31): CodeIgniter\Boot::bootWeb()
CRITICAL - 2026-07-01 14:22:32 --> CodeIgniter\HTTP\Exceptions\BadRequestException: The URI you submitted has disallowed characters: "मनोरञ्जन"
[Method: GET, Route: category/%E0%A4%AE%E0%A4%A8%E0%A5%8B%E0%A4%B0%E0%A4%9E%E0%A5%8D%E0%A4%9C%E0%A4%A8/]
in SYSTEMPATH/Router/Router.php on line 768.
 1 SYSTEMPATH/Router/Router.php(219): CodeIgniter\Router\Router->checkDisallowedChars()
 2 SYSTEMPATH/CodeIgniter.php(829): CodeIgniter\Router\Router->handle()
 3 SYSTEMPATH/CodeIgniter.php(441): CodeIgniter\CodeIgniter->tryToRouteIt()
 4 SYSTEMPATH/CodeIgniter.php(340): CodeIgniter\CodeIgniter->handleRequest()
 5 SYSTEMPATH/Boot.php(417): CodeIgniter\CodeIgniter->run()
 6 SYSTEMPATH/Boot.php(68): CodeIgniter\Boot::runCodeIgniter()
 7 FCPATH/index.php(31): CodeIgniter\Boot::bootWeb()
CRITICAL - 2026-07-01 14:22:36 --> CodeIgniter\HTTP\Exceptions\BadRequestException: The URI you submitted has disallowed characters: "राजनीति"
[Method: GET, Route: category/%E0%A4%B0%E0%A4%BE%E0%A4%9C%E0%A4%A8%E0%A5%80%E0%A4%A4%E0%A4%BF/]
in SYSTEMPATH/Router/Router.php on line 768.
 1 SYSTEMPATH/Router/Router.php(219): CodeIgniter\Router\Router->checkDisallowedChars()
 2 SYSTEMPATH/CodeIgniter.php(829): CodeIgniter\Router\Router->handle()
 3 SYSTEMPATH/CodeIgniter.php(441): CodeIgniter\CodeIgniter->tryToRouteIt()
 4 SYSTEMPATH/CodeIgniter.php(340): CodeIgniter\CodeIgniter->handleRequest()
 5 SYSTEMPATH/Boot.php(417): CodeIgniter\CodeIgniter->run()
 6 SYSTEMPATH/Boot.php(68): CodeIgniter\Boot::runCodeIgniter()
 7 FCPATH/index.php(31): CodeIgniter\Boot::bootWeb()
CRITICAL - 2026-07-01 16:06:55 --> CodeIgniter\HTTP\Exceptions\BadRequestException: The URI you submitted has disallowed characters: "तेस्रो-जीतपुरसिमरा-क्रिकेटको-उपाधि-सर्लाहीले-उचाल्यो"
[Method: GET, Route: news/%E0%A4%A4%E0%A5%87%E0%A4%B8%E0%A5%8D%E0%A4%B0%E0%A5%8B-%E0%A4%9C%E0%A5%80%E0%A4%A4%E0%A4%AA%E0%A5%81%E0%A4%B0%E0%A4%B8%E0%A4%BF%E0%A4%AE%E0%A4%B0%E0%A4%BE-%E0%A4%95%E0%A5%8D%E0%A4%B0%E0%A4%BF%E0%A4%95%E0%A5%87%E0%A4%9F%E0%A4%95%E0%A5%8B-%E0%A4%89%E0%A4%AA%E0%A4%BE%E0%A4%A7%E0%A4%BF-%E0%A4%B8%E0%A4%B0%E0%A5%8D%E0%A4%B2%E0%A4%BE%E0%A4%B9%E0%A5%80%E0%A4%B2%E0%A5%87-%E0%A4%89%E0%A4%9A%E0%A4%BE%E0%A4%B2%E0%A5%8D%E0%A4%AF%E0%A5%8B]
in SYSTEMPATH/Router/Router.php on line 768.
 1 SYSTEMPATH/Router/Router.php(219): CodeIgniter\Router\Router->checkDisallowedChars()
 2 SYSTEMPATH/CodeIgniter.php(829): CodeIgniter\Router\Router->handle()
 3 SYSTEMPATH/CodeIgniter.php(441): CodeIgniter\CodeIgniter->tryToRouteIt()
 4 SYSTEMPATH/CodeIgniter.php(340): CodeIgniter\CodeIgniter->handleRequest()
 5 SYSTEMPATH/Boot.php(417): CodeIgniter\CodeIgniter->run()
 6 SYSTEMPATH/Boot.php(68): CodeIgniter\Boot::runCodeIgniter()
 7 FCPATH/index.php(31): CodeIgniter\Boot::bootWeb()
CRITICAL - 2026-07-01 18:10:21 --> CodeIgniter\HTTP\Exceptions\BadRequestException: The URI you submitted has disallowed characters: "करारमा-कर्मचारी-भर्ना-नगर्न-र-कम्प्युटर-अपरेटको-विज्ञापन-खुलाउन-माग.jpg"
[Method: GET, Route: wp-content/uploads/2023/02/%E0%A4%95%E0%A4%B0%E0%A4%BE%E0%A4%B0%E0%A4%AE%E0%A4%BE-%E0%A4%95%E0%A4%B0%E0%A5%8D%E0%A4%AE%E0%A4%9A%E0%A4%BE%E0%A4%B0%E0%A5%80-%E0%A4%AD%E0%A4%B0%E0%A5%8D%E0%A4%A8%E0%A4%BE-%E0%A4%A8%E0%A4%97%E0%A4%B0%E0%A5%8D%E0%A4%A8-%E0%A4%B0-%E0%A4%95%E0%A4%AE%E0%A5%8D%E0%A4%AA%E0%A5%8D%E0%A4%AF%E0%A5%81%E0%A4%9F%E0%A4%B0-%E0%A4%85%E0%A4%AA%E0%A4%B0%E0%A5%87%E0%A4%9F%E0%A4%95%E0%A5%8B-%E0%A4%B5%E0%A4%BF%E0%A4%9C%E0%A5%8D%E0%A4%9E%E0%A4%BE%E0%A4%AA%E0%A4%A8-%E0%A4%96%E0%A5%81%E0%A4%B2%E0%A4%BE%E0%A4%89%E0%A4%A8-%E0%A4%AE%E0%A4%BE%E0%A4%97.jpg]
in SYSTEMPATH/Router/Router.php on line 768.
 1 SYSTEMPATH/Router/Router.php(219): CodeIgniter\Router\Router->checkDisallowedChars()
 2 SYSTEMPATH/CodeIgniter.php(829): CodeIgniter\Router\Router->handle()
 3 SYSTEMPATH/CodeIgniter.php(441): CodeIgniter\CodeIgniter->tryToRouteIt()
 4 SYSTEMPATH/CodeIgniter.php(340): CodeIgniter\CodeIgniter->handleRequest()
 5 SYSTEMPATH/Boot.php(417): CodeIgniter\CodeIgniter->run()
 6 SYSTEMPATH/Boot.php(68): CodeIgniter\Boot::runCodeIgniter()
 7 FCPATH/index.php(31): CodeIgniter\Boot::bootWeb()
CRITICAL - 2026-07-01 19:06:02 --> CodeIgniter\HTTP\Exceptions\BadRequestException: The URI you submitted has disallowed characters: "राजनीति"
[Method: GET, Route: category/%E0%A4%B0%E0%A4%BE%E0%A4%9C%E0%A4%A8%E0%A5%80%E0%A4%A4%E0%A4%BF/page/2/]
in SYSTEMPATH/Router/Router.php on line 768.
 1 SYSTEMPATH/Router/Router.php(219): CodeIgniter\Router\Router->checkDisallowedChars()
 2 SYSTEMPATH/CodeIgniter.php(829): CodeIgniter\Router\Router->handle()
 3 SYSTEMPATH/CodeIgniter.php(441): CodeIgniter\CodeIgniter->tryToRouteIt()
 4 SYSTEMPATH/CodeIgniter.php(340): CodeIgniter\CodeIgniter->handleRequest()
 5 SYSTEMPATH/Boot.php(417): CodeIgniter\CodeIgniter->run()
 6 SYSTEMPATH/Boot.php(68): CodeIgniter\Boot::runCodeIgniter()
 7 FCPATH/index.php(31): CodeIgniter\Boot::bootWeb()
CRITICAL - 2026-07-01 19:36:31 --> CodeIgniter\HTTP\Exceptions\BadRequestException: The URI you submitted has disallowed characters: "इपेपर"
[Method: GET, Route: category/%E0%A4%87%E0%A4%AA%E0%A5%87%E0%A4%AA%E0%A4%B0/]
in SYSTEMPATH/Router/Router.php on line 768.
 1 SYSTEMPATH/Router/Router.php(219): CodeIgniter\Router\Router->checkDisallowedChars()
 2 SYSTEMPATH/CodeIgniter.php(829): CodeIgniter\Router\Router->handle()
 3 SYSTEMPATH/CodeIgniter.php(441): CodeIgniter\CodeIgniter->tryToRouteIt()
 4 SYSTEMPATH/CodeIgniter.php(340): CodeIgniter\CodeIgniter->handleRequest()
 5 SYSTEMPATH/Boot.php(417): CodeIgniter\CodeIgniter->run()
 6 SYSTEMPATH/Boot.php(68): CodeIgniter\Boot::runCodeIgniter()
 7 FCPATH/index.php(31): CodeIgniter\Boot::bootWeb()
CRITICAL - 2026-07-01 19:40:52 --> CodeIgniter\HTTP\Exceptions\BadRequestException: The URI you submitted has disallowed characters: "समाचार"
[Method: GET, Route: 1533/2021/11/%E0%A4%B8%E0%A4%AE%E0%A4%BE%E0%A4%9A%E0%A4%BE%E0%A4%B0/]
in SYSTEMPATH/Router/Router.php on line 768.
 1 SYSTEMPATH/Router/Router.php(219): CodeIgniter\Router\Router->checkDisallowedChars()
 2 SYSTEMPATH/CodeIgniter.php(829): CodeIgniter\Router\Router->handle()
 3 SYSTEMPATH/CodeIgniter.php(441): CodeIgniter\CodeIgniter->tryToRouteIt()
 4 SYSTEMPATH/CodeIgniter.php(340): CodeIgniter\CodeIgniter->handleRequest()
 5 SYSTEMPATH/Boot.php(417): CodeIgniter\CodeIgniter->run()
 6 SYSTEMPATH/Boot.php(68): CodeIgniter\Boot::runCodeIgniter()
 7 FCPATH/index.php(31): CodeIgniter\Boot::bootWeb()
CRITICAL - 2026-07-01 20:43:22 --> CodeIgniter\HTTP\Exceptions\BadRequestException: The URI you submitted has disallowed characters: "प्रमुख-समाचार"
[Method: GET, Route: category/%E0%A4%AA%E0%A5%8D%E0%A4%B0%E0%A4%AE%E0%A5%81%E0%A4%96-%E0%A4%B8%E0%A4%AE%E0%A4%BE%E0%A4%9A%E0%A4%BE%E0%A4%B0/page/13/]
in SYSTEMPATH/Router/Router.php on line 768.
 1 SYSTEMPATH/Router/Router.php(219): CodeIgniter\Router\Router->checkDisallowedChars()
 2 SYSTEMPATH/CodeIgniter.php(829): CodeIgniter\Router\Router->handle()
 3 SYSTEMPATH/CodeIgniter.php(441): CodeIgniter\CodeIgniter->tryToRouteIt()
 4 SYSTEMPATH/CodeIgniter.php(340): CodeIgniter\CodeIgniter->handleRequest()
 5 SYSTEMPATH/Boot.php(417): CodeIgniter\CodeIgniter->run()
 6 SYSTEMPATH/Boot.php(68): CodeIgniter\Boot::runCodeIgniter()
 7 FCPATH/index.php(31): CodeIgniter\Boot::bootWeb()
CRITICAL - 2026-07-01 20:49:04 --> CodeIgniter\HTTP\Exceptions\BadRequestException: The URI you submitted has disallowed characters: "प्रदेश-१"
[Method: GET, Route: category/%E0%A4%AA%E0%A5%8D%E0%A4%B0%E0%A4%A6%E0%A5%87%E0%A4%B6-%E0%A5%A7/page/2/]
in SYSTEMPATH/Router/Router.php on line 768.
 1 SYSTEMPATH/Router/Router.php(219): CodeIgniter\Router\Router->checkDisallowedChars()
 2 SYSTEMPATH/CodeIgniter.php(829): CodeIgniter\Router\Router->handle()
 3 SYSTEMPATH/CodeIgniter.php(441): CodeIgniter\CodeIgniter->tryToRouteIt()
 4 SYSTEMPATH/CodeIgniter.php(340): CodeIgniter\CodeIgniter->handleRequest()
 5 SYSTEMPATH/Boot.php(417): CodeIgniter\CodeIgniter->run()
 6 SYSTEMPATH/Boot.php(68): CodeIgniter\Boot::runCodeIgniter()
 7 FCPATH/index.php(31): CodeIgniter\Boot::bootWeb()
CRITICAL - 2026-07-01 21:53:33 --> CodeIgniter\HTTP\Exceptions\BadRequestException: The URI you submitted has disallowed characters: "सर्लाहीमा-भएका-छुट्टाछुट्टै-सवारी-दुर्घटनामा-२-जनाको-मृत्यु-768x512.jpg"
[Method: GET, Route: wp-content/uploads/2023/02/%E0%A4%B8%E0%A4%B0%E0%A5%8D%E0%A4%B2%E0%A4%BE%E0%A4%B9%E0%A5%80%E0%A4%AE%E0%A4%BE-%E0%A4%AD%E0%A4%8F%E0%A4%95%E0%A4%BE-%E0%A4%9B%E0%A5%81%E0%A4%9F%E0%A5%8D%E0%A4%9F%E0%A4%BE%E0%A4%9B%E0%A5%81%E0%A4%9F%E0%A5%8D%E0%A4%9F%E0%A5%88-%E0%A4%B8%E0%A4%B5%E0%A4%BE%E0%A4%B0%E0%A5%80-%E0%A4%A6%E0%A5%81%E0%A4%B0%E0%A5%8D%E0%A4%98%E0%A4%9F%E0%A4%A8%E0%A4%BE%E0%A4%AE%E0%A4%BE-%E0%A5%A8-%E0%A4%9C%E0%A4%A8%E0%A4%BE%E0%A4%95%E0%A5%8B-%E0%A4%AE%E0%A5%83%E0%A4%A4%E0%A5%8D%E0%A4%AF%E0%A5%81-768x512.jpg]
in SYSTEMPATH/Router/Router.php on line 768.
 1 SYSTEMPATH/Router/Router.php(219): CodeIgniter\Router\Router->checkDisallowedChars()
 2 SYSTEMPATH/CodeIgniter.php(829): CodeIgniter\Router\Router->handle()
 3 SYSTEMPATH/CodeIgniter.php(441): CodeIgniter\CodeIgniter->tryToRouteIt()
 4 SYSTEMPATH/CodeIgniter.php(340): CodeIgniter\CodeIgniter->handleRequest()
 5 SYSTEMPATH/Boot.php(417): CodeIgniter\CodeIgniter->run()
 6 SYSTEMPATH/Boot.php(68): CodeIgniter\Boot::runCodeIgniter()
 7 FCPATH/index.php(31): CodeIgniter\Boot::bootWeb()
CRITICAL - 2026-07-01 23:14:37 --> CodeIgniter\HTTP\Exceptions\BadRequestException: The URI you submitted has disallowed characters: "पत्रपत्रिका"
[Method: GET, Route: category/%E0%A4%AA%E0%A4%A4%E0%A5%8D%E0%A4%B0%E0%A4%AA%E0%A4%A4%E0%A5%8D%E0%A4%B0%E0%A4%BF%E0%A4%95%E0%A4%BE/page/10/]
in SYSTEMPATH/Router/Router.php on line 768.
 1 SYSTEMPATH/Router/Router.php(219): CodeIgniter\Router\Router->checkDisallowedChars()
 2 SYSTEMPATH/CodeIgniter.php(829): CodeIgniter\Router\Router->handle()
 3 SYSTEMPATH/CodeIgniter.php(441): CodeIgniter\CodeIgniter->tryToRouteIt()
 4 SYSTEMPATH/CodeIgniter.php(340): CodeIgniter\CodeIgniter->handleRequest()
 5 SYSTEMPATH/Boot.php(417): CodeIgniter\CodeIgniter->run()
 6 SYSTEMPATH/Boot.php(68): CodeIgniter\Boot::runCodeIgniter()
 7 FCPATH/index.php(31): CodeIgniter\Boot::bootWeb()
CRITICAL - 2026-07-01 23:38:35 --> CodeIgniter\HTTP\Exceptions\BadRequestException: The URI you submitted has disallowed characters: "प्रदेश-६"
[Method: GET, Route: category/%E0%A4%AA%E0%A5%8D%E0%A4%B0%E0%A4%A6%E0%A5%87%E0%A4%B6-%E0%A5%AC/]
in SYSTEMPATH/Router/Router.php on line 768.
 1 SYSTEMPATH/Router/Router.php(219): CodeIgniter\Router\Router->checkDisallowedChars()
 2 SYSTEMPATH/CodeIgniter.php(829): CodeIgniter\Router\Router->handle()
 3 SYSTEMPATH/CodeIgniter.php(441): CodeIgniter\CodeIgniter->tryToRouteIt()
 4 SYSTEMPATH/CodeIgniter.php(340): CodeIgniter\CodeIgniter->handleRequest()
 5 SYSTEMPATH/Boot.php(417): CodeIgniter\CodeIgniter->run()
 6 SYSTEMPATH/Boot.php(68): CodeIgniter\Boot::runCodeIgniter()
 7 FCPATH/index.php(31): CodeIgniter\Boot::bootWeb()
CRITICAL - 2026-07-01 23:52:01 --> CodeIgniter\HTTP\Exceptions\BadRequestException: The URI you submitted has disallowed characters: "पुष्टि"
[Method: GET, Route: tag/%E0%A4%AA%E0%A5%81%E0%A4%B7%E0%A5%8D%E0%A4%9F%E0%A4%BF/feed/]
in SYSTEMPATH/Router/Router.php on line 768.
 1 SYSTEMPATH/Router/Router.php(219): CodeIgniter\Router\Router->checkDisallowedChars()
 2 SYSTEMPATH/CodeIgniter.php(829): CodeIgniter\Router\Router->handle()
 3 SYSTEMPATH/CodeIgniter.php(441): CodeIgniter\CodeIgniter->tryToRouteIt()
 4 SYSTEMPATH/CodeIgniter.php(340): CodeIgniter\CodeIgniter->handleRequest()
 5 SYSTEMPATH/Boot.php(417): CodeIgniter\CodeIgniter->run()
 6 SYSTEMPATH/Boot.php(68): CodeIgniter\Boot::runCodeIgniter()
 7 FCPATH/index.php(31): CodeIgniter\Boot::bootWeb()
CRITICAL - 2026-07-01 23:52:03 --> CodeIgniter\HTTP\Exceptions\BadRequestException: The URI you submitted has disallowed characters: "पुष्टि"
[Method: GET, Route: tag/%E0%A4%AA%E0%A5%81%E0%A4%B7%E0%A5%8D%E0%A4%9F%E0%A4%BF/feed/]
in SYSTEMPATH/Router/Router.php on line 768.
 1 SYSTEMPATH/Router/Router.php(219): CodeIgniter\Router\Router->checkDisallowedChars()
 2 SYSTEMPATH/CodeIgniter.php(829): CodeIgniter\Router\Router->handle()
 3 SYSTEMPATH/CodeIgniter.php(441): CodeIgniter\CodeIgniter->tryToRouteIt()
 4 SYSTEMPATH/CodeIgniter.php(340): CodeIgniter\CodeIgniter->handleRequest()
 5 SYSTEMPATH/Boot.php(417): CodeIgniter\CodeIgniter->run()
 6 SYSTEMPATH/Boot.php(68): CodeIgniter\Boot::runCodeIgniter()
 7 FCPATH/index.php(31): CodeIgniter\Boot::bootWeb()
CRITICAL - 2026-07-01 23:52:04 --> CodeIgniter\HTTP\Exceptions\BadRequestException: The URI you submitted has disallowed characters: "पुष्टि"
[Method: GET, Route: tag/%E0%A4%AA%E0%A5%81%E0%A4%B7%E0%A5%8D%E0%A4%9F%E0%A4%BF/feed/]
in SYSTEMPATH/Router/Router.php on line 768.
 1 SYSTEMPATH/Router/Router.php(219): CodeIgniter\Router\Router->checkDisallowedChars()
 2 SYSTEMPATH/CodeIgniter.php(829): CodeIgniter\Router\Router->handle()
 3 SYSTEMPATH/CodeIgniter.php(441): CodeIgniter\CodeIgniter->tryToRouteIt()
 4 SYSTEMPATH/CodeIgniter.php(340): CodeIgniter\CodeIgniter->handleRequest()
 5 SYSTEMPATH/Boot.php(417): CodeIgniter\CodeIgniter->run()
 6 SYSTEMPATH/Boot.php(68): CodeIgniter\Boot::runCodeIgniter()
 7 FCPATH/index.php(31): CodeIgniter\Boot::bootWeb()
